system,system_domain,n_atoms,n_configs,train_configs,val_configs,test_id_configs,test_ood_configs,train_dft_available,val_dft_available,test_id_dft_available,test_ood_dft_available,train_cc_available,val_cc_available,test_id_cc_available,test_ood_cc_available
C10H10,test_ood,20,392,0,0,0,392,0,0,0,248,0,0,0,46
C10H10N2,test_ood,22,5024,0,0,0,5024,0,0,0,3272,0,0,0,214
C10H10N2O1,seen,23,2279,1367,456,456,0,1241,410,414,0,26,8,9,0
C10H10N2O2,seen,24,836,502,167,167,0,294,101,109,0,28,7,11,0
C10H10N4,test_ood,24,206,0,0,0,206,0,0,0,198,0,0,0,3
C10H10N4O1,seen,25,6,4,1,1,0,0,0,0,0,0,0,0,0
C10H10N4O2,test_ood,26,1,0,0,0,1,0,0,0,0,0,0,0,0
C10H10O1,seen,21,891,535,178,178,0,458,146,134,0,21,4,9,0
C10H10O2,seen,22,2457,1474,492,491,0,1356,453,453,0,26,14,13,0
C10H10O3,seen,23,1332,799,267,266,0,486,167,168,0,46,14,16,0
C10H10O4,seen,24,2,1,1,0,0,0,0,0,0,0,0,0,0
C10H10O5,test_ood,25,3,0,0,0,3,0,0,0,0,0,0,0,0
C10H11N1,seen,22,886,532,177,177,0,523,173,174,0,13,2,5,0
C10H11N1O1,seen,23,2883,1730,577,576,0,1563,522,514,0,15,10,10,0
C10H11N1O2,seen,24,1781,1069,356,356,0,891,282,300,0,44,16,6,0
C10H11N1O3,seen,25,209,125,42,42,0,119,40,41,0,1,1,0,0
C10H11N3,seen,24,1619,971,324,324,0,956,318,321,0,26,12,6,0
C10H11N3O1,seen,25,275,165,55,55,0,163,55,53,0,2,0,1,0
C10H11N3O2,test_ood,26,140,0,0,0,140,0,0,0,137,0,0,0,0
C10H11N5,test_ood,26,1,0,0,0,1,0,0,0,0,0,0,0,0
C10H12,seen,22,254,152,51,51,0,149,51,49,0,0,0,0,0
C10H12N2,test_ood,24,1178,0,0,0,1178,0,0,0,878,0,0,0,76
C10H12N2O1,seen,25,1359,815,272,272,0,804,269,265,0,18,3,6,0
C10H12N2O2,seen,26,198,119,40,39,0,110,36,37,0,2,1,2,0
C10H12N2O3,seen,27,3,2,1,0,0,0,0,0,0,0,0,0,0
C10H12N2O4,seen,28,2,1,1,0,0,0,0,0,0,0,0,0,0
C10H12N4,seen,26,123,74,25,24,0,70,24,24,0,2,1,1,0
C10H12N4O1,seen,27,239,143,48,48,0,138,45,46,0,3,1,0,0
C10H12N4O2,test_ood,28,3,0,0,0,3,0,0,0,0,0,0,0,0
C10H12N6,test_ood,28,1,0,0,0,1,0,0,0,0,0,0,0,0
C10H12O1,seen,23,1213,728,243,242,0,515,192,173,0,34,12,11,0
C10H12O2,test_ood,24,1811,0,0,0,1811,0,0,0,1369,0,0,0,46
C10H12O3,seen,25,1076,646,215,215,0,638,214,213,0,16,3,7,0
C10H12O4,seen,26,596,358,119,119,0,351,115,115,0,7,3,2,0
C10H13N1,test_ood,24,2540,0,0,0,2540,0,0,0,1765,0,0,0,101
C10H13N1O1,seen,25,2772,1663,555,554,0,1646,548,544,0,20,7,5,0
C10H13N1O2,test_ood,26,1317,0,0,0,1317,0,0,0,1304,0,0,0,18
C10H13N1O3,test_ood,27,1464,0,0,0,1464,0,0,0,1432,0,0,0,51
C10H13N1O4,seen,28,2,1,1,0,0,0,0,0,0,0,0,0,0
C10H13N3,seen,26,1837,1102,368,367,0,1085,365,365,0,34,7,9,0
C10H13N3O1,seen,27,332,199,67,66,0,197,66,62,0,5,2,1,0
C10H13N3O2,test_ood,28,125,0,0,0,125,0,0,0,119,0,0,0,0
C10H13N5,seen,28,146,88,29,29,0,83,27,29,0,0,0,0,0
C10H13N5O1,seen,29,1,1,0,0,0,0,0,0,0,0,0,0,0
C10H14,seen,24,244,146,49,49,0,57,20,23,0,4,5,2,0
C10H14N2,test_ood,26,1237,0,0,0,1237,0,0,0,1216,0,0,0,17
C10H14N2O1,seen,27,694,416,139,139,0,407,136,135,0,8,2,5,0
C10H14N2O2,test_ood,28,99,0,0,0,99,0,0,0,96,0,0,0,3
C10H14N2O3,test_ood,29,11,0,0,0,11,0,0,0,0,0,0,0,0
C10H14N2O4,test_ood,30,3,0,0,0,3,0,0,0,0,0,0,0,0
C10H14N4,test_ood,28,467,0,0,0,467,0,0,0,458,0,0,0,11
C10H14N4O1,seen,29,244,146,49,49,0,141,49,47,0,4,3,2,0
C10H14N4O2,seen,30,2,1,1,0,0,0,0,0,0,0,0,0,0
C10H14N4O3,seen,31,1,1,0,0,0,0,0,0,0,0,0,0,0
C10H14N4O5,seen,33,1122,673,225,224,0,649,216,217,0,11,6,5,0
C10H14N6,seen,30,1,1,0,0,0,0,0,0,0,0,0,0,0
C10H14O1,test_ood,25,60,0,0,0,60,0,0,0,60,0,0,0,1
C10H14O2,test_ood,26,594,0,0,0,594,0,0,0,585,0,0,0,7
C10H14O3,test_ood,27,418,0,0,0,418,0,0,0,412,0,0,0,5
C10H14O4,test_ood,28,402,0,0,0,402,0,0,0,398,0,0,0,4
C10H14O5,seen,29,2,1,1,0,0,0,0,0,0,0,0,0,0
C10H15N1,seen,26,363,218,73,72,0,216,73,72,0,6,3,3,0
C10H15N1O1,test_ood,27,844,0,0,0,844,0,0,0,838,0,0,0,29
C10H15N1O2,seen,28,392,235,79,78,0,231,75,76,0,6,2,1,0
C10H15N1O3,seen,29,190,114,38,38,0,109,36,36,0,0,1,1,0
C10H15N1O4,test_ood,30,3,0,0,0,3,0,0,0,0,0,0,0,0
C10H15N3,seen,28,928,557,186,185,0,548,183,182,0,9,4,4,0
C10H15N3O1,seen,29,431,259,86,86,0,249,82,84,0,5,2,1,0
C10H15N3O2,seen,30,4,2,1,1,0,0,0,0,0,0,0,0,0
C10H15N5,seen,30,2,1,1,0,0,0,0,0,0,0,0,0,0
C10H15N5O1,seen,31,2,1,1,0,0,0,0,0,0,0,0,0,0
C10H15N5O4,seen,34,1119,671,224,224,0,646,217,216,0,30,12,11,0
C10H15N5O5,test_ood,35,1,0,0,0,1,0,0,0,0,0,0,0,0
C10H16,seen,26,219,131,44,44,0,130,44,42,0,13,3,3,0
C10H16N2,seen,28,740,444,148,148,0,432,144,146,0,20,7,8,0
C10H16N2O1,seen,29,574,344,115,115,0,339,113,115,0,14,6,5,0
C10H16N2O2,seen,30,339,203,68,68,0,195,65,66,0,7,1,3,0
C10H16N2O3,test_ood,31,461,0,0,0,461,0,0,0,440,0,0,0,24
C10H16N2O4,seen,32,1,1,0,0,0,0,0,0,0,0,0,0,0
C10H16N2O5,test_ood,33,1094,0,0,0,1094,0,0,0,1054,0,0,0,39
C10H16N2O7,test_ood,35,451,0,0,0,451,0,0,0,397,0,0,0,44
C10H16N4,test_ood,30,178,0,0,0,178,0,0,0,177,0,0,0,3
C10H16N4O1,seen,31,1,1,0,0,0,0,0,0,0,0,0,0,0
C10H16N4O2,seen,32,1,1,0,0,0,0,0,0,0,0,0,0,0
C10H16N4O4,test_ood,34,1110,0,0,0,1110,0,0,0,1070,0,0,0,32
C10H16N6,seen,32,113,68,23,22,0,64,23,22,0,0,0,0,0
C10H16O1,test_ood,27,428,0,0,0,428,0,0,0,415,0,0,0,20
C10H16O2,seen,28,1196,718,239,239,0,708,236,235,0,25,9,9,0
C10H16O3,seen,29,3,2,1,0,0,0,0,0,0,0,0,0,0
C10H16O4,seen,30,3,2,1,0,0,0,0,0,0,0,0,0,0
C10H16O5,test_ood,31,2,0,0,0,2,0,0,0,0,0,0,0,0
C10H17N1,seen,28,1064,638,213,213,0,636,212,209,0,19,6,5,0
C10H17N1O1,test_ood,29,820,0,0,0,820,0,0,0,783,0,0,0,22
C10H17N1O2,seen,30,351,211,70,70,0,204,69,68,0,3,5,1,0
C10H17N1O3,test_ood,31,3,0,0,0,3,0,0,0,0,0,0,0,0
C10H17N1O4,seen,32,3,2,1,0,0,0,0,0,0,0,0,0,0
C10H17N1O5,seen,33,1,1,0,0,0,0,0,0,0,0,0,0,0
C10H17N3,seen,30,119,71,24,24,0,70,23,23,0,2,1,1,0
C10H17N3O1,seen,31,5,3,1,1,0,0,0,0,0,0,0,0,0
C10H17N3O2,test_ood,32,1,0,0,0,1,0,0,0,0,0,0,0,0
C10H17N3O3,seen,33,1,1,0,0,0,0,0,0,0,0,0,0,0
C10H17N3O4,seen,34,884,530,177,177,0,505,170,169,0,13,4,5,0
C10H17N3O6,seen,36,1102,661,221,220,0,635,215,212,0,14,11,10,0
C10H17N5,test_ood,32,1,0,0,0,1,0,0,0,0,0,0,0,0
C10H17N5O1,test_ood,33,1,0,0,0,1,0,0,0,0,0,0,0,0
C10H18,test_ood,28,6,0,0,0,6,0,0,0,6,0,0,0,0
C10H18N2,test_ood,30,375,0,0,0,375,0,0,0,369,0,0,0,13
C10H18N2O1,test_ood,31,183,0,0,0,183,0,0,0,180,0,0,0,1
C10H18N2O2,test_ood,32,3,0,0,0,3,0,0,0,0,0,0,0,0
C10H18N2O3,test_ood,33,948,0,0,0,948,0,0,0,906,0,0,0,15
C10H18N2O5,seen,35,2494,1496,499,499,0,1421,478,475,0,49,17,20,0
C10H18N4,test_ood,32,1,0,0,0,1,0,0,0,0,0,0,0,0
C10H18N4O1,seen,33,4,2,1,1,0,0,0,0,0,0,0,0,0
C10H18N4O5,test_ood,37,536,0,0,0,536,0,0,0,516,0,0,0,33
C10H18N6O3,seen,37,1,1,0,0,0,0,0,0,0,0,0,0,0
C10H18O1,test_ood,29,552,0,0,0,552,0,0,0,547,0,0,0,17
C10H18O2,seen,30,694,416,139,139,0,408,134,137,0,15,5,7,0
C10H18O3,seen,31,485,291,97,97,0,285,97,96,0,17,12,7,0
C10H18O4,test_ood,32,408,0,0,0,408,0,0,0,402,0,0,0,22
C10H19N1,seen,30,440,264,88,88,0,257,87,87,0,6,3,2,0
C10H19N1O1,seen,31,483,290,97,96,0,286,97,96,0,5,1,7,0
C10H19N1O2,seen,32,244,146,49,49,0,142,45,47,0,0,0,0,0
C10H19N1O3,seen,33,255,153,51,51,0,149,49,51,0,2,5,1,0
C10H19N1O4,seen,34,98,59,20,19,0,58,20,19,0,6,0,0,0
C10H19N3,seen,32,228,137,46,45,0,134,46,44,0,0,0,0,0
C10H19N3O1,test_ood,33,1,0,0,0,1,0,0,0,0,0,0,0,0
C10H19N3O2,test_ood,34,2,0,0,0,2,0,0,0,0,0,0,0,0
C10H19N3O3,seen,35,1,1,0,0,0,0,0,0,0,0,0,0,0
C10H19N3O4,seen,36,2452,1471,491,490,0,1401,463,468,0,37,17,15,0
C10H19N3O5,test_ood,37,1038,0,0,0,1038,0,0,0,998,0,0,0,26
C10H19N5,test_ood,34,125,0,0,0,125,0,0,0,124,0,0,0,4
C10H19N5O5,seen,39,1150,690,230,230,0,672,221,217,0,11,5,4,0
C10H20,test_ood,30,3,0,0,0,3,0,0,0,3,0,0,0,0
C10H20N2,test_ood,32,447,0,0,0,447,0,0,0,439,0,0,0,9
C10H20N2O1,test_ood,33,301,0,0,0,301,0,0,0,289,0,0,0,15
C10H20N2O2,seen,34,201,121,40,40,0,118,38,39,0,4,3,0,0
C10H20N2O3,seen,35,448,269,90,89,0,254,88,85,0,18,9,10,0
C10H20N2O4,test_ood,36,1467,0,0,0,1467,0,0,0,1387,0,0,0,38
C10H20N4,test_ood,34,114,0,0,0,114,0,0,0,113,0,0,0,2
C10H20N4O4,test_ood,38,863,0,0,0,863,0,0,0,795,0,0,0,16
C10H20N6O4,seen,40,973,584,195,194,0,565,187,181,0,8,2,5,0
C10H20O1,seen,31,666,400,133,133,0,393,130,130,0,9,1,1,0
C10H20O2,seen,32,182,109,37,36,0,109,37,36,0,0,2,0,0
C10H20O3,seen,33,1,1,0,0,0,0,0,0,0,0,0,0,0
C10H20O4,test_ood,34,1,0,0,0,1,0,0,0,0,0,0,0,0
C10H20O5,seen,35,125,75,25,25,0,72,24,24,0,3,0,1,0
C10H20O6,test_ood,36,1,0,0,0,1,0,0,0,0,0,0,0,0
C10H21N1,test_ood,32,193,0,0,0,193,0,0,0,192,0,0,0,3
C10H21N1O1,seen,33,530,318,106,106,0,317,104,104,0,8,4,3,0
C10H21N1O2,seen,34,431,259,86,86,0,256,84,85,0,9,5,7,0
C10H21N1O4,seen,36,130,78,26,26,0,76,26,25,0,6,1,2,0
C10H21N3O1,seen,35,111,67,22,22,0,61,22,21,0,0,0,0,0
C10H21N3O3,seen,37,1,1,0,0,0,0,0,0,0,0,0,0,0
C10H21N3O4,seen,38,940,564,188,188,0,538,180,182,0,16,11,12,0
C10H21N5O1,seen,37,1,1,0,0,0,0,0,0,0,0,0,0,0
C10H21N5O4,test_ood,40,1065,0,0,0,1065,0,0,0,1025,0,0,0,40
C10H22N2,seen,34,109,65,22,22,0,63,22,22,0,0,0,0,0
C10H22N2O1,seen,35,1,1,0,0,0,0,0,0,0,0,0,0,0
C10H22N2O3,seen,37,1,1,0,0,0,0,0,0,0,0,0,0,0
C10H22N2O4,test_ood,38,1,0,0,0,1,0,0,0,0,0,0,0,0
C10H22N4,seen,36,274,164,55,55,0,164,54,55,0,12,2,2,0
C10H22N4O2,seen,38,1,1,0,0,0,0,0,0,0,0,0,0,0
C10H22O1,seen,33,3,2,1,0,0,2,1,0,0,0,0,0,0
C10H22O2,seen,34,24,14,5,5,0,14,5,5,0,0,0,0,0
C10H22O3,seen,35,407,244,82,81,0,242,82,81,0,10,4,10,0
C10H22O6,test_ood,38,137,0,0,0,137,0,0,0,132,0,0,0,0
C10H23N1,test_ood,34,12,0,0,0,12,0,0,0,12,0,0,0,0
C10H23N1O1,seen,35,54,32,11,11,0,32,11,11,0,0,0,0,0
C10H23N1O3,seen,37,1,1,0,0,0,0,0,0,0,0,0,0,0
C10H23N3O1,seen,37,1,1,0,0,0,0,0,0,0,0,0,0,0
C10H23N3O2,test_ood,38,117,0,0,0,117,0,0,0,116,0,0,0,6
C10H24N2,seen,36,25,15,5,5,0,15,5,5,0,0,0,0,0
C10H24N2O1,seen,37,2,1,1,0,0,0,0,0,0,0,0,0,0
C10H24N2O2,seen,38,1,1,0,0,0,0,0,0,0,0,0,0,0
C10H24N2O4,test_ood,40,159,0,0,0,159,0,0,0,155,0,0,0,7
C10H24N4,seen,38,86,52,17,17,0,51,17,17,0,3,2,0,0
C10H24N4O1,seen,39,1,1,0,0,0,0,0,0,0,0,0,0,0
C10H24O2,test_ood,36,3,0,0,0,3,0,0,0,3,0,0,0,0
C10H25N1,seen,36,2,1,1,0,0,1,1,0,0,0,0,0,0
C10H25N1O1,seen,37,3,2,1,0,0,2,1,0,0,0,0,0,0
C10H25N3,test_ood,38,1,0,0,0,1,0,0,0,0,0,0,0,0
C10H25N3O1,seen,39,1,1,0,0,0,0,0,0,0,0,0,0,0
C10H25N3O3,seen,41,1,1,0,0,0,0,0,0,0,0,0,0,0
C10H26N2,test_ood,38,4,0,0,0,4,0,0,0,4,0,0,0,0
C10H26N2O6,seen,44,1,1,0,0,0,0,0,0,0,0,0,0,0
C10H26N4,seen,40,1,1,0,0,0,0,0,0,0,0,0,0,0
C10H26N4O2,seen,42,1,1,0,0,0,0,0,0,0,0,0,0,0
C10H26N6,seen,42,1,1,0,0,0,0,0,0,0,0,0,0,0
C10H3N1O1,seen,15,3,2,1,0,0,2,1,0,0,0,0,0,0
C10H4N2,seen,16,4,2,1,1,0,2,1,1,0,0,0,0,0
C10H5N1,test_ood,16,2,0,0,0,2,0,0,0,2,0,0,0,0
C10H5N1O1,seen,17,6,4,1,1,0,4,1,1,0,2,0,0,0
C10H6,seen,16,127,76,26,25,0,76,25,23,0,9,2,4,0
C10H6N2,test_ood,18,143,0,0,0,143,0,0,0,143,0,0,0,18
C10H6N4,seen,20,149,89,30,30,0,87,30,29,0,12,5,2,0
C10H6O1,seen,17,4,2,1,1,0,2,1,1,0,1,0,0,0
C10H6O2,seen,18,294,176,59,59,0,172,58,59,0,21,6,10,0
C10H6O3,test_ood,19,132,0,0,0,132,0,0,0,132,0,0,0,14
C10H7N1,seen,18,4,2,1,1,0,2,1,1,0,0,0,0,0
C10H7N1O1,seen,19,705,423,141,141,0,342,103,112,0,41,12,18,0
C10H7N1O2,seen,20,1076,646,215,215,0,547,194,180,0,84,21,24,0
C10H7N1O3,test_ood,21,359,0,0,0,359,0,0,0,353,0,0,0,7
C10H7N3,seen,20,481,289,96,96,0,288,94,93,0,46,13,11,0
C10H7N3O1,seen,21,283,170,57,56,0,167,57,55,0,9,3,1,0
C10H8,seen,18,29,17,6,6,0,17,6,5,0,3,0,1,0
C10H8N2,seen,20,3745,2247,749,749,0,524,163,169,0,220,66,73,0
C10H8N2O1,seen,21,1179,707,236,236,0,625,202,203,0,20,8,4,0
C10H8N2O2,seen,22,271,163,54,54,0,158,53,54,0,8,1,3,0
C10H8N4,seen,22,249,149,50,50,0,146,49,50,0,5,0,2,0
C10H8O1,test_ood,19,1809,0,0,0,1809,0,0,0,225,0,0,0,134
C10H8O2,test_ood,20,3039,0,0,0,3039,0,0,0,2838,0,0,0,349
C10H8O3,test_ood,21,1391,0,0,0,1391,0,0,0,1236,0,0,0,55
C10H9N1,seen,20,3177,1906,636,635,0,714,198,248,0,156,52,48,0
C10H9N1O1,test_ood,21,3390,0,0,0,3390,0,0,0,3353,0,0,0,39
C10H9N1O2,seen,22,2466,1480,493,493,0,1006,334,319,0,66,21,26,0
C10H9N1O3,seen,23,136,82,27,27,0,81,27,27,0,2,1,1,0
C10H9N3,seen,22,500,300,100,100,0,296,99,99,0,5,5,5,0
C10H9N3O1,seen,23,658,395,132,131,0,390,131,131,0,16,5,4,0
C10H9N5,seen,24,154,92,31,31,0,89,30,31,0,7,2,1,0
C10H9N5O1,seen,25,1,1,0,0,0,0,0,0,0,0,0,0,0
C11H10,seen,21,210,126,42,42,0,126,42,42,0,0,2,0,0
C11H10N2,test_ood,23,1583,0,0,0,1583,0,0,0,1254,0,0,0,55
C11H10N2O1,seen,24,330,198,66,66,0,194,66,66,0,6,2,2,0
C11H10N2O2,test_ood,25,2,0,0,0,2,0,0,0,0,0,0,0,0
C11H10N4,seen,25,1,1,0,0,0,0,0,0,0,0,0,0,0
C11H10O1,seen,22,803,482,161,160,0,481,160,158,0,4,1,0,0
C11H10O2,seen,23,398,239,80,79,0,238,80,79,0,6,1,1,0
C11H10O3,seen,24,245,147,49,49,0,144,49,49,0,0,0,0,0
C11H10O4,seen,25,2,1,1,0,0,0,0,0,0,0,0,0,0
C11H10O7,test_ood,28,1,0,0,0,1,0,0,0,0,0,0,0,0
C11H11N1,seen,23,811,487,162,162,0,486,161,160,0,6,0,0,0
C11H11N1O1,seen,24,1861,1117,372,372,0,1015,343,337,0,24,4,6,0
C11H11N1O2,seen,25,495,297,99,99,0,289,99,98,0,8,6,2,0
C11H11N1O3,test_ood,26,135,0,0,0,135,0,0,0,131,0,0,0,7
C11H11N3,seen,25,252,151,51,50,0,150,49,49,0,1,1,0,0
C11H11N3O1,seen,26,104,62,21,21,0,62,21,21,0,0,0,0,0
C11H11N3O2,test_ood,27,2,0,0,0,2,0,0,0,0,0,0,0,0
C11H12,seen,23,16,10,3,3,0,10,3,3,0,2,0,0,0
C11H12N2,seen,25,829,497,166,166,0,490,165,166,0,14,7,6,0
C11H12N2O1,test_ood,26,1254,0,0,0,1254,0,0,0,1235,0,0,0,32
C11H12N2O2,seen,27,1314,788,263,263,0,776,255,261,0,5,2,3,0
C11H12N4,test_ood,27,1,0,0,0,1,0,0,0,0,0,0,0,0
C11H12N4O2,seen,29,1,1,0,0,0,0,0,0,0,0,0,0,0
C11H12O1,seen,24,634,380,127,127,0,294,100,92,0,14,0,5,0
C11H12O2,seen,25,1496,898,299,299,0,893,297,296,0,15,15,5,0
C11H12O3,seen,26,99,59,20,20,0,59,20,19,0,0,0,0,0
C11H12O4,seen,27,1,1,0,0,0,0,0,0,0,0,0,0,0
C11H13N1,test_ood,25,2050,0,0,0,2050,0,0,0,2021,0,0,0,69
C11H13N1O1,seen,26,2144,1286,429,429,0,1265,422,422,0,24,7,12,0
C11H13N1O2,test_ood,27,1144,0,0,0,1144,0,0,0,1133,0,0,0,29
C11H13N1O3,seen,28,2,1,1,0,0,0,0,0,0,0,0,0,0
C11H13N1O4,seen,29,4,2,1,1,0,0,0,0,0,0,0,0,0
C11H13N3,seen,27,977,586,196,195,0,574,193,192,0,17,3,9,0
C11H13N3O1,seen,28,268,161,54,53,0,159,52,52,0,5,2,0,0
C11H13N3O2,test_ood,29,115,0,0,0,115,0,0,0,108,0,0,0,6
C11H13N5O1,seen,30,1,1,0,0,0,0,0,0,0,0,0,0,0
C11H14,seen,25,17,10,4,3,0,10,4,3,0,0,0,0,0
C11H14N2,test_ood,27,1730,0,0,0,1730,0,0,0,1716,0,0,0,29
C11H14N2O1,test_ood,28,561,0,0,0,561,0,0,0,551,0,0,0,6
C11H14N2O2,seen,29,250,150,50,50,0,149,50,47,0,1,0,0,0
C11H14N2O3,seen,30,760,456,152,152,0,429,142,148,0,9,2,8,0
C11H14N2O4,test_ood,31,784,0,0,0,784,0,0,0,744,0,0,0,16
C11H14N4,test_ood,29,4,0,0,0,4,0,0,0,0,0,0,0,0
C11H14N4O1,seen,30,2,1,1,0,0,0,0,0,0,0,0,0,0
C11H14N4O2,test_ood,31,1,0,0,0,1,0,0,0,0,0,0,0,0
C11H14N4O3,test_ood,32,2,0,0,0,2,0,0,0,0,0,0,0,0
C11H14O1,test_ood,26,299,0,0,0,299,0,0,0,298,0,0,0,8
C11H14O2,seen,27,1247,748,250,249,0,739,246,243,0,5,3,1,0
C11H14O3,seen,28,301,181,60,60,0,178,59,60,0,1,2,0,0
C11H14O4,seen,29,96,58,19,19,0,55,18,19,0,0,2,1,0
C11H15N1,seen,27,1135,681,227,227,0,673,226,227,0,5,5,2,0
C11H15N1O1,test_ood,28,2087,0,0,0,2087,0,0,0,2067,0,0,0,12
C11H15N1O2,test_ood,29,1215,0,0,0,1215,0,0,0,1189,0,0,0,17
C11H15N1O3,test_ood,30,2,0,0,0,2,0,0,0,0,0,0,0,0
C11H15N1O4,seen,31,2,1,1,0,0,0,0,0,0,0,0,0,0
C11H15N1O5,test_ood,32,1,0,0,0,1,0,0,0,0,0,0,0,0
C11H15N3,seen,29,986,592,197,197,0,583,196,190,0,12,3,10,0
C11H15N3O1,test_ood,30,6,0,0,0,6,0,0,0,0,0,0,0,0
C11H15N3O2,test_ood,31,2,0,0,0,2,0,0,0,0,0,0,0,0
C11H15N3O3,test_ood,32,1,0,0,0,1,0,0,0,0,0,0,0,0
C11H15N5O1,seen,32,1,1,0,0,0,0,0,0,0,0,0,0,0
C11H16,seen,27,18,11,4,3,0,11,4,3,0,0,0,0,0
C11H16N2,test_ood,29,999,0,0,0,999,0,0,0,992,0,0,0,15
C11H16N2O1,test_ood,30,715,0,0,0,715,0,0,0,695,0,0,0,13
C11H16N2O2,seen,31,215,129,43,43,0,123,43,42,0,3,1,1,0
C11H16N2O3,seen,32,2,1,1,0,0,0,0,0,0,0,0,0,0
C11H16N4,test_ood,31,109,0,0,0,109,0,0,0,105,0,0,0,12
C11H16N4O2,seen,33,1,1,0,0,0,0,0,0,0,0,0,0,0
C11H16N4O3,seen,34,1071,643,214,214,0,616,210,204,0,26,7,5,0
C11H16N4O5,test_ood,36,1111,0,0,0,1111,0,0,0,1071,0,0,0,44
C11H16O1,test_ood,28,153,0,0,0,153,0,0,0,152,0,0,0,9
C11H16O2,test_ood,29,378,0,0,0,378,0,0,0,376,0,0,0,14
C11H16O3,test_ood,30,95,0,0,0,95,0,0,0,92,0,0,0,0
C11H16O4,test_ood,31,110,0,0,0,110,0,0,0,108,0,0,0,5
C11H17N1,seen,29,205,123,41,41,0,123,41,41,0,3,1,0,0
C11H17N1O1,seen,30,174,104,35,35,0,104,34,34,0,6,0,0,0
C11H17N1O2,seen,31,845,507,169,169,0,498,169,166,0,8,3,8,0
C11H17N1O3,seen,32,216,130,43,43,0,127,43,41,0,3,1,1,0
C11H17N1O4,test_ood,33,2,0,0,0,2,0,0,0,0,0,0,0,0
C11H17N3,test_ood,31,345,0,0,0,345,0,0,0,333,0,0,0,3
C11H17N3O1,test_ood,32,412,0,0,0,412,0,0,0,403,0,0,0,8
C11H17N3O2,seen,33,3,2,1,0,0,0,0,0,0,0,0,0,0
C11H17N3O6,seen,37,1,1,0,0,0,0,0,0,0,0,0,0,0
C11H17N5O4,test_ood,37,1053,0,0,0,1053,0,0,0,1013,0,0,0,22
C11H17N9O2,test_ood,39,1,0,0,0,1,0,0,0,0,0,0,0,0
C11H18,seen,29,133,80,27,26,0,80,27,25,0,0,0,0,0
C11H18N2,test_ood,31,217,0,0,0,217,0,0,0,210,0,0,0,4
C11H18N2O1,seen,32,238,143,48,47,0,140,47,47,0,2,3,1,0
C11H18N2O2,seen,33,108,65,22,21,0,63,18,21,0,0,1,2,0
C11H18N2O3,test_ood,34,1,0,0,0,1,0,0,0,0,0,0,0,0
C11H18N4,test_ood,33,2,0,0,0,2,0,0,0,0,0,0,0,0
C11H18N4O1,seen,34,1,1,0,0,0,0,0,0,0,0,0,0,0
C11H18N4O3,test_ood,36,1067,0,0,0,1067,0,0,0,1027,0,0,0,32
C11H18N4O4,seen,37,1,1,0,0,0,0,0,0,0,0,0,0,0
C11H18O1,seen,30,139,83,28,28,0,83,28,28,0,0,0,0,0
C11H18O2,seen,31,244,146,49,49,0,143,49,48,0,1,0,3,0
C11H18O3,test_ood,32,3,0,0,0,3,0,0,0,0,0,0,0,0
C11H18O4,seen,33,2,1,1,0,0,0,0,0,0,0,0,0,0
C11H19N1,seen,31,301,181,60,60,0,178,60,60,0,3,2,2,0
C11H19N1O1,seen,32,114,68,23,23,0,68,23,22,0,1,0,0,0
C11H19N1O2,test_ood,33,112,0,0,0,112,0,0,0,108,0,0,0,0
C11H19N1O3,seen,34,2,1,1,0,0,0,0,0,0,0,0,0,0
C11H19N3,seen,33,2,1,1,0,0,0,0,0,0,0,0,0,0
C11H19N3O1,seen,34,6,4,1,1,0,0,0,0,0,0,0,0,0
C11H20,test_ood,31,17,0,0,0,17,0,0,0,17,0,0,0,0
C11H20N2,test_ood,33,85,0,0,0,85,0,0,0,84,0,0,0,0
C11H20N2O1,test_ood,34,231,0,0,0,231,0,0,0,225,0,0,0,1
C11H20N2O2,seen,35,1,1,0,0,0,0,0,0,0,0,0,0,0
C11H20N2O3,seen,36,1390,834,278,278,0,787,264,257,0,22,8,6,0
C11H20N2O5,test_ood,38,1574,0,0,0,1574,0,0,0,1494,0,0,0,62
C11H20N4,seen,35,205,123,41,41,0,119,39,40,0,3,1,1,0
C11H20N6O4,test_ood,41,1,0,0,0,1,0,0,0,0,0,0,0,0
C11H20O1,seen,32,100,60,20,20,0,60,20,20,0,1,1,0,0
C11H20O2,seen,33,304,182,61,61,0,176,60,60,0,2,2,0,0
C11H20O3,seen,34,405,243,81,81,0,241,81,81,0,4,3,1,0
C11H20O4,seen,35,133,80,27,26,0,79,27,26,0,3,2,1,0
C11H21N1,test_ood,33,365,0,0,0,365,0,0,0,360,0,0,0,12
C11H21N1O1,seen,34,80,48,16,16,0,47,16,16,0,3,0,1,0
C11H21N1O2,test_ood,35,2,0,0,0,2,0,0,0,0,0,0,0,0
C11H21N3,test_ood,35,202,0,0,0,202,0,0,0,199,0,0,0,6
C11H21N3O1,test_ood,36,90,0,0,0,90,0,0,0,90,0,0,0,3
C11H21N3O3,seen,38,924,554,185,185,0,529,177,178,0,18,2,3,0
C11H21N3O4,test_ood,39,1507,0,0,0,1507,0,0,0,1427,0,0,0,33
C11H21N3O5,seen,40,980,588,196,196,0,564,191,185,0,23,6,7,0
C11H21N5O3,seen,40,1077,646,216,215,0,619,213,205,0,34,14,9,0
C11H21N5O5,seen,42,1085,651,217,217,0,628,210,207,0,0,0,0,0
C11H22,test_ood,33,7,0,0,0,7,0,0,0,7,0,0,0,0
C11H22N2,test_ood,35,58,0,0,0,58,0,0,0,58,0,0,0,1
C11H22N2O1,seen,36,1,1,0,0,0,0,0,0,0,0,0,0,0
C11H22N2O3,seen,38,1214,728,243,243,0,681,225,228,0,13,4,2,0
C11H22N4O1,seen,38,1,1,0,0,0,0,0,0,0,0,0,0,0
C11H22N4O4,test_ood,41,937,0,0,0,937,0,0,0,897,0,0,0,18
C11H22N6O4,seen,43,1061,637,212,212,0,611,207,203,0,0,0,0,0
C11H22O1,test_ood,34,129,0,0,0,129,0,0,0,129,0,0,0,3
C11H22O2,test_ood,35,1,0,0,0,1,0,0,0,0,0,0,0,0
C11H22O3,seen,36,223,134,45,44,0,132,44,44,0,4,1,1,0
C11H22O4,test_ood,37,2,0,0,0,2,0,0,0,0,0,0,0,0
C11H23N1,test_ood,35,118,0,0,0,118,0,0,0,118,0,0,0,1
C11H23N1O1,test_ood,36,73,0,0,0,73,0,0,0,71,0,0,0,0
C11H23N3O3,seen,40,886,532,177,177,0,508,170,168,0,15,5,5,0
C11H23N5O3,test_ood,42,993,0,0,0,993,0,0,0,947,0,0,0,33
C11H24,test_ood,35,4,0,0,0,4,0,0,0,4,0,0,0,0
C11H24N2,seen,37,1,1,0,0,0,0,0,0,0,0,0,0,0
C11H24N2O3,test_ood,40,1,0,0,0,1,0,0,0,0,0,0,0,0
C11H24N4,seen,39,1,1,0,0,0,0,0,0,0,0,0,0,0
C11H24N4O1,test_ood,40,2,0,0,0,2,0,0,0,0,0,0,0,0
C11H24O1,seen,36,8,5,2,1,0,5,2,1,0,0,0,0,0
C11H24O3,seen,38,427,256,86,85,0,249,85,85,0,15,7,1,0
C11H24O4,seen,39,135,81,27,27,0,77,27,27,0,11,2,2,0
C11H25N1,test_ood,37,11,0,0,0,11,0,0,0,11,0,0,0,0
C11H25N1O2,seen,39,113,68,23,22,0,68,23,22,0,2,0,0,0
C11H25N3O1,seen,40,1,1,0,0,0,0,0,0,0,0,0,0,0
C11H26N4O1,seen,42,88,53,18,17,0,17,8,8,0,3,1,0,0
C11H27N1,seen,39,1,1,0,0,0,1,0,0,0,0,0,0,0
C11H3N1,test_ood,15,2,0,0,0,2,0,0,0,2,0,0,0,0
C11H4O1,seen,16,1,1,0,0,0,1,0,0,0,0,0,0,0
C11H5N1,test_ood,17,4,0,0,0,4,0,0,0,4,0,0,0,0
C11H6,test_ood,17,1,0,0,0,1,0,0,0,1,0,0,0,0
C11H6N2,seen,19,144,86,29,29,0,86,29,28,0,14,9,2,0
C11H6O1,test_ood,18,5,0,0,0,5,0,0,0,5,0,0,0,0
C11H6O2,test_ood,19,132,0,0,0,132,0,0,0,132,0,0,0,10
C11H7N1,test_ood,19,15,0,0,0,15,0,0,0,15,0,0,0,0
C11H7N1O1,seen,20,338,203,68,67,0,201,67,65,0,20,4,13,0
C11H8,seen,19,4,2,1,1,0,2,1,1,0,0,0,0,0
C11H8N2,seen,21,547,328,110,109,0,327,110,107,0,12,5,8,0
C11H8N2O2,test_ood,23,2,0,0,0,2,0,0,0,0,0,0,0,0
C11H8N4,seen,23,1,1,0,0,0,0,0,0,0,0,0,0,0
C11H8O1,test_ood,20,236,0,0,0,236,0,0,0,236,0,0,0,24
C11H8O2,seen,21,888,533,178,177,0,532,178,176,0,7,5,5,0
C11H8O3,seen,22,2,1,1,0,0,0,0,0,0,0,0,0,0
C11H9N1,seen,21,328,197,66,65,0,196,66,65,0,0,0,0,0
C11H9N1O1,test_ood,22,866,0,0,0,866,0,0,0,714,0,0,0,19
C11H9N1O2,test_ood,23,114,0,0,0,114,0,0,0,114,0,0,0,2
C11H9N1O3,seen,24,2,1,1,0,0,0,0,0,0,0,0,0,0
C11H9N3,test_ood,23,152,0,0,0,152,0,0,0,152,0,0,0,0
C11H9N3O1,test_ood,24,119,0,0,0,119,0,0,0,119,0,0,0,5
C12H10,test_ood,22,1431,0,0,0,1431,0,0,0,135,0,0,0,122
C12H10N2,seen,24,1425,855,285,285,0,747,258,256,0,42,15,22,0
C12H10N2O1,seen,25,1,1,0,0,0,0,0,0,0,0,0,0,0
C12H10O1,test_ood,23,198,0,0,0,198,0,0,0,194,0,0,0,2
C12H10O2,test_ood,24,968,0,0,0,968,0,0,0,823,0,0,0,30
C12H10O3,seen,25,133,80,27,26,0,77,26,26,0,0,0,0,0
C12H11N1,seen,24,341,205,68,68,0,205,68,67,0,2,1,2,0
C12H11N1O1,seen,25,1649,989,330,330,0,981,329,324,0,14,6,6,0
C12H11N1O2,test_ood,26,332,0,0,0,332,0,0,0,330,0,0,0,5
C12H11N1O3,seen,27,1,1,0,0,0,0,0,0,0,0,0,0,0
C12H11N3,seen,26,90,54,18,18,0,53,18,18,0,1,0,2,0
C12H12,test_ood,24,1515,0,0,0,1515,0,0,0,1185,0,0,0,38
C12H12N2,test_ood,26,599,0,0,0,599,0,0,0,589,0,0,0,10
C12H12N2O1,seen,27,357,214,72,71,0,208,71,66,0,5,2,1,0
C12H12N2O2,test_ood,28,2,0,0,0,2,0,0,0,0,0,0,0,0
C12H12N4,test_ood,28,2,0,0,0,2,0,0,0,0,0,0,0,0
C12H12O1,test_ood,25,669,0,0,0,669,0,0,0,661,0,0,0,2
C12H12O2,seen,26,235,141,47,47,0,140,47,46,0,3,2,0,0
C12H13N1,test_ood,26,986,0,0,0,986,0,0,0,976,0,0,0,6
C12H13N1O1,test_ood,27,1321,0,0,0,1321,0,0,0,1305,0,0,0,21
C12H13N1O2,test_ood,28,128,0,0,0,128,0,0,0,121,0,0,0,0
C12H13N1O3,test_ood,29,2,0,0,0,2,0,0,0,0,0,0,0,0
C12H13N3,seen,28,74,44,15,15,0,41,15,12,0,0,0,0,0
C12H13N3O1,seen,29,94,56,19,19,0,54,16,18,0,3,0,1,0
C12H13N3O2,test_ood,30,1,0,0,0,1,0,0,0,0,0,0,0,0
C12H14,seen,26,129,77,26,26,0,77,24,25,0,0,0,1,0
C12H14N12O1,seen,39,1,1,0,0,0,0,0,0,0,0,0,0,0
C12H14N2,seen,28,1177,706,236,235,0,700,236,232,0,9,6,4,0
C12H14N2O1,seen,29,471,283,94,94,0,277,94,89,0,5,4,2,0
C12H14N2O2,seen,30,4,2,1,1,0,0,0,0,0,0,0,0,0
C12H14N2O8,seen,36,1,1,0,0,0,0,0,0,0,0,0,0,0
C12H14N4,seen,30,1,1,0,0,0,0,0,0,0,0,0,0,0
C12H14N4O5,test_ood,35,1,0,0,0,1,0,0,0,0,0,0,0,0
C12H14N8O1,seen,35,1,1,0,0,0,0,0,0,0,0,0,0,0
C12H14O1,test_ood,27,126,0,0,0,126,0,0,0,126,0,0,0,0
C12H14O2,seen,28,481,289,96,96,0,283,95,95,0,18,3,3,0
C12H14O3,seen,29,2,1,1,0,0,0,0,0,0,0,0,0,0
C12H15N1,test_ood,28,2732,0,0,0,2732,0,0,0,2694,0,0,0,27
C12H15N1O1,test_ood,29,746,0,0,0,746,0,0,0,727,0,0,0,26
C12H15N1O2,test_ood,30,115,0,0,0,115,0,0,0,109,0,0,0,1
C12H15N1O3,test_ood,31,3,0,0,0,3,0,0,0,0,0,0,0,0
C12H15N3,test_ood,30,366,0,0,0,366,0,0,0,361,0,0,0,16
C12H15N3O1,test_ood,31,2,0,0,0,2,0,0,0,0,0,0,0,0
C12H16,test_ood,28,34,0,0,0,34,0,0,0,34,0,0,0,0
C12H16N2,seen,30,932,559,187,186,0,544,185,183,0,9,5,2,0
C12H16N2O1,seen,31,282,169,57,56,0,161,57,56,0,0,0,0,0
C12H16N2O2,seen,32,3,2,1,0,0,0,0,0,0,0,0,0,0
C12H16N2O3,seen,33,755,453,151,151,0,426,145,142,0,4,4,2,0
C12H16N2O4,test_ood,34,1474,0,0,0,1474,0,0,0,1394,0,0,0,30
C12H16N2O5,test_ood,35,889,0,0,0,889,0,0,0,849,0,0,0,17
C12H16N4,seen,32,2,1,1,0,0,0,0,0,0,0,0,0,0
C12H16N4O1,seen,33,2,1,1,0,0,0,0,0,0,0,0,0,0
C12H16N6O3,test_ood,37,573,0,0,0,573,0,0,0,553,0,0,0,0
C12H16O1,test_ood,29,61,0,0,0,61,0,0,0,61,0,0,0,2
C12H16O2,seen,30,566,340,113,113,0,334,111,112,0,7,0,5,0
C12H16O3,seen,31,96,58,19,19,0,57,18,18,0,0,0,0,0
C12H16O4,seen,32,1,1,0,0,0,0,0,0,0,0,0,0,0
C12H17N1,test_ood,30,893,0,0,0,893,0,0,0,889,0,0,0,11
C12H17N1O1,test_ood,31,882,0,0,0,882,0,0,0,857,0,0,0,15
C12H17N1O2,seen,32,814,488,163,163,0,487,162,160,0,8,4,5,0
C12H17N1O3,test_ood,33,1,0,0,0,1,0,0,0,0,0,0,0,0
C12H17N3,seen,32,301,181,60,60,0,177,56,59,0,6,0,1,0
C12H17N3O1,seen,33,3,2,1,0,0,0,0,0,0,0,0,0,0
C12H17N5,seen,34,3,2,1,0,0,0,0,0,0,0,0,0,0
C12H17N5O4,test_ood,38,1,0,0,0,1,0,0,0,0,0,0,0,0
C12H18,seen,30,312,187,63,62,0,184,62,60,0,12,5,1,0
C12H18N2,seen,32,833,500,167,166,0,490,166,163,0,5,2,2,0
C12H18N2O1,seen,33,125,75,25,25,0,69,23,22,0,1,3,1,0
C12H18N2O2,seen,34,128,77,26,25,0,76,26,23,0,1,0,0,0
C12H18N2O4,test_ood,36,1,0,0,0,1,0,0,0,0,0,0,0,0
C12H18N4,test_ood,34,2,0,0,0,2,0,0,0,0,0,0,0,0
C12H18N4O3,seen,37,1,1,0,0,0,0,0,0,0,0,0,0,0
C12H18N8O2,seen,40,1,1,0,0,0,0,0,0,0,0,0,0,0
C12H18O1,test_ood,31,1,0,0,0,1,0,0,0,0,0,0,0,0
C12H18O2,test_ood,32,442,0,0,0,442,0,0,0,440,0,0,0,7
C12H18O3,seen,33,143,86,29,28,0,85,28,28,0,4,1,2,0
C12H19N1O1,seen,33,2,1,1,0,0,0,0,0,0,0,0,0,0
C12H19N1O2,test_ood,34,212,0,0,0,212,0,0,0,205,0,0,0,0
C12H19N1O3,seen,35,1,1,0,0,0,0,0,0,0,0,0,0,0
C12H19N3,test_ood,34,3,0,0,0,3,0,0,0,0,0,0,0,0
C12H19N3O1,test_ood,35,132,0,0,0,132,0,0,0,129,0,0,0,1
C12H19N3O7,seen,41,1,1,0,0,0,0,0,0,0,0,0,0,0
C12H20,test_ood,32,31,0,0,0,31,0,0,0,31,0,0,0,0
C12H20N2,seen,34,771,463,154,154,0,438,149,144,0,23,5,5,0
C12H20N2O1,seen,35,112,67,23,22,0,63,23,22,0,2,0,2,0
C12H20N2O2,test_ood,36,2,0,0,0,2,0,0,0,0,0,0,0,0
C12H20N4,seen,36,2,1,1,0,0,0,0,0,0,0,0,0,0
C12H20N4O3,test_ood,39,1539,0,0,0,1539,0,0,0,1459,0,0,0,29
C12H20N4O6,seen,42,1,1,0,0,0,0,0,0,0,0,0,0,0
C12H20N6O1,test_ood,39,1,0,0,0,1,0,0,0,0,0,0,0,0
C12H20O1,seen,33,77,46,16,15,0,46,16,15,0,0,0,0,0
C12H21N1,seen,34,126,76,25,25,0,75,23,24,0,2,0,2,0
C12H21N1O2,seen,36,1,1,0,0,0,0,0,0,0,0,0,0,0
C12H21N3,test_ood,36,73,0,0,0,73,0,0,0,70,0,0,0,7
C12H21N3O1,test_ood,37,1,0,0,0,1,0,0,0,0,0,0,0,0
C12H21N3O2,seen,38,2,1,1,0,0,0,0,0,0,0,0,0,0
C12H21N5O3,seen,41,937,562,188,187,0,536,178,183,0,16,9,5,0
C12H21N7O3,test_ood,43,1167,0,0,0,1167,0,0,0,1127,0,0,0,0
C12H22,seen,34,102,61,21,20,0,59,19,20,0,3,0,1,0
C12H22N2,test_ood,36,1,0,0,0,1,0,0,0,0,0,0,0,0
C12H22N2O1,seen,37,91,55,18,18,0,54,17,17,0,0,0,0,0
C12H22N4O1,test_ood,39,95,0,0,0,95,0,0,0,93,0,0,0,2
C12H22O1,test_ood,35,430,0,0,0,430,0,0,0,426,0,0,0,12
C12H22O2,test_ood,36,90,0,0,0,90,0,0,0,85,0,0,0,0
C12H22O3,seen,37,1,1,0,0,0,0,0,0,0,0,0,0,0
C12H22O4,seen,38,1,1,0,0,0,0,0,0,0,0,0,0,0
C12H23N1O1,test_ood,37,78,0,0,0,78,0,0,0,78,0,0,0,9
C12H23N1O4,seen,40,1,1,0,0,0,0,0,0,0,0,0,0,0
C12H23N3,seen,38,84,50,17,17,0,48,17,17,0,1,0,1,0
C12H23N5O3,seen,43,1,1,0,0,0,0,0,0,0,0,0,0,0
C12H23N7O3,test_ood,45,1,0,0,0,1,0,0,0,0,0,0,0,0
C12H24,test_ood,36,98,0,0,0,98,0,0,0,98,0,0,0,5
C12H24N2,test_ood,38,187,0,0,0,187,0,0,0,174,0,0,0,12
C12H24N2O1,test_ood,39,201,0,0,0,201,0,0,0,195,0,0,0,5
C12H24N2O2,test_ood,40,77,0,0,0,77,0,0,0,74,0,0,0,1
C12H24N2O3,seen,41,1323,794,265,264,0,743,254,246,0,56,20,21,0
C12H24N4,seen,40,2,1,1,0,0,0,0,0,0,0,0,0,0
C12H24O1,seen,37,108,65,22,21,0,64,22,21,0,5,0,1,0
C12H24O3,seen,39,1,1,0,0,0,0,0,0,0,0,0,0,0
C12H24O4,seen,40,409,245,82,82,0,243,82,82,0,13,4,4,0
C12H24O6,test_ood,42,130,0,0,0,130,0,0,0,130,0,0,0,9
C12H25N1,seen,38,75,45,15,15,0,45,15,15,0,2,0,1,0
C12H25N1O1,seen,39,107,64,22,21,0,62,22,21,0,2,1,1,0
C12H25N1O2,test_ood,40,101,0,0,0,101,0,0,0,101,0,0,0,7
C12H25N1O5,seen,43,121,73,24,24,0,73,24,24,0,3,1,0,0
C12H25N3O1,seen,41,3,2,1,0,0,0,0,0,0,0,0,0,0
C12H25N3O3,seen,43,1139,683,228,228,0,632,213,214,0,10,8,4,0
C12H25N5O3,test_ood,45,1679,0,0,0,1679,0,0,0,1599,0,0,0,81
C12H26,seen,38,1,1,0,0,0,1,0,0,0,0,0,0,0
C12H26N2O1,seen,41,88,53,18,17,0,53,16,17,0,3,1,0,0
C12H26N2O2,seen,42,1,1,0,0,0,0,0,0,0,0,0,0,0
C12H26N2O3,test_ood,43,1,0,0,0,1,0,0,0,0,0,0,0,0
C12H26N4,seen,42,1,1,0,0,0,0,0,0,0,0,0,0,0
C12H26N4O1,seen,43,1,1,0,0,0,0,0,0,0,0,0,0,0
C12H26N4O3,test_ood,45,362,0,0,0,362,0,0,0,342,0,0,0,40
C12H26N6O3,test_ood,47,1045,0,0,0,1045,0,0,0,1005,0,0,0,0
C12H26N8O3,seen,49,540,324,108,108,0,313,103,104,0,0,0,0,0
C12H26O3,test_ood,41,281,0,0,0,281,0,0,0,276,0,0,0,19
C12H26O7,seen,45,134,80,27,27,0,76,27,26,0,4,2,2,0
C12H27N1O8,seen,48,3,2,1,0,0,0,0,0,0,0,0,0,0
C12H27N3,test_ood,42,57,0,0,0,57,0,0,0,56,0,0,0,0
C12H27N3O1,seen,43,4,2,1,1,0,0,0,0,0,0,0,0,0
C12H27N3O2,seen,44,2,1,1,0,0,0,0,0,0,0,0,0,0
C12H27N3O3,test_ood,45,110,0,0,0,110,0,0,0,109,0,0,0,3
C12H27N5,seen,44,1,1,0,0,0,0,0,0,0,0,0,0,0
C12H28N4,seen,44,111,67,22,22,0,21,6,10,0,1,1,1,0
C12H28N4O1,test_ood,45,105,0,0,0,105,0,0,0,105,0,0,0,0
C12H28O3,seen,43,1,1,0,0,0,0,0,0,0,0,0,0,0
C12H29N1O4,seen,46,2,1,1,0,0,0,0,0,0,0,0,0,0
C12H29N5O1,test_ood,47,124,0,0,0,124,0,0,0,121,0,0,0,9
C12H30N6O2,seen,50,1,1,0,0,0,0,0,0,0,0,0,0,0
C12H31N5O2,test_ood,50,1,0,0,0,1,0,0,0,0,0,0,0,0
C12H6,test_ood,18,3,0,0,0,3,0,0,0,3,0,0,0,0
C12H8,seen,20,254,152,51,51,0,148,50,51,0,10,4,6,0
C12H8N2,seen,22,112,67,23,22,0,67,23,22,0,2,0,0,0
C12H8N2O1,seen,23,1,1,0,0,0,0,0,0,0,0,0,0,0
C12H8O1,test_ood,21,410,0,0,0,410,0,0,0,409,0,0,0,11
C12H8O2,seen,22,117,70,24,23,0,70,24,23,0,0,0,0,0
C12H9N1,seen,22,113,68,23,22,0,66,22,22,0,0,1,2,0
C12H9N1O1,test_ood,23,1065,0,0,0,1065,0,0,0,1055,0,0,0,31
C12H9N1O2,test_ood,24,140,0,0,0,140,0,0,0,139,0,0,0,6
C12H9N3,test_ood,24,398,0,0,0,398,0,0,0,391,0,0,0,7
C13H10,seen,23,240,144,48,48,0,141,48,48,0,0,0,0,0
C13H10N2,seen,25,267,160,54,53,0,157,54,52,0,4,0,1,0
C13H10O1,test_ood,24,253,0,0,0,253,0,0,0,249,0,0,0,0
C13H10O2,seen,25,116,70,23,23,0,70,23,23,0,2,0,1,0
C13H11N1,test_ood,25,370,0,0,0,370,0,0,0,365,0,0,0,17
C13H11N1O2,seen,27,1,1,0,0,0,0,0,0,0,0,0,0,0
C13H12N2O1,test_ood,28,3,0,0,0,3,0,0,0,0,0,0,0,0
C13H12O1,test_ood,26,293,0,0,0,293,0,0,0,289,0,0,0,1
C13H12O2,seen,27,210,126,42,42,0,122,41,42,0,0,0,0,0
C13H13N1,seen,27,813,488,163,162,0,484,159,162,0,6,3,1,0
C13H13N1O1,test_ood,28,222,0,0,0,222,0,0,0,216,0,0,0,4
C13H13N1O2,test_ood,29,125,0,0,0,125,0,0,0,123,0,0,0,5
C13H13N1O3,seen,30,2,1,1,0,0,0,0,0,0,0,0,0,0
C13H13N3,test_ood,29,1,0,0,0,1,0,0,0,0,0,0,0,0
C13H14N2,test_ood,29,326,0,0,0,326,0,0,0,324,0,0,0,6
C13H14N2O1,test_ood,30,1,0,0,0,1,0,0,0,0,0,0,0,0
C13H14N2O6,seen,35,1,1,0,0,0,0,0,0,0,0,0,0,0
C13H14O1,test_ood,28,106,0,0,0,106,0,0,0,103,0,0,0,1
C13H14O2,seen,29,119,71,24,24,0,69,22,24,0,0,0,0,0
C13H15N1,seen,29,791,475,158,158,0,466,156,155,0,6,4,4,0
C13H15N1O1,test_ood,30,460,0,0,0,460,0,0,0,459,0,0,0,5
C13H15N3,test_ood,31,1,0,0,0,1,0,0,0,0,0,0,0,0
C13H15N3O3,seen,34,983,590,197,196,0,568,190,185,0,17,7,4,0
C13H15N3O6,test_ood,37,1,0,0,0,1,0,0,0,0,0,0,0,0
C13H15N5O5,seen,38,1,1,0,0,0,0,0,0,0,0,0,0,0
C13H16N2,seen,31,355,213,71,71,0,205,70,69,0,2,0,3,0
C13H16N2O1,seen,32,1,1,0,0,0,0,0,0,0,0,0,0,0
C13H16N2O5,seen,36,923,554,185,184,0,526,182,175,0,16,5,3,0
C13H16N2O6,test_ood,37,930,0,0,0,930,0,0,0,890,0,0,0,0
C13H16N4O5,test_ood,38,1,0,0,0,1,0,0,0,0,0,0,0,0
C13H16O1,seen,30,104,62,21,21,0,62,21,21,0,1,0,1,0
C13H16O2,seen,31,3,2,1,0,0,0,0,0,0,0,0,0,0
C13H17N1,test_ood,31,2436,0,0,0,2436,0,0,0,2382,0,0,0,19
C13H17N1O1,test_ood,32,552,0,0,0,552,0,0,0,548,0,0,0,5
C13H17N1O2,seen,33,4,2,1,1,0,0,0,0,0,0,0,0,0
C13H17N1O3,test_ood,34,1,0,0,0,1,0,0,0,0,0,0,0,0
C13H17N3,seen,33,114,68,23,23,0,65,19,23,0,0,0,0,0
C13H17N3O1,test_ood,34,2,0,0,0,2,0,0,0,0,0,0,0,0
C13H17N3O4,seen,37,864,518,173,173,0,408,134,130,0,10,7,3,0
C13H17N3O5,test_ood,38,826,0,0,0,826,0,0,0,786,0,0,0,0
C13H17N7O1,seen,38,1,1,0,0,0,0,0,0,0,0,0,0,0
C13H18N2,seen,33,2,1,1,0,0,0,0,0,0,0,0,0,0
C13H18N2O1,test_ood,34,4,0,0,0,4,0,0,0,0,0,0,0,0
C13H18N2O4,seen,37,959,575,192,192,0,553,183,183,0,17,6,5,0
C13H18N2O5,test_ood,38,822,0,0,0,822,0,0,0,782,0,0,0,19
C13H18N4,test_ood,35,1,0,0,0,1,0,0,0,0,0,0,0,0
C13H18N8O2,seen,41,1,1,0,0,0,0,0,0,0,0,0,0,0
C13H18O2,seen,33,185,111,37,37,0,107,37,37,0,1,1,0,0
C13H19N1,seen,33,616,370,123,123,0,364,122,122,0,2,1,0,0
C13H19N1O1,test_ood,34,317,0,0,0,317,0,0,0,308,0,0,0,0
C13H19N1O3,test_ood,36,1,0,0,0,1,0,0,0,0,0,0,0,0
C13H19N3,seen,35,1,1,0,0,0,0,0,0,0,0,0,0,0
C13H19N3O1,seen,36,2,1,1,0,0,0,0,0,0,0,0,0,0
C13H20N2,test_ood,35,335,0,0,0,335,0,0,0,325,0,0,0,5
C13H20N2O1,test_ood,36,95,0,0,0,95,0,0,0,92,0,0,0,2
C13H20N2O2,seen,37,1,1,0,0,0,0,0,0,0,0,0,0,0
C13H20O1,test_ood,34,67,0,0,0,67,0,0,0,66,0,0,0,2
C13H20O2,seen,35,384,230,77,77,0,230,77,76,0,0,0,1,0
C13H21N1O1,seen,36,2,1,1,0,0,0,0,0,0,0,0,0,0
C13H21N1O2,seen,37,301,181,60,60,0,177,59,60,0,4,0,3,0
C13H21N1O3,test_ood,38,129,0,0,0,129,0,0,0,128,0,0,0,0
C13H21N1O4,test_ood,39,1,0,0,0,1,0,0,0,0,0,0,0,0
C13H21N3,seen,37,2,1,1,0,0,0,0,0,0,0,0,0,0
C13H21N3O1,seen,38,2,1,1,0,0,0,0,0,0,0,0,0,0
C13H21N3O6,seen,43,1,1,0,0,0,0,0,0,0,0,0,0,0
C13H21N9O1,test_ood,44,1,0,0,0,1,0,0,0,0,0,0,0,0
C13H22,test_ood,35,1,0,0,0,1,0,0,0,0,0,0,0,0
C13H22N2O1,test_ood,38,113,0,0,0,113,0,0,0,111,0,0,0,0
C13H22N2O4,test_ood,41,2,0,0,0,2,0,0,0,0,0,0,0,0
C13H23N1O1,test_ood,38,117,0,0,0,117,0,0,0,113,0,0,0,4
C13H23N3,test_ood,39,74,0,0,0,74,0,0,0,73,0,0,0,5
C13H24N2,seen,39,3,2,1,0,0,0,0,0,0,0,0,0,0
C13H24N2O1,seen,40,1,1,0,0,0,0,0,0,0,0,0,0,0
C13H24N2O2,test_ood,41,1,0,0,0,1,0,0,0,0,0,0,0,0
C13H24N2O4,seen,43,1,1,0,0,0,0,0,0,0,0,0,0,0
C13H24N4,seen,41,2,1,1,0,0,0,0,0,0,0,0,0,0
C13H24O1,seen,38,124,74,25,25,0,71,24,25,0,5,0,2,0
C13H24O2,seen,39,1,1,0,0,0,0,0,0,0,0,0,0,0
C13H25N1,seen,39,97,58,20,19,0,56,20,18,0,0,0,1,0
C13H25N3,seen,41,129,77,26,26,0,77,26,25,0,4,1,3,0
C13H25N3O1,seen,42,1,1,0,0,0,0,0,0,0,0,0,0,0
C13H26N4,seen,43,1,1,0,0,0,0,0,0,0,0,0,0,0
C13H26O1,seen,40,1,1,0,0,0,0,0,0,0,0,0,0,0
C13H26O2,seen,41,1,1,0,0,0,0,0,0,0,0,0,0,0
C13H27N1O1,seen,42,84,50,17,17,0,49,17,17,0,4,0,1,0
C13H27N3O1,seen,44,1,1,0,0,0,0,0,0,0,0,0,0,0
C13H28N2,seen,43,1,1,0,0,0,0,0,0,0,0,0,0,0
C13H28N2O1,test_ood,44,115,0,0,0,115,0,0,0,115,0,0,0,3
C13H30O4,seen,47,1,1,0,0,0,0,0,0,0,0,0,0,0
C13H9N1,test_ood,23,112,0,0,0,112,0,0,0,109,0,0,0,0
C14H10,test_ood,24,112,0,0,0,112,0,0,0,110,0,0,0,6
C14H11N1,test_ood,26,605,0,0,0,605,0,0,0,599,0,0,0,16
C14H11N3,seen,28,2,1,1,0,0,0,0,0,0,0,0,0,0
C14H12,seen,26,107,64,22,21,0,64,22,21,0,2,0,0,0
C14H12N2,seen,28,1,1,0,0,0,0,0,0,0,0,0,0,0
C14H12O2,test_ood,28,1,0,0,0,1,0,0,0,0,0,0,0,0
C14H13N1,seen,28,116,70,23,23,0,69,22,23,0,2,0,0,0
C14H13N1O1,test_ood,29,1,0,0,0,1,0,0,0,0,0,0,0,0
C14H13N1O2,test_ood,30,1,0,0,0,1,0,0,0,0,0,0,0,0
C14H14N2,seen,30,5,3,1,1,0,0,0,0,0,0,0,0,0
C14H14N6O3,test_ood,37,1,0,0,0,1,0,0,0,0,0,0,0,0
C14H14O2,seen,30,1,1,0,0,0,0,0,0,0,0,0,0,0
C14H15N1,seen,30,115,69,23,23,0,68,23,23,0,0,0,0,0
C14H16N2O1,seen,33,1,1,0,0,0,0,0,0,0,0,0,0,0
C14H16N2O5,seen,37,1,1,0,0,0,0,0,0,0,0,0,0,0
C14H16N4O1,seen,35,1,1,0,0,0,0,0,0,0,0,0,0,0
C14H16O1,test_ood,31,46,0,0,0,46,0,0,0,44,0,0,0,2
C14H17N1,test_ood,32,219,0,0,0,219,0,0,0,217,0,0,0,2
C14H17N1O1,seen,33,332,199,67,66,0,199,67,66,0,2,2,0,0
C14H17N1O2,seen,34,1,1,0,0,0,0,0,0,0,0,0,0,0
C14H17N3,test_ood,34,1,0,0,0,1,0,0,0,0,0,0,0,0
C14H17N3O3,seen,37,1023,614,205,204,0,591,194,198,0,10,3,1,0
C14H17N3O4,seen,38,1016,610,203,203,0,584,196,196,0,0,0,0,0
C14H17N3O7,seen,41,1,1,0,0,0,0,0,0,0,0,0,0,0
C14H17N7O3,seen,41,1,1,0,0,0,0,0,0,0,0,0,0,0
C14H18N2,seen,34,120,72,24,24,0,68,23,24,0,1,0,0,0
C14H18N2O3,test_ood,37,808,0,0,0,808,0,0,0,768,0,0,0,14
C14H18N2O4,seen,38,930,558,186,186,0,535,179,176,0,7,2,4,0
C14H18N2O5,seen,39,915,549,183,183,0,522,178,175,0,0,0,0,0
C14H18N2O6,seen,40,919,551,184,184,0,524,176,179,0,0,0,0,0
C14H19N1,test_ood,34,1,0,0,0,1,0,0,0,0,0,0,0,0
C14H19N1O1,test_ood,35,3,0,0,0,3,0,0,0,0,0,0,0,0
C14H19N3,seen,36,1,1,0,0,0,0,0,0,0,0,0,0,0
C14H19N3O4,seen,40,856,514,171,171,0,491,165,160,0,0,0,0,0
C14H19N3O5,test_ood,41,933,0,0,0,933,0,0,0,893,0,0,0,0
C14H19N3O6,seen,42,1,1,0,0,0,0,0,0,0,0,0,0,0
C14H20,seen,34,1,1,0,0,0,0,0,0,0,0,0,0,0
C14H20N2,seen,36,111,67,22,22,0,34,9,6,0,0,0,0,0
C14H20N2O1,seen,37,1,1,0,0,0,0,0,0,0,0,0,0,0
C14H20N2O3,test_ood,39,777,0,0,0,777,0,0,0,737,0,0,0,14
C14H20N2O4,test_ood,40,756,0,0,0,756,0,0,0,716,0,0,0,10
C14H20N4O6,seen,44,1,1,0,0,0,0,0,0,0,0,0,0,0
C14H21N1,test_ood,36,145,0,0,0,145,0,0,0,139,0,0,0,0
C14H21N1O1,test_ood,37,1,0,0,0,1,0,0,0,0,0,0,0,0
C14H21N1O2,seen,38,125,75,25,25,0,73,23,25,0,2,0,3,0
C14H21N5O3,seen,43,1,1,0,0,0,0,0,0,0,0,0,0,0
C14H22N2,seen,38,83,50,17,16,0,49,17,16,0,1,0,1,0
C14H22N2O1,seen,39,93,56,19,18,0,18,6,7,0,0,0,0,0
C14H22N2O2,seen,40,1,1,0,0,0,0,0,0,0,0,0,0,0
C14H22N6O2,seen,44,2,1,1,0,0,0,0,0,0,0,0,0,0
C14H22O1,test_ood,37,89,0,0,0,89,0,0,0,87,0,0,0,2
C14H22O2,test_ood,38,104,0,0,0,104,0,0,0,104,0,0,0,0
C14H23N1,seen,38,88,53,18,17,0,53,18,17,0,1,1,0,0
C14H23N1O1,test_ood,39,1,0,0,0,1,0,0,0,0,0,0,0,0
C14H23N1O2,test_ood,40,199,0,0,0,199,0,0,0,197,0,0,0,7
C14H23N1O3,seen,41,1,1,0,0,0,0,0,0,0,0,0,0,0
C14H23N3,seen,40,2,1,1,0,0,0,0,0,0,0,0,0,0
C14H23N3O4,seen,44,1,1,0,0,0,0,0,0,0,0,0,0,0
C14H24N2,test_ood,40,1,0,0,0,1,0,0,0,0,0,0,0,0
C14H24N2O1,seen,41,332,199,67,66,0,195,67,64,0,5,1,1,0
C14H24N6O3,seen,47,1,1,0,0,0,0,0,0,0,0,0,0,0
C14H24O1,seen,39,1,1,0,0,0,0,0,0,0,0,0,0,0
C14H25N1O4,seen,44,1,1,0,0,0,0,0,0,0,0,0,0,0
C14H25N3,seen,42,571,343,114,114,0,334,113,106,0,26,6,6,0
C14H25N3O2,test_ood,44,2,0,0,0,2,0,0,0,0,0,0,0,0
C14H26N2,test_ood,42,2,0,0,0,2,0,0,0,0,0,0,0,0
C14H26N2O2,seen,44,2,1,1,0,0,0,0,0,0,0,0,0,0
C14H27N3O1,seen,45,2,1,1,0,0,0,0,0,0,0,0,0,0
C14H27N3O2,test_ood,46,1,0,0,0,1,0,0,0,0,0,0,0,0
C14H27N3O8,seen,52,1,1,0,0,0,0,0,0,0,0,0,0,0
C14H28N4,test_ood,46,2,0,0,0,2,0,0,0,0,0,0,0,0
C14H28O3,seen,45,131,79,26,26,0,79,25,26,0,5,2,2,0
C14H28O4,seen,46,140,84,28,28,0,84,27,28,0,1,1,0,0
C14H28O7,test_ood,49,1,0,0,0,1,0,0,0,0,0,0,0,0
C14H29N1,seen,44,3,2,1,0,0,0,0,0,0,0,0,0,0
C14H32N4,test_ood,50,106,0,0,0,106,0,0,0,105,0,0,0,8
C14H34N4O2,test_ood,54,1,0,0,0,1,0,0,0,0,0,0,0,0
C15H16N4O4,test_ood,39,1,0,0,0,1,0,0,0,0,0,0,0,0
C15H17N1,seen,33,195,117,39,39,0,115,37,38,0,4,1,1,0
C15H17N3O5,seen,40,1103,662,221,220,0,639,210,214,0,0,0,0,0
C15H17N5O3,test_ood,40,1,0,0,0,1,0,0,0,0,0,0,0,0
C15H18N4O2,seen,39,1,1,0,0,0,0,0,0,0,0,0,0,0
C15H18N4O3,seen,40,975,585,195,195,0,565,187,182,0,0,0,0,0
C15H18N4O4,test_ood,41,1703,0,0,0,1703,0,0,0,1623,0,0,0,0
C15H19N1,test_ood,35,107,0,0,0,107,0,0,0,106,0,0,0,0
C15H19N1O8,seen,43,1,1,0,0,0,0,0,0,0,0,0,0,0
C15H19N3O4,seen,41,1063,638,213,212,0,611,205,206,0,0,0,0,0
C15H19N3O5,seen,42,1,1,0,0,0,0,0,0,0,0,0,0,0
C15H20N2,seen,37,115,69,23,23,0,68,23,23,0,0,1,0,0
C15H20N2O4,test_ood,41,1,0,0,0,1,0,0,0,0,0,0,0,0
C15H21N3O4,seen,43,1,1,0,0,0,0,0,0,0,0,0,0,0
C15H21N5O4,seen,45,1,1,0,0,0,0,0,0,0,0,0,0,0
C15H22N2O1,test_ood,40,2,0,0,0,2,0,0,0,0,0,0,0,0
C15H22N2O3,test_ood,42,1259,0,0,0,1259,0,0,0,1179,0,0,0,25
C15H22N2O4,seen,43,1325,795,265,265,0,751,246,248,0,0,0,0,0
C15H23N1,seen,39,72,43,15,14,0,42,14,14,0,0,0,0,0
C15H23N3O3,seen,44,820,492,164,164,0,465,159,156,0,0,0,0,0
C15H23N3O4,test_ood,45,700,0,0,0,700,0,0,0,660,0,0,0,0
C15H23N5O3,seen,46,837,502,168,167,0,475,163,159,0,0,0,0,0
C15H23N5O4,seen,47,989,593,198,198,0,574,188,187,0,0,0,0,0
C15H25N1O7,test_ood,48,1,0,0,0,1,0,0,0,0,0,0,0,0
C15H27N7O2,seen,51,1,1,0,0,0,0,0,0,0,0,0,0,0
C15H28N2O8,test_ood,53,1,0,0,0,1,0,0,0,0,0,0,0,0
C15H29N3,seen,47,4,2,1,1,0,0,0,0,0,0,0,0,0
C15H30N4,test_ood,49,2,0,0,0,2,0,0,0,0,0,0,0,0
C16H17N7O1,test_ood,41,1,0,0,0,1,0,0,0,0,0,0,0,0
C16H19N1O3,seen,39,1,1,0,0,0,0,0,0,0,0,0,0,0
C16H19N3O3,test_ood,41,1023,0,0,0,1023,0,0,0,982,0,0,0,0
C16H19N3O5,seen,43,1135,681,227,227,0,653,223,219,0,0,0,0,0
C16H20N4O3,seen,43,1,1,0,0,0,0,0,0,0,0,0,0,0
C16H20N4O4,seen,44,996,598,199,199,0,575,189,192,0,0,0,0,0
C16H21N1,test_ood,38,1,0,0,0,1,0,0,0,0,0,0,0,0
C16H21N3O3,seen,43,836,502,167,167,0,480,158,158,0,0,0,0,0
C16H22N4O3,test_ood,45,1,0,0,0,1,0,0,0,0,0,0,0,0
C16H23N5O3,seen,47,1,1,0,0,0,0,0,0,0,0,0,0,0
C16H23N5O4,test_ood,48,1,0,0,0,1,0,0,0,0,0,0,0,0
C16H24N6O5,seen,51,1,1,0,0,0,0,0,0,0,0,0,0,0
C16H25N5O5,seen,51,1,1,0,0,0,0,0,0,0,0,0,0,0
C16H26N2O3,seen,47,1,1,0,0,0,0,0,0,0,0,0,0,0
C16H27N3,seen,46,1,1,0,0,0,0,0,0,0,0,0,0,0
C16H31N3,seen,50,2,1,1,0,0,0,0,0,0,0,0,0,0
C17H17N1O6,test_ood,41,1,0,0,0,1,0,0,0,0,0,0,0,0
C17H19N5O3,seen,44,918,551,184,183,0,522,178,178,0,0,0,0,0
C17H20N6O3,seen,46,1,1,0,0,0,0,0,0,0,0,0,0,0
C17H20N8,seen,45,1,1,0,0,0,0,0,0,0,0,0,0,0
C17H21N5O1,seen,44,1,1,0,0,0,0,0,0,0,0,0,0,0
C17H22N4O4,seen,47,1,1,0,0,0,0,0,0,0,0,0,0,0
C17H22N6O1,seen,46,1,1,0,0,0,0,0,0,0,0,0,0,0
C17H23N3O3,test_ood,46,1720,0,0,0,1720,0,0,0,1640,0,0,0,0
C17H23N3O5,test_ood,48,1,0,0,0,1,0,0,0,0,0,0,0,0
C17H24N4O3,seen,48,803,482,161,160,0,457,152,154,0,0,0,0,0
C17H24N6O3,test_ood,50,1127,0,0,0,1127,0,0,0,1087,0,0,0,0
C17H27N5O3,seen,52,1,1,0,0,0,0,0,0,0,0,0,0,0
C17H30N2,seen,49,97,58,20,19,0,57,20,19,0,3,0,2,0
C17H33N3O4,test_ood,57,1,0,0,0,1,0,0,0,0,0,0,0,0
C17H36O2,seen,55,55,33,11,11,0,30,11,10,0,2,1,0,0
C18H14N2O4,seen,38,1,1,0,0,0,0,0,0,0,0,0,0,0
C18H16N4O1,seen,39,1,1,0,0,0,0,0,0,0,0,0,0,0
C18H18N2O3,test_ood,41,1,0,0,0,1,0,0,0,0,0,0,0,0
C18H19N1O5,test_ood,43,1,0,0,0,1,0,0,0,0,0,0,0,0
C18H19N3O4,test_ood,44,2,0,0,0,2,0,0,0,0,0,0,0,0
C18H20N2O3,test_ood,43,443,0,0,0,443,0,0,0,423,0,0,0,0
C18H20N2O4,test_ood,44,735,0,0,0,735,0,0,0,695,0,0,0,0
C18H20N2O5,test_ood,45,472,0,0,0,472,0,0,0,356,0,0,0,0
C18H24N4O1,test_ood,47,1,0,0,0,1,0,0,0,0,0,0,0,0
C18H25N3O1,test_ood,47,1,0,0,0,1,0,0,0,0,0,0,0,0
C18H27N3O2,seen,50,1,1,0,0,0,0,0,0,0,0,0,0,0
C18H27N3O6,seen,54,1,1,0,0,0,0,0,0,0,0,0,0,0
C19H19N5O1,test_ood,44,1,0,0,0,1,0,0,0,0,0,0,0,0
C19H20N4O2,seen,45,1,1,0,0,0,0,0,0,0,0,0,0,0
C19H23N3O2,seen,47,1,1,0,0,0,0,0,0,0,0,0,0,0
C19H25N5,seen,49,1,1,0,0,0,0,0,0,0,0,0,0,0
C19H31N5O3,test_ood,58,1,0,0,0,1,0,0,0,0,0,0,0,0
C19H33N3O3,seen,58,1,1,0,0,0,0,0,0,0,0,0,0,0
C19H36N4O3,test_ood,62,1,0,0,0,1,0,0,0,0,0,0,0,0
C1H1N1,test_ood,3,231,0,0,0,231,0,0,0,228,0,0,0,42
C1H1N1O1,seen,4,229,137,46,46,0,134,46,45,0,27,15,11,0
C1H1N3O1,seen,6,2561,1537,512,512,0,1536,512,512,0,335,111,112,0
C1H1N3O2,seen,7,5099,3059,1020,1020,0,3049,1018,1020,0,643,215,222,0
C1H1N3O3,seen,8,1571,943,314,314,0,937,309,313,0,205,70,72,0
C1H1N5O2,test_ood,9,492,0,0,0,492,0,0,0,487,0,0,0,95
C1H2N2,seen,5,458,275,92,91,0,269,91,86,0,54,11,19,0
C1H2N2O1,seen,6,246,148,49,49,0,106,37,24,0,24,12,5,0
C1H2N2O2,test_ood,7,35,0,0,0,35,0,0,0,35,0,0,0,6
C1H2N2O4,test_ood,9,10,0,0,0,10,0,0,0,10,0,0,0,0
C1H2N2O5,test_ood,10,2,0,0,0,2,0,0,0,2,0,0,0,0
C1H2N4,seen,7,2831,1699,566,566,0,1696,566,566,0,328,104,117,0
C1H2N4O1,test_ood,8,12268,0,0,0,12268,0,0,0,12237,0,0,0,2408
C1H2N4O2,test_ood,9,4478,0,0,0,4478,0,0,0,4451,0,0,0,539
C1H2N4O3,seen,10,1810,1086,362,362,0,1059,353,356,0,182,65,59,0
C1H2O1,seen,4,1206,724,241,241,0,723,240,240,0,107,30,30,0
C1H2O2,seen,5,2287,1372,458,457,0,1368,457,456,0,262,66,76,0
C1H2O3,test_ood,6,2771,0,0,0,2771,0,0,0,2759,0,0,0,606
C1H2O4,seen,7,49,29,10,10,0,29,10,10,0,1,2,2,0
C1H3N1O1,seen,6,4148,2489,830,829,0,2482,829,828,0,367,118,117,0
C1H3N1O2,test_ood,7,3276,0,0,0,3276,0,0,0,3134,0,0,0,463
C1H3N1O3,test_ood,8,140,0,0,0,140,0,0,0,140,0,0,0,19
C1H3N1O4,seen,9,69,41,14,14,0,41,14,14,0,12,2,3,0
C1H3N3O1,seen,8,62,37,13,12,0,37,13,12,0,7,2,1,0
C1H3N3O2,test_ood,9,17,0,0,0,17,0,0,0,17,0,0,0,1
C1H3N3O3,seen,10,42,25,9,8,0,25,9,8,0,1,0,0,0
C1H3N5,test_ood,9,5453,0,0,0,5453,0,0,0,5441,0,0,0,950
C1H3N5O1,seen,10,4954,2972,991,991,0,2960,985,985,0,325,114,110,0
C1H3N5O2,test_ood,11,4630,0,0,0,4630,0,0,0,4544,0,0,0,575
C1H3N5O3,seen,12,1,1,0,0,0,1,0,0,0,0,0,0,0
C1H3N7,test_ood,11,1,0,0,0,1,0,0,0,1,0,0,0,0
C1H4,seen,5,1376,826,275,275,0,824,275,274,0,116,27,30,0
C1H4N2,test_ood,7,5717,0,0,0,5717,0,0,0,5582,0,0,0,732
C1H4N2O1,test_ood,8,8361,0,0,0,8361,0,0,0,8120,0,0,0,843
C1H4N2O2,test_ood,9,7786,0,0,0,7786,0,0,0,7631,0,0,0,1047
C1H4N2O3,seen,10,1703,1022,341,340,0,1019,340,337,0,152,63,53,0
C1H4N4,test_ood,9,43,0,0,0,43,0,0,0,43,0,0,0,6
C1H4N4O1,seen,10,519,311,104,104,0,308,103,104,0,42,20,20,0
C1H4N4O2,seen,11,670,402,134,134,0,222,81,78,0,58,14,20,0
C1H4N4O3,seen,12,5,3,1,1,0,3,1,1,0,0,0,0,0
C1H4N4O4,seen,13,2,1,1,0,0,1,1,0,0,1,1,0,0
C1H4N6,test_ood,11,1808,0,0,0,1808,0,0,0,1805,0,0,0,262
C1H4N6O1,seen,12,4745,2847,949,949,0,2791,939,931,0,367,121,122,0
C1H4N6O2,seen,13,1,1,0,0,0,0,0,0,0,0,0,0,0
C1H4O1,test_ood,6,1684,0,0,0,1684,0,0,0,1681,0,0,0,207
C1H4O2,seen,7,756,454,151,151,0,138,37,41,0,58,9,6,0
C1H4O3,test_ood,8,416,0,0,0,416,0,0,0,244,0,0,0,50
C1H4O4,seen,9,83,50,17,16,0,50,17,16,0,6,1,3,0
C1H4O5,test_ood,10,45,0,0,0,45,0,0,0,45,0,0,0,13
C1H5N1,seen,7,2127,1276,426,425,0,1274,425,425,0,192,63,57,0
C1H5N1O1,seen,8,1289,773,258,258,0,272,82,96,0,90,31,26,0
C1H5N1O2,test_ood,9,744,0,0,0,744,0,0,0,361,0,0,0,78
C1H5N1O3,seen,10,106,64,21,21,0,63,21,21,0,9,4,6,0
C1H5N1O4,test_ood,11,58,0,0,0,58,0,0,0,58,0,0,0,9
C1H5N3,seen,9,5554,3332,1111,1111,0,3308,1094,1107,0,305,108,102,0
C1H5N3O1,seen,10,10568,6341,2114,2113,0,6331,2107,2106,0,691,223,228,0
C1H5N3O2,seen,11,2538,1523,508,507,0,1519,506,505,0,225,75,62,0
C1H5N3O3,test_ood,12,433,0,0,0,433,0,0,0,427,0,0,0,62
C1H5N3O5,seen,14,1,1,0,0,0,1,0,0,0,1,0,0,0
C1H5N5O1,test_ood,12,42,0,0,0,42,0,0,0,42,0,0,0,4
C1H5N5O2,seen,13,2,1,1,0,0,0,1,0,0,0,0,0,0
C1H5N5O3,test_ood,14,2,0,0,0,2,0,0,0,1,0,0,0,0
C1H5N7,test_ood,13,1186,0,0,0,1186,0,0,0,1164,0,0,0,140
C1H5N7O1,seen,14,15,9,3,3,0,9,3,2,0,0,2,1,0
C1H6N2,seen,9,600,360,120,120,0,140,51,49,0,48,19,16,0
C1H6N2O1,test_ood,10,755,0,0,0,755,0,0,0,401,0,0,0,110
C1H6N2O2,test_ood,11,154,0,0,0,154,0,0,0,154,0,0,0,26
C1H6N2O3,seen,12,64,38,13,13,0,37,13,13,0,8,2,2,0
C1H6N2O4,seen,13,34,20,7,7,0,19,7,7,0,2,0,1,0
C1H6N2O5,seen,14,3,2,1,0,0,2,1,0,0,1,0,0,0
C1H6N4,test_ood,11,5295,0,0,0,5295,0,0,0,5284,0,0,0,752
C1H6N4O1,seen,12,1603,962,321,320,0,953,321,317,0,126,42,42,0
C1H6N4O2,seen,13,854,512,171,171,0,504,171,168,0,63,21,18,0
C1H6N4O3,test_ood,14,1,0,0,0,1,0,0,0,0,0,0,0,0
C1H6N4O4,seen,15,1,1,0,0,0,0,0,0,0,0,0,0,0
C1H6N6O1,seen,14,2,1,1,0,0,1,0,0,0,0,1,0,0
C1H6O1,seen,8,554,332,111,111,0,33,13,10,0,18,10,8,0
C1H6O2,seen,9,744,446,149,149,0,60,23,18,0,38,15,17,0
C1H6O3,test_ood,10,299,0,0,0,299,0,0,0,113,0,0,0,34
C1H6O4,seen,11,22,13,5,4,0,13,5,4,0,0,0,0,0
C1H7N1,seen,9,806,484,161,161,0,27,15,11,0,44,21,20,0
C1H7N1O1,test_ood,10,1294,0,0,0,1294,0,0,0,154,0,0,0,142
C1H7N1O2,seen,11,477,286,96,95,0,88,29,25,0,35,11,8,0
C1H7N1O3,seen,12,22,13,5,4,0,13,5,4,0,0,1,1,0
C1H7N3,seen,11,288,173,58,57,0,113,36,37,0,33,12,8,0
C1H7N3O1,test_ood,12,80,0,0,0,80,0,0,0,80,0,0,0,7
C1H7N3O2,test_ood,13,32,0,0,0,32,0,0,0,32,0,0,0,1
C1H7N3O3,seen,14,27,16,6,5,0,16,6,5,0,4,1,0,0
C1H7N5,test_ood,13,868,0,0,0,868,0,0,0,862,0,0,0,116
C1H7N5O1,seen,14,532,319,107,106,0,313,107,106,0,35,9,10,0
C1H7N5O2,test_ood,15,2,0,0,0,2,0,0,0,2,0,0,0,0
C1H8N2,seen,11,562,337,113,112,0,64,27,24,0,33,14,14,0
C1H8N2O1,seen,12,353,212,71,70,0,63,15,18,0,25,12,6,0
C1H8N4,seen,13,25,15,5,5,0,15,5,5,0,0,1,3,0
C1H8N4O1,seen,14,16,10,3,3,0,10,3,3,0,1,0,0,0
C1H8N4O2,test_ood,15,45,0,0,0,45,0,0,0,45,0,0,0,4
C1H8N4O3,seen,16,1,1,0,0,0,1,0,0,0,0,0,0,0
C1H8N4O4,test_ood,17,2,0,0,0,2,0,0,0,2,0,0,0,0
C1H8N6,test_ood,15,364,0,0,0,364,0,0,0,361,0,0,0,48
C1H8N6O1,test_ood,16,3,0,0,0,3,0,0,0,2,0,0,0,0
C1H9N3,seen,13,95,57,19,19,0,10,8,7,0,4,4,3,0
C1H9N5O1,test_ood,16,33,0,0,0,33,0,0,0,32,0,0,0,1
C1H9N5O2,seen,17,1,1,0,0,0,1,0,0,0,0,0,0,0
C1N2O3,seen,6,592,355,119,118,0,355,119,117,0,78,24,23,0
C1N4O3,seen,8,676,406,135,135,0,401,135,135,0,61,21,21,0
C1O1,seen,2,457,274,92,91,0,273,91,91,0,58,18,19,0
C1O2,seen,3,531,319,106,106,0,319,106,106,0,79,28,27,0
C20H21N3O3,seen,47,995,597,199,199,0,571,194,190,0,0,0,0,0
C20H21N3O4,seen,48,919,551,184,184,0,524,180,175,0,0,0,0,0
C20H23N3,seen,46,1,1,0,0,0,0,0,0,0,0,0,0,0
C20H28N2O1,seen,51,1,1,0,0,0,0,0,0,0,0,0,0,0
C20H28N4O2,test_ood,54,1,0,0,0,1,0,0,0,0,0,0,0,0
C20H38O4,test_ood,62,1,0,0,0,1,0,0,0,0,0,0,0,0
C21H27N1O1,test_ood,50,1,0,0,0,1,0,0,0,0,0,0,0,0
C21H27N5O2,test_ood,55,1,0,0,0,1,0,0,0,0,0,0,0,0
C21H35N5O2,seen,63,1,1,0,0,0,0,0,0,0,0,0,0,0
C22H22N4O3,seen,51,549,329,110,110,0,321,103,105,0,0,0,0,0
C22H26N2O2,seen,52,1,1,0,0,0,0,0,0,0,0,0,0,0
C22H27N1O2,seen,52,1,1,0,0,0,0,0,0,0,0,0,0,0
C22H27N5O1,seen,55,1,1,0,0,0,0,0,0,0,0,0,0,0
C22H29N3O1,seen,55,1,1,0,0,0,0,0,0,0,0,0,0,0
C24H25N5O1,seen,55,1,1,0,0,0,0,0,0,0,0,0,0,0
C2H10N2,seen,14,99,59,20,20,0,30,12,14,0,6,1,2,0
C2H10N2O1,test_ood,15,26,0,0,0,26,0,0,0,26,0,0,0,4
C2H10N4,seen,16,1,1,0,0,0,1,0,0,0,0,0,0,0
C2H10N4O1,seen,17,71,43,14,14,0,42,14,14,0,5,2,2,0
C2H10N4O2,test_ood,18,2,0,0,0,2,0,0,0,2,0,0,0,0
C2H10N4O3,test_ood,19,1,0,0,0,1,0,0,0,1,0,0,0,1
C2H10N6,seen,18,505,303,101,101,0,289,98,98,0,50,17,8,0
C2H10N6O1,test_ood,19,1,0,0,0,1,0,0,0,1,0,0,0,1
C2H10N6O3,seen,21,1,1,0,0,0,1,0,0,0,0,0,0,0
C2H11N3,test_ood,16,11,0,0,0,11,0,0,0,11,0,0,0,3
C2H11N5,test_ood,18,1,0,0,0,1,0,0,0,1,0,0,0,0
C2H11N5O1,seen,19,1,1,0,0,0,1,0,0,0,1,0,0,0
C2H1N1O1,seen,5,1357,814,272,271,0,814,272,271,0,117,33,42,0
C2H1N1O2,seen,6,1984,1190,397,397,0,1189,397,397,0,229,69,74,0
C2H1N1O3,seen,7,588,353,118,117,0,353,118,117,0,68,22,17,0
C2H1N1O4,test_ood,8,1120,0,0,0,1120,0,0,0,1116,0,0,0,168
C2H1N1O5,seen,9,501,301,100,100,0,297,98,95,0,43,7,15,0
C2H1N3,test_ood,6,216,0,0,0,216,0,0,0,213,0,0,0,47
C2H1N3O2,seen,8,3373,2024,675,674,0,2018,675,672,0,436,133,139,0
C2H1N3O3,seen,9,6242,3745,1249,1248,0,3697,1228,1237,0,675,219,208,0
C2H1N3O4,seen,10,104,62,21,21,0,55,15,19,0,13,5,5,0
C2H1N5,test_ood,8,686,0,0,0,686,0,0,0,681,0,0,0,100
C2H1N5O1,test_ood,9,5490,0,0,0,5490,0,0,0,5331,0,0,0,1119
C2H1N5O2,seen,10,242,145,49,48,0,125,46,43,0,34,11,10,0
C2H1N5O5,seen,13,1,1,0,0,0,1,0,0,0,0,0,0,0
C2H2,test_ood,4,1706,0,0,0,1706,0,0,0,1703,0,0,0,424
C2H2N2,seen,6,211,127,42,42,0,91,32,27,0,23,11,9,0
C2H2N2O1,test_ood,7,7866,0,0,0,7866,0,0,0,7861,0,0,0,1345
C2H2N2O2,seen,8,9575,5745,1915,1915,0,5728,1909,1910,0,846,271,285,0
C2H2N2O3,test_ood,9,7368,0,0,0,7368,0,0,0,7327,0,0,0,921
C2H2N2O4,seen,10,5500,3300,1100,1100,0,3250,1084,1092,0,396,123,123,0
C2H2N2O5,test_ood,11,39,0,0,0,39,0,0,0,34,0,0,0,9
C2H2N4,seen,8,2161,1297,432,432,0,1294,430,431,0,261,84,107,0
C2H2N4O1,seen,9,6470,3882,1294,1294,0,3875,1283,1287,0,641,189,231,0
C2H2N4O2,test_ood,10,20035,0,0,0,20035,0,0,0,19682,0,0,0,2422
C2H2N4O3,test_ood,11,396,0,0,0,396,0,0,0,338,0,0,0,69
C2H2N6,test_ood,10,5593,0,0,0,5593,0,0,0,5506,0,0,0,632
C2H2N6O1,seen,11,292,175,59,58,0,143,53,53,0,31,11,11,0
C2H2N6O3,seen,13,3,2,1,0,0,2,1,0,0,0,0,0,0
C2H2N6O4,seen,14,3,2,1,0,0,2,1,0,0,0,0,0,0
C2H2O2,test_ood,6,1991,0,0,0,1991,0,0,0,1985,0,0,0,281
C2H2O3,test_ood,7,1385,0,0,0,1385,0,0,0,1238,0,0,0,156
C2H2O4,test_ood,8,1205,0,0,0,1205,0,0,0,1202,0,0,0,245
C2H3N1,seen,6,1133,680,227,226,0,680,226,226,0,75,19,15,0
C2H3N1O1,test_ood,7,1774,0,0,0,1774,0,0,0,1646,0,0,0,254
C2H3N1O2,seen,8,7819,4691,1564,1564,0,4683,1564,1564,0,748,222,231,0
C2H3N1O3,seen,9,8528,5117,1706,1705,0,5098,1701,1699,0,837,290,261,0
C2H3N1O4,seen,10,648,389,130,129,0,383,124,128,0,64,23,18,0
C2H3N3,seen,8,4529,2717,906,906,0,2714,905,906,0,293,93,102,0
C2H3N3O1,test_ood,9,14783,0,0,0,14783,0,0,0,14724,0,0,0,2459
C2H3N3O2,seen,10,18663,11198,3733,3732,0,11137,3709,3709,0,1174,405,365,0
C2H3N3O3,seen,11,17418,10451,3484,3483,0,10240,3428,3417,0,1237,424,400,0
C2H3N3O4,test_ood,12,316,0,0,0,316,0,0,0,273,0,0,0,43
C2H3N3O5,seen,13,2,1,1,0,0,1,1,0,0,0,1,0,0
C2H3N5,seen,10,3627,2176,726,725,0,2168,721,720,0,355,113,122,0
C2H3N5O1,seen,11,23881,14329,4776,4776,0,14137,4695,4704,0,1681,521,554,0
C2H3N5O2,test_ood,12,1018,0,0,0,1018,0,0,0,863,0,0,0,159
C2H3N7,test_ood,12,65,0,0,0,65,0,0,0,56,0,0,0,14
C2H3N7O1,seen,13,1,1,0,0,0,1,0,0,0,0,0,0,0
C2H3N7O2,seen,14,6,4,1,1,0,4,1,1,0,1,1,0,0
C2H3N7O3,seen,15,7,4,2,1,0,4,2,1,0,1,1,0,0
C2H4,test_ood,6,1957,0,0,0,1957,0,0,0,1954,0,0,0,96
C2H4N2,test_ood,8,3620,0,0,0,3620,0,0,0,3470,0,0,0,882
C2H4N2O1,test_ood,9,6679,0,0,0,6679,0,0,0,6664,0,0,0,756
C2H4N2O2,seen,10,18912,11347,3783,3782,0,11223,3742,3747,0,1320,434,465,0
C2H4N2O3,test_ood,11,6013,0,0,0,6013,0,0,0,5953,0,0,0,683
C2H4N2O4,seen,12,2896,1738,579,579,0,1688,561,567,0,250,78,75,0
C2H4N2O5,seen,13,2,1,1,0,0,1,1,0,0,1,0,0,0
C2H4N4,test_ood,10,7956,0,0,0,7956,0,0,0,7788,0,0,0,1110
C2H4N4O1,seen,11,19114,11468,3823,3823,0,11304,3774,3765,0,1133,381,388,0
C2H4N4O2,seen,12,25513,15308,5103,5102,0,15020,5007,4999,0,1760,598,554,0
C2H4N4O3,seen,13,348,209,70,69,0,180,59,64,0,26,3,11,0
C2H4N4O4,seen,14,1,1,0,0,0,1,0,0,0,0,0,0,0
C2H4N6,seen,12,11378,6827,2276,2275,0,6702,2232,2226,0,874,265,278,0
C2H4N6O1,seen,13,1141,685,228,228,0,590,198,200,0,106,25,42,0
C2H4N8O1,seen,15,1,1,0,0,0,1,0,0,0,0,0,0,0
C2H4N8O2,test_ood,16,19,0,0,0,19,0,0,0,19,0,0,0,1
C2H4O1,test_ood,7,5839,0,0,0,5839,0,0,0,5381,0,0,0,865
C2H4O2,test_ood,8,4980,0,0,0,4980,0,0,0,4610,0,0,0,615
C2H4O3,seen,9,3132,1879,627,626,0,1596,539,526,0,309,114,109,0
C2H4O4,seen,10,187,112,38,37,0,112,37,36,0,33,7,10,0
C2H4O5,test_ood,11,7,0,0,0,7,0,0,0,7,0,0,0,1
C2H5N1,seen,8,2903,1742,581,580,0,1510,498,490,0,231,51,69,0
C2H5N1O1,seen,9,6593,3956,1319,1318,0,3689,1240,1233,0,370,135,136,0
C2H5N1O2,seen,10,14294,8576,2859,2859,0,8182,2748,2739,0,813,268,246,0
C2H5N1O3,seen,11,2044,1226,409,409,0,1054,344,344,0,160,55,62,0
C2H5N1O4,seen,12,66,40,13,13,0,39,12,13,0,2,0,2,0
C2H5N1O5,seen,13,1,1,0,0,0,1,0,0,0,1,0,0,0
C2H5N1O6,seen,14,1,1,0,0,0,1,0,0,0,0,0,0,0
C2H5N3,test_ood,10,4972,0,0,0,4972,0,0,0,4966,0,0,0,591
C2H5N3O1,test_ood,11,14300,0,0,0,14300,0,0,0,14238,0,0,0,1734
C2H5N3O2,test_ood,12,9413,0,0,0,9413,0,0,0,9319,0,0,0,962
C2H5N3O3,test_ood,13,8185,0,0,0,8185,0,0,0,8033,0,0,0,957
C2H5N3O4,test_ood,14,33,0,0,0,33,0,0,0,31,0,0,0,6
C2H5N3O5,test_ood,15,1,0,0,0,1,0,0,0,0,0,0,0,0
C2H5N5,test_ood,12,7397,0,0,0,7397,0,0,0,7218,0,0,0,688
C2H5N5O1,seen,13,18896,11338,3779,3779,0,11101,3693,3698,0,1253,408,403,0
C2H5N5O2,test_ood,14,521,0,0,0,521,0,0,0,467,0,0,0,98
C2H5N5O3,test_ood,15,487,0,0,0,487,0,0,0,470,0,0,0,55
C2H5N5O4,test_ood,16,2,0,0,0,2,0,0,0,2,0,0,0,0
C2H5N5O5,seen,17,1,1,0,0,0,1,0,0,0,0,0,0,0
C2H5N7,test_ood,14,366,0,0,0,366,0,0,0,314,0,0,0,44
C2H5N9,seen,16,1,1,0,0,0,1,0,0,0,0,0,0,0
C2H5N9O1,seen,17,4,2,1,1,0,2,1,1,0,0,0,0,0
C2H6,test_ood,8,1836,0,0,0,1836,0,0,0,1692,0,0,0,280
C2H6N10,test_ood,18,1,0,0,0,1,0,0,0,1,0,0,0,0
C2H6N2,test_ood,10,7243,0,0,0,7243,0,0,0,6894,0,0,0,395
C2H6N2O1,seen,11,24612,14767,4923,4922,0,14668,4879,4881,0,1226,395,378,0
C2H6N2O2,test_ood,12,6185,0,0,0,6185,0,0,0,5859,0,0,0,746
C2H6N2O3,seen,13,1273,764,255,254,0,751,252,249,0,84,36,33,0
C2H6N2O4,test_ood,14,3,0,0,0,3,0,0,0,3,0,0,0,1
C2H6N2O5,test_ood,15,5,0,0,0,5,0,0,0,2,0,0,0,0
C2H6N2O6,test_ood,16,1,0,0,0,1,0,0,0,0,0,0,0,0
C2H6N4,test_ood,12,7072,0,0,0,7072,0,0,0,7032,0,0,0,862
C2H6N4O1,seen,13,7908,4745,1582,1581,0,4700,1568,1567,0,523,169,159,0
C2H6N4O2,seen,14,13995,8397,2799,2799,0,8193,2732,2738,0,965,302,329,0
C2H6N4O3,seen,15,206,124,41,41,0,107,32,38,0,22,10,6,0
C2H6N4O4,seen,16,2,1,1,0,0,0,0,0,0,0,0,0,0
C2H6N6,test_ood,14,6373,0,0,0,6373,0,0,0,6222,0,0,0,745
C2H6N6O1,seen,15,417,250,84,83,0,221,77,71,0,36,10,11,0
C2H6N6O2,test_ood,16,3,0,0,0,3,0,0,0,3,0,0,0,0
C2H6N6O3,test_ood,17,7,0,0,0,7,0,0,0,7,0,0,0,0
C2H6N6O4,seen,18,1,1,0,0,0,1,0,0,0,0,0,0,0
C2H6O1,test_ood,9,3031,0,0,0,3031,0,0,0,2575,0,0,0,191
C2H6O2,test_ood,10,3961,0,0,0,3961,0,0,0,1973,0,0,0,334
C2H6O3,seen,11,117,70,24,23,0,70,24,23,0,6,0,2,0
C2H6O4,test_ood,12,74,0,0,0,74,0,0,0,74,0,0,0,10
C2H7N1,test_ood,10,3604,0,0,0,3604,0,0,0,2914,0,0,0,204
C2H7N1O1,seen,11,2207,1324,442,441,0,1052,343,360,0,84,23,30,0
C2H7N1O2,seen,12,184,110,37,37,0,110,37,37,0,15,6,6,0
C2H7N1O3,seen,13,142,85,29,28,0,85,29,28,0,23,1,7,0
C2H7N1O4,seen,14,15,9,3,3,0,9,3,3,0,1,0,0,0
C2H7N1O5,test_ood,15,1,0,0,0,1,0,0,0,1,0,0,0,0
C2H7N3,test_ood,12,12022,0,0,0,12022,0,0,0,12005,0,0,0,772
C2H7N3O1,seen,13,9491,5695,1898,1898,0,5666,1889,1888,0,641,227,216,0
C2H7N3O2,seen,14,3384,2030,677,677,0,1926,645,637,0,248,99,79,0
C2H7N3O3,test_ood,15,469,0,0,0,469,0,0,0,448,0,0,0,58
C2H7N3O4,seen,16,9,5,2,2,0,2,0,1,0,2,0,0,0
C2H7N3O5,test_ood,17,1,0,0,0,1,0,0,0,0,0,0,0,0
C2H7N5,test_ood,14,3602,0,0,0,3602,0,0,0,3546,0,0,0,431
C2H7N5O1,test_ood,15,9763,0,0,0,9763,0,0,0,9512,0,0,0,1095
C2H7N5O2,seen,16,298,179,60,59,0,157,51,53,0,25,13,9,0
C2H7N5O3,seen,17,1,1,0,0,0,0,0,0,0,0,0,0,0
C2H7N5O4,seen,18,3,2,1,0,0,0,0,0,0,0,0,0,0
C2H7N7,test_ood,16,195,0,0,0,195,0,0,0,170,0,0,0,28
C2H7N7O1,seen,17,3,2,1,0,0,2,1,0,0,1,1,0,0
C2H7N7O2,seen,18,7,4,2,1,0,4,2,1,0,0,0,0,0
C2H7N7O3,seen,19,8,5,2,1,0,5,2,1,0,0,0,1,0
C2H8,seen,10,238,143,48,47,0,20,11,9,0,9,7,8,0
C2H8N2,seen,12,1882,1129,377,376,0,822,264,277,0,72,36,24,0
C2H8N2O1,test_ood,13,287,0,0,0,287,0,0,0,143,0,0,0,37
C2H8N2O2,test_ood,14,198,0,0,0,198,0,0,0,197,0,0,0,22
C2H8N2O3,seen,15,99,59,20,20,0,55,20,20,0,5,4,3,0
C2H8N2O4,test_ood,16,1,0,0,0,1,0,0,0,0,0,0,0,0
C2H8N4,seen,14,4081,2449,816,816,0,2428,814,811,0,229,78,82,0
C2H8N4O1,seen,15,1921,1153,384,384,0,1137,379,377,0,136,47,41,0
C2H8N4O2,test_ood,16,2272,0,0,0,2272,0,0,0,2209,0,0,0,311
C2H8N4O3,seen,17,6,4,1,1,0,2,1,1,0,1,0,0,0
C2H8N4O4,seen,18,1,1,0,0,0,0,0,0,0,0,0,0,0
C2H8N4O5,seen,19,1,1,0,0,0,1,0,0,0,0,0,0,0
C2H8N6,test_ood,16,4974,0,0,0,4974,0,0,0,4833,0,0,0,594
C2H8N6O1,seen,17,265,159,53,53,0,138,45,38,0,18,8,6,0
C2H8N6O2,test_ood,18,1,0,0,0,1,0,0,0,0,0,0,0,0
C2H8N6O3,seen,19,2,1,1,0,0,0,0,0,0,0,0,0,0
C2H8N8,seen,18,1,1,0,0,0,1,0,0,0,0,0,0,0
C2H8N8O1,test_ood,19,5,0,0,0,5,0,0,0,5,0,0,0,0
C2H8N8O2,seen,20,6,4,1,1,0,4,1,1,0,1,0,0,0
C2H8O1,test_ood,11,188,0,0,0,188,0,0,0,75,0,0,0,19
C2H8O2,test_ood,12,277,0,0,0,277,0,0,0,140,0,0,0,25
C2H8O3,seen,13,51,31,10,10,0,31,10,10,0,5,2,2,0
C2H8O4,test_ood,14,33,0,0,0,33,0,0,0,33,0,0,0,3
C2H9N1,seen,12,441,265,88,88,0,67,16,24,0,35,8,11,0
C2H9N1O1,seen,13,279,167,56,56,0,52,20,22,0,19,5,6,0
C2H9N1O2,seen,14,21,13,4,4,0,13,4,4,0,4,1,0,0
C2H9N1O3,test_ood,15,39,0,0,0,39,0,0,0,39,0,0,0,6
C2H9N3,seen,14,64,38,13,13,0,38,13,13,0,7,3,3,0
C2H9N3O1,seen,15,37,22,8,7,0,22,8,7,0,1,3,0,0
C2H9N3O2,seen,16,142,85,29,28,0,83,27,28,0,5,4,0,0
C2H9N3O3,seen,17,1,1,0,0,0,0,0,0,0,0,0,0,0
C2H9N5,seen,16,858,515,172,171,0,507,170,171,0,53,19,24,0
C2H9N5O1,seen,17,1386,832,277,277,0,798,272,265,0,89,25,35,0
C2H9N5O2,test_ood,18,4,0,0,0,4,0,0,0,4,0,0,0,0
C2H9N5O3,seen,19,2,1,1,0,0,1,1,0,0,0,0,0,0
C2H9N5O4,seen,20,2,1,1,0,0,1,1,0,0,0,0,0,0
C2H9N7,seen,18,29,17,6,6,0,15,6,5,0,4,1,1,0
C2H9N7O3,seen,21,1,1,0,0,0,0,0,0,0,0,0,0,0
C2H9N9O1,seen,21,1,1,0,0,0,1,0,0,0,0,0,0,0
C2N2,seen,4,1006,604,201,201,0,604,201,201,0,114,36,32,0
C2N2O4,test_ood,8,617,0,0,0,617,0,0,0,608,0,0,0,122
C2N2O5,test_ood,9,16,0,0,0,16,0,0,0,13,0,0,0,4
C2N4O1,seen,7,647,388,130,129,0,386,130,128,0,68,17,18,0
C2N4O2,test_ood,8,687,0,0,0,687,0,0,0,672,0,0,0,134
C2N4O3,seen,9,32,19,7,6,0,16,5,4,0,7,0,1,0
C2N6O1,seen,9,13,8,3,2,0,8,1,2,0,0,0,0,0
C3H10,seen,13,70,42,14,14,0,21,9,7,0,11,0,2,0
C3H10N2,test_ood,15,2504,0,0,0,2504,0,0,0,2496,0,0,0,128
C3H10N2O1,seen,16,981,589,196,196,0,497,166,170,0,44,14,19,0
C3H10N2O2,test_ood,17,911,0,0,0,911,0,0,0,906,0,0,0,106
C3H10N2O3,test_ood,18,152,0,0,0,152,0,0,0,150,0,0,0,18
C3H10N2O4,test_ood,19,3,0,0,0,3,0,0,0,3,0,0,0,0
C3H10N2O5,seen,20,1,1,0,0,0,0,0,0,0,0,0,0,0
C3H10N4,test_ood,17,1721,0,0,0,1721,0,0,0,1673,0,0,0,179
C3H10N4O1,seen,18,3251,1951,650,650,0,1902,628,632,0,214,75,62,0
C3H10N4O2,seen,19,142,85,29,28,0,70,22,24,0,11,4,6,0
C3H10N4O3,seen,20,10,6,2,2,0,4,1,1,0,1,0,0,0
C3H10N4O4,seen,21,4,2,1,1,0,1,0,1,0,0,0,0,0
C3H10N4O5,seen,22,2,1,1,0,0,1,0,0,0,0,0,0,0
C3H10N6,test_ood,19,433,0,0,0,433,0,0,0,371,0,0,0,56
C3H10N6O1,test_ood,20,7,0,0,0,7,0,0,0,7,0,0,0,1
C3H10N6O2,test_ood,21,5,0,0,0,5,0,0,0,5,0,0,0,0
C3H10N6O3,test_ood,22,17,0,0,0,17,0,0,0,15,0,0,0,0
C3H10N8,test_ood,21,4,0,0,0,4,0,0,0,4,0,0,0,0
C3H10N8O1,seen,22,29,17,6,6,0,17,6,6,0,0,0,0,0
C3H10O1,test_ood,14,25,0,0,0,25,0,0,0,18,0,0,0,4
C3H10O2,seen,15,27,16,6,5,0,16,6,5,0,1,1,1,0
C3H10O3,test_ood,16,65,0,0,0,65,0,0,0,65,0,0,0,10
C3H10O4,seen,17,7,4,2,1,0,4,2,1,0,0,0,0,0
C3H11N1,test_ood,15,31,0,0,0,31,0,0,0,25,0,0,0,4
C3H11N1O1,test_ood,16,22,0,0,0,22,0,0,0,22,0,0,0,4
C3H11N1O2,seen,17,37,22,8,7,0,22,8,7,0,3,1,0,0
C3H11N1O3,seen,18,21,13,4,4,0,13,4,4,0,0,0,0,0
C3H11N1O4,test_ood,19,1,0,0,0,1,0,0,0,1,0,0,0,0
C3H11N3,seen,17,1081,649,216,216,0,627,211,209,0,77,45,31,0
C3H11N3O1,test_ood,18,195,0,0,0,195,0,0,0,195,0,0,0,15
C3H11N3O2,test_ood,19,9,0,0,0,9,0,0,0,9,0,0,0,3
C3H11N3O3,seen,20,7,4,2,1,0,2,1,1,0,0,0,0,0
C3H11N3O4,test_ood,21,1,0,0,0,1,0,0,0,0,0,0,0,0
C3H11N5,test_ood,19,1064,0,0,0,1064,0,0,0,1018,0,0,0,121
C3H11N5O1,test_ood,20,134,0,0,0,134,0,0,0,113,0,0,0,19
C3H11N5O2,test_ood,21,7,0,0,0,7,0,0,0,7,0,0,0,0
C3H11N5O3,seen,22,11,7,2,2,0,5,1,1,0,1,0,0,0
C3H11N5O4,test_ood,23,2,0,0,0,2,0,0,0,1,0,0,0,0
C3H11N7,seen,21,2,1,1,0,0,1,1,0,0,0,0,0,0
C3H11N7O1,test_ood,22,5,0,0,0,5,0,0,0,5,0,0,0,0
C3H11N7O2,test_ood,23,3,0,0,0,3,0,0,0,3,0,0,0,0
C3H11N9,seen,23,3,2,1,0,0,2,1,0,0,0,0,0,0
C3H12N2,seen,17,10,6,2,2,0,6,2,2,0,3,0,0,0
C3H12N2O1,test_ood,18,32,0,0,0,32,0,0,0,32,0,0,0,0
C3H12N2O2,test_ood,19,36,0,0,0,36,0,0,0,36,0,0,0,4
C3H12N2O3,seen,20,3,2,1,0,0,1,1,0,0,0,0,0,0
C3H12N4,seen,19,2,1,1,0,0,1,1,0,0,0,1,0,0
C3H12N4O1,test_ood,20,5,0,0,0,5,0,0,0,5,0,0,0,1
C3H12N4O2,test_ood,21,4,0,0,0,4,0,0,0,2,0,0,0,0
C3H12N4O3,test_ood,22,2,0,0,0,2,0,0,0,0,0,0,0,0
C3H12N4O4,seen,23,1,1,0,0,0,0,0,0,0,0,0,0,0
C3H12N6,seen,21,91,55,18,18,0,49,13,14,0,2,0,0,0
C3H12N6O1,seen,22,4,2,1,1,0,2,1,1,0,0,0,0,0
C3H12N6O2,test_ood,23,10,0,0,0,10,0,0,0,9,0,0,0,1
C3H12N6O3,seen,24,5,3,1,1,0,2,1,1,0,0,0,0,0
C3H12N8O1,test_ood,24,13,0,0,0,13,0,0,0,13,0,0,0,3
C3H13N3,test_ood,19,1,0,0,0,1,0,0,0,1,0,0,0,1
C3H13N3O1,seen,20,3,2,1,0,0,2,1,0,0,0,0,0,0
C3H13N3O2,test_ood,21,2,0,0,0,2,0,0,0,1,0,0,0,0
C3H13N3O3,seen,22,1,1,0,0,0,0,0,0,0,0,0,0,0
C3H13N5O2,seen,23,1,1,0,0,0,0,0,0,0,0,0,0,0
C3H13N7,seen,23,2,1,1,0,0,1,1,0,0,0,0,0,0
C3H13N7O1,test_ood,24,5,0,0,0,5,0,0,0,5,0,0,0,0
C3H13N7O2,seen,25,8,5,2,1,0,4,2,1,0,1,1,0,0
C3H13N9,seen,25,2,1,1,0,0,1,1,0,0,0,0,0,0
C3H14N4O1,seen,22,1,1,0,0,0,0,0,0,0,0,0,0,0
C3H14N8,seen,25,2,1,1,0,0,1,1,0,0,0,0,0,0
C3H14N8O1,seen,26,2,1,1,0,0,1,1,0,0,0,0,0,0
C3H15N9,seen,27,2,1,1,0,0,1,1,0,0,0,0,0,0
C3H1N1,test_ood,5,1251,0,0,0,1251,0,0,0,1248,0,0,0,241
C3H1N1O2,test_ood,7,1073,0,0,0,1073,0,0,0,1067,0,0,0,165
C3H1N1O3,test_ood,8,1428,0,0,0,1428,0,0,0,1428,0,0,0,254
C3H1N1O4,seen,9,715,429,143,143,0,422,139,143,0,88,34,25,0
C3H1N1O5,seen,10,66,40,13,13,0,37,11,12,0,6,1,3,0
C3H1N3O1,seen,8,2697,1618,540,539,0,1612,539,536,0,221,99,68,0
C3H1N3O2,seen,9,2569,1541,514,514,0,1515,497,505,0,223,79,71,0
C3H1N3O3,test_ood,10,204,0,0,0,204,0,0,0,177,0,0,0,43
C3H1N5,test_ood,9,537,0,0,0,537,0,0,0,527,0,0,0,101
C3H1N5O1,test_ood,10,65,0,0,0,65,0,0,0,57,0,0,0,19
C3H2N2,seen,7,1140,684,228,228,0,684,228,228,0,128,42,34,0
C3H2N2O1,seen,8,3312,1987,663,662,0,1985,657,661,0,448,135,146,0
C3H2N2O2,seen,9,9799,5879,1960,1960,0,5855,1951,1954,0,575,194,217,0
C3H2N2O3,seen,10,16886,10132,3377,3377,0,9978,3332,3334,0,1302,425,412,0
C3H2N2O4,seen,11,382,229,77,76,0,195,62,67,0,36,18,15,0
C3H2N2O5,test_ood,12,1,0,0,0,1,0,0,0,1,0,0,0,0
C3H2N4,seen,9,1444,866,289,289,0,860,288,287,0,98,39,36,0
C3H2N4O1,test_ood,10,20758,0,0,0,20758,0,0,0,20357,0,0,0,2951
C3H2N4O2,seen,11,1364,818,273,273,0,699,233,234,0,167,48,56,0
C3H2N4O3,seen,12,1,1,0,0,0,1,0,0,0,1,0,0,0
C3H2N4O5,test_ood,14,1,0,0,0,1,0,0,0,1,0,0,0,0
C3H2N6,seen,11,76,46,15,15,0,34,13,11,0,7,3,4,0
C3H2N6O1,seen,12,1,1,0,0,0,1,0,0,0,0,0,0,0
C3H2N6O3,test_ood,14,1,0,0,0,1,0,0,0,1,0,0,0,0
C3H2O1,seen,6,1223,734,245,244,0,734,244,244,0,142,53,58,0
C3H2O2,seen,7,982,589,197,196,0,589,197,196,0,68,29,23,0
C3H2O3,seen,8,1516,910,303,303,0,905,303,303,0,174,48,51,0
C3H2O4,seen,9,1330,798,266,266,0,791,263,264,0,122,28,33,0
C3H2O5,seen,10,1002,601,201,200,0,588,196,198,0,112,37,20,0
C3H3N1,seen,7,1307,784,262,261,0,783,262,261,0,54,12,21,0
C3H3N1O1,seen,8,8542,5125,1709,1708,0,5115,1707,1704,0,655,203,208,0
C3H3N1O2,seen,9,9039,5423,1808,1808,0,5399,1804,1801,0,676,225,241,0
C3H3N1O3,seen,10,8757,5254,1752,1751,0,5231,1743,1743,0,496,178,183,0
C3H3N1O4,test_ood,11,8343,0,0,0,8343,0,0,0,8212,0,0,0,942
C3H3N1O5,test_ood,12,57,0,0,0,57,0,0,0,54,0,0,0,11
C3H3N3,seen,9,5141,3085,1028,1028,0,3077,1027,1027,0,438,153,147,0
C3H3N3O1,seen,10,14963,8978,2993,2992,0,8927,2979,2976,0,1063,368,344,0
C3H3N3O2,seen,11,41575,24945,8315,8315,0,24538,8167,8207,0,2785,993,1001,0
C3H3N3O3,seen,12,1723,1034,345,344,0,887,308,303,0,137,51,46,0
C3H3N3O5,test_ood,14,1,0,0,0,1,0,0,0,1,0,0,0,0
C3H3N5,seen,11,17543,10526,3509,3508,0,10250,3444,3435,0,1334,419,414,0
C3H3N5O1,seen,12,2202,1321,441,440,0,1145,381,368,0,206,57,65,0
C3H3N5O2,test_ood,13,3,0,0,0,3,0,0,0,3,0,0,0,0
C3H3N5O3,test_ood,14,8,0,0,0,8,0,0,0,8,0,0,0,1
C3H3N5O4,test_ood,15,12,0,0,0,12,0,0,0,12,0,0,0,4
C3H3N7O2,seen,15,1,1,0,0,0,1,0,0,0,0,0,0,0
C3H4,seen,7,1699,1019,340,340,0,1013,338,340,0,100,30,23,0
C3H4N2,seen,9,10260,6156,2052,2052,0,6150,2046,2051,0,711,244,212,0
C3H4N2O1,seen,10,20433,12260,4087,4086,0,12135,4039,4043,0,1373,470,449,0
C3H4N2O2,seen,11,23456,14074,4691,4691,0,13891,4639,4626,0,1389,456,439,0
C3H4N2O3,seen,12,29125,17475,5825,5825,0,17048,5684,5692,0,1973,684,670,0
C3H4N2O4,test_ood,13,519,0,0,0,519,0,0,0,447,0,0,0,84
C3H4N4,test_ood,11,12148,0,0,0,12148,0,0,0,11773,0,0,0,1345
C3H4N4O1,seen,12,49667,29800,9934,9933,0,29162,9715,9729,0,3328,1064,1123,0
C3H4N4O2,seen,13,2757,1654,552,551,0,1445,489,481,0,208,83,78,0
C3H4N4O3,seen,14,2,1,1,0,0,1,1,0,0,1,0,0,0
C3H4N4O4,seen,15,6,4,1,1,0,4,1,1,0,2,0,0,0
C3H4N4O5,seen,16,10,6,2,2,0,6,2,2,0,0,1,1,0
C3H4N6,test_ood,13,1483,0,0,0,1483,0,0,0,1290,0,0,0,245
C3H4N6O1,seen,14,1,1,0,0,0,1,0,0,0,1,0,0,0
C3H4N6O2,seen,15,11,7,2,2,0,7,2,2,0,3,0,1,0
C3H4N6O3,seen,16,26,16,5,5,0,16,5,5,0,3,0,2,0
C3H4N8,seen,15,2,1,1,0,0,1,1,0,0,0,0,0,0
C3H4N8O1,seen,16,4,2,1,1,0,2,1,1,0,1,0,0,0
C3H4O1,test_ood,8,3141,0,0,0,3141,0,0,0,2915,0,0,0,204
C3H4O2,seen,9,10807,6484,2162,2161,0,6125,2037,2055,0,645,219,206,0
C3H4O3,seen,10,5157,3094,1032,1031,0,3009,994,992,0,470,147,182,0
C3H4O4,seen,11,1142,685,229,228,0,683,228,223,0,98,29,36,0
C3H4O5,seen,12,650,390,130,130,0,387,128,129,0,53,20,19,0
C3H4O6,seen,13,1,1,0,0,0,1,0,0,0,0,0,0,0
C3H5N1,test_ood,9,2605,0,0,0,2605,0,0,0,2604,0,0,0,132
C3H5N1O1,test_ood,10,18157,0,0,0,18157,0,0,0,18147,0,0,0,1760
C3H5N1O2,seen,11,14898,8939,2980,2979,0,8457,2829,2816,0,956,316,313,0
C3H5N1O3,test_ood,12,7914,0,0,0,7914,0,0,0,7868,0,0,0,1034
C3H5N1O4,test_ood,13,5203,0,0,0,5203,0,0,0,4819,0,0,0,598
C3H5N1O5,test_ood,14,5,0,0,0,5,0,0,0,5,0,0,0,2
C3H5N3,test_ood,11,11893,0,0,0,11893,0,0,0,11708,0,0,0,1143
C3H5N3O1,test_ood,12,28478,0,0,0,28478,0,0,0,28020,0,0,0,2433
C3H5N3O2,seen,13,49066,29440,9813,9813,0,28686,9563,9577,0,3239,1140,1162,0
C3H5N3O3,test_ood,14,1786,0,0,0,1786,0,0,0,1571,0,0,0,233
C3H5N3O4,seen,15,3,2,1,0,0,2,1,0,0,0,0,0,0
C3H5N3O5,seen,16,1,1,0,0,0,1,0,0,0,0,0,0,0
C3H5N5,test_ood,13,20073,0,0,0,20073,0,0,0,19676,0,0,0,2124
C3H5N5O1,seen,14,3114,1868,623,623,0,1633,539,539,0,243,88,81,0
C3H5N5O2,test_ood,15,181,0,0,0,181,0,0,0,172,0,0,0,29
C3H5N5O3,seen,16,10,6,2,2,0,6,2,2,0,0,0,0,0
C3H5N5O4,seen,17,16,10,3,3,0,10,3,3,0,1,2,0,0
C3H5N7,test_ood,15,1,0,0,0,1,0,0,0,1,0,0,0,0
C3H5N7O1,test_ood,16,7,0,0,0,7,0,0,0,7,0,0,0,2
C3H5N7O2,seen,17,38,23,8,7,0,23,8,7,0,5,4,0,0
C3H5N9,seen,17,3,2,1,0,0,2,1,0,0,0,0,0,0
C3H6,seen,9,3834,2300,767,767,0,2210,744,738,0,150,45,54,0
C3H6N2,seen,11,18038,10823,3608,3607,0,10798,3604,3602,0,1030,316,329,0
C3H6N2O1,test_ood,12,22560,0,0,0,22560,0,0,0,22430,0,0,0,1988
C3H6N2O2,seen,13,17227,10336,3446,3445,0,9803,3278,3291,0,979,282,311,0
C3H6N2O3,seen,14,14247,8548,2850,2849,0,8274,2754,2770,0,928,310,330,0
C3H6N2O4,test_ood,15,785,0,0,0,785,0,0,0,576,0,0,0,111
C3H6N2O5,test_ood,16,2,0,0,0,2,0,0,0,1,0,0,0,0
C3H6N4,seen,13,14442,8665,2889,2888,0,8418,2804,2793,0,740,245,251,0
C3H6N4O1,seen,14,39067,23440,7814,7813,0,22796,7599,7606,0,2495,839,837,0
C3H6N4O2,seen,15,3080,1848,616,616,0,1648,533,554,0,263,86,86,0
C3H6N4O3,test_ood,16,304,0,0,0,304,0,0,0,286,0,0,0,41
C3H6N4O4,test_ood,17,8,0,0,0,8,0,0,0,8,0,0,0,2
C3H6N4O5,test_ood,18,6,0,0,0,6,0,0,0,6,0,0,0,1
C3H6N6,seen,15,1602,961,321,320,0,834,273,279,0,111,42,45,0
C3H6N6O1,seen,16,4,2,1,1,0,1,1,1,0,0,0,0,0
C3H6N6O2,seen,17,26,16,5,5,0,16,5,5,0,3,0,0,0
C3H6N6O3,seen,18,676,406,135,135,0,388,126,131,0,64,22,24,0
C3H6N8,test_ood,17,5,0,0,0,5,0,0,0,5,0,0,0,0
C3H6N8O1,seen,18,27,16,6,5,0,16,6,5,0,3,2,2,0
C3H6N8O3,seen,20,1,1,0,0,0,0,0,0,0,1,0,0,0
C3H6O1,seen,10,9811,5887,1962,1962,0,5807,1941,1934,0,350,116,123,0
C3H6O2,seen,11,15053,9032,3011,3010,0,8065,2702,2697,0,820,271,297,0
C3H6O3,seen,12,6074,3644,1215,1215,0,3302,1102,1081,0,495,165,165,0
C3H6O4,test_ood,13,382,0,0,0,382,0,0,0,377,0,0,0,49
C3H6O5,seen,14,2,1,1,0,0,0,1,0,0,0,0,0,0
C3H7N1,seen,11,7573,4544,1515,1514,0,4506,1501,1504,0,196,74,61,0
C3H7N1O1,seen,12,18211,10927,3642,3642,0,9800,3234,3210,0,827,274,271,0
C3H7N1O2,test_ood,13,13017,0,0,0,13017,0,0,0,11803,0,0,0,1260
C3H7N1O3,seen,14,3540,2124,708,708,0,2015,674,673,0,228,75,87,0
C3H7N1O4,test_ood,15,272,0,0,0,272,0,0,0,261,0,0,0,41
C3H7N1O5,seen,16,5,3,1,1,0,3,1,1,0,1,0,0,0
C3H7N3,seen,13,14293,8576,2859,2858,0,8537,2842,2846,0,767,241,238,0
C3H7N3O1,seen,14,11770,7062,2354,2354,0,6905,2302,2298,0,637,202,197,0
C3H7N3O2,seen,15,26429,15857,5286,5286,0,15268,5101,5080,0,1733,552,556,0
C3H7N3O3,seen,16,1649,989,330,330,0,914,301,299,0,141,55,41,0
C3H7N3O4,seen,17,836,502,167,167,0,403,123,134,0,86,16,28,0
C3H7N3O6,test_ood,19,2,0,0,0,2,0,0,0,2,0,0,0,0
C3H7N5,test_ood,15,15339,0,0,0,15339,0,0,0,14686,0,0,0,1727
C3H7N5O1,seen,16,2743,1646,549,548,0,1428,473,472,0,221,87,73,0
C3H7N5O2,seen,17,21,13,4,4,0,13,4,4,0,1,1,0,0
C3H7N5O3,seen,18,32,19,7,6,0,18,7,6,0,4,1,1,0
C3H7N5O4,test_ood,19,95,0,0,0,95,0,0,0,92,0,0,0,23
C3H7N7,seen,17,27,16,6,5,0,14,4,4,0,0,0,0,0
C3H7N7O1,seen,18,11,7,2,2,0,7,2,2,0,1,0,1,0
C3H7N7O2,seen,19,36,22,7,7,0,22,7,7,0,1,2,0,0
C3H7N9,test_ood,19,8,0,0,0,8,0,0,0,8,0,0,0,2
C3H8,test_ood,11,1015,0,0,0,1015,0,0,0,919,0,0,0,33
C3H8N2,seen,13,15313,9188,3063,3062,0,9167,3056,3058,0,459,154,145,0
C3H8N2O1,test_ood,14,16354,0,0,0,16354,0,0,0,15683,0,0,0,1481
C3H8N2O2,test_ood,15,6193,0,0,0,6193,0,0,0,5422,0,0,0,594
C3H8N2O3,seen,16,2347,1408,470,469,0,1383,449,465,0,180,52,58,0
C3H8N2O4,test_ood,17,23,0,0,0,23,0,0,0,16,0,0,0,6
C3H8N2O5,test_ood,18,2,0,0,0,2,0,0,0,2,0,0,0,0
C3H8N4,seen,15,7576,4546,1515,1515,0,4508,1503,1495,0,412,138,104,0
C3H8N4O1,seen,16,18471,11083,3694,3694,0,10742,3584,3594,0,1193,379,407,0
C3H8N4O2,test_ood,17,1510,0,0,0,1510,0,0,0,1331,0,0,0,198
C3H8N4O3,test_ood,18,18,0,0,0,18,0,0,0,16,0,0,0,3
C3H8N4O4,test_ood,19,14,0,0,0,14,0,0,0,12,0,0,0,3
C3H8N4O5,seen,20,9,5,2,2,0,3,1,1,0,2,0,1,0
C3H8N6,test_ood,17,1128,0,0,0,1128,0,0,0,972,0,0,0,140
C3H8N6O1,seen,18,12,7,3,2,0,6,3,2,0,0,0,0,0
C3H8N6O2,seen,19,40,24,8,8,0,23,8,8,0,4,0,1,0
C3H8N6O3,seen,20,34,20,7,7,0,20,7,7,0,1,1,0,0
C3H8N6O4,seen,21,4,2,1,1,0,0,0,0,0,0,0,0,0
C3H8N8,test_ood,19,1,0,0,0,1,0,0,0,1,0,0,0,0
C3H8N8O1,test_ood,20,25,0,0,0,25,0,0,0,25,0,0,0,7
C3H8O1,test_ood,12,3409,0,0,0,3409,0,0,0,2990,0,0,0,166
C3H8O2,seen,13,4972,2983,995,994,0,2882,958,975,0,225,69,68,0
C3H8O3,seen,14,1430,858,286,286,0,854,286,284,0,98,39,47,0
C3H8O4,seen,15,119,71,24,24,0,71,24,24,0,6,2,5,0
C3H8O6,test_ood,17,1,0,0,0,1,0,0,0,1,0,0,0,0
C3H9N1,seen,13,4301,2581,860,860,0,2395,798,802,0,105,32,39,0
C3H9N1O1,test_ood,14,5104,0,0,0,5104,0,0,0,4607,0,0,0,308
C3H9N1O2,seen,15,1077,646,216,215,0,550,193,182,0,70,19,26,0
C3H9N1O3,seen,16,339,203,68,68,0,203,68,68,0,24,5,6,0
C3H9N1O4,seen,17,7,4,2,1,0,4,2,1,0,0,0,0,0
C3H9N1O5,seen,18,2,1,1,0,0,1,1,0,0,0,0,0,0
C3H9N3,seen,15,7873,4724,1575,1574,0,4695,1563,1559,0,325,118,116,0
C3H9N3O1,test_ood,16,4470,0,0,0,4470,0,0,0,4421,0,0,0,414
C3H9N3O2,seen,17,3895,2337,779,779,0,2285,752,762,0,250,85,81,0
C3H9N3O3,seen,18,632,379,127,126,0,374,122,123,0,39,16,12,0
C3H9N3O4,test_ood,19,6,0,0,0,6,0,0,0,4,0,0,0,1
C3H9N3O5,test_ood,20,3,0,0,0,3,0,0,0,1,0,0,0,1
C3H9N3O6,seen,21,1,1,0,0,0,0,0,0,0,0,0,0,0
C3H9N5,seen,17,7580,4548,1516,1516,0,4416,1474,1480,0,462,176,158,0
C3H9N5O1,seen,18,1198,719,240,239,0,612,213,215,0,91,26,29,0
C3H9N5O2,seen,19,529,317,106,106,0,306,102,102,0,33,14,13,0
C3H9N5O3,test_ood,20,16,0,0,0,16,0,0,0,13,0,0,0,1
C3H9N5O4,seen,21,8,5,2,1,0,5,2,1,0,0,0,0,0
C3H9N7,seen,19,1,1,0,0,0,1,0,0,0,0,0,0,0
C3H9N7O1,seen,20,14,8,3,3,0,8,3,3,0,0,0,0,0
C3H9N7O2,seen,21,43,26,9,8,0,26,9,8,0,0,0,0,0
C3H9N7O3,seen,22,1,1,0,0,0,0,0,0,0,0,0,0,0
C3H9N9,test_ood,21,14,0,0,0,14,0,0,0,14,0,0,0,0
C3N2O1,seen,6,644,386,129,129,0,383,129,129,0,54,21,26,0
C3N2O3,seen,8,143,86,29,28,0,86,28,28,0,9,2,2,0
C3O5,seen,8,59,35,12,12,0,32,12,12,0,9,2,1,0
C4H10,seen,14,2345,1407,469,469,0,441,130,154,0,79,27,36,0
C4H10N2,test_ood,16,12396,0,0,0,12396,0,0,0,12296,0,0,0,802
C4H10N2O1,test_ood,17,5204,0,0,0,5204,0,0,0,5044,0,0,0,418
C4H10N2O2,seen,18,6243,3746,1249,1248,0,3310,1097,1104,0,387,148,149,0
C4H10N2O3,seen,19,1133,680,227,226,0,401,137,131,0,91,25,30,0
C4H10N2O4,seen,20,11,7,2,2,0,7,1,2,0,1,0,0,0
C4H10N2O5,test_ood,21,2,0,0,0,2,0,0,0,0,0,0,0,0
C4H10N2O6,test_ood,22,2,0,0,0,2,0,0,0,2,0,0,0,0
C4H10N4,seen,18,13067,7840,2614,2613,0,7580,2520,2519,0,879,285,281,0
C4H10N4O1,seen,19,3867,2320,774,773,0,1903,614,627,0,283,100,109,0
C4H10N4O2,test_ood,20,615,0,0,0,615,0,0,0,603,0,0,0,76
C4H10N4O3,seen,21,50,30,10,10,0,27,9,9,0,2,0,0,0
C4H10N4O4,seen,22,38,23,8,7,0,22,7,7,0,1,1,0,0
C4H10N6,test_ood,20,11,0,0,0,11,0,0,0,9,0,0,0,1
C4H10N6O1,seen,21,67,40,14,13,0,40,14,13,0,0,0,1,0
C4H10N6O2,test_ood,22,149,0,0,0,149,0,0,0,147,0,0,0,6
C4H10N6O3,test_ood,23,1,0,0,0,1,0,0,0,0,0,0,0,0
C4H10N8,test_ood,22,39,0,0,0,39,0,0,0,39,0,0,0,0
C4H10N8O1,test_ood,23,1,0,0,0,1,0,0,0,0,0,0,0,0
C4H10O1,test_ood,15,4716,0,0,0,4716,0,0,0,4459,0,0,0,145
C4H10O2,seen,16,3711,2227,742,742,0,1880,633,633,0,208,60,71,0
C4H10O3,test_ood,17,787,0,0,0,787,0,0,0,784,0,0,0,102
C4H10O4,seen,18,199,119,40,40,0,118,40,40,0,21,4,2,0
C4H10O5,test_ood,19,2,0,0,0,2,0,0,0,2,0,0,0,0
C4H11N1,test_ood,16,5506,0,0,0,5506,0,0,0,5495,0,0,0,166
C4H11N1O1,seen,17,4856,2914,971,971,0,2896,966,966,0,208,83,68,0
C4H11N1O2,seen,18,965,579,193,193,0,491,167,158,0,50,24,18,0
C4H11N1O3,seen,19,472,283,95,94,0,191,67,67,0,40,18,13,0
C4H11N1O4,seen,20,8,5,2,1,0,5,2,1,0,0,0,0,0
C4H11N1O5,test_ood,21,1,0,0,0,1,0,0,0,0,0,0,0,0
C4H11N1O6,test_ood,22,3,0,0,0,3,0,0,0,0,0,0,0,0
C4H11N3,seen,18,1258,755,252,251,0,736,246,245,0,80,28,23,0
C4H11N3O1,seen,19,3411,2047,682,682,0,1979,662,660,0,219,54,58,0
C4H11N3O2,seen,20,1300,780,260,260,0,738,246,243,0,80,27,32,0
C4H11N3O3,seen,21,24,14,5,5,0,11,3,4,0,0,0,0,0
C4H11N3O4,seen,22,15,9,3,3,0,6,3,0,0,0,0,0,0
C4H11N3O5,seen,23,3,2,1,0,0,1,1,0,0,0,0,0,0
C4H11N5,test_ood,20,1137,0,0,0,1137,0,0,0,1003,0,0,0,144
C4H11N5O1,seen,21,34,20,7,7,0,19,7,7,0,0,0,0,0
C4H11N5O2,seen,22,436,262,87,87,0,81,30,34,0,28,4,5,0
C4H11N5O3,test_ood,23,45,0,0,0,45,0,0,0,42,0,0,0,1
C4H11N7,seen,22,20,12,4,4,0,11,4,4,0,1,0,0,0
C4H11N7O1,seen,23,82,49,17,16,0,49,17,16,0,3,0,1,0
C4H11N7O5,seen,27,1,1,0,0,0,0,0,0,0,0,0,0,0
C4H12,test_ood,16,6,0,0,0,6,0,0,0,6,0,0,0,0
C4H12N2,seen,18,2710,1626,542,542,0,1609,539,540,0,99,38,31,0
C4H12N2O1,test_ood,19,494,0,0,0,494,0,0,0,350,0,0,0,64
C4H12N2O2,seen,20,122,73,25,24,0,71,25,24,0,7,3,2,0
C4H12N2O3,seen,21,11,7,2,2,0,6,2,1,0,0,0,0,0
C4H12N2O4,seen,22,1,1,0,0,0,0,0,0,0,0,0,0,0
C4H12N2O5,seen,23,1,1,0,0,0,1,0,0,0,0,0,0,0
C4H12N2O6,seen,24,1,1,0,0,0,0,0,0,0,0,0,0,0
C4H12N4,test_ood,20,4005,0,0,0,4005,0,0,0,3884,0,0,0,440
C4H12N4O1,test_ood,21,391,0,0,0,391,0,0,0,340,0,0,0,7
C4H12N4O2,test_ood,22,21,0,0,0,21,0,0,0,20,0,0,0,0
C4H12N4O3,test_ood,23,22,0,0,0,22,0,0,0,19,0,0,0,2
C4H12N4O4,seen,24,16,10,3,3,0,8,3,3,0,0,0,0,0
C4H12N6,test_ood,22,76,0,0,0,76,0,0,0,75,0,0,0,0
C4H12N6O1,seen,23,38,23,8,7,0,23,8,7,0,0,0,0,0
C4H12N6O2,test_ood,24,47,0,0,0,47,0,0,0,46,0,0,0,4
C4H12N8,seen,24,26,16,5,5,0,16,5,5,0,0,0,0,0
C4H12N8O1,seen,25,1,1,0,0,0,0,0,0,0,0,0,0,0
C4H12O1,seen,17,2,1,1,0,0,1,1,0,0,0,0,0,0
C4H12O2,test_ood,18,50,0,0,0,50,0,0,0,50,0,0,0,4
C4H12O3,test_ood,19,74,0,0,0,74,0,0,0,74,0,0,0,2
C4H12O4,seen,20,1,1,0,0,0,1,0,0,0,0,0,0,0
C4H12O5,seen,21,1,1,0,0,0,1,0,0,0,0,0,0,0
C4H13N1,seen,18,2,1,1,0,0,1,1,0,0,0,0,0,0
C4H13N1O1,test_ood,19,24,0,0,0,24,0,0,0,24,0,0,0,3
C4H13N1O2,seen,20,230,138,46,46,0,137,45,46,0,12,6,6,0
C4H13N1O4,seen,22,1,1,0,0,0,1,0,0,0,0,0,0,0
C4H13N3,seen,20,2,1,1,0,0,1,1,0,0,0,1,0,0
C4H13N3O1,test_ood,21,368,0,0,0,368,0,0,0,360,0,0,0,32
C4H13N3O2,seen,22,4,2,1,1,0,1,1,1,0,0,0,0,0
C4H13N3O3,seen,23,7,4,2,1,0,3,1,1,0,0,0,0,0
C4H13N3O4,test_ood,24,1,0,0,0,1,0,0,0,1,0,0,0,0
C4H13N5,test_ood,22,142,0,0,0,142,0,0,0,126,0,0,0,9
C4H13N5O1,seen,23,12,7,3,2,0,7,3,2,0,0,0,0,0
C4H13N5O2,seen,24,508,305,102,101,0,300,99,97,0,16,8,6,0
C4H13N5O3,test_ood,25,35,0,0,0,35,0,0,0,35,0,0,0,0
C4H13N7,seen,24,15,9,3,3,0,9,3,3,0,0,0,0,0
C4H13N7O1,seen,25,21,13,4,4,0,13,4,4,0,0,0,0,0
C4H14N2,seen,20,1,1,0,0,0,1,0,0,0,0,0,0,0
C4H14N2O1,seen,21,115,69,23,23,0,69,23,23,0,0,0,0,0
C4H14N2O2,seen,22,2,1,1,0,0,1,0,0,0,0,0,0,0
C4H14N4,seen,22,3,2,1,0,0,2,1,0,0,0,0,0,0
C4H14N4O1,seen,23,1,1,0,0,0,1,0,0,0,0,0,0,0
C4H14N4O2,seen,24,6,4,1,1,0,1,0,1,0,0,0,0,0
C4H14N4O3,seen,25,3,2,1,0,0,0,1,0,0,0,0,0,0
C4H14N6,seen,24,6,4,1,1,0,4,1,1,0,0,0,0,0
C4H14N6O1,test_ood,25,19,0,0,0,19,0,0,0,18,0,0,0,0
C4H14N6O2,seen,26,30,18,6,6,0,15,6,6,0,0,0,0,0
C4H14N6O3,seen,27,1,1,0,0,0,0,0,0,0,0,0,0,0
C4H14N8,seen,26,7,4,2,1,0,4,2,1,0,0,0,0,0
C4H15N3,test_ood,22,2,0,0,0,2,0,0,0,2,0,0,0,0
C4H15N3O1,seen,23,1,1,0,0,0,1,0,0,0,0,0,0,0
C4H15N5,seen,24,1,1,0,0,0,1,0,0,0,0,0,0,0
C4H15N5O2,seen,26,2,1,1,0,0,1,1,0,0,0,0,0,0
C4H15N5O3,test_ood,27,1,0,0,0,1,0,0,0,1,0,0,0,0
C4H15N5O4,seen,28,3,2,1,0,0,0,0,0,0,0,0,0,0
C4H15N7,seen,26,2,1,1,0,0,1,0,0,0,0,0,0,0
C4H15N7O1,test_ood,27,15,0,0,0,15,0,0,0,15,0,0,0,0
C4H16N4,seen,24,2,1,1,0,0,1,0,0,0,0,0,0,0
C4H16N6O1,seen,27,1,1,0,0,0,1,0,0,0,0,0,0,0
C4H16N8,seen,28,4,2,1,1,0,2,1,1,0,0,0,0,0
C4H17N7O2,test_ood,30,1,0,0,0,1,0,0,0,0,0,0,0,0
C4H1N1O1,test_ood,7,1030,0,0,0,1030,0,0,0,1021,0,0,0,127
C4H1N1O2,test_ood,8,480,0,0,0,480,0,0,0,470,0,0,0,57
C4H1N1O3,seen,9,1020,612,204,204,0,606,203,200,0,113,41,42,0
C4H1N1O4,test_ood,10,96,0,0,0,96,0,0,0,83,0,0,0,26
C4H1N3,seen,8,367,220,74,73,0,220,74,73,0,31,17,16,0
C4H1N3O1,test_ood,9,1009,0,0,0,1009,0,0,0,990,0,0,0,198
C4H1N3O2,test_ood,10,164,0,0,0,164,0,0,0,142,0,0,0,32
C4H2,seen,6,1495,897,299,299,0,897,299,299,0,163,42,50,0
C4H2N2,seen,8,1425,855,285,285,0,852,283,283,0,125,52,42,0
C4H2N2O1,test_ood,9,4884,0,0,0,4884,0,0,0,4863,0,0,0,576
C4H2N2O2,seen,10,9159,5495,1832,1832,0,5407,1801,1800,0,930,325,312,0
C4H2N2O3,seen,11,584,350,117,117,0,300,106,99,0,70,34,21,0
C4H2N2O4,test_ood,12,144,0,0,0,144,0,0,0,0,0,0,0,15
C4H2N4,seen,10,4005,2403,801,801,0,2375,786,787,0,436,134,145,0
C4H2N4O1,seen,11,330,198,66,66,0,169,57,58,0,46,20,19,0
C4H2N4O2,seen,12,1,1,0,0,0,1,0,0,0,0,0,0,0
C4H2N4O4,seen,14,2,1,1,0,0,1,1,0,0,0,0,0,0
C4H2N6O2,seen,14,2,1,1,0,0,1,1,0,0,0,0,0,0
C4H2O2,seen,8,656,394,131,131,0,391,131,128,0,54,22,24,0
C4H2O3,test_ood,9,1132,0,0,0,1132,0,0,0,1119,0,0,0,175
C4H2O4,seen,10,1360,816,272,272,0,804,267,263,0,106,35,30,0
C4H2O5,seen,11,2,1,1,0,0,1,1,0,0,0,1,0,0
C4H3N1,seen,8,2134,1280,427,427,0,1280,427,427,0,168,45,47,0
C4H3N1O1,seen,9,4504,2702,901,901,0,2696,897,896,0,457,147,137,0
C4H3N1O2,seen,10,10109,6065,2022,2022,0,5868,1948,1950,0,621,227,209,0
C4H3N1O3,seen,11,14461,8677,2892,2892,0,8545,2839,2842,0,1038,324,378,0
C4H3N1O4,seen,12,586,352,117,117,0,318,108,107,0,80,22,15,0
C4H3N3,seen,10,3602,2161,721,720,0,2150,716,713,0,225,86,77,0
C4H3N3O1,seen,11,24905,14943,4981,4981,0,14655,4889,4884,0,1763,598,545,0
C4H3N3O2,seen,12,2716,1630,543,543,0,1420,463,486,0,214,70,87,0
C4H3N3O3,test_ood,13,138,0,0,0,138,0,0,0,137,0,0,0,25
C4H3N3O4,seen,14,1,1,0,0,0,1,0,0,0,1,0,0,0
C4H3N3O5,seen,15,3,2,1,0,0,2,1,0,0,0,0,0,0
C4H3N5,test_ood,12,503,0,0,0,503,0,0,0,444,0,0,0,92
C4H3N5O1,seen,13,133,80,27,26,0,80,26,26,0,21,2,4,0
C4H3N5O3,test_ood,15,1,0,0,0,1,0,0,0,1,0,0,0,0
C4H4,test_ood,8,1781,0,0,0,1781,0,0,0,1754,0,0,0,233
C4H4N2,seen,10,5157,3094,1032,1031,0,3086,1029,1030,0,389,123,136,0
C4H4N2O1,test_ood,11,20922,0,0,0,20922,0,0,0,20801,0,0,0,2030
C4H4N2O2,test_ood,12,46225,0,0,0,46225,0,0,0,44471,0,0,0,5033
C4H4N2O3,seen,13,2036,1222,407,407,0,1072,356,352,0,158,49,60,0
C4H4N2O4,seen,14,418,251,84,83,0,73,34,22,0,34,8,11,0
C4H4N2O6,test_ood,16,2,0,0,0,2,0,0,0,1,0,0,0,1
C4H4N4,test_ood,12,21007,0,0,0,21007,0,0,0,20604,0,0,0,2666
C4H4N4O1,test_ood,13,4685,0,0,0,4685,0,0,0,3855,0,0,0,617
C4H4N4O2,seen,14,10,6,2,2,0,6,2,2,0,1,0,0,0
C4H4N4O3,seen,15,798,479,160,159,0,304,92,105,0,65,23,23,0
C4H4N4O4,test_ood,16,29,0,0,0,29,0,0,0,29,0,0,0,3
C4H4N6,seen,14,295,177,59,59,0,88,31,31,0,10,10,9,0
C4H4N6O1,seen,15,385,231,77,77,0,230,76,74,0,35,7,8,0
C4H4N6O2,test_ood,16,270,0,0,0,270,0,0,0,268,0,0,0,41
C4H4N8,seen,16,1,1,0,0,0,1,0,0,0,1,0,0,0
C4H4O1,seen,9,3756,2254,751,751,0,2251,751,751,0,252,63,61,0
C4H4O2,seen,10,7545,4527,1509,1509,0,4486,1495,1501,0,519,161,177,0
C4H4O3,seen,11,4054,2432,811,811,0,2427,809,806,0,236,82,68,0
C4H4O4,seen,12,6361,3817,1272,1272,0,3468,1157,1144,0,451,136,162,0
C4H4O5,test_ood,13,730,0,0,0,730,0,0,0,566,0,0,0,92
C4H4O6,test_ood,14,515,0,0,0,515,0,0,0,499,0,0,0,104
C4H5N1,test_ood,10,6534,0,0,0,6534,0,0,0,6530,0,0,0,412
C4H5N1O1,seen,11,15878,9527,3176,3175,0,9487,3161,3163,0,951,287,290,0
C4H5N1O2,test_ood,12,20032,0,0,0,20032,0,0,0,19917,0,0,0,1820
C4H5N1O3,seen,13,21793,13076,4359,4358,0,12712,4239,4245,0,1392,484,464,0
C4H5N1O4,seen,14,682,409,137,136,0,372,120,119,0,57,17,23,0
C4H5N1O5,seen,15,393,236,79,78,0,59,23,21,0,22,12,8,0
C4H5N3,seen,12,18065,10839,3613,3613,0,10596,3532,3536,0,894,294,297,0
C4H5N3O1,seen,13,59141,35485,11828,11828,0,34669,11569,11569,0,3848,1242,1256,0
C4H5N3O2,seen,14,4989,2993,998,998,0,2343,755,776,0,367,100,131,0
C4H5N3O3,seen,15,640,384,128,128,0,209,65,72,0,35,19,22,0
C4H5N3O4,test_ood,16,333,0,0,0,333,0,0,0,153,0,0,0,44
C4H5N3O5,seen,17,19,11,4,4,0,11,4,4,0,2,1,0,0
C4H5N5,seen,14,2419,1451,484,484,0,1246,420,404,0,226,65,70,0
C4H5N5O1,test_ood,15,9,0,0,0,9,0,0,0,9,0,0,0,1
C4H5N5O2,test_ood,16,29,0,0,0,29,0,0,0,29,0,0,0,2
C4H5N5O3,seen,17,75,45,15,15,0,45,15,15,0,12,2,2,0
C4H5N7,test_ood,16,270,0,0,0,270,0,0,0,268,0,0,0,37
C4H5N7O1,seen,17,18,11,4,3,0,11,4,3,0,3,2,1,0
C4H6,seen,10,3209,1925,642,642,0,1825,602,607,0,69,33,30,0
C4H6N2,seen,12,18679,11207,3736,3736,0,10883,3629,3635,0,1026,329,332,0
C4H6N2O1,seen,13,30892,18535,6179,6178,0,18219,6083,6073,0,1605,482,512,0
C4H6N2O2,seen,14,51684,31010,10337,10337,0,30272,10141,10103,0,3365,1156,1104,0
C4H6N2O3,test_ood,15,3029,0,0,0,3029,0,0,0,2699,0,0,0,400
C4H6N2O4,test_ood,16,251,0,0,0,251,0,0,0,245,0,0,0,29
C4H6N2O5,test_ood,17,9,0,0,0,9,0,0,0,9,0,0,0,1
C4H6N2O6,seen,18,5,3,1,1,0,3,1,1,0,0,0,0,0
C4H6N4,seen,14,34606,20764,6921,6921,0,20304,6747,6784,0,2248,699,767,0
C4H6N4O1,seen,15,5933,3560,1187,1186,0,2880,967,952,0,425,130,165,0
C4H6N4O2,seen,16,784,470,157,157,0,458,156,156,0,73,23,21,0
C4H6N4O3,test_ood,17,53,0,0,0,53,0,0,0,53,0,0,0,11
C4H6N4O4,seen,18,66,40,13,13,0,38,13,13,0,5,0,2,0
C4H6N4O5,seen,19,2,1,1,0,0,0,0,0,0,1,0,0,0
C4H6N6,seen,16,5,3,1,1,0,3,1,1,0,0,0,0,0
C4H6N6O1,seen,17,676,406,135,135,0,395,132,132,0,66,22,22,0
C4H6N6O2,test_ood,18,88,0,0,0,88,0,0,0,86,0,0,0,11
C4H6N8,seen,18,76,46,15,15,0,46,15,15,0,4,2,2,0
C4H6N8O1,test_ood,19,1,0,0,0,1,0,0,0,0,0,0,0,0
C4H6O1,test_ood,11,14809,0,0,0,14809,0,0,0,14505,0,0,0,1049
C4H6O2,seen,12,18814,11288,3763,3763,0,10720,3588,3552,0,1174,395,395,0
C4H6O3,test_ood,13,6638,0,0,0,6638,0,0,0,5669,0,0,0,658
C4H6O4,seen,14,4572,2743,915,914,0,2529,832,848,0,296,98,102,0
C4H6O5,seen,15,421,253,84,84,0,71,28,31,0,26,7,11,0
C4H6O6,seen,16,92,55,19,18,0,54,19,18,0,11,1,4,0
C4H6O8,test_ood,18,1,0,0,0,1,0,0,0,0,0,0,0,0
C4H7N1,seen,12,7893,4736,1579,1578,0,4644,1549,1546,0,214,87,83,0
C4H7N1O1,test_ood,13,21695,0,0,0,21695,0,0,0,20984,0,0,0,1940
C4H7N1O2,seen,14,11331,6799,2266,2266,0,6244,2076,2068,0,738,226,235,0
C4H7N1O3,test_ood,15,11249,0,0,0,11249,0,0,0,10836,0,0,0,1181
C4H7N1O4,seen,16,2108,1265,422,421,0,1054,367,357,0,163,46,56,0
C4H7N1O5,test_ood,17,343,0,0,0,343,0,0,0,192,0,0,0,44
C4H7N1O6,test_ood,18,2,0,0,0,2,0,0,0,0,0,0,0,0
C4H7N1O7,seen,19,1,1,0,0,0,0,0,0,0,0,0,0,0
C4H7N3,seen,14,18239,10943,3648,3648,0,10566,3532,3541,0,914,295,335,0
C4H7N3O1,seen,15,51694,31016,10339,10339,0,30008,9992,9981,0,3215,1091,1086,0
C4H7N3O2,seen,16,6046,3628,1209,1209,0,3200,1043,1054,0,424,156,135,0
C4H7N3O3,test_ood,17,221,0,0,0,221,0,0,0,76,0,0,0,27
C4H7N3O4,test_ood,18,112,0,0,0,112,0,0,0,106,0,0,0,23
C4H7N3O5,test_ood,19,19,0,0,0,19,0,0,0,19,0,0,0,2
C4H7N5,test_ood,16,3067,0,0,0,3067,0,0,0,2693,0,0,0,398
C4H7N5O1,test_ood,17,436,0,0,0,436,0,0,0,106,0,0,0,57
C4H7N5O2,seen,18,361,217,72,72,0,125,45,42,0,15,4,8,0
C4H7N5O3,seen,19,221,133,44,44,0,131,44,44,0,21,8,3,0
C4H7N7,seen,18,11,7,2,2,0,7,2,2,0,2,0,0,0
C4H7N7O1,test_ood,19,74,0,0,0,74,0,0,0,72,0,0,0,12
C4H7N7O2,test_ood,20,1,0,0,0,1,0,0,0,0,0,0,0,0
C4H7N9,seen,20,1,1,0,0,0,0,0,0,0,0,0,0,0
C4H8,test_ood,12,4718,0,0,0,4718,0,0,0,4682,0,0,0,426
C4H8N2,test_ood,14,21177,0,0,0,21177,0,0,0,20752,0,0,0,1820
C4H8N2O1,test_ood,15,16775,0,0,0,16775,0,0,0,15862,0,0,0,1502
C4H8N2O2,seen,16,24553,14732,4911,4910,0,13841,4577,4607,0,1539,558,486,0
C4H8N2O3,seen,17,3307,1984,662,661,0,1817,604,602,0,251,86,77,0
C4H8N2O4,seen,18,188,113,38,37,0,107,37,34,0,19,5,5,0
C4H8N2O5,seen,19,5,3,1,1,0,2,1,1,0,0,0,0,0
C4H8N2O6,seen,20,3,2,1,0,0,1,1,0,0,1,0,0,0
C4H8N4,test_ood,16,28090,0,0,0,28090,0,0,0,27166,0,0,0,2975
C4H8N4O1,seen,17,6419,3851,1284,1284,0,3368,1127,1120,0,490,150,165,0
C4H8N4O2,seen,18,972,583,195,194,0,469,161,161,0,80,28,34,0
C4H8N4O3,seen,19,75,45,15,15,0,42,15,15,0,6,1,2,0
C4H8N4O4,test_ood,20,83,0,0,0,83,0,0,0,82,0,0,0,13
C4H8N6,seen,18,47,28,10,9,0,28,9,9,0,5,1,3,0
C4H8N6O1,seen,19,172,103,35,34,0,100,35,33,0,21,7,3,0
C4H8N6O2,seen,20,140,84,28,28,0,83,28,27,0,8,4,9,0
C4H8N6O3,seen,21,1,1,0,0,0,0,0,0,0,0,0,0,0
C4H8N8,seen,20,24,14,5,5,0,13,5,5,0,3,0,2,0
C4H8N8O1,test_ood,21,1,0,0,0,1,0,0,0,0,0,0,0,0
C4H8O1,seen,13,21172,12703,4235,4234,0,12597,4202,4205,0,737,271,251,0
C4H8O2,seen,14,14713,8828,2943,2942,0,7928,2663,2669,0,805,268,247,0
C4H8O3,seen,15,3546,2128,709,709,0,1600,530,532,0,223,77,81,0
C4H8O4,seen,16,1802,1081,361,360,0,1057,354,342,0,147,38,53,0
C4H8O5,seen,17,4,2,1,1,0,2,1,1,0,0,0,0,0
C4H9N1,seen,14,19184,11510,3837,3837,0,11496,3827,3833,0,454,132,139,0
C4H9N1O1,seen,15,20499,12299,4100,4100,0,10482,3526,3512,0,897,295,308,0
C4H9N1O2,seen,16,4397,2638,880,879,0,2145,731,708,0,273,97,98,0
C4H9N1O3,seen,17,4829,2897,966,966,0,2584,845,870,0,328,104,105,0
C4H9N1O4,seen,18,227,136,46,45,0,133,44,45,0,12,9,9,0
C4H9N1O5,test_ood,19,141,0,0,0,141,0,0,0,140,0,0,0,22
C4H9N1O6,test_ood,20,2,0,0,0,2,0,0,0,0,0,0,0,0
C4H9N3,test_ood,16,8177,0,0,0,8177,0,0,0,7934,0,0,0,732
C4H9N3O1,seen,17,17991,10795,3598,3598,0,10409,3452,3465,0,1169,402,407,0
C4H9N3O2,seen,18,2808,1685,562,561,0,1452,468,493,0,202,72,75,0
C4H9N3O3,seen,19,448,269,90,89,0,265,90,88,0,38,13,17,0
C4H9N3O4,test_ood,20,37,0,0,0,37,0,0,0,36,0,0,0,2
C4H9N3O5,test_ood,21,20,0,0,0,20,0,0,0,19,0,0,0,2
C4H9N5,seen,18,3087,1852,618,617,0,1519,514,514,0,218,73,69,0
C4H9N5O1,test_ood,19,102,0,0,0,102,0,0,0,98,0,0,0,7
C4H9N5O2,seen,20,208,125,42,41,0,122,42,40,0,20,5,11,0
C4H9N5O3,seen,21,148,89,30,29,0,88,30,29,0,0,0,0,0
C4H9N7,seen,20,192,115,39,38,0,111,38,37,0,14,4,11,0
C4H9N7O1,seen,21,106,64,21,21,0,63,21,20,0,5,1,0,0
C4N2,seen,6,698,419,140,139,0,417,140,139,0,74,24,28,0
C4N2O2,seen,8,168,101,34,33,0,96,31,33,0,22,6,3,0
C4N2O3,seen,9,18,11,4,3,0,9,2,3,0,3,1,1,0
C4N4,test_ood,8,2,0,0,0,2,0,0,0,2,0,0,0,0
C4N4O1,test_ood,9,15,0,0,0,15,0,0,0,14,0,0,0,7
C5H10,seen,15,10268,6161,2054,2053,0,4608,1504,1516,0,325,102,103,0
C5H10N2,seen,17,9771,5863,1954,1954,0,5807,1931,1940,0,553,192,179,0
C5H10N2O1,test_ood,18,21481,0,0,0,21481,0,0,0,20505,0,0,0,2437
C5H10N2O2,test_ood,19,4872,0,0,0,4872,0,0,0,3655,0,0,0,585
C5H10N2O3,seen,20,2842,1705,569,568,0,1663,556,555,0,190,77,61,0
C5H10N2O4,test_ood,21,1400,0,0,0,1400,0,0,0,1355,0,0,0,105
C5H10N2O5,test_ood,22,34,0,0,0,34,0,0,0,33,0,0,0,0
C5H10N4,seen,19,6187,3712,1238,1237,0,3239,1073,1061,0,486,169,163,0
C5H10N4O1,test_ood,20,288,0,0,0,288,0,0,0,280,0,0,0,31
C5H10N4O2,seen,21,751,451,150,150,0,436,147,149,0,4,4,2,0
C5H10N4O3,seen,22,426,256,85,85,0,254,83,84,0,5,7,3,0
C5H10N4O4,test_ood,23,2,0,0,0,2,0,0,0,0,0,0,0,0
C5H10N6,seen,21,270,162,54,54,0,157,54,54,0,19,3,2,0
C5H10N6O1,seen,22,259,155,52,52,0,153,52,52,0,3,0,1,0
C5H10N6O2,seen,23,6,4,1,1,0,0,0,0,0,0,0,0,0
C5H10O1,seen,16,14465,8679,2893,2893,0,8436,2813,2809,0,587,183,197,0
C5H10O2,test_ood,17,1887,0,0,0,1887,0,0,0,1557,0,0,0,185
C5H10O3,seen,18,3301,1981,660,660,0,1614,515,528,0,218,75,85,0
C5H10O4,seen,19,255,153,51,51,0,153,51,51,0,18,7,5,0
C5H10O5,test_ood,20,985,0,0,0,985,0,0,0,505,0,0,0,117
C5H10O6,test_ood,21,1,0,0,0,1,0,0,0,0,0,0,0,0
C5H11N1,seen,17,14074,8444,2815,2815,0,8374,2788,2797,0,422,156,151,0
C5H11N1O1,seen,18,4064,2438,813,813,0,818,266,275,0,224,89,79,0
C5H11N1O2,seen,19,6893,4136,1379,1378,0,3329,1071,1101,0,471,149,146,0
C5H11N1O3,test_ood,20,611,0,0,0,611,0,0,0,142,0,0,0,80
C5H11N1O4,test_ood,21,801,0,0,0,801,0,0,0,468,0,0,0,53
C5H11N1O5,test_ood,22,8,0,0,0,8,0,0,0,7,0,0,0,0
C5H11N1O6,test_ood,23,2,0,0,0,2,0,0,0,2,0,0,0,0
C5H11N3,seen,19,13479,8087,2696,2696,0,7731,2588,2591,0,959,291,319,0
C5H11N3O1,seen,20,4209,2525,842,842,0,2127,707,678,0,311,88,88,0
C5H11N3O2,seen,21,864,518,173,173,0,426,140,146,0,27,11,8,0
C5H11N3O3,seen,22,1290,774,258,258,0,663,225,225,0,16,9,5,0
C5H11N3O4,test_ood,23,96,0,0,0,96,0,0,0,94,0,0,0,2
C5H11N3O5,test_ood,24,1,0,0,0,1,0,0,0,0,0,0,0,0
C5H11N5,test_ood,21,947,0,0,0,947,0,0,0,912,0,0,0,53
C5H11N5O1,seen,22,288,173,58,57,0,170,57,57,0,12,4,5,0
C5H11N5O2,seen,23,644,386,129,129,0,378,126,129,0,19,12,7,0
C5H11N5O3,test_ood,24,4,0,0,0,4,0,0,0,0,0,0,0,0
C5H11N7,test_ood,23,89,0,0,0,89,0,0,0,89,0,0,0,6
C5H11N7O1,seen,24,1,1,0,0,0,0,0,0,0,0,0,0,0
C5H11N7O2,seen,25,1,1,0,0,0,0,0,0,0,0,0,0,0
C5H12,seen,17,1017,610,204,203,0,609,204,203,0,21,8,7,0
C5H12N2,test_ood,19,779,0,0,0,779,0,0,0,753,0,0,0,78
C5H12N2O1,test_ood,20,4868,0,0,0,4868,0,0,0,4707,0,0,0,515
C5H12N2O2,test_ood,21,880,0,0,0,880,0,0,0,796,0,0,0,10
C5H12N2O3,seen,22,179,107,36,36,0,103,34,34,0,3,2,3,0
C5H12N2O4,seen,23,36,22,7,7,0,22,7,7,0,0,0,0,0
C5H12N2O5,seen,24,12,7,3,2,0,7,3,2,0,1,0,0,0
C5H12N4,test_ood,21,2386,0,0,0,2386,0,0,0,2092,0,0,0,36
C5H12N4O1,seen,22,266,160,53,53,0,75,22,29,0,12,6,3,0
C5H12N4O2,seen,23,1038,623,208,207,0,442,152,149,0,40,10,19,0
C5H12N4O3,seen,24,579,347,116,116,0,337,114,112,0,19,6,5,0
C5H12N4O4,seen,25,3,2,1,0,0,0,0,0,0,0,0,0,0
C5H12N6,seen,23,366,220,73,73,0,105,36,43,0,11,6,7,0
C5H12N6O1,test_ood,24,244,0,0,0,244,0,0,0,242,0,0,0,6
C5H12N6O2,seen,25,1,1,0,0,0,0,0,0,0,0,0,0,0
C5H12N6O3,test_ood,26,1,0,0,0,1,0,0,0,0,0,0,0,0
C5H12O1,test_ood,18,2458,0,0,0,2458,0,0,0,2440,0,0,0,183
C5H12O2,test_ood,19,1621,0,0,0,1621,0,0,0,914,0,0,0,151
C5H12O3,seen,20,232,139,47,46,0,138,47,45,0,28,5,5,0
C5H12O4,seen,21,109,65,22,22,0,63,22,22,0,0,0,0,0
C5H12O5,seen,22,2,1,1,0,0,1,0,0,0,0,0,0,0
C5H12O6,seen,23,2,1,1,0,0,0,0,0,0,0,0,0,0
C5H13N1,test_ood,19,3376,0,0,0,3376,0,0,0,3060,0,0,0,196
C5H13N1O1,seen,20,557,334,112,111,0,243,85,85,0,31,10,15,0
C5H13N1O2,seen,21,267,160,54,53,0,155,52,47,0,12,4,5,0
C5H13N1O3,seen,22,5,3,1,1,0,3,1,1,0,0,0,0,0
C5H13N1O4,seen,23,4,2,1,1,0,2,1,1,0,0,0,0,0
C5H13N1O5,test_ood,24,4,0,0,0,4,0,0,0,1,0,0,0,0
C5H13N1O6,seen,25,3,2,1,0,0,0,0,0,0,0,0,0,0
C5H13N3,test_ood,21,2363,0,0,0,2363,0,0,0,2275,0,0,0,73
C5H13N3O1,test_ood,22,781,0,0,0,781,0,0,0,672,0,0,0,5
C5H13N3O2,seen,23,59,35,12,12,0,32,12,11,0,0,0,0,0
C5H13N3O3,seen,24,65,39,13,13,0,39,11,13,0,0,0,0,0
C5H13N3O4,seen,25,46,28,9,9,0,20,7,6,0,2,0,0,0
C5H13N3O5,seen,26,2,1,1,0,0,0,0,0,0,0,0,0,0
C5H13N5,seen,23,21,13,4,4,0,13,4,4,0,0,0,0,0
C5H13N5O1,seen,24,100,60,20,20,0,59,19,20,0,2,0,2,0
C5H13N5O2,test_ood,25,368,0,0,0,368,0,0,0,354,0,0,0,17
C5H13N5O3,seen,26,5,3,1,1,0,0,0,0,0,0,0,0,0
C5H13N5O4,seen,27,1,1,0,0,0,0,0,0,0,0,0,0,0
C5H13N7,test_ood,25,96,0,0,0,96,0,0,0,95,0,0,0,0
C5H13N7O2,seen,27,1,1,0,0,0,0,0,0,0,0,0,0,0
C5H14N2,seen,21,73,44,15,14,0,44,15,14,0,1,1,1,0
C5H14N2O1,seen,22,4,2,1,1,0,2,1,1,0,0,0,0,0
C5H14N2O2,seen,23,255,153,51,51,0,148,50,49,0,5,2,7,0
C5H14N2O3,test_ood,24,8,0,0,0,8,0,0,0,6,0,0,0,0
C5H14N2O4,test_ood,25,3,0,0,0,3,0,0,0,1,0,0,0,0
C5H14N2O5,seen,26,2,1,1,0,0,0,1,0,0,0,0,0,0
C5H14N4,test_ood,23,320,0,0,0,320,0,0,0,283,0,0,0,11
C5H14N4O1,test_ood,24,115,0,0,0,115,0,0,0,109,0,0,0,2
C5H14N4O2,test_ood,25,99,0,0,0,99,0,0,0,95,0,0,0,2
C5H14N4O3,test_ood,26,66,0,0,0,66,0,0,0,61,0,0,0,0
C5H14N4O4,seen,27,1,1,0,0,0,0,0,0,0,0,0,0,0
C5H14N6,seen,25,34,20,7,7,0,20,7,6,0,0,0,0,0
C5H14N6O1,seen,26,136,82,27,27,0,81,27,27,0,5,1,0,0
C5H14N6O2,test_ood,27,1,0,0,0,1,0,0,0,0,0,0,0,0
C5H14N6O3,test_ood,28,4,0,0,0,4,0,0,0,0,0,0,0,0
C5H14O1,seen,20,7,4,2,1,0,4,2,1,0,1,0,0,0
C5H14O2,seen,21,93,56,19,18,0,56,19,18,0,0,0,0,0
C5H14O3,seen,22,1,1,0,0,0,1,0,0,0,0,0,0,0
C5H14O4,seen,23,1,1,0,0,0,1,0,0,0,0,0,0,0
C5H15N1O1,seen,22,122,73,25,24,0,73,25,24,0,0,0,0,0
C5H15N1O2,seen,23,3,2,1,0,0,2,1,0,0,0,0,0,0
C5H15N3,seen,23,81,49,16,16,0,49,16,16,0,6,0,0,0
C5H15N3O1,test_ood,24,11,0,0,0,11,0,0,0,9,0,0,0,0
C5H15N3O2,seen,25,13,8,3,2,0,6,3,2,0,0,0,0,0
C5H15N3O3,seen,26,10,6,2,2,0,4,2,1,0,0,0,0,0
C5H15N3O4,test_ood,27,3,0,0,0,3,0,0,0,3,0,0,0,0
C5H15N5,seen,25,14,8,3,3,0,8,3,3,0,0,0,0,0
C5H15N5O1,test_ood,26,52,0,0,0,52,0,0,0,51,0,0,0,0
C5H15N5O2,seen,27,57,34,12,11,0,34,12,10,0,0,0,0,0
C5H15N5O3,test_ood,28,7,0,0,0,7,0,0,0,0,0,0,0,0
C5H15N7,seen,27,52,31,11,10,0,31,9,10,0,0,0,0,0
C5H15N7O2,test_ood,29,1,0,0,0,1,0,0,0,0,0,0,0,0
C5H16N2,seen,23,1,1,0,0,0,1,0,0,0,0,0,0,0
C5H16N2O1,test_ood,24,2,0,0,0,2,0,0,0,2,0,0,0,0
C5H16N2O2,test_ood,25,1,0,0,0,1,0,0,0,1,0,0,0,0
C5H16N4,test_ood,25,1,0,0,0,1,0,0,0,1,0,0,0,0
C5H16N4O1,seen,26,7,4,2,1,0,4,2,1,0,0,0,0,0
C5H16N4O2,seen,27,8,5,2,1,0,4,2,1,0,0,0,0,0
C5H16N4O3,seen,28,5,3,1,1,0,3,1,1,0,0,0,0,0
C5H16N6,test_ood,27,19,0,0,0,19,0,0,0,19,0,0,0,0
C5H16N6O1,seen,28,44,26,9,9,0,26,9,9,0,0,0,0,0
C5H16N6O2,seen,29,1,1,0,0,0,0,0,0,0,0,0,0,0
C5H16N6O3,seen,30,2,1,1,0,0,0,0,0,0,0,0,0,0
C5H17N5O1,test_ood,28,5,0,0,0,5,0,0,0,4,0,0,0,0
C5H17N5O2,seen,29,9,5,2,2,0,3,2,2,0,0,0,0,0
C5H17N7,seen,29,17,10,4,3,0,10,4,3,0,0,0,0,0
C5H18N4O2,seen,29,1,1,0,0,0,0,0,0,0,0,0,0,0
C5H18N6,seen,29,3,2,1,0,0,2,1,0,0,0,0,0,0
C5H18N6O1,seen,30,6,4,1,1,0,4,1,1,0,0,0,0,0
C5H18N6O2,seen,31,1,1,0,0,0,0,0,0,0,0,0,0,0
C5H1N1,seen,7,515,309,103,103,0,307,101,100,0,44,20,17,0
C5H1N1O2,test_ood,9,288,0,0,0,288,0,0,0,284,0,0,0,43
C5H1N1O3,test_ood,10,20,0,0,0,20,0,0,0,18,0,0,0,3
C5H1N3O1,test_ood,10,47,0,0,0,47,0,0,0,41,0,0,0,5
C5H1N5O2,seen,13,4,2,1,1,0,2,1,1,0,1,0,0,0
C5H2N2,seen,9,333,200,67,66,0,200,67,66,0,22,13,7,0
C5H2N2O1,seen,10,2635,1581,527,527,0,1557,519,516,0,239,77,76,0
C5H2N2O2,seen,11,299,179,60,60,0,159,55,58,0,39,10,7,0
C5H2N2O3,seen,12,137,82,28,27,0,81,28,27,0,15,1,3,0
C5H2N2O4,seen,13,1,1,0,0,0,1,0,0,0,0,0,0,0
C5H2N4,seen,11,25,15,5,5,0,14,4,4,0,3,0,1,0
C5H2N4O1,seen,12,1,1,0,0,0,1,0,0,0,0,0,0,0
C5H2N4O2,test_ood,13,1,0,0,0,1,0,0,0,1,0,0,0,0
C5H2N4O3,seen,14,3,2,1,0,0,2,1,0,0,0,0,0,0
C5H2N6,seen,13,2,1,1,0,0,1,1,0,0,0,0,0,0
C5H2N6O1,test_ood,14,9,0,0,0,9,0,0,0,9,0,0,0,1
C5H2O1,test_ood,8,664,0,0,0,664,0,0,0,663,0,0,0,140
C5H2O2,test_ood,9,112,0,0,0,112,0,0,0,111,0,0,0,15
C5H2O3,test_ood,10,757,0,0,0,757,0,0,0,740,0,0,0,138
C5H2O4,test_ood,11,90,0,0,0,90,0,0,0,72,0,0,0,17
C5H3N1,seen,9,1248,749,250,249,0,745,248,247,0,116,34,42,0
C5H3N1O1,test_ood,10,3014,0,0,0,3014,0,0,0,2994,0,0,0,330
C5H3N1O2,seen,11,8925,5355,1785,1785,0,5254,1746,1748,0,664,245,200,0
C5H3N1O3,seen,12,806,484,161,161,0,412,129,139,0,49,22,18,0
C5H3N1O4,seen,13,135,81,27,27,0,81,27,27,0,20,3,3,0
C5H3N1O5,test_ood,14,138,0,0,0,138,0,0,0,137,0,0,0,23
C5H3N3,test_ood,11,6041,0,0,0,6041,0,0,0,5932,0,0,0,946
C5H3N3O1,seen,12,822,493,165,164,0,412,140,140,0,79,27,22,0
C5H3N3O2,seen,13,123,74,25,24,0,73,24,24,0,5,2,2,0
C5H3N3O3,seen,14,1,1,0,0,0,1,0,0,0,0,0,0,0
C5H3N3O4,test_ood,15,4,0,0,0,4,0,0,0,4,0,0,0,1
C5H3N5,seen,13,276,166,55,55,0,79,27,29,0,17,6,12,0
C5H3N5O1,seen,14,1,1,0,0,0,1,0,0,0,0,0,0,0
C5H3N5O2,seen,15,12,7,3,2,0,7,3,2,0,2,2,0,0
C5H3N7,test_ood,15,5,0,0,0,5,0,0,0,5,0,0,0,1
C5H4,seen,9,1882,1129,377,376,0,1129,377,376,0,91,32,36,0
C5H4N2,seen,11,3460,2076,692,692,0,2060,687,685,0,224,71,69,0
C5H4N2O1,seen,12,21971,13183,4394,4394,0,12854,4278,4277,0,1566,528,493,0
C5H4N2O2,seen,13,3239,1943,648,648,0,1622,557,540,0,283,111,104,0
C5H4N2O3,seen,14,122,73,25,24,0,72,25,23,0,6,4,2,0
C5H4N2O4,seen,15,153,92,31,30,0,92,31,30,0,14,4,7,0
C5H4N2O5,test_ood,16,4,0,0,0,4,0,0,0,4,0,0,0,0
C5H4N4,seen,13,1162,697,233,232,0,626,206,203,0,103,33,34,0
C5H4N4O1,test_ood,14,380,0,0,0,380,0,0,0,379,0,0,0,42
C5H4N4O2,seen,15,724,434,145,145,0,253,91,88,0,53,15,16,0
C5H4N4O3,test_ood,16,155,0,0,0,155,0,0,0,154,0,0,0,24
C5H4N6,seen,15,128,77,26,25,0,77,26,25,0,11,2,3,0
C5H4N6O1,seen,16,8,5,2,1,0,5,2,1,0,2,0,0,0
C5H4O1,test_ood,10,2758,0,0,0,2758,0,0,0,2729,0,0,0,389
C5H4O2,seen,11,3878,2327,776,775,0,2309,771,770,0,261,91,95,0
C5H4O3,test_ood,12,7052,0,0,0,7052,0,0,0,6928,0,0,0,956
C5H4O4,seen,13,243,146,49,48,0,126,41,44,0,26,12,5,0
C5H5N1,seen,11,2994,1796,599,599,0,1787,596,596,0,168,51,61,0
C5H5N1O1,seen,12,11560,6936,2312,2312,0,6900,2296,2303,0,776,249,261,0
C5H5N1O2,seen,13,31683,19010,6337,6336,0,16979,5703,5644,0,1991,671,677,0
C5H5N1O3,test_ood,14,1914,0,0,0,1914,0,0,0,1407,0,0,0,231
C5H5N1O4,test_ood,15,3,0,0,0,3,0,0,0,3,0,0,0,0
C5H5N1O5,test_ood,16,7,0,0,0,7,0,0,0,7,0,0,0,1
C5H5N1O6,test_ood,17,7,0,0,0,7,0,0,0,7,0,0,0,2
C5H5N3,seen,13,17159,10295,3432,3432,0,10096,3360,3349,0,1180,389,393,0
C5H5N3O1,test_ood,14,4164,0,0,0,4164,0,0,0,3517,0,0,0,527
C5H5N3O2,test_ood,15,294,0,0,0,294,0,0,0,147,0,0,0,40
C5H5N3O3,test_ood,16,447,0,0,0,447,0,0,0,300,0,0,0,56
C5H5N3O4,seen,17,58,35,12,11,0,35,12,11,0,3,2,2,0
C5H5N5,test_ood,15,1248,0,0,0,1248,0,0,0,1084,0,0,0,173
C5H5N5O1,seen,16,871,523,174,174,0,440,143,142,0,68,28,20,0
C5H5N5O2,test_ood,17,36,0,0,0,36,0,0,0,36,0,0,0,6
C5H5N7,test_ood,17,5,0,0,0,5,0,0,0,5,0,0,0,0
C5H6,test_ood,11,5693,0,0,0,5693,0,0,0,5685,0,0,0,191
C5H6N2,test_ood,13,11808,0,0,0,11808,0,0,0,11722,0,0,0,1018
C5H6N2O1,seen,14,47308,28385,9462,9461,0,26884,8988,8976,0,2946,973,1017,0
C5H6N2O2,seen,15,7903,4742,1581,1580,0,2930,979,1010,0,530,180,194,0
C5H6N2O3,test_ood,16,486,0,0,0,486,0,0,0,346,0,0,0,60
C5H6N2O4,test_ood,17,392,0,0,0,392,0,0,0,387,0,0,0,52
C5H6N2O5,test_ood,18,34,0,0,0,34,0,0,0,34,0,0,0,11
C5H6N4,seen,15,3689,2213,738,738,0,1771,600,588,0,290,98,94,0
C5H6N4O1,test_ood,16,1074,0,0,0,1074,0,0,0,777,0,0,0,142
C5H6N4O2,test_ood,17,77,0,0,0,77,0,0,0,77,0,0,0,15
C5H6N4O3,seen,18,144,86,29,29,0,86,29,29,0,10,1,5,0
C5H6N4O4,seen,19,1,1,0,0,0,0,0,0,0,0,0,0,0
C5H6N6,seen,17,1143,686,229,228,0,489,164,156,0,96,31,25,0
C5H6N6O1,seen,18,50,30,10,10,0,30,10,10,0,8,0,2,0
C5H6O1,seen,12,12595,7557,2519,2519,0,7503,2508,2510,0,705,242,222,0
C5H6O2,test_ood,13,10438,0,0,0,10438,0,0,0,10206,0,0,0,1014
C5H6O3,seen,14,16434,9860,3287,3287,0,9565,3190,3182,0,1069,384,363,0
C5H6O4,test_ood,15,1483,0,0,0,1483,0,0,0,1041,0,0,0,188
C5H6O5,test_ood,16,1,0,0,0,1,0,0,0,1,0,0,0,0
C5H7N1,seen,13,11722,7033,2345,2344,0,6758,2250,2237,0,654,208,233,0
C5H7N1O1,test_ood,14,12962,0,0,0,12962,0,0,0,12581,0,0,0,1140
C5H7N1O2,test_ood,15,35724,0,0,0,35724,0,0,0,33876,0,0,0,3908
C5H7N1O3,seen,16,2716,1630,543,543,0,1295,439,424,0,229,60,75,0
C5H7N1O4,seen,17,320,192,64,64,0,102,34,36,0,22,11,9,0
C5H7N1O5,seen,18,307,184,62,61,0,179,62,61,0,37,7,7,0
C5H7N1O6,seen,19,6,4,1,1,0,4,1,1,0,0,0,0,0
C5H7N3,seen,15,35739,21443,7148,7148,0,20745,6902,6919,0,2324,760,799,0
C5H7N3O1,test_ood,16,9155,0,0,0,9155,0,0,0,6175,0,0,0,1027
C5H7N3O2,test_ood,17,174,0,0,0,174,0,0,0,168,0,0,0,36
C5H7N3O3,seen,18,489,293,98,98,0,205,64,71,0,37,8,12,0
C5H7N3O4,seen,19,129,77,26,26,0,77,25,26,0,10,6,4,0
C5H7N3O5,seen,20,1,1,0,0,0,0,0,0,0,0,0,0,0
C5H7N5,test_ood,17,221,0,0,0,221,0,0,0,212,0,0,0,26
C5H7N5O1,seen,18,751,451,150,150,0,436,145,144,0,70,26,17,0
C5H7N5O2,test_ood,19,826,0,0,0,826,0,0,0,806,0,0,0,127
C5H7N5O3,seen,20,1,1,0,0,0,0,0,0,0,0,0,0,0
C5H7N7,seen,19,17,10,4,3,0,10,4,3,0,2,1,2,0
C5H8,test_ood,13,7614,0,0,0,7614,0,0,0,7313,0,0,0,321
C5H8N2,seen,15,15950,9570,3190,3190,0,9151,3029,3049,0,807,257,289,0
C5H8N2O1,test_ood,16,52532,0,0,0,52532,0,0,0,50590,0,0,0,5632
C5H8N2O2,test_ood,17,7740,0,0,0,7740,0,0,0,6613,0,0,0,972
C5H8N2O3,seen,18,409,245,82,82,0,151,56,46,0,40,12,10,0
C5H8N2O4,seen,19,449,269,90,90,0,260,88,84,0,45,11,14,0
C5H8N2O5,test_ood,20,62,0,0,0,62,0,0,0,61,0,0,0,8
C5H8N4,seen,17,5399,3239,1080,1080,0,2698,902,916,0,384,141,100,0
C5H8N4O1,seen,18,554,332,111,111,0,152,54,44,0,50,18,10,0
C5H8N4O2,seen,19,1335,801,267,267,0,518,187,173,0,94,38,36,0
C5H8N4O3,test_ood,20,300,0,0,0,300,0,0,0,300,0,0,0,36
C5H8N4O4,seen,21,2,1,1,0,0,0,0,0,0,0,0,0,0
C5H8N6,test_ood,19,19,0,0,0,19,0,0,0,19,0,0,0,4
C5H8N6O1,seen,20,379,227,76,76,0,224,75,75,0,45,11,12,0
C5H8N6O2,seen,21,2,1,1,0,0,0,0,0,0,0,0,0,0
C5H8N6O3,seen,22,3,2,1,0,0,0,0,0,0,0,0,0,0
C5H8O1,seen,14,18667,11200,3734,3733,0,10950,3636,3641,0,849,288,267,0
C5H8O2,test_ood,15,10453,0,0,0,10453,0,0,0,8959,0,0,0,1111
C5H8O3,seen,16,14729,8837,2946,2946,0,8053,2678,2666,0,960,307,293,0
C5H8O4,test_ood,17,1211,0,0,0,1211,0,0,0,1147,0,0,0,184
C5H8O5,seen,18,338,203,68,67,0,33,9,4,0,18,9,4,0
C5H8O6,seen,19,7,4,2,1,0,2,1,0,0,0,0,0,0
C5H8O7,seen,20,1,1,0,0,0,1,0,0,0,0,0,0,0
C5H9N1,seen,15,14763,8858,2953,2952,0,8786,2925,2929,0,694,201,230,0
C5H9N1O1,seen,16,11268,6761,2254,2253,0,6630,2214,2204,0,698,222,240,0
C5H9N1O2,test_ood,17,21579,0,0,0,21579,0,0,0,20446,0,0,0,2336
C5H9N1O3,seen,18,1361,817,272,272,0,511,169,157,0,117,43,29,0
C5H9N1O4,test_ood,19,1889,0,0,0,1889,0,0,0,1713,0,0,0,269
C5H9N1O5,test_ood,20,20,0,0,0,20,0,0,0,20,0,0,0,3
C5H9N1O6,seen,21,14,8,3,3,0,5,2,3,0,0,0,0,0
C5H9N3,test_ood,17,34409,0,0,0,34409,0,0,0,33318,0,0,0,3682
C5H9N3O1,test_ood,18,9178,0,0,0,9178,0,0,0,7775,0,0,0,1087
C5H9N3O2,test_ood,19,472,0,0,0,472,0,0,0,325,0,0,0,63
C5H9N3O3,seen,20,205,123,41,41,0,118,41,40,0,10,8,2,0
C5H9N3O4,seen,21,168,101,34,33,0,98,33,31,0,2,1,0,0
C5H9N5,test_ood,19,165,0,0,0,165,0,0,0,20,0,0,0,26
C5H9N5O1,seen,20,121,73,24,24,0,72,23,24,0,10,5,4,0
C5H9N5O2,test_ood,21,597,0,0,0,597,0,0,0,588,0,0,0,25
C5H9N5O3,test_ood,22,3,0,0,0,3,0,0,0,0,0,0,0,0
C5H9N5O4,test_ood,23,1,0,0,0,1,0,0,0,0,0,0,0,0
C5H9N7,seen,21,58,35,12,11,0,34,12,10,0,0,0,0,0
C5N2O1,seen,8,201,121,40,40,0,121,40,40,0,22,12,6,0
C6H10,seen,16,7826,4696,1565,1565,0,4582,1512,1513,0,396,127,135,0
C6H10N2,seen,18,32396,19438,6479,6479,0,18859,6282,6282,0,2099,679,693,0
C6H10N2O1,seen,19,11886,7132,2377,2377,0,5992,1977,1954,0,856,306,298,0
C6H10N2O2,seen,20,1517,910,304,303,0,578,201,205,0,86,29,44,0
C6H10N2O3,seen,21,882,529,177,176,0,417,148,155,0,10,6,5,0
C6H10N2O4,seen,22,579,347,116,116,0,343,114,115,0,13,7,8,0
C6H10N2O5,seen,23,1391,835,278,278,0,719,246,240,0,81,26,26,0
C6H10N4,seen,20,255,153,51,51,0,152,49,51,0,15,7,5,0
C6H10N4O1,seen,21,299,179,60,60,0,175,60,60,0,13,2,6,0
C6H10N4O2,seen,22,948,569,190,189,0,564,189,188,0,15,5,7,0
C6H10N4O3,test_ood,23,127,0,0,0,127,0,0,0,124,0,0,0,5
C6H10N6,test_ood,22,543,0,0,0,543,0,0,0,358,0,0,0,58
C6H10N6O1,seen,23,3,2,1,0,0,0,0,0,0,0,0,0,0
C6H10N6O2,seen,24,1,1,0,0,0,0,0,0,0,0,0,0,0
C6H10N6O3,seen,25,1,1,0,0,0,0,0,0,0,0,0,0,0
C6H10O1,seen,17,5082,3049,1017,1016,0,3030,1009,1011,0,315,99,103,0
C6H10O2,seen,18,18028,10817,3606,3605,0,9824,3293,3264,0,1188,415,421,0
C6H10O3,test_ood,19,2777,0,0,0,2777,0,0,0,1977,0,0,0,350
C6H10O4,seen,20,2669,1601,534,534,0,1404,483,462,0,165,57,55,0
C6H10O5,test_ood,21,746,0,0,0,746,0,0,0,733,0,0,0,34
C6H10O6,seen,22,8,5,2,1,0,4,2,1,0,0,0,0,0
C6H11N1,seen,18,9129,5477,1826,1826,0,5270,1764,1732,0,511,196,171,0
C6H11N1O1,test_ood,19,20711,0,0,0,20711,0,0,0,19736,0,0,0,2359
C6H11N1O2,seen,20,2953,1772,591,590,0,1429,486,490,0,210,82,64,0
C6H11N1O3,seen,21,760,456,152,152,0,194,72,64,0,37,10,11,0
C6H11N1O4,seen,22,931,559,186,186,0,114,49,39,0,51,13,14,0
C6H11N1O5,seen,23,54,32,11,11,0,29,11,11,0,0,0,0,0
C6H11N1O6,test_ood,24,1,0,0,0,1,0,0,0,0,0,0,0,0
C6H11N3,test_ood,20,8761,0,0,0,8761,0,0,0,7454,0,0,0,1059
C6H11N3O1,seen,21,295,177,59,59,0,176,58,58,0,12,5,2,0
C6H11N3O2,test_ood,22,417,0,0,0,417,0,0,0,410,0,0,0,12
C6H11N3O3,seen,23,747,448,150,149,0,442,149,147,0,32,7,10,0
C6H11N3O4,test_ood,24,1394,0,0,0,1394,0,0,0,1201,0,0,0,71
C6H11N5,seen,22,511,307,102,102,0,305,102,102,0,15,7,5,0
C6H11N5O1,seen,23,562,337,113,112,0,248,83,83,0,18,7,1,0
C6H11N5O2,test_ood,24,90,0,0,0,90,0,0,0,86,0,0,0,3
C6H11N5O3,test_ood,25,2,0,0,0,2,0,0,0,0,0,0,0,0
C6H11N7,test_ood,24,1,0,0,0,1,0,0,0,0,0,0,0,0
C6H11N7O1,test_ood,25,1,0,0,0,1,0,0,0,0,0,0,0,0
C6H11N9O4,test_ood,30,1,0,0,0,1,0,0,0,0,0,0,0,0
C6H12,seen,18,7001,4201,1400,1400,0,2762,963,924,0,280,95,91,0
C6H12N2,test_ood,20,17520,0,0,0,17520,0,0,0,16842,0,0,0,1910
C6H12N2O1,seen,21,6066,3640,1213,1213,0,3110,1029,1043,0,78,16,30,0
C6H12N2O2,test_ood,22,1069,0,0,0,1069,0,0,0,905,0,0,0,43
C6H12N2O3,test_ood,23,1364,0,0,0,1364,0,0,0,1045,0,0,0,68
C6H12N2O4,seen,24,2515,1509,503,503,0,1448,481,482,0,61,31,19,0
C6H12N2O5,seen,25,568,341,114,113,0,330,108,106,0,29,7,9,0
C6H12N2O6,seen,26,305,183,61,61,0,175,60,60,0,15,4,6,0
C6H12N4,seen,22,489,293,98,98,0,284,96,97,0,20,4,6,0
C6H12N4O1,test_ood,23,542,0,0,0,542,0,0,0,537,0,0,0,30
C6H12N4O2,seen,24,1905,1143,381,381,0,1125,374,374,0,19,2,1,0
C6H12N4O3,test_ood,25,3,0,0,0,3,0,0,0,0,0,0,0,0
C6H12N4O4,test_ood,26,3,0,0,0,3,0,0,0,0,0,0,0,0
C6H12N4O6,test_ood,28,1,0,0,0,1,0,0,0,0,0,0,0,0
C6H12N6,test_ood,24,394,0,0,0,394,0,0,0,391,0,0,0,25
C6H12N6O1,seen,25,4,2,1,1,0,0,0,0,0,0,0,0,0
C6H12N6O3,seen,27,645,387,129,129,0,365,119,126,0,17,7,5,0
C6H12O1,seen,19,1358,815,272,271,0,210,73,70,0,90,32,23,0
C6H12O2,test_ood,20,1966,0,0,0,1966,0,0,0,1769,0,0,0,202
C6H12O3,seen,21,314,188,63,63,0,183,62,61,0,12,3,3,0
C6H12O4,seen,22,588,353,118,117,0,238,88,81,0,16,8,5,0
C6H12O5,test_ood,23,1240,0,0,0,1240,0,0,0,1073,0,0,0,41
C6H12O6,seen,24,597,358,120,119,0,352,119,116,0,26,12,7,0
C6H13N1,test_ood,20,544,0,0,0,544,0,0,0,520,0,0,0,54
C6H13N1O1,seen,21,1309,785,262,262,0,663,225,221,0,28,9,16,0
C6H13N1O2,seen,22,3615,2169,723,723,0,1805,590,605,0,97,24,31,0
C6H13N1O3,test_ood,23,1788,0,0,0,1788,0,0,0,1200,0,0,0,97
C6H13N1O4,seen,24,4857,2914,972,971,0,2353,781,792,0,98,35,40,0
C6H13N1O5,seen,25,720,432,144,144,0,430,143,143,0,29,10,10,0
C6H13N1O7,seen,27,1,1,0,0,0,0,0,0,0,0,0,0,0
C6H13N3,seen,22,4681,2809,936,936,0,2368,758,784,0,49,26,15,0
C6H13N3O1,test_ood,23,343,0,0,0,343,0,0,0,193,0,0,0,17
C6H13N3O2,test_ood,24,842,0,0,0,842,0,0,0,681,0,0,0,31
C6H13N3O3,seen,25,794,476,159,159,0,472,159,159,0,5,4,6,0
C6H13N3O4,seen,26,2,1,1,0,0,0,0,0,0,0,0,0,0
C6H13N3O7,seen,29,2,1,1,0,0,0,0,0,0,0,0,0,0
C6H13N5,test_ood,24,572,0,0,0,572,0,0,0,284,0,0,0,46
C6H13N5O1,test_ood,25,473,0,0,0,473,0,0,0,471,0,0,0,11
C6H13N5O2,seen,26,140,84,28,28,0,80,26,28,0,3,3,1,0
C6H13N5O3,seen,27,2,1,1,0,0,0,0,0,0,0,0,0,0
C6H13N5O4,test_ood,28,1,0,0,0,1,0,0,0,0,0,0,0,0
C6H13N7,seen,26,119,71,24,24,0,68,24,24,0,3,0,1,0
C6H13N7O4,seen,30,1,1,0,0,0,0,0,0,0,0,0,0,0
C6H14,seen,20,531,319,106,106,0,317,105,105,0,18,8,5,0
C6H14N2,seen,22,1813,1088,363,362,0,1048,349,346,0,38,11,9,0
C6H14N2O1,seen,23,2290,1374,458,458,0,1119,365,379,0,36,16,17,0
C6H14N2O2,seen,24,2025,1215,405,405,0,1122,363,365,0,42,14,14,0
C6H14N2O3,seen,25,649,389,130,130,0,387,129,130,0,13,3,3,0
C6H14N2O4,seen,26,89,53,18,18,0,52,18,17,0,3,0,0,0
C6H14N2O5,seen,27,6,4,1,1,0,0,0,0,0,0,0,0,0
C6H14N2O6,test_ood,28,2,0,0,0,2,0,0,0,0,0,0,0,0
C6H14N4,seen,24,224,134,45,45,0,132,44,45,0,6,0,4,0
C6H14N4O1,seen,25,187,112,38,37,0,112,38,37,0,2,4,2,0
C6H14N4O2,seen,26,2309,1385,462,462,0,1366,454,457,0,47,19,13,0
C6H14N4O3,seen,27,6,4,1,1,0,0,0,0,0,0,0,0,0
C6H14N4O4,test_ood,28,3,0,0,0,3,0,0,0,0,0,0,0,0
C6H14N4O6,seen,30,1,1,0,0,0,0,0,0,0,0,0,0,0
C6H14N6,seen,26,171,103,34,34,0,102,34,34,0,2,0,0,0
C6H14N6O1,test_ood,27,3,0,0,0,3,0,0,0,0,0,0,0,0
C6H14N6O2,seen,28,5,3,1,1,0,0,0,0,0,0,0,0,0
C6H14N6O3,test_ood,29,1,0,0,0,1,0,0,0,0,0,0,0,0
C6H14N6O4,seen,30,2,1,1,0,0,0,0,0,0,0,0,0,0
C6H14N6O5,test_ood,31,1,0,0,0,1,0,0,0,0,0,0,0,0
C6H14N8O3,seen,31,1,1,0,0,0,0,0,0,0,0,0,0,0
C6H14O1,test_ood,21,97,0,0,0,97,0,0,0,97,0,0,0,0
C6H14O2,seen,22,451,271,90,90,0,162,48,56,0,23,11,11,0
C6H14O3,seen,23,192,115,39,38,0,113,38,38,0,8,1,3,0
C6H14O4,seen,24,4,2,1,1,0,2,1,1,0,0,0,0,0
C6H14O5,test_ood,25,3,0,0,0,3,0,0,0,2,0,0,0,0
C6H14O6,test_ood,26,168,0,0,0,168,0,0,0,162,0,0,0,9
C6H14O7,seen,27,5,3,1,1,0,0,0,0,0,0,0,0,0
C6H15N1,seen,22,1,1,0,0,0,1,0,0,0,0,0,0,0
C6H15N1O1,test_ood,23,96,0,0,0,96,0,0,0,95,0,0,0,3
C6H15N1O2,test_ood,24,12,0,0,0,12,0,0,0,8,0,0,0,0
C6H15N1O3,test_ood,25,8,0,0,0,8,0,0,0,8,0,0,0,0
C6H15N1O4,test_ood,26,11,0,0,0,11,0,0,0,4,0,0,0,0
C6H15N1O5,test_ood,27,8,0,0,0,8,0,0,0,2,0,0,0,0
C6H15N1O6,seen,28,7,4,2,1,0,0,0,0,0,0,0,0,0
C6H15N3,seen,24,736,442,147,147,0,315,100,107,0,17,6,3,0
C6H15N3O1,seen,25,43,26,9,8,0,26,9,8,0,0,0,0,0
C6H15N3O2,seen,26,507,304,102,101,0,301,101,101,0,14,3,5,0
C6H15N3O3,seen,27,140,84,28,28,0,80,27,28,0,1,1,1,0
C6H15N3O4,test_ood,28,7,0,0,0,7,0,0,0,0,0,0,0,0
C6H15N3O5,test_ood,29,1,0,0,0,1,0,0,0,0,0,0,0,0
C6H15N5,seen,26,119,71,24,24,0,70,24,23,0,3,3,1,0
C6H15N5O1,seen,27,304,182,61,61,0,180,60,61,0,0,0,0,0
C6H15N5O2,seen,28,8,5,2,1,0,0,0,0,0,0,0,0,0
C6H15N5O3,seen,29,4,2,1,1,0,0,0,0,0,0,0,0,0
C6H15N7,test_ood,28,2,0,0,0,2,0,0,0,0,0,0,0,0
C6H15N7O1,seen,29,2,1,1,0,0,0,0,0,0,0,0,0,0
C6H15N7O3,test_ood,31,5,0,0,0,5,0,0,0,0,0,0,0,0
C6H15N7O4,seen,32,2,1,1,0,0,0,0,0,0,0,0,0,0
C6H16N2,seen,24,42,25,9,8,0,25,9,8,0,2,0,0,0
C6H16N2O1,test_ood,25,24,0,0,0,24,0,0,0,24,0,0,0,0
C6H16N2O2,seen,26,135,81,27,27,0,78,26,27,0,0,0,0,0
C6H16N2O3,test_ood,27,25,0,0,0,25,0,0,0,24,0,0,0,0
C6H16N2O4,test_ood,28,155,0,0,0,155,0,0,0,149,0,0,0,10
C6H16N2O5,test_ood,29,2,0,0,0,2,0,0,0,0,0,0,0,0
C6H16N4,seen,26,17,10,4,3,0,10,3,3,0,0,0,0,0
C6H16N4O1,seen,27,204,122,41,41,0,120,41,41,0,2,2,2,0
C6H16N4O2,seen,28,586,352,117,117,0,347,117,117,0,16,5,4,0
C6H16N4O3,seen,29,6,4,1,1,0,0,0,0,0,0,0,0,0
C6H16N4O4,test_ood,30,5,0,0,0,5,0,0,0,0,0,0,0,0
C6H16N6,seen,28,95,57,19,19,0,57,19,19,0,0,0,0,0
C6H16N6O2,seen,30,7,4,2,1,0,0,0,0,0,0,0,0,0
C6H16N8,test_ood,30,1,0,0,0,1,0,0,0,0,0,0,0,0
C6H16N8O3,test_ood,33,2,0,0,0,2,0,0,0,0,0,0,0,0
C6H16O1,seen,23,30,18,6,6,0,18,6,6,0,0,0,0,0
C6H16O4,seen,26,1,1,0,0,0,1,0,0,0,0,0,0,0
C6H17N1,seen,24,1,1,0,0,0,1,0,0,0,1,0,0,0
C6H17N1O1,seen,25,1,1,0,0,0,1,0,0,0,0,0,0,0
C6H17N1O3,seen,27,2,1,1,0,0,1,1,0,0,0,0,0,0
C6H17N1O4,seen,28,2,1,1,0,0,1,1,0,0,0,0,0,0
C6H17N3,test_ood,26,18,0,0,0,18,0,0,0,17,0,0,0,0
C6H17N3O1,test_ood,27,17,0,0,0,17,0,0,0,17,0,0,0,0
C6H17N3O2,test_ood,28,30,0,0,0,30,0,0,0,25,0,0,0,0
C6H17N3O3,test_ood,29,28,0,0,0,28,0,0,0,26,0,0,0,0
C6H17N3O4,seen,30,3,2,1,0,0,0,0,0,0,0,0,0,0
C6H17N5,test_ood,28,32,0,0,0,32,0,0,0,32,0,0,0,0
C6H17N5O1,seen,29,106,64,21,21,0,64,21,21,0,0,0,0,0
C6H17N5O2,seen,30,339,203,68,68,0,194,67,66,0,13,3,5,0
C6H17N7O2,test_ood,32,1,0,0,0,1,0,0,0,0,0,0,0,0
C6H18N2O2,test_ood,28,3,0,0,0,3,0,0,0,2,0,0,0,0
C6H18N2O3,seen,29,2,1,1,0,0,1,0,0,0,0,0,0,0
C6H18N2O4,test_ood,30,1,0,0,0,1,0,0,0,1,0,0,0,0
C6H18N2O5,test_ood,31,1,0,0,0,1,0,0,0,0,0,0,0,0
C6H18N4,seen,28,2,1,1,0,0,1,1,0,0,0,0,0,0
C6H18N4O1,seen,29,17,10,4,3,0,10,4,3,0,0,0,0,0
C6H18N4O2,seen,30,18,11,4,3,0,9,3,2,0,0,1,0,0
C6H18N4O3,test_ood,31,5,0,0,0,5,0,0,0,0,0,0,0,0
C6H18N4O4,seen,32,1,1,0,0,0,0,0,0,0,0,0,0,0
C6H18N6,seen,30,40,24,8,8,0,24,8,7,0,0,0,0,0
C6H18N6O2,test_ood,32,2,0,0,0,2,0,0,0,0,0,0,0,0
C6H19N3,test_ood,28,1,0,0,0,1,0,0,0,1,0,0,0,0
C6H19N3O1,seen,29,1,1,0,0,0,1,0,0,0,0,0,0,0
C6H19N3O2,test_ood,30,2,0,0,0,2,0,0,0,1,0,0,0,0
C6H19N3O3,seen,31,1,1,0,0,0,0,0,0,0,0,0,0,0
C6H19N5,seen,30,5,3,1,1,0,3,1,1,0,0,0,0,0
C6H19N5O1,seen,31,11,7,2,2,0,7,2,2,0,0,0,0,0
C6H19N5O2,seen,32,1,1,0,0,0,0,0,0,0,0,0,0,0
C6H19N5O4,test_ood,34,1,0,0,0,1,0,0,0,0,0,0,0,0
C6H19N7O2,test_ood,34,1,0,0,0,1,0,0,0,0,0,0,0,0
C6H1N1O1,seen,9,261,157,52,52,0,155,51,52,0,32,10,3,0
C6H1N1O2,seen,10,16,10,3,3,0,8,2,3,0,4,0,1,0
C6H1N3O1,seen,11,1,1,0,0,0,1,0,0,0,0,0,0,0
C6H1N3O3,seen,13,1,1,0,0,0,1,0,0,0,1,0,0,0
C6H2,seen,8,369,221,74,74,0,220,73,72,0,47,23,16,0
C6H20N6,test_ood,32,5,0,0,0,5,0,0,0,5,0,0,0,0
C6H20N6O2,seen,34,2,1,1,0,0,0,0,0,0,0,0,0,0
C6H20N6O3,seen,35,1,1,0,0,0,0,0,0,0,0,0,0,0
C6H21N7O2,seen,36,2,1,1,0,0,0,0,0,0,0,0,0,0
C6H2N2,seen,10,382,229,77,76,0,228,76,76,0,35,14,17,0
C6H2N2O1,test_ood,11,53,0,0,0,53,0,0,0,48,0,0,0,12
C6H2N2O2,test_ood,12,1,0,0,0,1,0,0,0,1,0,0,0,0
C6H2N2O3,seen,13,1,1,0,0,0,1,0,0,0,1,0,0,0
C6H2N4O2,seen,14,13,8,3,2,0,8,3,2,0,1,0,1,0
C6H2N6,test_ood,14,2,0,0,0,2,0,0,0,2,0,0,0,2
C6H2O2,seen,10,132,79,27,26,0,78,27,25,0,15,5,4,0
C6H2O3,seen,11,17,10,4,3,0,9,3,3,0,2,1,0,0
C6H3N1,seen,10,369,221,74,74,0,217,74,70,0,35,12,13,0
C6H3N1O1,test_ood,11,3046,0,0,0,3046,0,0,0,2988,0,0,0,413
C6H3N1O2,test_ood,12,308,0,0,0,308,0,0,0,268,0,0,0,60
C6H3N1O3,test_ood,13,1,0,0,0,1,0,0,0,1,0,0,0,0
C6H3N3,seen,12,48,29,10,9,0,22,8,7,0,6,0,1,0
C6H3N3O1,seen,13,3,2,1,0,0,2,1,0,0,0,0,0,0
C6H3N3O2,test_ood,14,7,0,0,0,7,0,0,0,7,0,0,0,1
C6H3N3O3,seen,15,17,10,4,3,0,10,4,3,0,2,0,1,0
C6H3N5,seen,14,141,85,28,28,0,85,28,27,0,12,3,7,0
C6H3N5O1,test_ood,15,11,0,0,0,11,0,0,0,11,0,0,0,2
C6H4,test_ood,10,1170,0,0,0,1170,0,0,0,1160,0,0,0,196
C6H4N2,seen,12,4011,2407,802,802,0,2360,789,790,0,323,116,109,0
C6H4N2O1,seen,13,940,564,188,188,0,490,166,172,0,72,25,26,0
C6H4N2O2,seen,14,551,331,110,110,0,238,77,88,0,43,20,17,0
C6H4N2O3,seen,15,5,3,1,1,0,3,1,1,0,0,0,0,0
C6H4N2O4,seen,16,17,10,4,3,0,8,4,2,0,1,1,0,0
C6H4N4,seen,14,396,238,79,79,0,235,78,78,0,26,10,10,0
C6H4N4O1,seen,15,127,76,26,25,0,76,26,25,0,7,5,4,0
C6H4N4O2,test_ood,16,571,0,0,0,571,0,0,0,564,0,0,0,82
C6H4N6,seen,16,295,177,59,59,0,176,58,58,0,28,6,7,0
C6H4N6O2,seen,18,1,1,0,0,0,0,0,0,0,0,0,0,0
C6H4O1,test_ood,11,654,0,0,0,654,0,0,0,652,0,0,0,74
C6H4O2,seen,12,3207,1924,642,641,0,1902,629,632,0,274,84,85,0
C6H4O3,seen,13,320,192,64,64,0,156,51,54,0,24,15,11,0
C6H4O4,seen,14,561,337,112,112,0,133,57,43,0,37,14,11,0
C6H4O5,test_ood,15,123,0,0,0,123,0,0,0,123,0,0,0,29
C6H5N1,seen,12,1158,695,232,231,0,689,232,231,0,65,25,17,0
C6H5N1O1,seen,13,11091,6655,2218,2218,0,6352,2122,2125,0,729,235,251,0
C6H5N1O2,test_ood,14,2673,0,0,0,2673,0,0,0,1764,0,0,0,327
C6H5N1O3,seen,15,2259,1355,452,452,0,980,337,337,0,158,56,57,0
C6H5N1O4,test_ood,16,268,0,0,0,268,0,0,0,268,0,0,0,36
C6H5N1O5,test_ood,17,7,0,0,0,7,0,0,0,7,0,0,0,3
C6H5N3,test_ood,14,2083,0,0,0,2083,0,0,0,1939,0,0,0,302
C6H5N3O1,seen,15,1387,832,278,277,0,634,224,218,0,88,28,32,0
C6H5N3O2,test_ood,16,410,0,0,0,410,0,0,0,409,0,0,0,56
C6H5N3O3,test_ood,17,191,0,0,0,191,0,0,0,189,0,0,0,23
C6H5N5,seen,16,425,255,85,85,0,88,25,21,0,27,9,10,0
C6H5N5O1,test_ood,17,42,0,0,0,42,0,0,0,41,0,0,0,6
C6H5N5O3,test_ood,19,2,0,0,0,2,0,0,0,0,0,0,0,0
C6H5N7,test_ood,18,1,0,0,0,1,0,0,0,0,0,0,0,0
C6H6,seen,12,2836,1702,567,567,0,1688,562,561,0,185,54,61,0
C6H6N2,seen,14,13406,8044,2681,2681,0,7885,2634,2627,0,931,320,309,0
C6H6N2O1,test_ood,15,5039,0,0,0,5039,0,0,0,3817,0,0,0,634
C6H6N2O2,seen,16,3623,2174,725,724,0,1877,618,635,0,262,85,91,0
C6H6N2O3,seen,17,450,270,90,90,0,268,88,89,0,35,9,10,0
C6H6N2O4,test_ood,18,62,0,0,0,62,0,0,0,61,0,0,0,10
C6H6N4,seen,16,1510,906,302,302,0,640,220,202,0,100,36,35,0
C6H6N4O1,test_ood,17,1568,0,0,0,1568,0,0,0,1227,0,0,0,217
C6H6N4O2,test_ood,18,495,0,0,0,495,0,0,0,492,0,0,0,81
C6H6N4O3,test_ood,19,107,0,0,0,107,0,0,0,104,0,0,0,17
C6H6N4O4,seen,20,1,1,0,0,0,0,0,0,0,0,0,0,0
C6H6N6,seen,18,162,97,33,32,0,97,32,32,0,20,7,4,0
C6H6N6O1,test_ood,19,191,0,0,0,191,0,0,0,185,0,0,0,24
C6H6O1,seen,13,5198,3119,1040,1039,0,3011,1008,998,0,312,98,104,0
C6H6O2,seen,14,21003,12602,4201,4200,0,11408,3798,3790,0,1365,488,472,0
C6H6O3,test_ood,15,2507,0,0,0,2507,0,0,0,1889,0,0,0,292
C6H6O4,test_ood,16,809,0,0,0,809,0,0,0,651,0,0,0,108
C6H6O5,test_ood,17,3,0,0,0,3,0,0,0,2,0,0,0,1
C6H6O6,test_ood,18,2,0,0,0,2,0,0,0,1,0,0,0,0
C6H6O7,test_ood,19,2,0,0,0,2,0,0,0,0,0,0,0,0
C6H7N1,seen,14,2962,1777,593,592,0,1682,556,556,0,162,54,52,0
C6H7N1O1,test_ood,15,30990,0,0,0,30990,0,0,0,27898,0,0,0,3212
C6H7N1O2,seen,16,8185,4911,1637,1637,0,2642,893,905,0,551,192,165,0
C6H7N1O3,seen,17,324,194,65,65,0,101,25,41,0,21,7,14,0
C6H7N1O4,seen,18,34,20,7,7,0,17,7,6,0,3,1,1,0
C6H7N1O5,test_ood,19,36,0,0,0,36,0,0,0,35,0,0,0,4
C6H7N1O6,seen,20,1,1,0,0,0,0,0,0,0,0,0,0,0
C6H7N3,test_ood,16,2882,0,0,0,2882,0,0,0,2500,0,0,0,373
C6H7N3O1,seen,17,3886,2332,777,777,0,372,134,130,0,185,58,50,0
C6H7N3O2,test_ood,18,1117,0,0,0,1117,0,0,0,1102,0,0,0,134
C6H7N3O3,test_ood,19,170,0,0,0,170,0,0,0,168,0,0,0,20
C6H7N3O4,seen,20,1,1,0,0,0,0,0,0,0,0,0,0,0
C6H7N3O5,seen,21,1,1,0,0,0,0,0,0,0,0,0,0,0
C6H7N5,test_ood,18,1547,0,0,0,1547,0,0,0,1031,0,0,0,165
C6H7N5O1,seen,19,1053,632,211,210,0,539,179,174,0,93,27,26,0
C6H7N5O2,seen,20,268,161,54,53,0,158,50,50,0,16,4,4,0
C6H8,seen,14,7747,4648,1550,1549,0,4612,1538,1539,0,419,100,119,0
C6H8N2,seen,16,26351,15811,5270,5270,0,15416,5153,5133,0,1588,527,568,0
C6H8N2O1,test_ood,17,12994,0,0,0,12994,0,0,0,6987,0,0,0,1405
C6H8N2O2,seen,18,1156,694,231,231,0,420,138,138,0,103,30,23,0
C6H8N2O3,test_ood,19,848,0,0,0,848,0,0,0,833,0,0,0,138
C6H8N2O4,test_ood,20,379,0,0,0,379,0,0,0,374,0,0,0,63
C6H8N2O5,test_ood,21,2,0,0,0,2,0,0,0,0,0,0,0,0
C6H8N4,seen,18,673,404,135,134,0,141,48,40,0,68,23,15,0
C6H8N4O1,seen,19,911,547,182,182,0,372,119,120,0,81,29,23,0
C6H8N4O2,seen,20,763,458,153,152,0,444,150,151,0,62,21,23,0
C6H8N4O3,seen,21,254,152,51,51,0,149,48,50,0,10,2,5,0
C6H8N6,test_ood,20,576,0,0,0,576,0,0,0,572,0,0,0,65
C6H8N6O1,seen,21,4,2,1,1,0,0,0,0,0,0,0,0,0
C6H8N6O2,seen,22,2,1,1,0,0,0,0,0,0,0,0,0,0
C6H8N8,test_ood,22,1,0,0,0,1,0,0,0,0,0,0,0,0
C6H8O1,test_ood,15,9709,0,0,0,9709,0,0,0,9074,0,0,0,889
C6H8O2,test_ood,16,30436,0,0,0,30436,0,0,0,29656,0,0,0,3449
C6H8O3,test_ood,17,2685,0,0,0,2685,0,0,0,2180,0,0,0,347
C6H8O4,test_ood,18,661,0,0,0,661,0,0,0,217,0,0,0,67
C6H8O5,seen,19,11,7,2,2,0,6,2,1,0,0,0,0,0
C6H8O6,seen,20,131,79,26,26,0,78,26,26,0,14,3,4,0
C6H9N1,seen,16,9656,5794,1931,1931,0,5738,1919,1912,0,528,179,183,0
C6H9N1O1,seen,17,45000,27000,9000,9000,0,26148,8711,8716,0,2910,1012,911,0
C6H9N1O2,seen,18,7640,4584,1528,1528,0,3388,1159,1132,0,538,174,166,0
C6H9N1O3,test_ood,19,849,0,0,0,849,0,0,0,265,0,0,0,92
C6H9N1O4,seen,20,795,477,159,159,0,305,95,103,0,70,19,13,0
C6H9N1O5,seen,21,645,387,129,129,0,382,127,126,0,15,4,4,0
C6H9N1O6,seen,22,1,1,0,0,0,0,0,0,0,0,0,0,0
C6H9N3,seen,18,7162,4297,1433,1432,0,3472,1182,1166,0,492,166,174,0
C6H9N3O1,seen,19,1503,902,301,300,0,36,11,15,0,88,32,24,0
C6H9N3O2,seen,20,2112,1267,423,422,0,1252,417,413,0,115,46,44,0
C6H9N3O3,seen,21,1029,617,206,206,0,608,202,203,0,14,6,4,0
C6H9N3O4,seen,22,217,130,44,43,0,125,43,40,0,7,2,1,0
C6H9N5,seen,20,592,355,119,118,0,347,119,116,0,46,19,16,0
C6H9N5O1,test_ood,21,396,0,0,0,396,0,0,0,386,0,0,0,33
C6H9N5O2,seen,22,120,72,24,24,0,70,21,22,0,5,1,1,0
C6H9N5O3,test_ood,23,3,0,0,0,3,0,0,0,0,0,0,0,0
C6H9N7,test_ood,22,205,0,0,0,205,0,0,0,201,0,0,0,3
C6H9N7O1,seen,23,1,1,0,0,0,0,0,0,0,0,0,0,0
C6N2,seen,8,200,120,40,40,0,116,37,39,0,23,9,8,0
C6N4,seen,10,216,130,43,43,0,127,40,43,0,25,8,6,0
C7H10,seen,17,2835,1701,567,567,0,1689,558,557,0,174,68,54,0
C7H10N2,test_ood,19,6616,0,0,0,6616,0,0,0,5479,0,0,0,801
C7H10N2O1,seen,20,500,300,100,100,0,292,100,99,0,40,14,10,0
C7H10N2O2,test_ood,21,1915,0,0,0,1915,0,0,0,1894,0,0,0,84
C7H10N2O3,seen,22,1722,1033,345,344,0,936,307,295,0,56,20,15,0
C7H10N2O4,seen,23,122,73,25,24,0,70,22,22,0,3,1,1,0
C7H10N2O5,seen,24,1,1,0,0,0,0,0,0,0,0,0,0,0
C7H10N4,seen,21,777,466,156,155,0,365,126,130,0,30,7,10,0
C7H10N4O1,test_ood,22,1243,0,0,0,1243,0,0,0,1230,0,0,0,54
C7H10N4O2,test_ood,23,107,0,0,0,107,0,0,0,97,0,0,0,1
C7H10N4O3,seen,24,1,1,0,0,0,0,0,0,0,0,0,0,0
C7H10N6,seen,23,204,122,41,41,0,121,41,41,0,0,0,0,0
C7H10O1,seen,18,18165,10899,3633,3633,0,10601,3517,3536,0,1254,428,402,0
C7H10O2,seen,19,4949,2969,990,990,0,2439,833,803,0,371,129,116,0
C7H10O3,seen,20,108,65,22,21,0,65,19,20,0,5,1,3,0
C7H10O4,seen,21,288,173,58,57,0,171,57,57,0,8,2,3,0
C7H10O5,test_ood,22,295,0,0,0,295,0,0,0,290,0,0,0,29
C7H10O6,seen,23,1,1,0,0,0,0,0,0,0,0,0,0,0
C7H11N1,test_ood,19,21491,0,0,0,21491,0,0,0,20903,0,0,0,2258
C7H11N1O1,seen,20,10614,6368,2123,2123,0,5434,1783,1784,0,744,260,258,0
C7H11N1O2,test_ood,21,1453,0,0,0,1453,0,0,0,1011,0,0,0,79
C7H11N1O3,seen,22,1683,1010,337,336,0,888,305,299,0,55,19,14,0
C7H11N1O4,test_ood,23,327,0,0,0,327,0,0,0,320,0,0,0,21
C7H11N1O5,test_ood,24,5,0,0,0,5,0,0,0,0,0,0,0,0
C7H11N3,seen,21,147,88,30,29,0,88,30,29,0,4,0,2,0
C7H11N3O1,seen,22,827,496,166,165,0,374,123,140,0,44,11,8,0
C7H11N3O2,seen,23,913,548,183,182,0,542,176,180,0,8,3,9,0
C7H11N3O3,seen,24,278,167,56,55,0,156,54,53,0,7,1,1,0
C7H11N3O4,test_ood,25,4,0,0,0,4,0,0,0,0,0,0,0,0
C7H11N5,seen,23,574,344,115,115,0,260,81,84,0,19,8,11,0
C7H11N5O1,test_ood,24,257,0,0,0,257,0,0,0,249,0,0,0,13
C7H11N5O2,seen,25,7,4,2,1,0,0,0,0,0,0,0,0,0
C7H11N5O3,seen,26,1,1,0,0,0,0,0,0,0,0,0,0,0
C7H11N7O1,test_ood,26,4,0,0,0,4,0,0,0,0,0,0,0,0
C7H12,test_ood,19,1655,0,0,0,1655,0,0,0,1645,0,0,0,174
C7H12N2,test_ood,21,10277,0,0,0,10277,0,0,0,8900,0,0,0,146
C7H12N2O1,seen,22,743,446,149,148,0,264,74,70,0,23,14,10,0
C7H12N2O2,seen,23,1371,823,274,274,0,714,235,246,0,17,6,2,0
C7H12N2O3,test_ood,24,1858,0,0,0,1858,0,0,0,1632,0,0,0,76
C7H12N2O4,seen,25,5,3,1,1,0,0,0,0,0,0,0,0,0
C7H12N2O5,seen,26,2036,1222,407,407,0,1171,387,396,0,89,43,27,0
C7H12N2O6,seen,27,1155,693,231,231,0,668,225,222,0,26,12,11,0
C7H12N4,seen,23,547,328,110,109,0,324,110,109,0,10,3,6,0
C7H12N4O1,test_ood,24,982,0,0,0,982,0,0,0,688,0,0,0,47
C7H12N4O2,seen,25,499,299,100,100,0,289,98,98,0,20,5,6,0
C7H12N4O3,seen,26,2,1,1,0,0,0,0,0,0,0,0,0,0
C7H12N6,test_ood,25,137,0,0,0,137,0,0,0,134,0,0,0,9
C7H12N6O1,seen,26,5,3,1,1,0,0,0,0,0,0,0,0,0
C7H12N6O2,seen,27,3,2,1,0,0,0,0,0,0,0,0,0,0
C7H12O1,test_ood,20,5773,0,0,0,5773,0,0,0,5540,0,0,0,650
C7H12O2,seen,21,2102,1261,421,420,0,1031,338,336,0,34,10,10,0
C7H12O3,seen,22,220,132,44,44,0,128,43,44,0,7,4,1,0
C7H12O4,test_ood,23,308,0,0,0,308,0,0,0,126,0,0,0,40
C7H12O5,seen,24,152,91,31,30,0,88,31,30,0,6,2,1,0
C7H12O6,test_ood,25,349,0,0,0,349,0,0,0,335,0,0,0,21
C7H12O7,seen,26,1,1,0,0,0,0,0,0,0,0,0,0,0
C7H13N1,test_ood,21,8079,0,0,0,8079,0,0,0,7782,0,0,0,306
C7H13N1O1,seen,22,4052,2431,811,810,0,2109,706,717,0,55,11,18,0
C7H13N1O2,seen,23,709,425,142,142,0,340,110,108,0,18,7,10,0
C7H13N1O3,seen,24,1213,728,243,242,0,259,91,94,0,58,10,15,0
C7H13N1O4,test_ood,25,298,0,0,0,298,0,0,0,289,0,0,0,9
C7H13N1O5,seen,26,4,2,1,1,0,0,0,0,0,0,0,0,0
C7H13N3,test_ood,23,1399,0,0,0,1399,0,0,0,1366,0,0,0,91
C7H13N3O1,seen,24,451,271,90,90,0,176,63,66,0,9,7,4,0
C7H13N3O2,seen,25,867,520,174,173,0,514,172,171,0,6,3,1,0
C7H13N3O3,seen,26,147,88,30,29,0,84,28,26,0,1,1,1,0
C7H13N3O4,seen,27,1910,1146,382,382,0,1090,366,368,0,42,23,19,0
C7H13N3O5,seen,28,1139,683,228,228,0,660,219,219,0,24,14,10,0
C7H13N5,seen,25,256,154,51,51,0,154,51,51,0,1,0,0,0
C7H13N5O1,seen,26,223,134,45,44,0,128,45,44,0,4,4,4,0
C7H13N5O2,seen,27,1,1,0,0,0,0,0,0,0,0,0,0,0
C7H14,seen,21,25,15,5,5,0,14,5,5,0,0,0,0,0
C7H14N2,test_ood,23,4672,0,0,0,4672,0,0,0,4166,0,0,0,107
C7H14N2O1,test_ood,24,872,0,0,0,872,0,0,0,710,0,0,0,26
C7H14N2O2,seen,25,843,506,169,168,0,498,166,168,0,6,5,1,0
C7H14N2O3,test_ood,26,1946,0,0,0,1946,0,0,0,1891,0,0,0,66
C7H14N2O4,test_ood,27,1084,0,0,0,1084,0,0,0,1042,0,0,0,39
C7H14N2O5,seen,28,1164,698,233,233,0,672,230,222,0,39,9,8,0
C7H14N2O6,test_ood,29,2,0,0,0,2,0,0,0,0,0,0,0,0
C7H14N4,test_ood,25,404,0,0,0,404,0,0,0,396,0,0,0,18
C7H14N4O1,test_ood,26,830,0,0,0,830,0,0,0,826,0,0,0,23
C7H14N4O2,test_ood,27,4,0,0,0,4,0,0,0,0,0,0,0,0
C7H14N4O3,test_ood,28,4,0,0,0,4,0,0,0,0,0,0,0,0
C7H14N4O4,test_ood,29,2,0,0,0,2,0,0,0,0,0,0,0,0
C7H14N6O1,seen,28,2,1,1,0,0,0,0,0,0,0,0,0,0
C7H14N6O4,seen,31,1,1,0,0,0,0,0,0,0,0,0,0,0
C7H14O1,seen,22,935,561,187,187,0,541,179,182,0,25,9,8,0
C7H14O2,seen,23,354,212,71,71,0,58,19,17,0,15,4,6,0
C7H14O3,test_ood,24,175,0,0,0,175,0,0,0,175,0,0,0,1
C7H14O4,seen,25,886,532,177,177,0,516,169,175,0,33,7,9,0
C7H14O5,seen,26,485,291,97,97,0,289,96,95,0,5,1,2,0
C7H14O6,test_ood,27,108,0,0,0,108,0,0,0,103,0,0,0,3
C7H14O7,seen,28,2,1,1,0,0,0,0,0,0,0,0,0,0
C7H15N1,seen,23,640,384,128,128,0,364,120,120,0,20,11,3,0
C7H15N1O1,test_ood,24,551,0,0,0,551,0,0,0,319,0,0,0,30
C7H15N1O2,seen,25,58,35,12,11,0,35,12,11,0,0,0,0,0
C7H15N1O3,test_ood,26,716,0,0,0,716,0,0,0,703,0,0,0,13
C7H15N1O4,seen,27,1513,908,303,302,0,904,298,299,0,29,5,9,0
C7H15N1O5,seen,28,217,130,44,43,0,128,43,41,0,1,0,0,0
C7H15N3,seen,25,41,25,8,8,0,24,8,8,0,0,0,0,0
C7H15N3O1,test_ood,26,230,0,0,0,230,0,0,0,228,0,0,0,0
C7H15N3O2,seen,27,796,478,159,159,0,472,156,158,0,10,3,2,0
C7H15N3O3,test_ood,28,138,0,0,0,138,0,0,0,133,0,0,0,8
C7H15N3O4,test_ood,29,109,0,0,0,109,0,0,0,106,0,0,0,5
C7H15N3O5,seen,30,1,1,0,0,0,0,0,0,0,0,0,0,0
C7H15N5,seen,27,350,210,70,70,0,210,70,70,0,7,10,2,0
C7H15N5O1,seen,28,3,2,1,0,0,0,0,0,0,0,0,0,0
C7H15N5O2,test_ood,29,5,0,0,0,5,0,0,0,0,0,0,0,0
C7H15N5O3,test_ood,30,5,0,0,0,5,0,0,0,0,0,0,0,0
C7H15N7O1,seen,30,1,1,0,0,0,0,0,0,0,0,0,0,0
C7H16N2,test_ood,25,686,0,0,0,686,0,0,0,613,0,0,0,12
C7H16N2O1,test_ood,26,203,0,0,0,203,0,0,0,201,0,0,0,12
C7H16N2O2,test_ood,27,499,0,0,0,499,0,0,0,487,0,0,0,12
C7H16N2O3,test_ood,28,321,0,0,0,321,0,0,0,320,0,0,0,9
C7H16N2O4,seen,29,4,2,1,1,0,0,0,0,0,0,0,0,0
C7H16N2O5,seen,30,1,1,0,0,0,0,0,0,0,0,0,0,0
C7H16N2O7,test_ood,32,1,0,0,0,1,0,0,0,0,0,0,0,0
C7H16N4,test_ood,27,99,0,0,0,99,0,0,0,95,0,0,0,0
C7H16N4O1,test_ood,28,479,0,0,0,479,0,0,0,479,0,0,0,2
C7H16N4O2,seen,29,5,3,1,1,0,0,0,0,0,0,0,0,0
C7H16N6O2,seen,31,4,2,1,1,0,0,0,0,0,0,0,0,0
C7H16N6O3,seen,32,1,1,0,0,0,0,0,0,0,0,0,0,0
C7H16O1,test_ood,24,50,0,0,0,50,0,0,0,48,0,0,0,2
C7H16O2,test_ood,25,7,0,0,0,7,0,0,0,7,0,0,0,0
C7H16O3,seen,26,138,83,28,27,0,82,28,27,0,1,0,1,0
C7H16O4,seen,27,149,89,30,30,0,88,30,30,0,4,1,0,0
C7H16O5,seen,28,8,5,2,1,0,3,2,0,0,0,0,0,0
C7H16O6,seen,29,2,1,1,0,0,0,0,0,0,0,0,0,0
C7H17N1,seen,25,1,1,0,0,0,1,0,0,0,0,0,0,0
C7H17N1O1,test_ood,26,83,0,0,0,83,0,0,0,81,0,0,0,0
C7H17N1O2,seen,27,17,10,4,3,0,10,4,3,0,0,0,0,0
C7H17N1O3,test_ood,28,32,0,0,0,32,0,0,0,32,0,0,0,0
C7H17N1O4,test_ood,29,25,0,0,0,25,0,0,0,21,0,0,0,0
C7H17N1O5,test_ood,30,4,0,0,0,4,0,0,0,0,0,0,0,0
C7H17N1O6,test_ood,31,1,0,0,0,1,0,0,0,0,0,0,0,0
C7H17N3,seen,27,28,17,6,5,0,15,5,5,0,0,0,0,0
C7H17N3O1,seen,28,226,136,45,45,0,134,45,44,0,7,2,0,0
C7H17N3O2,test_ood,29,274,0,0,0,274,0,0,0,273,0,0,0,3
C7H17N3O4,seen,31,1,1,0,0,0,0,0,0,0,0,0,0,0
C7H17N5,seen,29,163,98,33,32,0,97,33,32,0,2,0,0,0
C7H17N5O2,seen,31,85,51,17,17,0,49,17,14,0,0,0,0,0
C7H17N7O3,seen,34,1,1,0,0,0,0,0,0,0,0,0,0,0
C7H18N2,seen,27,15,9,3,3,0,9,3,2,0,0,0,0,0
C7H18N2O1,test_ood,28,29,0,0,0,29,0,0,0,28,0,0,0,0
C7H18N2O2,test_ood,29,155,0,0,0,155,0,0,0,150,0,0,0,2
C7H18N2O3,seen,30,44,26,9,9,0,26,9,8,0,0,0,0,0
C7H18N2O4,test_ood,31,107,0,0,0,107,0,0,0,105,0,0,0,0
C7H18N4,seen,29,55,33,11,11,0,32,11,11,0,0,0,0,0
C7H18N4O1,test_ood,30,222,0,0,0,222,0,0,0,221,0,0,0,0
C7H18N4O2,seen,31,373,224,75,74,0,220,72,71,0,9,3,2,0
C7H18N4O3,test_ood,32,2,0,0,0,2,0,0,0,0,0,0,0,0
C7H18N6,test_ood,31,1,0,0,0,1,0,0,0,0,0,0,0,0
C7H18O2,seen,27,1,1,0,0,0,1,0,0,0,0,0,0,0
C7H19N1O2,test_ood,29,3,0,0,0,3,0,0,0,3,0,0,0,0
C7H19N1O3,seen,30,6,4,1,1,0,4,1,1,0,0,0,0,0
C7H19N1O4,seen,31,4,2,1,1,0,1,0,1,0,0,0,0,0
C7H19N3,seen,29,213,128,43,42,0,126,41,40,0,11,3,2,0
C7H19N3O1,test_ood,30,39,0,0,0,39,0,0,0,39,0,0,0,0
C7H19N3O2,test_ood,31,49,0,0,0,49,0,0,0,49,0,0,0,0
C7H19N3O3,test_ood,32,1,0,0,0,1,0,0,0,0,0,0,0,0
C7H19N5,seen,31,59,35,12,12,0,35,12,12,0,1,1,1,0
C7H19N5O2,seen,33,274,164,55,55,0,161,53,54,0,9,4,3,0
C7H19N5O3,test_ood,34,2,0,0,0,2,0,0,0,0,0,0,0,0
C7H1N1,test_ood,9,147,0,0,0,147,0,0,0,143,0,0,0,21
C7H1N3,test_ood,11,2,0,0,0,2,0,0,0,2,0,0,0,2
C7H20N2,seen,29,1,1,0,0,0,1,0,0,0,0,0,0,0
C7H20N2O1,test_ood,30,2,0,0,0,2,0,0,0,2,0,0,0,0
C7H20N2O2,seen,31,3,2,1,0,0,2,1,0,0,0,0,0,0
C7H20N2O3,test_ood,32,1,0,0,0,1,0,0,0,1,0,0,0,0
C7H20N4,seen,31,9,5,2,2,0,5,2,2,0,0,0,0,0
C7H20N4O1,test_ood,32,49,0,0,0,49,0,0,0,48,0,0,0,0
C7H20N6O3,seen,36,1,1,0,0,0,0,0,0,0,0,0,0,0
C7H21N3O1,seen,32,3,2,1,0,0,2,1,0,0,0,0,0,0
C7H21N3O2,test_ood,33,3,0,0,0,3,0,0,0,3,0,0,0,0
C7H21N5,seen,33,15,9,3,3,0,9,3,3,0,0,0,0,0
C7H21N5O2,seen,35,2,1,1,0,0,0,0,0,0,0,0,0,0
C7H22N4O1,test_ood,34,1,0,0,0,1,0,0,0,0,0,0,0,0
C7H22N6O2,test_ood,37,3,0,0,0,3,0,0,0,0,0,0,0,0
C7H2N2,test_ood,11,17,0,0,0,17,0,0,0,15,0,0,0,0
C7H2N2O2,seen,13,2,1,1,0,0,1,1,0,0,0,0,0,0
C7H2N2O3,test_ood,14,1,0,0,0,1,0,0,0,1,0,0,0,0
C7H2N4O1,test_ood,14,3,0,0,0,3,0,0,0,3,0,0,0,0
C7H2O1,test_ood,10,89,0,0,0,89,0,0,0,86,0,0,0,15
C7H3N1,test_ood,11,752,0,0,0,752,0,0,0,736,0,0,0,115
C7H3N1O1,test_ood,12,47,0,0,0,47,0,0,0,43,0,0,0,11
C7H3N1O2,test_ood,13,1,0,0,0,1,0,0,0,1,0,0,0,0
C7H3N1O3,seen,14,3,2,1,0,0,2,1,0,0,0,0,0,0
C7H3N1O4,test_ood,15,1,0,0,0,1,0,0,0,1,0,0,0,0
C7H3N3,test_ood,13,133,0,0,0,133,0,0,0,133,0,0,0,19
C7H3N3O1,seen,14,6,4,1,1,0,4,1,1,0,0,0,0,0
C7H3N3O2,test_ood,15,20,0,0,0,20,0,0,0,20,0,0,0,1
C7H3N5,test_ood,15,2,0,0,0,2,0,0,0,1,0,0,0,0
C7H4,seen,11,265,159,53,53,0,159,51,52,0,18,6,8,0
C7H4N2,test_ood,13,86,0,0,0,86,0,0,0,76,0,0,0,15
C7H4N2O1,test_ood,14,7,0,0,0,7,0,0,0,7,0,0,0,0
C7H4N2O2,seen,15,142,85,29,28,0,84,27,27,0,12,4,4,0
C7H4N2O3,test_ood,16,288,0,0,0,288,0,0,0,287,0,0,0,50
C7H4N4,seen,15,643,386,129,128,0,299,101,94,0,59,10,13,0
C7H4N4O1,test_ood,16,162,0,0,0,162,0,0,0,158,0,0,0,16
C7H4O1,test_ood,12,1316,0,0,0,1316,0,0,0,1297,0,0,0,131
C7H4O2,seen,13,125,75,25,25,0,65,21,25,0,15,5,1,0
C7H4O3,test_ood,14,2,0,0,0,2,0,0,0,2,0,0,0,0
C7H5N1,test_ood,13,1447,0,0,0,1447,0,0,0,1414,0,0,0,134
C7H5N1O1,seen,14,1327,796,266,265,0,728,236,251,0,73,36,35,0
C7H5N1O2,test_ood,15,392,0,0,0,392,0,0,0,388,0,0,0,37
C7H5N1O3,seen,16,704,422,141,141,0,319,98,99,0,59,20,14,0
C7H5N1O4,test_ood,17,974,0,0,0,974,0,0,0,681,0,0,0,128
C7H5N3,seen,15,3,2,1,0,0,2,1,0,0,0,0,0,0
C7H5N3O1,test_ood,16,154,0,0,0,154,0,0,0,151,0,0,0,22
C7H5N3O2,seen,17,1161,697,232,232,0,607,198,198,0,76,22,31,0
C7H5N5,test_ood,17,157,0,0,0,157,0,0,0,157,0,0,0,26
C7H6,seen,13,696,418,139,139,0,418,139,139,0,35,13,7,0
C7H6N2,test_ood,15,1103,0,0,0,1103,0,0,0,1004,0,0,0,138
C7H6N2O1,test_ood,16,593,0,0,0,593,0,0,0,586,0,0,0,90
C7H6N2O2,seen,17,1097,658,220,219,0,652,218,219,0,106,31,30,0
C7H6N2O3,seen,18,205,123,41,41,0,123,41,40,0,17,4,4,0
C7H6N4,seen,17,1321,793,264,264,0,697,233,234,0,99,33,39,0
C7H6N4O1,seen,18,711,427,142,142,0,426,139,142,0,49,17,18,0
C7H6N4O2,seen,19,483,290,97,96,0,193,70,67,0,41,16,12,0
C7H6N4O3,test_ood,20,3,0,0,0,3,0,0,0,0,0,0,0,0
C7H6N6,seen,19,1,1,0,0,0,0,0,0,0,0,0,0,0
C7H6O1,seen,14,5146,3088,1029,1029,0,3025,1005,1001,0,385,127,116,0
C7H6O2,seen,15,1554,932,311,311,0,686,228,239,0,103,39,35,0
C7H6O3,test_ood,16,1235,0,0,0,1235,0,0,0,1223,0,0,0,172
C7H6O4,test_ood,17,1844,0,0,0,1844,0,0,0,1535,0,0,0,222
C7H6O5,seen,18,2,1,1,0,0,1,1,0,0,0,0,0,0
C7H7N1,seen,15,5248,3149,1050,1049,0,3092,1026,1025,0,415,118,128,0
C7H7N1O1,seen,16,3762,2257,753,752,0,1183,399,426,0,204,80,68,0
C7H7N1O2,test_ood,17,1527,0,0,0,1527,0,0,0,463,0,0,0,172
C7H7N1O3,seen,18,4452,2671,891,890,0,1848,628,614,0,327,108,122,0
C7H7N1O4,seen,19,1709,1025,342,342,0,503,172,167,0,114,35,43,0
C7H7N1O5,seen,20,2,1,1,0,0,0,0,0,0,0,0,0,0
C7H7N3,test_ood,17,626,0,0,0,626,0,0,0,459,0,0,0,76
C7H7N3O1,test_ood,18,1695,0,0,0,1695,0,0,0,1665,0,0,0,196
C7H7N3O2,test_ood,19,1122,0,0,0,1122,0,0,0,964,0,0,0,129
C7H7N3O3,test_ood,20,4,0,0,0,4,0,0,0,0,0,0,0,1
C7H7N3O4,seen,21,2,1,1,0,0,0,0,0,0,0,0,0,0
C7H7N5,seen,19,443,266,89,88,0,175,60,60,0,31,15,7,0
C7H7N5O1,seen,20,1,1,0,0,0,0,0,0,0,0,0,0,0
C7H7N7,test_ood,21,121,0,0,0,121,0,0,0,117,0,0,0,7
C7H8,seen,15,1968,1181,394,393,0,1168,392,390,0,87,38,40,0
C7H8N2,seen,17,2383,1430,477,476,0,1137,389,391,0,172,46,64,0
C7H8N2O1,seen,18,2862,1717,573,572,0,241,86,82,0,140,58,53,0
C7H8N2O2,seen,19,5098,3059,1020,1019,0,2316,753,765,0,324,112,121,0
C7H8N2O3,seen,20,1332,799,267,266,0,792,266,264,0,93,20,34,0
C7H8N2O4,test_ood,21,5,0,0,0,5,0,0,0,0,0,0,0,0
C7H8N4,test_ood,19,1738,0,0,0,1738,0,0,0,1433,0,0,0,224
C7H8N4O1,seen,20,953,572,191,190,0,476,158,164,0,79,28,17,0
C7H8N4O2,test_ood,21,366,0,0,0,366,0,0,0,360,0,0,0,15
C7H8N4O3,seen,22,1,1,0,0,0,0,0,0,0,0,0,0,0
C7H8N4O4,seen,23,1,1,0,0,0,0,0,0,0,0,0,0,0
C7H8N6,test_ood,21,2,0,0,0,2,0,0,0,0,0,0,0,0
C7H8N6O2,test_ood,23,1,0,0,0,1,0,0,0,0,0,0,0,0
C7H8O1,test_ood,16,17017,0,0,0,17017,0,0,0,14660,0,0,0,1760
C7H8O2,seen,17,4455,2673,891,891,0,2129,692,697,0,344,116,107,0
C7H8O3,seen,18,385,231,77,77,0,218,75,76,0,30,12,15,0
C7H8O4,test_ood,19,2129,0,0,0,2129,0,0,0,1478,0,0,0,224
C7H8O5,seen,20,20,12,4,4,0,11,3,3,0,3,2,1,0
C7H8O6,seen,21,1,1,0,0,0,0,0,0,0,0,0,0,0
C7H9N1,seen,17,18484,11090,3697,3697,0,9733,3232,3239,0,1178,415,408,0
C7H9N1O1,seen,18,9382,5629,1877,1876,0,3674,1214,1258,0,608,200,207,0
C7H9N1O2,test_ood,19,1911,0,0,0,1911,0,0,0,1331,0,0,0,236
C7H9N1O3,seen,20,1035,621,207,207,0,529,170,175,0,81,27,23,0
C7H9N1O4,seen,21,151,91,30,30,0,86,28,27,0,4,0,0,0
C7H9N1O5,seen,22,112,67,23,22,0,62,22,21,0,5,3,0,0
C7H9N3,test_ood,19,1387,0,0,0,1387,0,0,0,616,0,0,0,175
C7H9N3O1,seen,20,735,441,147,147,0,340,123,112,0,48,29,19,0
C7H9N3O2,seen,21,1415,849,283,283,0,841,279,280,0,24,10,9,0
C7H9N3O3,seen,22,95,57,19,19,0,54,17,17,0,1,1,1,0
C7H9N3O4,test_ood,23,1,0,0,0,1,0,0,0,0,0,0,0,0
C7H9N5,test_ood,21,789,0,0,0,789,0,0,0,779,0,0,0,46
C7H9N5O1,seen,22,415,249,83,83,0,245,81,83,0,8,0,1,0
C7H9N5O2,test_ood,23,4,0,0,0,4,0,0,0,0,0,0,0,0
C7H9N5O3,seen,24,1,1,0,0,0,0,0,0,0,0,0,0,0
C7H9N7O1,seen,24,1,1,0,0,0,0,0,0,0,0,0,0,0
C8H10,seen,18,7544,4526,1509,1509,0,3564,1187,1186,0,484,168,168,0
C8H10N2,seen,20,477,286,96,95,0,286,96,95,0,41,9,6,0
C8H10N2O1,test_ood,21,1700,0,0,0,1700,0,0,0,1197,0,0,0,112
C8H10N2O2,seen,22,1840,1104,368,368,0,1082,357,358,0,46,19,20,0
C8H10N2O3,test_ood,23,238,0,0,0,238,0,0,0,231,0,0,0,5
C8H10N2O4,test_ood,24,6,0,0,0,6,0,0,0,0,0,0,0,0
C8H10N4,test_ood,22,1062,0,0,0,1062,0,0,0,1050,0,0,0,51
C8H10N4O1,test_ood,23,1297,0,0,0,1297,0,0,0,845,0,0,0,67
C8H10N4O2,test_ood,24,5,0,0,0,5,0,0,0,0,0,0,0,0
C8H10N4O3,seen,25,146,88,29,29,0,84,29,29,0,11,4,4,0
C8H10N6,test_ood,24,278,0,0,0,278,0,0,0,278,0,0,0,19
C8H10N6O1,test_ood,25,2,0,0,0,2,0,0,0,0,0,0,0,0
C8H10O1,test_ood,19,4533,0,0,0,4533,0,0,0,3225,0,0,0,531
C8H10O2,test_ood,20,1227,0,0,0,1227,0,0,0,1214,0,0,0,145
C8H10O3,seen,21,1487,892,298,297,0,885,290,293,0,30,7,6,0
C8H10O4,test_ood,22,147,0,0,0,147,0,0,0,141,0,0,0,4
C8H10O5,seen,23,3,2,1,0,0,0,0,0,0,0,0,0,0
C8H10O6,seen,24,1,1,0,0,0,0,0,0,0,0,0,0,0
C8H11N1,test_ood,20,5337,0,0,0,5337,0,0,0,4296,0,0,0,645
C8H11N1O1,test_ood,21,1036,0,0,0,1036,0,0,0,629,0,0,0,64
C8H11N1O2,test_ood,22,1477,0,0,0,1477,0,0,0,1454,0,0,0,42
C8H11N1O3,test_ood,23,1147,0,0,0,1147,0,0,0,1130,0,0,0,36
C8H11N1O4,test_ood,24,363,0,0,0,363,0,0,0,340,0,0,0,16
C8H11N1O5,seen,25,2,1,1,0,0,0,0,0,0,0,0,0,0
C8H11N3,seen,22,1158,695,232,231,0,587,200,199,0,38,13,17,0
C8H11N3O1,test_ood,23,1087,0,0,0,1087,0,0,0,931,0,0,0,53
C8H11N3O2,seen,24,244,146,49,49,0,142,47,48,0,5,3,1,0
C8H11N3O3,seen,25,4,2,1,1,0,0,0,0,0,0,0,0,0
C8H11N5,seen,24,871,523,174,174,0,427,137,150,0,20,6,5,0
C8H11N5O1,test_ood,25,741,0,0,0,741,0,0,0,713,0,0,0,47
C8H11N5O2,seen,26,279,167,56,56,0,163,55,55,0,4,4,1,0
C8H11N7O1,test_ood,27,1,0,0,0,1,0,0,0,0,0,0,0,0
C8H12,test_ood,20,6094,0,0,0,6094,0,0,0,5891,0,0,0,601
C8H12N2,seen,22,1484,890,297,297,0,708,247,240,0,49,10,16,0
C8H12N2O1,test_ood,23,839,0,0,0,839,0,0,0,655,0,0,0,45
C8H12N2O2,seen,24,2998,1799,600,599,0,1400,479,456,0,80,37,28,0
C8H12N2O3,test_ood,25,350,0,0,0,350,0,0,0,335,0,0,0,7
C8H12N2O4,test_ood,26,7,0,0,0,7,0,0,0,0,0,0,0,0
C8H12N2O7,seen,29,556,334,111,111,0,320,108,108,0,36,16,15,0
C8H12N4,test_ood,24,889,0,0,0,889,0,0,0,597,0,0,0,51
C8H12N4O1,test_ood,25,1038,0,0,0,1038,0,0,0,1017,0,0,0,34
C8H12N4O2,seen,26,9,5,2,2,0,0,0,0,0,0,0,0,0
C8H12N4O3,seen,27,1066,640,213,213,0,611,207,208,0,26,6,5,0
C8H12N6,seen,26,3,2,1,0,0,0,0,0,0,0,0,0,0
C8H12N6O1,test_ood,27,129,0,0,0,129,0,0,0,127,0,0,0,8
C8H12N6O2,seen,28,1,1,0,0,0,0,0,0,0,0,0,0,0
C8H12N6O3,seen,29,1,1,0,0,0,0,0,0,0,0,0,0,0
C8H12O1,seen,21,4016,2410,803,803,0,2046,711,692,0,44,19,15,0
C8H12O2,test_ood,22,569,0,0,0,569,0,0,0,295,0,0,0,34
C8H12O3,test_ood,23,667,0,0,0,667,0,0,0,657,0,0,0,39
C8H12O4,seen,24,632,379,127,126,0,271,87,83,0,19,5,8,0
C8H13N1,seen,22,5850,3510,1170,1170,0,3015,1018,1023,0,55,15,25,0
C8H13N1O1,seen,23,497,298,100,99,0,36,14,15,0,38,9,10,0
C8H13N1O2,test_ood,24,869,0,0,0,869,0,0,0,540,0,0,0,50
C8H13N1O3,test_ood,25,746,0,0,0,746,0,0,0,735,0,0,0,31
C8H13N1O5,seen,27,1,1,0,0,0,0,0,0,0,0,0,0,0
C8H13N3,seen,24,528,317,106,105,0,126,30,41,0,26,13,8,0
C8H13N3O1,seen,25,1157,694,232,231,0,689,230,228,0,17,5,4,0
C8H13N3O2,test_ood,26,4,0,0,0,4,0,0,0,0,0,0,0,0
C8H13N3O3,seen,27,6,4,1,1,0,0,0,0,0,0,0,0,0
C8H13N3O6,test_ood,30,1129,0,0,0,1129,0,0,0,1089,0,0,0,40
C8H13N5,test_ood,26,533,0,0,0,533,0,0,0,517,0,0,0,28
C8H13N5O1,test_ood,27,449,0,0,0,449,0,0,0,434,0,0,0,27
C8H13N5O2,test_ood,28,3,0,0,0,3,0,0,0,0,0,0,0,0
C8H13N5O3,test_ood,29,1,0,0,0,1,0,0,0,0,0,0,0,0
C8H13N7,test_ood,28,1,0,0,0,1,0,0,0,0,0,0,0,0
C8H13N7O2,seen,30,1,1,0,0,0,0,0,0,0,0,0,0,0
C8H14,seen,22,1432,859,287,286,0,830,275,275,0,30,13,14,0
C8H14N2,seen,24,233,140,47,46,0,139,47,46,0,4,2,3,0
C8H14N2O1,seen,25,308,185,62,61,0,182,59,61,0,0,0,0,0
C8H14N2O2,test_ood,26,919,0,0,0,919,0,0,0,912,0,0,0,6
C8H14N2O3,seen,27,988,593,198,197,0,568,183,190,0,22,7,6,0
C8H14N2O4,seen,28,1137,682,228,227,0,658,218,216,0,25,7,11,0
C8H14N2O5,seen,29,1019,611,204,204,0,586,199,194,0,14,11,5,0
C8H14N2O6,test_ood,30,2020,0,0,0,2020,0,0,0,1939,0,0,0,114
C8H14N4,seen,26,720,432,144,144,0,429,143,143,0,27,5,2,0
C8H14N4O1,seen,27,316,190,63,63,0,184,63,63,0,5,0,0,0
C8H14N4O2,seen,28,141,85,28,28,0,79,26,27,0,3,0,1,0
C8H14N4O3,test_ood,29,2,0,0,0,2,0,0,0,0,0,0,0,0
C8H14N4O5,test_ood,31,573,0,0,0,573,0,0,0,553,0,0,0,46
C8H14N6,seen,28,1,1,0,0,0,0,0,0,0,0,0,0,0
C8H14N6O1,seen,29,3,2,1,0,0,0,0,0,0,0,0,0,0
C8H14N6O3,seen,31,1,1,0,0,0,0,0,0,0,0,0,0,0
C8H14O1,seen,23,1608,965,322,321,0,684,221,228,0,30,14,9,0
C8H14O2,seen,24,196,118,39,39,0,30,12,10,0,4,2,3,0
C8H14O3,test_ood,25,481,0,0,0,481,0,0,0,473,0,0,0,16
C8H14O4,seen,26,312,187,63,62,0,185,62,62,0,9,2,4,0
C8H14O5,seen,27,2,1,1,0,0,0,0,0,0,0,0,0,0
C8H15N1,seen,24,2131,1279,426,426,0,1121,375,365,0,19,5,5,0
C8H15N1O1,seen,25,542,325,109,108,0,321,108,104,0,8,2,5,0
C8H15N1O2,seen,26,396,238,79,79,0,236,77,76,0,5,1,2,0
C8H15N1O3,test_ood,27,949,0,0,0,949,0,0,0,937,0,0,0,19
C8H15N1O4,test_ood,28,246,0,0,0,246,0,0,0,237,0,0,0,21
C8H15N1O5,test_ood,29,1,0,0,0,1,0,0,0,0,0,0,0,0
C8H15N3,test_ood,26,374,0,0,0,374,0,0,0,370,0,0,0,11
C8H15N3O1,seen,27,840,504,168,168,0,502,166,168,0,3,3,1,0
C8H15N3O2,seen,28,104,62,21,21,0,61,20,20,0,2,0,1,0
C8H15N3O3,test_ood,29,3,0,0,0,3,0,0,0,0,0,0,0,0
C8H15N3O4,test_ood,30,1032,0,0,0,1032,0,0,0,990,0,0,0,33
C8H15N3O5,test_ood,31,1855,0,0,0,1855,0,0,0,1775,0,0,0,66
C8H15N5,seen,28,289,173,58,58,0,171,57,57,0,5,3,2,0
C8H15N5O1,test_ood,29,1,0,0,0,1,0,0,0,0,0,0,0,0
C8H15N5O2,seen,30,3,2,1,0,0,0,0,0,0,0,0,0,0
C8H16,test_ood,24,471,0,0,0,471,0,0,0,462,0,0,0,23
C8H16N2,seen,26,992,595,199,198,0,578,190,194,0,26,5,4,0
C8H16N2O1,test_ood,27,892,0,0,0,892,0,0,0,869,0,0,0,45
C8H16N2O2,seen,28,768,461,154,153,0,458,153,153,0,10,4,3,0
C8H16N2O3,seen,29,2227,1336,446,445,0,1261,422,418,0,29,12,6,0
C8H16N2O4,seen,30,1255,753,251,251,0,728,241,239,0,43,14,11,0
C8H16N2O5,seen,31,510,306,102,102,0,293,98,98,0,25,2,13,0
C8H16N4,test_ood,28,427,0,0,0,427,0,0,0,425,0,0,0,16
C8H16N4O2,seen,30,6,4,1,1,0,0,0,0,0,0,0,0,0
C8H16N6,seen,30,2,1,1,0,0,0,0,0,0,0,0,0,0
C8H16N6O1,test_ood,31,1,0,0,0,1,0,0,0,0,0,0,0,0
C8H16N6O2,seen,32,1,1,0,0,0,0,0,0,0,0,0,0,0
C8H16O1,seen,25,106,64,21,21,0,55,19,18,0,0,2,0,0
C8H16O2,test_ood,26,239,0,0,0,239,0,0,0,234,0,0,0,12
C8H16O3,seen,27,232,139,47,46,0,138,47,46,0,7,1,2,0
C8H16O4,seen,28,288,173,58,57,0,170,57,56,0,10,4,5,0
C8H16O5,seen,29,117,70,24,23,0,67,23,23,0,0,0,0,0
C8H16O6,seen,30,1,1,0,0,0,0,0,0,0,0,0,0,0
C8H16O7,test_ood,31,1,0,0,0,1,0,0,0,0,0,0,0,0
C8H17N1,test_ood,26,191,0,0,0,191,0,0,0,166,0,0,0,1
C8H17N1O1,seen,27,385,231,77,77,0,229,76,74,0,9,5,2,0
C8H17N1O2,test_ood,28,124,0,0,0,124,0,0,0,121,0,0,0,0
C8H17N1O3,seen,29,577,346,116,115,0,342,114,114,0,7,3,2,0
C8H17N1O4,test_ood,30,209,0,0,0,209,0,0,0,209,0,0,0,5
C8H17N1O5,seen,31,125,75,25,25,0,75,25,25,0,2,2,1,0
C8H17N3,seen,28,495,297,99,99,0,290,96,95,0,16,4,3,0
C8H17N3O1,seen,29,651,391,130,130,0,387,129,126,0,5,0,1,0
C8H17N3O2,test_ood,30,116,0,0,0,116,0,0,0,114,0,0,0,5
C8H17N3O3,seen,31,791,475,158,158,0,453,148,149,0,8,2,2,0
C8H17N3O5,seen,33,1,1,0,0,0,0,0,0,0,0,0,0,0
C8H17N5,seen,30,1,1,0,0,0,0,0,0,0,0,0,0,0
C8H17N5O1,test_ood,31,4,0,0,0,4,0,0,0,0,0,0,0,0
C8H17N5O2,seen,32,2,1,1,0,0,0,0,0,0,0,0,0,0
C8H17N5O3,seen,33,1070,642,214,214,0,616,210,204,0,22,14,13,0
C8H17N7,test_ood,32,2,0,0,0,2,0,0,0,0,0,0,0,0
C8H18N2,seen,28,230,138,46,46,0,129,46,46,0,0,1,0,0
C8H18N2O1,seen,29,917,550,184,183,0,531,181,177,0,21,7,6,0
C8H18N2O2,seen,30,562,337,113,112,0,334,113,111,0,4,1,3,0
C8H18N2O3,seen,31,117,70,24,23,0,66,23,22,0,0,0,0,0
C8H18N2O4,seen,32,3,2,1,0,0,0,0,0,0,0,0,0,0
C8H18N2O5,seen,33,3,2,1,0,0,0,0,0,0,0,0,0,0
C8H18N2O6,seen,34,1,1,0,0,0,0,0,0,0,0,0,0,0
C8H18N4,seen,30,341,205,68,68,0,201,65,67,0,10,3,3,0
C8H18N4O1,seen,31,112,67,23,22,0,66,22,22,0,0,0,0,0
C8H18N4O2,test_ood,32,1,0,0,0,1,0,0,0,0,0,0,0,0
C8H18N4O3,seen,33,1,1,0,0,0,0,0,0,0,0,0,0,0
C8H18N6,test_ood,32,1,0,0,0,1,0,0,0,0,0,0,0,0
C8H18O1,test_ood,27,2,0,0,0,2,0,0,0,2,0,0,0,0
C8H18O2,seen,28,139,83,28,28,0,83,28,28,0,0,0,0,0
C8H18O3,test_ood,29,16,0,0,0,16,0,0,0,16,0,0,0,0
C8H18O4,test_ood,30,20,0,0,0,20,0,0,0,20,0,0,0,0
C8H19N1,test_ood,28,5,0,0,0,5,0,0,0,5,0,0,0,0
C8H19N1O1,test_ood,29,110,0,0,0,110,0,0,0,110,0,0,0,4
C8H19N1O2,seen,30,33,20,7,6,0,20,7,6,0,0,0,0,0
C8H19N1O3,seen,31,58,35,12,11,0,34,12,11,0,0,0,0,0
C8H19N1O5,test_ood,33,2,0,0,0,2,0,0,0,0,0,0,0,0
C8H19N3,test_ood,30,66,0,0,0,66,0,0,0,65,0,0,0,0
C8H19N3O1,seen,31,419,251,84,84,0,247,83,84,0,4,2,0,0
C8H19N3O2,seen,32,127,76,26,25,0,75,25,24,0,3,2,0,0
C8H19N3O3,seen,33,2,1,1,0,0,0,0,0,0,0,0,0,0
C8H19N3O4,test_ood,34,1,0,0,0,1,0,0,0,0,0,0,0,0
C8H19N3O5,seen,35,1,1,0,0,0,0,0,0,0,0,0,0,0
C8H19N5,seen,32,1,1,0,0,0,0,0,0,0,0,0,0,0
C8H19N5O2,test_ood,34,1,0,0,0,1,0,0,0,0,0,0,0,0
C8H1N3O1,seen,13,3,2,1,0,0,2,1,0,0,0,0,0,0
C8H2,seen,10,80,48,16,16,0,47,16,16,0,5,3,2,0
C8H20N2,seen,30,8,5,2,1,0,5,2,1,0,0,0,0,0
C8H20N2O1,seen,31,37,22,8,7,0,22,8,6,0,0,0,0,0
C8H20N2O2,test_ood,32,90,0,0,0,90,0,0,0,87,0,0,0,0
C8H20N2O3,seen,33,4,2,1,1,0,0,0,0,0,0,0,0,0
C8H20N2O4,test_ood,34,1,0,0,0,1,0,0,0,0,0,0,0,0
C8H20N2O5,test_ood,35,2,0,0,0,2,0,0,0,0,0,0,0,0
C8H20N4,test_ood,32,214,0,0,0,214,0,0,0,213,0,0,0,9
C8H20N4O1,seen,33,2,1,1,0,0,0,0,0,0,0,0,0,0
C8H20N4O2,seen,34,346,208,69,69,0,202,69,67,0,6,8,2,0
C8H20N4O3,seen,35,1,1,0,0,0,0,0,0,0,0,0,0,0
C8H20N6O1,seen,35,108,65,22,21,0,64,22,21,0,4,4,1,0
C8H20O2,test_ood,30,1,0,0,0,1,0,0,0,1,0,0,0,0
C8H20O3,seen,31,1,1,0,0,0,1,0,0,0,0,0,0,0
C8H20O4,test_ood,32,4,0,0,0,4,0,0,0,4,0,0,0,0
C8H21N1,seen,30,1,1,0,0,0,1,0,0,0,0,0,0,0
C8H21N1O1,test_ood,31,2,0,0,0,2,0,0,0,2,0,0,0,0
C8H21N1O2,seen,32,2,1,1,0,0,1,1,0,0,0,0,0,0
C8H21N1O3,test_ood,33,4,0,0,0,4,0,0,0,4,0,0,0,0
C8H21N3,test_ood,32,118,0,0,0,118,0,0,0,117,0,0,0,0
C8H21N3O1,test_ood,33,70,0,0,0,70,0,0,0,69,0,0,0,0
C8H21N3O3,seen,35,3,2,1,0,0,0,0,0,0,0,0,0,0
C8H21N5,seen,34,2,1,1,0,0,0,0,0,0,0,0,0,0
C8H21N5O2,seen,36,2,1,1,0,0,0,0,0,0,0,0,0,0
C8H22N2,test_ood,32,1,0,0,0,1,0,0,0,1,0,0,0,0
C8H22N2O1,test_ood,33,6,0,0,0,6,0,0,0,6,0,0,0,0
C8H22N2O2,seen,34,8,5,2,1,0,5,2,1,0,0,0,0,0
C8H22N4,test_ood,34,24,0,0,0,24,0,0,0,24,0,0,0,0
C8H22N4O3,seen,37,2,1,1,0,0,0,0,0,0,0,0,0,0
C8H22N6O2,seen,38,1,1,0,0,0,0,0,0,0,0,0,0,0
C8H22N6O3,seen,39,1,1,0,0,0,0,0,0,0,0,0,0,0
C8H23N3,test_ood,34,2,0,0,0,2,0,0,0,2,0,0,0,0
C8H23N3O1,seen,35,5,3,1,1,0,3,1,1,0,0,0,0,0
C8H23N5O2,seen,38,1,1,0,0,0,0,0,0,0,0,0,0,0
C8H24N4,seen,36,3,2,1,0,0,2,1,0,0,0,0,0,0
C8H24N4O1,seen,37,1,1,0,0,0,0,0,0,0,0,0,0,0
C8H2N2,test_ood,12,1,0,0,0,1,0,0,0,1,0,0,0,0
C8H2N2O2,seen,14,2,1,1,0,0,1,1,0,0,0,0,0,0
C8H2N4,test_ood,14,3,0,0,0,3,0,0,0,3,0,0,0,0
C8H3N1,seen,12,11,7,2,2,0,7,0,1,0,3,0,0,0
C8H3N1O1,test_ood,13,1,0,0,0,1,0,0,0,1,0,0,0,0
C8H3N1O2,seen,14,2,1,1,0,0,1,1,0,0,0,0,0,0
C8H3N1O3,test_ood,15,3,0,0,0,3,0,0,0,3,0,0,0,1
C8H3N3O1,seen,15,7,4,2,1,0,4,2,1,0,0,1,0,0
C8H4,test_ood,12,373,0,0,0,373,0,0,0,359,0,0,0,56
C8H4N2,test_ood,14,131,0,0,0,131,0,0,0,131,0,0,0,12
C8H4N2O1,seen,15,260,156,52,52,0,71,15,26,0,26,4,5,0
C8H4N2O2,seen,16,155,93,31,31,0,93,31,31,0,14,5,6,0
C8H4N4,test_ood,16,13,0,0,0,13,0,0,0,13,0,0,0,2
C8H4O1,test_ood,13,51,0,0,0,51,0,0,0,46,0,0,0,10
C8H4O2,seen,14,1,1,0,0,0,1,0,0,0,0,0,0,0
C8H4O3,seen,15,140,84,28,28,0,83,28,28,0,5,3,5,0
C8H4O4,seen,16,1,1,0,0,0,1,0,0,0,0,0,0,0
C8H5N1,seen,14,77,46,16,15,0,36,13,14,0,9,2,3,0
C8H5N1O1,test_ood,15,148,0,0,0,148,0,0,0,147,0,0,0,10
C8H5N1O2,test_ood,16,275,0,0,0,275,0,0,0,274,0,0,0,35
C8H5N1O3,test_ood,17,821,0,0,0,821,0,0,0,814,0,0,0,102
C8H5N3,test_ood,16,9,0,0,0,9,0,0,0,9,0,0,0,0
C8H5N3O1,test_ood,17,47,0,0,0,47,0,0,0,46,0,0,0,11
C8H5N3O3,test_ood,19,1,0,0,0,1,0,0,0,0,0,0,0,0
C8H6,seen,14,1364,818,273,273,0,805,266,270,0,105,37,43,0
C8H6N2,seen,16,786,472,157,157,0,471,157,157,0,50,20,17,0
C8H6N2O1,seen,17,3383,2030,677,676,0,700,250,257,0,174,56,63,0
C8H6N2O2,seen,18,1998,1199,400,399,0,1185,396,393,0,139,42,45,0
C8H6N4,seen,18,306,184,61,61,0,184,60,61,0,30,7,9,0
C8H6N4O1,seen,19,142,85,29,28,0,83,28,27,0,13,4,3,0
C8H6N4O2,seen,20,1,1,0,0,0,0,0,0,0,0,0,0,0
C8H6O1,seen,15,414,248,83,83,0,228,80,73,0,29,14,15,0
C8H6O2,test_ood,16,1836,0,0,0,1836,0,0,0,1252,0,0,0,188
C8H6O3,test_ood,17,1056,0,0,0,1056,0,0,0,867,0,0,0,102
C8H6O4,seen,18,1108,665,222,221,0,483,165,167,0,78,20,29,0
C8H7N1,test_ood,16,505,0,0,0,505,0,0,0,447,0,0,0,66
C8H7N1O1,seen,17,61,37,12,12,0,36,12,12,0,5,0,3,0
C8H7N1O2,seen,18,2833,1700,567,566,0,1574,524,528,0,174,55,63,0
C8H7N1O3,test_ood,19,1342,0,0,0,1342,0,0,0,1330,0,0,0,143
C8H7N1O4,test_ood,20,531,0,0,0,531,0,0,0,343,0,0,0,68
C8H7N1O5,seen,21,1,1,0,0,0,0,0,0,0,0,0,0,0
C8H7N3,test_ood,18,3985,0,0,0,3985,0,0,0,1806,0,0,0,352
C8H7N3O1,test_ood,19,2285,0,0,0,2285,0,0,0,1931,0,0,0,302
C8H7N3O2,test_ood,20,131,0,0,0,131,0,0,0,131,0,0,0,14
C8H7N3O3,seen,21,2,1,1,0,0,0,0,0,0,0,0,0,0
C8H7N5,test_ood,20,274,0,0,0,274,0,0,0,274,0,0,0,31
C8H8,seen,16,4374,2624,875,875,0,2566,858,854,0,316,92,109,0
C8H8N2,seen,18,783,470,157,156,0,461,157,151,0,63,22,17,0
C8H8N2O1,test_ood,19,2003,0,0,0,2003,0,0,0,1841,0,0,0,225
C8H8N2O2,seen,20,1444,866,289,289,0,853,287,286,0,116,41,26,0
C8H8N2O3,seen,21,130,78,26,26,0,77,25,26,0,0,0,0,0
C8H8N2O4,seen,22,2,1,1,0,0,0,0,0,0,0,0,0,0
C8H8N4,test_ood,20,1647,0,0,0,1647,0,0,0,1374,0,0,0,175
C8H8N4O1,test_ood,21,378,0,0,0,378,0,0,0,373,0,0,0,11
C8H8N4O2,test_ood,22,1,0,0,0,1,0,0,0,0,0,0,0,0
C8H8N6,seen,22,144,86,29,29,0,0,0,0,0,9,5,2,0
C8H8N6O1,seen,23,1,1,0,0,0,0,0,0,0,0,0,0,0
C8H8O1,test_ood,17,1796,0,0,0,1796,0,0,0,1566,0,0,0,216
C8H8O2,test_ood,18,866,0,0,0,866,0,0,0,103,0,0,0,77
C8H8O3,seen,19,4913,2948,983,982,0,2034,706,688,0,288,99,100,0
C8H8O4,seen,20,2649,1589,530,530,0,1430,461,474,0,175,61,60,0
C8H8O6,seen,22,2,1,1,0,0,0,0,0,0,0,0,0,0
C8H9N1,seen,18,1739,1043,348,348,0,900,307,301,0,120,41,56,0
C8H9N1O1,seen,19,2937,1762,588,587,0,375,114,134,0,166,60,54,0
C8H9N1O2,test_ood,20,1753,0,0,0,1753,0,0,0,1165,0,0,0,187
C8H9N1O3,seen,21,2284,1370,457,457,0,1355,456,455,0,32,8,9,0
C8H9N1O4,seen,22,127,76,26,25,0,72,24,23,0,2,0,0,0
C8H9N1O5,seen,23,1,1,0,0,0,0,0,0,0,0,0,0,0
C8H9N3,test_ood,20,1747,0,0,0,1747,0,0,0,1555,0,0,0,220
C8H9N3O1,seen,21,935,561,187,187,0,553,185,185,0,31,5,7,0
C8H9N3O2,seen,22,378,227,76,75,0,222,73,74,0,4,1,1,0
C8H9N3O3,test_ood,23,2,0,0,0,2,0,0,0,0,0,0,0,0
C8H9N3O4,test_ood,24,1,0,0,0,1,0,0,0,0,0,0,0,0
C8H9N5,seen,22,1121,673,224,224,0,581,193,189,0,30,8,11,0
C8H9N5O1,seen,23,1,1,0,0,0,0,0,0,0,0,0,0,0
C9H10,seen,19,1270,762,254,254,0,528,166,162,0,77,35,33,0
C9H10N2,test_ood,21,1401,0,0,0,1401,0,0,0,1206,0,0,0,24
C9H10N2O1,seen,22,2302,1381,461,460,0,917,315,299,0,78,16,26,0
C9H10N2O2,seen,23,1227,736,246,245,0,727,242,242,0,13,9,2,0
C9H10N2O3,test_ood,24,340,0,0,0,340,0,0,0,333,0,0,0,13
C9H10N2O4,test_ood,25,4,0,0,0,4,0,0,0,0,0,0,0,0
C9H10N4,test_ood,23,1416,0,0,0,1416,0,0,0,1247,0,0,0,45
C9H10N4O1,test_ood,24,264,0,0,0,264,0,0,0,257,0,0,0,12
C9H10N4O2,seen,25,137,82,28,27,0,77,28,26,0,2,3,0,0
C9H10N4O3,test_ood,26,1,0,0,0,1,0,0,0,0,0,0,0,0
C9H10O1,seen,20,663,398,133,132,0,199,63,68,0,36,12,12,0
C9H10O2,seen,21,1571,943,314,314,0,572,195,193,0,50,14,20,0
C9H10O3,seen,22,2293,1376,459,458,0,1171,378,395,0,37,16,15,0
C9H10O4,seen,23,2265,1359,453,453,0,1301,428,435,0,41,17,12,0
C9H10O5,seen,24,2,1,1,0,0,0,0,0,0,0,0,0,0
C9H11N1,test_ood,21,664,0,0,0,664,0,0,0,656,0,0,0,41
C9H11N1O1,test_ood,22,2782,0,0,0,2782,0,0,0,1027,0,0,0,170
C9H11N1O2,test_ood,23,4156,0,0,0,4156,0,0,0,3679,0,0,0,68
C9H11N1O3,seen,24,3120,1872,624,624,0,1765,584,582,0,22,5,15,0
C9H11N1O4,seen,25,5,3,1,1,0,0,0,0,0,0,0,0,0
C9H11N1O5,seen,26,2,1,1,0,0,0,0,0,0,0,0,0,0
C9H11N3,seen,23,2464,1478,493,493,0,1375,457,465,0,25,19,14,0
C9H11N3O1,test_ood,24,1281,0,0,0,1281,0,0,0,1078,0,0,0,51
C9H11N3O2,seen,25,131,79,26,26,0,77,26,25,0,4,1,1,0
C9H11N3O3,test_ood,26,2,0,0,0,2,0,0,0,0,0,0,0,0
C9H11N3O4,test_ood,27,1,0,0,0,1,0,0,0,0,0,0,0,0
C9H11N5,seen,25,401,241,80,80,0,237,79,80,0,4,1,3,0
C9H11N5O1,test_ood,26,5,0,0,0,5,0,0,0,0,0,0,0,0
C9H12,seen,21,2619,1571,524,524,0,1065,336,356,0,61,17,19,0
C9H12N2,seen,23,1363,818,273,272,0,726,222,229,0,23,13,8,0
C9H12N2O1,seen,24,2140,1284,428,428,0,898,306,307,0,57,17,18,0
C9H12N2O2,seen,25,1249,749,250,250,0,740,242,247,0,29,10,6,0
C9H12N2O3,seen,26,105,63,21,21,0,60,21,19,0,3,0,1,0
C9H12N2O4,seen,27,6,4,1,1,0,0,0,0,0,0,0,0,0
C9H12N4,seen,25,451,271,90,90,0,261,88,85,0,12,5,5,0
C9H12N4O1,test_ood,26,523,0,0,0,523,0,0,0,515,0,0,0,25
C9H12N4O2,test_ood,27,126,0,0,0,126,0,0,0,119,0,0,0,0
C9H12N4O4,seen,29,1,1,0,0,0,0,0,0,0,0,0,0,0
C9H12N6,test_ood,27,1,0,0,0,1,0,0,0,0,0,0,0,0
C9H12N6O1,test_ood,28,1,0,0,0,1,0,0,0,0,0,0,0,0
C9H12O1,seen,22,13,8,3,2,0,8,3,2,0,0,0,0,0
C9H12O2,seen,23,1654,992,331,331,0,788,265,249,0,37,12,9,0
C9H12O3,test_ood,24,891,0,0,0,891,0,0,0,878,0,0,0,15
C9H12O4,test_ood,25,406,0,0,0,406,0,0,0,396,0,0,0,14
C9H12O6,seen,27,2,1,1,0,0,0,0,0,0,0,0,0,0
C9H13N1,test_ood,23,205,0,0,0,205,0,0,0,25,0,0,0,17
C9H13N1O1,seen,24,954,572,191,191,0,232,67,72,0,39,15,17,0
C9H13N1O2,seen,25,1482,889,297,296,0,880,295,289,0,19,13,8,0
C9H13N1O3,test_ood,26,1147,0,0,0,1147,0,0,0,1128,0,0,0,42
C9H13N1O4,test_ood,27,8,0,0,0,8,0,0,0,0,0,0,0,0
C9H13N1O5,seen,28,2,1,1,0,0,0,0,0,0,0,0,0,0
C9H13N3,seen,25,992,595,199,198,0,589,197,197,0,17,4,8,0
C9H13N3O1,seen,26,1082,649,217,216,0,629,216,209,0,35,14,7,0
C9H13N3O2,test_ood,27,228,0,0,0,228,0,0,0,217,0,0,0,1
C9H13N3O3,seen,28,4,2,1,1,0,0,0,0,0,0,0,0,0
C9H13N5,seen,27,109,65,22,22,0,60,22,21,0,2,0,0,0
C9H13N5O1,seen,28,5,3,1,1,0,0,0,0,0,0,0,0,0
C9H14,test_ood,23,1592,0,0,0,1592,0,0,0,1380,0,0,0,22
C9H14N2,test_ood,25,461,0,0,0,461,0,0,0,448,0,0,0,12
C9H14N2O1,test_ood,26,1385,0,0,0,1385,0,0,0,1367,0,0,0,23
C9H14N2O2,test_ood,27,309,0,0,0,309,0,0,0,297,0,0,0,6
C9H14N2O3,test_ood,28,4,0,0,0,4,0,0,0,0,0,0,0,0
C9H14N2O4,seen,29,3,2,1,0,0,0,0,0,0,0,0,0,0
C9H14N2O5,seen,30,1113,668,223,222,0,646,212,215,0,10,3,4,0
C9H14N2O7,seen,32,1143,686,229,228,0,662,221,220,0,32,11,11,0
C9H14N4,seen,27,695,417,139,139,0,408,135,139,0,13,9,4,0
C9H14N4O1,seen,28,5,3,1,1,0,0,0,0,0,0,0,0,0
C9H14N4O2,seen,29,2,1,1,0,0,0,0,0,0,0,0,0,0
C9H14N4O3,seen,30,1073,644,215,214,0,620,213,199,0,17,7,8,0
C9H14N4O4,seen,31,1090,654,218,218,0,632,213,205,0,16,7,3,0
C9H14N6,test_ood,29,125,0,0,0,125,0,0,0,122,0,0,0,2
C9H14N6O1,seen,30,1,1,0,0,0,0,0,0,0,0,0,0,0
C9H14O1,seen,24,270,162,54,54,0,75,25,24,0,7,2,3,0
C9H14O2,seen,25,1010,606,202,202,0,599,197,198,0,12,5,6,0
C9H14O3,seen,26,898,539,180,179,0,534,179,178,0,21,5,13,0
C9H14O4,seen,27,2,1,1,0,0,0,0,0,0,0,0,0,0
C9H15N1,seen,25,421,253,84,84,0,248,82,81,0,13,6,5,0
C9H15N1O1,seen,26,706,424,141,141,0,415,139,136,0,29,8,4,0
C9H15N1O2,seen,27,1609,965,322,322,0,950,318,318,0,25,7,6,0
C9H15N1O3,test_ood,28,115,0,0,0,115,0,0,0,111,0,0,0,0
C9H15N1O4,seen,29,5,3,1,1,0,0,0,0,0,0,0,0,0
C9H15N1O5,seen,30,2,1,1,0,0,0,0,0,0,0,0,0,0
C9H15N3,test_ood,27,466,0,0,0,466,0,0,0,457,0,0,0,21
C9H15N3O1,seen,28,340,204,68,68,0,201,66,66,0,8,3,1,0
C9H15N3O2,seen,29,11,7,2,2,0,0,0,0,0,0,0,0,0
C9H15N3O3,test_ood,30,5,0,0,0,5,0,0,0,0,0,0,0,0
C9H15N3O4,test_ood,31,1014,0,0,0,1014,0,0,0,974,0,0,0,0
C9H15N3O6,test_ood,33,2111,0,0,0,2111,0,0,0,2031,0,0,0,124
C9H15N5,seen,29,118,71,24,23,0,67,24,23,0,0,0,0,0
C9H15N5O1,seen,30,7,4,2,1,0,0,0,0,0,0,0,0,0
C9H15N5O2,seen,31,3,2,1,0,0,0,0,0,0,0,0,0,0
C9H16,test_ood,25,512,0,0,0,512,0,0,0,453,0,0,0,21
C9H16N2,seen,27,305,183,61,61,0,180,60,61,0,0,0,0,0
C9H16N2O1,seen,28,1067,640,214,213,0,634,213,212,0,16,7,7,0
C9H16N2O2,test_ood,29,5,0,0,0,5,0,0,0,0,0,0,0,0
C9H16N2O3,test_ood,30,4,0,0,0,4,0,0,0,0,0,0,0,0
C9H16N2O4,test_ood,31,1050,0,0,0,1050,0,0,0,1008,0,0,0,59
C9H16N2O5,seen,32,1044,626,209,209,0,606,199,199,0,34,15,15,0
C9H16N2O6,test_ood,33,1120,0,0,0,1120,0,0,0,1080,0,0,0,57
C9H16N4,seen,29,139,83,28,28,0,82,27,27,0,7,2,3,0
C9H16N4O1,seen,30,6,4,1,1,0,0,0,0,0,0,0,0,0
C9H16N4O2,test_ood,31,6,0,0,0,6,0,0,0,0,0,0,0,0
C9H16N4O3,seen,32,1,1,0,0,0,0,0,0,0,0,0,0,0
C9H16N4O5,seen,34,1092,655,219,218,0,637,211,204,0,40,10,8,0
C9H16N6,seen,31,2,1,1,0,0,0,0,0,0,0,0,0,0
C9H16N6O1,seen,32,1,1,0,0,0,0,0,0,0,0,0,0,0
C9H16O1,test_ood,26,13,0,0,0,13,0,0,0,13,0,0,0,0
C9H16O2,seen,27,109,65,22,22,0,65,22,22,0,0,1,0,0
C9H16O3,test_ood,28,398,0,0,0,398,0,0,0,388,0,0,0,20
C9H16O4,seen,29,1,1,0,0,0,0,0,0,0,0,0,0,0
C9H16O5,seen,30,1,1,0,0,0,0,0,0,0,0,0,0,0
C9H17N1,seen,27,16,10,3,3,0,9,3,3,0,0,0,0,0
C9H17N1O1,test_ood,28,493,0,0,0,493,0,0,0,486,0,0,0,3
C9H17N1O2,seen,29,886,532,177,177,0,532,176,176,0,9,3,2,0
C9H17N1O3,seen,30,144,86,29,29,0,82,29,27,0,3,1,0,0
C9H17N1O4,test_ood,31,2,0,0,0,2,0,0,0,0,0,0,0,0
C9H17N1O5,seen,32,1,1,0,0,0,0,0,0,0,0,0,0,0
C9H17N3,seen,29,402,241,81,80,0,240,81,80,0,8,2,4,0
C9H17N3O1,seen,30,124,74,25,25,0,74,25,24,0,0,0,0,0
C9H17N3O2,seen,31,3,2,1,0,0,0,0,0,0,0,0,0,0
C9H17N3O3,seen,32,4,2,1,1,0,0,0,0,0,0,0,0,0
C9H17N3O4,test_ood,33,1019,0,0,0,1019,0,0,0,979,0,0,0,20
C9H17N3O5,test_ood,34,1090,0,0,0,1090,0,0,0,1050,0,0,0,63
C9H17N5O1,seen,32,116,70,23,23,0,68,22,22,0,0,0,0,0
C9H17N7O3,seen,36,1,1,0,0,0,0,0,0,0,0,0,0,0
C9H18,seen,27,30,18,6,6,0,14,5,5,0,2,0,1,0
C9H18N2,test_ood,29,260,0,0,0,260,0,0,0,254,0,0,0,15
C9H18N2O1,seen,30,918,551,184,183,0,548,182,182,0,9,6,3,0
C9H18N2O2,test_ood,31,115,0,0,0,115,0,0,0,112,0,0,0,2
C9H18N2O3,seen,32,1629,977,326,326,0,931,301,315,0,12,2,6,0
C9H18N2O4,seen,33,2450,1470,490,490,0,1386,470,470,0,38,12,13,0
C9H18N4O1,seen,32,2,1,1,0,0,0,0,0,0,0,0,0,0
C9H18O1,test_ood,28,130,0,0,0,130,0,0,0,127,0,0,0,0
C9H18O2,seen,29,51,31,10,10,0,31,10,10,0,1,0,0,0
C9H18O3,test_ood,30,235,0,0,0,235,0,0,0,234,0,0,0,14
C9H18O6,test_ood,33,2,0,0,0,2,0,0,0,0,0,0,0,0
C9H19N1,seen,29,18,11,4,3,0,11,4,3,0,0,0,0,0
C9H19N1O1,seen,30,348,209,70,69,0,208,70,67,0,3,0,4,0
C9H19N1O2,test_ood,31,504,0,0,0,504,0,0,0,497,0,0,0,21
C9H19N1O3,seen,32,448,269,90,89,0,268,90,88,0,3,3,2,0
C9H19N1O4,seen,33,1,1,0,0,0,0,0,0,0,0,0,0,0
C9H19N3,seen,31,241,145,48,48,0,145,48,48,0,3,0,1,0
C9H19N3O1,seen,32,86,52,17,17,0,50,17,17,0,0,0,0,0
C9H19N3O3,test_ood,34,851,0,0,0,851,0,0,0,810,0,0,0,15
C9H19N3O4,test_ood,35,946,0,0,0,946,0,0,0,906,0,0,0,29
C9H19N5O1,test_ood,34,1,0,0,0,1,0,0,0,0,0,0,0,0
C9H19N5O3,seen,36,1130,678,226,226,0,653,221,216,0,18,6,9,0
C9H19N5O4,seen,37,1003,602,201,200,0,582,193,188,0,18,7,10,0
C9H1N3,seen,13,1,1,0,0,0,1,0,0,0,0,0,0,0
C9H20N2,seen,31,45,27,9,9,0,25,9,8,0,0,0,0,0
C9H20N2O1,seen,32,457,274,92,91,0,274,91,90,0,8,0,1,0
C9H20N2O2,seen,33,4,2,1,1,0,0,0,0,0,0,0,0,0
C9H20N2O4,seen,35,2,1,1,0,0,0,0,0,0,0,0,0,0
C9H20N4,seen,33,151,91,30,30,0,90,29,29,0,3,0,2,0
C9H20O1,seen,30,2,1,1,0,0,1,1,0,0,0,0,0,0
C9H20O2,test_ood,31,14,0,0,0,14,0,0,0,14,0,0,0,0
C9H20O3,test_ood,32,183,0,0,0,183,0,0,0,181,0,0,0,5
C9H20O5,seen,34,121,73,24,24,0,71,24,23,0,5,1,0,0
C9H21N1,test_ood,31,5,0,0,0,5,0,0,0,5,0,0,0,0
C9H21N1O1,test_ood,32,33,0,0,0,33,0,0,0,33,0,0,0,0
C9H21N1O2,test_ood,33,300,0,0,0,300,0,0,0,296,0,0,0,4
C9H21N1O3,seen,34,1,1,0,0,0,0,0,0,0,0,0,0,0
C9H21N1O4,seen,35,154,92,31,31,0,92,29,28,0,2,0,1,0
C9H21N3,seen,33,432,259,87,86,0,255,85,84,0,13,5,2,0
C9H21N3O1,seen,34,180,108,36,36,0,108,36,36,0,0,2,4,0
C9H21N3O2,seen,35,3,2,1,0,0,0,0,0,0,0,0,0,0
C9H22N2,seen,33,15,9,3,3,0,8,3,3,0,0,0,0,0
C9H22N2O1,test_ood,34,85,0,0,0,85,0,0,0,84,0,0,0,0
C9H22N2O2,test_ood,35,1,0,0,0,1,0,0,0,0,0,0,0,0
C9H22N4,seen,35,83,50,17,16,0,48,16,16,0,1,0,0,0
C9H22O1,seen,32,1,1,0,0,0,1,0,0,0,0,0,0,0
C9H22O3,test_ood,34,2,0,0,0,2,0,0,0,2,0,0,0,0
C9H22O4,test_ood,35,1,0,0,0,1,0,0,0,0,0,0,0,0
C9H23N1O1,seen,34,3,2,1,0,0,2,1,0,0,0,0,0,0
C9H23N1O2,seen,35,11,7,2,2,0,7,2,2,0,0,0,0,0
C9H23N1O4,test_ood,37,1,0,0,0,1,0,0,0,0,0,0,0,0
C9H23N1O6,test_ood,39,1,0,0,0,1,0,0,0,0,0,0,0,0
C9H23N3,test_ood,35,25,0,0,0,25,0,0,0,25,0,0,0,2
C9H23N3O1,seen,36,1,1,0,0,0,0,0,0,0,0,0,0,0
C9H23N3O2,test_ood,37,3,0,0,0,3,0,0,0,0,0,0,0,0
C9H23N3O3,seen,38,1,1,0,0,0,0,0,0,0,0,0,0,0
C9H23N7,test_ood,39,119,0,0,0,119,0,0,0,117,0,0,0,3
C9H24N2O1,seen,36,8,5,2,1,0,5,2,1,0,0,0,0,0
C9H24N4,seen,37,1,1,0,0,0,0,0,0,0,0,0,0,0
C9H24N4O1,seen,38,2,1,1,0,0,0,0,0,0,0,0,0,0
C9H2N2O1,seen,14,1,1,0,0,0,1,0,0,0,1,0,0,0
C9H3N1O2,seen,15,1,1,0,0,0,1,0,0,0,1,0,0,0
C9H3N3,test_ood,15,2,0,0,0,2,0,0,0,2,0,0,0,0
C9H4,seen,13,51,31,10,10,0,27,9,8,0,3,0,3,0
C9H4N2,seen,15,1,1,0,0,0,1,0,0,0,0,0,0,0
C9H4N2O1,test_ood,16,13,0,0,0,13,0,0,0,13,0,0,0,1
C9H4N2O2,test_ood,17,145,0,0,0,145,0,0,0,141,0,0,0,8
C9H4O3,seen,16,1,1,0,0,0,1,0,0,0,1,0,0,0
C9H5N1,test_ood,15,2,0,0,0,2,0,0,0,2,0,0,0,0
C9H5N1O1,test_ood,16,284,0,0,0,284,0,0,0,284,0,0,0,45
C9H5N1O2,seen,17,319,191,64,64,0,189,64,62,0,32,10,9,0
C9H5N3,test_ood,17,126,0,0,0,126,0,0,0,121,0,0,0,15
C9H5N3O1,test_ood,18,138,0,0,0,138,0,0,0,135,0,0,0,17
C9H6,seen,15,92,55,19,18,0,49,15,16,0,8,2,4,0
C9H6N2,seen,17,263,158,53,52,0,153,52,51,0,23,1,7,0
C9H6N2O1,test_ood,18,498,0,0,0,498,0,0,0,485,0,0,0,63
C9H6N2O2,test_ood,19,275,0,0,0,275,0,0,0,273,0,0,0,22
C9H6N2O3,test_ood,20,1,0,0,0,1,0,0,0,0,0,0,0,0
C9H6N4,seen,19,627,376,126,125,0,207,59,62,0,43,13,10,0
C9H6N4O1,test_ood,20,146,0,0,0,146,0,0,0,145,0,0,0,11
C9H6O1,seen,16,288,173,58,57,0,86,31,27,0,12,8,4,0
C9H6O2,seen,17,1367,820,274,273,0,697,240,236,0,84,33,31,0
C9H6O3,seen,18,1470,882,294,294,0,702,229,239,0,85,39,31,0
C9H7N1,seen,17,21,13,4,4,0,13,4,4,0,2,0,0,0
C9H7N1O1,seen,18,4466,2680,893,893,0,931,337,303,0,183,56,69,0
C9H7N1O2,seen,19,3002,1801,601,600,0,1441,490,477,0,172,75,65,0
C9H7N1O3,test_ood,20,264,0,0,0,264,0,0,0,261,0,0,0,23
C9H7N1O4,seen,21,1,1,0,0,0,0,0,0,0,0,0,0,0
C9H7N3,seen,19,578,347,116,115,0,171,64,55,0,49,10,13,0
C9H7N3O1,seen,20,467,280,94,93,0,277,92,93,0,33,13,9,0
C9H7N5,seen,21,420,252,84,84,0,251,82,84,0,5,4,2,0
C9H8,seen,17,368,221,74,73,0,192,68,72,0,31,6,15,0
C9H8N2,seen,19,5981,3589,1196,1196,0,1675,512,525,0,289,104,118,0
C9H8N2O1,test_ood,20,4004,0,0,0,4004,0,0,0,3772,0,0,0,358
C9H8N2O2,seen,21,1626,976,325,325,0,771,258,257,0,67,14,18,0
C9H8N2O3,seen,22,1,1,0,0,0,0,0,0,0,0,0,0,0
C9H8N4,seen,21,1000,600,200,200,0,593,196,200,0,20,13,10,0
C9H8N4O1,seen,22,127,76,26,25,0,74,26,25,0,0,0,0,0
C9H8N4O2,test_ood,23,2,0,0,0,2,0,0,0,0,0,0,0,0
C9H8O1,seen,18,212,127,43,42,0,40,14,11,0,15,6,3,0
C9H8O2,seen,19,790,474,158,158,0,470,156,156,0,42,16,12,0
C9H8O3,seen,20,844,506,169,169,0,403,139,131,0,57,23,18,0
C9H8O4,seen,21,589,353,118,118,0,350,115,116,0,4,3,3,0
C9H9N1,test_ood,19,446,0,0,0,446,0,0,0,121,0,0,0,47
C9H9N1O1,test_ood,20,1958,0,0,0,1958,0,0,0,1801,0,0,0,204
C9H9N1O2,seen,21,2175,1305,435,435,0,1296,435,430,0,36,6,13,0
C9H9N1O3,seen,22,873,524,175,174,0,423,147,143,0,27,7,6,0
C9H9N1O4,seen,23,111,67,22,22,0,65,21,21,0,13,2,3,0
C9H9N3,seen,21,2835,1701,567,567,0,1687,560,559,0,15,8,5,0
C9H9N3O1,seen,22,879,527,176,176,0,526,172,173,0,11,4,5,0
C9H9N3O2,test_ood,23,240,0,0,0,240,0,0,0,233,0,0,0,9
C9H9N5,seen,23,119,71,24,24,0,67,23,22,0,2,4,1,0
C9H9N5O1,seen,24,2,1,1,0,0,0,0,0,0,0,0,0,0
C9H9N5O2,test_ood,25,1,0,0,0,1,0,0,0,0,0,0,0,0
H10O5,test_ood,15,6276,0,0,0,6276,0,0,0,6249,0,0,0,684
H12O6,seen,18,7142,4285,1429,1428,0,4268,1424,1419,0,480,167,153,0
H14O7,test_ood,21,9799,0,0,0,9799,0,0,0,9753,0,0,0,611
H16O8,seen,24,1767,1060,354,353,0,1055,353,351,0,65,23,18,0
H18O9,seen,27,1738,1043,348,347,0,1035,348,347,0,22,7,10,0
H1N1O1,seen,3,682,409,137,136,0,407,137,136,0,114,41,33,0
H1N1O2,seen,4,2079,1247,416,416,0,1242,416,415,0,230,86,79,0
H1N1O3,seen,5,161,97,32,32,0,97,32,32,0,7,4,6,0
H1N1O4,seen,6,60,36,12,12,0,36,12,12,0,1,1,1,0
H1N3,test_ood,4,241,0,0,0,241,0,0,0,233,0,0,0,51
H1N3O1,test_ood,5,217,0,0,0,217,0,0,0,141,0,0,0,38
H1N3O2,test_ood,6,67,0,0,0,67,0,0,0,67,0,0,0,9
H20O10,seen,30,1782,1069,357,356,0,1066,354,354,0,20,8,7,0
H2N2,test_ood,4,1578,0,0,0,1578,0,0,0,1575,0,0,0,454
H2N2O1,seen,5,372,223,75,74,0,75,26,32,0,31,12,5,0
H2N2O2,seen,6,478,287,96,95,0,210,68,62,0,33,13,11,0
H2N2O3,test_ood,7,806,0,0,0,806,0,0,0,783,0,0,0,180
H2N2O4,seen,8,45,27,9,9,0,27,9,9,0,9,1,2,0
H2N4,seen,6,293,176,59,58,0,129,48,41,0,29,6,7,0
H2O1,test_ood,3,675,0,0,0,675,0,0,0,675,0,0,0,120
H2O2,test_ood,4,1436,0,0,0,1436,0,0,0,1433,0,0,0,303
H2O3,seen,5,1752,1051,351,350,0,1049,351,349,0,344,107,134,0
H2O4,seen,6,165,99,33,33,0,99,33,33,0,9,6,6,0
H2O5,test_ood,7,59,0,0,0,59,0,0,0,59,0,0,0,3
H3N1,test_ood,4,1104,0,0,0,1104,0,0,0,1101,0,0,0,217
H3N1O1,seen,5,1861,1117,372,372,0,1115,371,372,0,235,61,76,0
H3N1O2,test_ood,6,975,0,0,0,975,0,0,0,275,0,0,0,107
H3N1O3,seen,7,532,319,107,106,0,215,68,60,0,50,20,9,0
H3N1O4,test_ood,8,83,0,0,0,83,0,0,0,83,0,0,0,17
H3N1O5,seen,9,71,43,14,14,0,43,14,14,0,5,2,3,0
H3N3,test_ood,6,348,0,0,0,348,0,0,0,145,0,0,0,52
H3N3O1,seen,7,518,311,104,103,0,156,53,52,0,57,15,18,0
H3N3O2,test_ood,8,52,0,0,0,52,0,0,0,52,0,0,0,15
H4N2,seen,6,2594,1556,519,519,0,1554,517,519,0,326,118,106,0
H4N2O1,seen,7,1329,797,266,266,0,138,49,54,0,99,32,31,0
H4N2O2,test_ood,8,832,0,0,0,832,0,0,0,455,0,0,0,109
H4N2O3,seen,9,56,34,11,11,0,34,11,11,0,7,2,2,0
H4N2O4,test_ood,10,4,0,0,0,4,0,0,0,0,0,0,0,0
H4N4,test_ood,8,350,0,0,0,350,0,0,0,189,0,0,0,48
H4N4O1,seen,9,1,1,0,0,0,0,0,0,0,1,0,0,0
H4O2,seen,6,58262,34957,11653,11652,0,34943,11651,11647,0,3521,1167,1125,0
H4O3,test_ood,7,936,0,0,0,936,0,0,0,91,0,0,0,83
H4O4,seen,8,160,96,32,32,0,42,13,14,0,15,2,6,0
H4O5,seen,9,29,17,6,6,0,17,6,6,0,2,0,2,0
H4O6,seen,10,30,18,6,6,0,18,6,6,0,4,1,2,0
H5N1O1,seen,7,1608,965,322,321,0,33,12,9,0,97,29,25,0
H5N1O2,seen,8,1636,982,327,327,0,69,25,22,0,97,31,41,0
H5N1O3,seen,9,354,212,71,71,0,62,17,20,0,23,10,14,0
H5N1O4,seen,10,27,16,6,5,0,16,6,5,0,5,1,3,0
H5N3,seen,8,551,331,110,110,0,63,22,17,0,34,11,15,0
H5N3O1,seen,9,664,398,133,133,0,174,60,49,0,51,19,21,0
H5N3O2,test_ood,10,37,0,0,0,37,0,0,0,37,0,0,0,6
H5N3O3,seen,11,3,2,1,0,0,0,0,0,0,1,0,0,0
H6N2,seen,8,847,508,170,169,0,16,4,6,0,41,18,14,0
H6N2O1,test_ood,9,1261,0,0,0,1261,0,0,0,127,0,0,0,129
H6N2O2,test_ood,10,515,0,0,0,515,0,0,0,148,0,0,0,68
H6N2O3,seen,11,31,19,6,6,0,19,6,6,0,4,2,0,0
H6N4,test_ood,10,318,0,0,0,318,0,0,0,174,0,0,0,43
H6O3,seen,9,1755,1053,351,351,0,1049,350,349,0,111,39,36,0
H7N3,seen,10,630,378,126,126,0,53,19,21,0,41,14,11,0
H7N3O1,test_ood,11,306,0,0,0,306,0,0,0,85,0,0,0,32
H8N4,test_ood,12,104,0,0,0,104,0,0,0,43,0,0,0,15
H8O4,seen,12,2632,1579,527,526,0,1572,523,525,0,175,48,37,0
N2,seen,2,511,307,102,102,0,306,102,102,0,109,40,38,0
N2O1,test_ood,3,200,0,0,0,200,0,0,0,200,0,0,0,51
N2O2,test_ood,4,142,0,0,0,142,0,0,0,142,0,0,0,28
N2O3,seen,5,1,1,0,0,0,0,0,0,0,0,0,0,0
N4,seen,4,138,83,28,27,0,59,21,23,0,17,6,3,0
O2,seen,2,360,216,72,72,0,216,72,72,0,59,16,21,0
O3,seen,3,552,331,111,110,0,327,110,107,0,56,13,20,0
O4,seen,4,83,50,17,16,0,50,17,16,0,0,0,0,0
