system,system_domain,n_atoms,n_configs,train_configs,val_configs,test_id_configs,test_ood_configs,train_dft_available,val_dft_available,test_id_dft_available,test_ood_dft_available,train_cc_available,val_cc_available,test_id_cc_available,test_ood_cc_available
C10H10,seen,20,392,235,79,78,0,157,49,42,0,24,9,13,0
C10H10N2,seen,22,5024,3014,1005,1005,0,1947,662,663,0,129,33,52,0
C10H10N2O1,seen,23,2279,1367,456,456,0,1233,414,418,0,22,13,8,0
C10H10N2O2,seen,24,836,502,167,167,0,312,100,92,0,26,10,10,0
C10H10N4,test_ood,24,206,0,0,0,206,0,0,0,198,0,0,0,3
C10H10N4O1,test_ood,25,6,0,0,0,6,0,0,0,0,0,0,0,0
C10H10N4O2,test_ood,26,1,0,0,0,1,0,0,0,0,0,0,0,0
C10H10O1,seen,21,891,535,178,178,0,438,150,150,0,20,9,5,0
C10H10O2,seen,22,2457,1474,492,491,0,1350,454,458,0,25,16,12,0
C10H10O3,seen,23,1332,799,267,266,0,492,163,166,0,42,15,19,0
C10H10O4,seen,24,2,1,1,0,0,0,0,0,0,0,0,0,0
C10H10O5,test_ood,25,3,0,0,0,3,0,0,0,0,0,0,0,0
C10H11N1,test_ood,22,886,0,0,0,886,0,0,0,870,0,0,0,20
C10H11N1O1,test_ood,23,2883,0,0,0,2883,0,0,0,2599,0,0,0,35
C10H11N1O2,seen,24,1781,1069,356,356,0,893,293,287,0,40,10,16,0
C10H11N1O3,seen,25,209,125,42,42,0,119,42,39,0,2,0,0,0
C10H11N3,test_ood,24,1619,0,0,0,1619,0,0,0,1595,0,0,0,44
C10H11N3O1,seen,25,275,165,55,55,0,161,55,55,0,2,1,0,0
C10H11N3O2,test_ood,26,140,0,0,0,140,0,0,0,137,0,0,0,0
C10H11N5,seen,26,1,1,0,0,0,0,0,0,0,0,0,0,0
C10H12,seen,22,254,152,51,51,0,148,50,51,0,0,0,0,0
C10H12N2,test_ood,24,1178,0,0,0,1178,0,0,0,878,0,0,0,76
C10H12N2O1,seen,25,1359,815,272,272,0,806,269,263,0,18,6,3,0
C10H12N2O2,seen,26,198,119,40,39,0,110,35,38,0,4,0,1,0
C10H12N2O3,test_ood,27,3,0,0,0,3,0,0,0,0,0,0,0,0
C10H12N2O4,seen,28,2,1,1,0,0,0,0,0,0,0,0,0,0
C10H12N4,seen,26,123,74,25,24,0,71,24,23,0,3,0,1,0
C10H12N4O1,test_ood,27,239,0,0,0,239,0,0,0,229,0,0,0,4
C10H12N4O2,test_ood,28,3,0,0,0,3,0,0,0,0,0,0,0,0
C10H12N6,seen,28,1,1,0,0,0,0,0,0,0,0,0,0,0
C10H12O1,test_ood,23,1213,0,0,0,1213,0,0,0,880,0,0,0,57
C10H12O2,seen,24,1811,1087,362,362,0,829,281,259,0,28,12,6,0
C10H12O3,seen,25,1076,646,215,215,0,638,213,214,0,15,6,5,0
C10H12O4,test_ood,26,596,0,0,0,596,0,0,0,581,0,0,0,12
C10H13N1,seen,24,2540,1524,508,508,0,1060,350,355,0,62,20,19,0
C10H13N1O1,test_ood,25,2772,0,0,0,2772,0,0,0,2738,0,0,0,32
C10H13N1O2,test_ood,26,1317,0,0,0,1317,0,0,0,1304,0,0,0,18
C10H13N1O3,test_ood,27,1464,0,0,0,1464,0,0,0,1432,0,0,0,51
C10H13N1O4,seen,28,2,1,1,0,0,0,0,0,0,0,0,0,0
C10H13N3,seen,26,1837,1102,368,367,0,1089,364,362,0,25,16,9,0
C10H13N3O1,seen,27,332,199,67,66,0,196,65,64,0,7,0,1,0
C10H13N3O2,test_ood,28,125,0,0,0,125,0,0,0,119,0,0,0,0
C10H13N5,test_ood,28,146,0,0,0,146,0,0,0,139,0,0,0,0
C10H13N5O1,test_ood,29,1,0,0,0,1,0,0,0,0,0,0,0,0
C10H14,test_ood,24,244,0,0,0,244,0,0,0,100,0,0,0,11
C10H14N2,seen,26,1237,742,248,247,0,733,243,240,0,12,3,2,0
C10H14N2O1,seen,27,694,416,139,139,0,407,135,136,0,11,2,2,0
C10H14N2O2,seen,28,99,59,20,20,0,58,18,20,0,3,0,0,0
C10H14N2O3,test_ood,29,11,0,0,0,11,0,0,0,0,0,0,0,0
C10H14N2O4,seen,30,3,2,1,0,0,0,0,0,0,0,0,0,0
C10H14N4,seen,28,467,280,94,93,0,274,91,93,0,9,0,2,0
C10H14N4O1,test_ood,29,244,0,0,0,244,0,0,0,237,0,0,0,9
C10H14N4O2,seen,30,2,1,1,0,0,0,0,0,0,0,0,0,0
C10H14N4O3,seen,31,1,1,0,0,0,0,0,0,0,0,0,0,0
C10H14N4O5,seen,33,1122,673,225,224,0,650,217,215,0,13,4,5,0
C10H14N6,seen,30,1,1,0,0,0,0,0,0,0,0,0,0,0
C10H14O1,seen,25,60,36,12,12,0,36,12,12,0,0,0,1,0
C10H14O2,seen,26,594,356,119,119,0,347,119,119,0,3,0,4,0
C10H14O3,seen,27,418,251,84,83,0,248,82,82,0,2,2,1,0
C10H14O4,test_ood,28,402,0,0,0,402,0,0,0,398,0,0,0,4
C10H14O5,test_ood,29,2,0,0,0,2,0,0,0,0,0,0,0,0
C10H15N1,seen,26,363,218,73,72,0,218,73,70,0,7,3,2,0
C10H15N1O1,test_ood,27,844,0,0,0,844,0,0,0,838,0,0,0,29
C10H15N1O2,test_ood,28,392,0,0,0,392,0,0,0,382,0,0,0,9
C10H15N1O3,test_ood,29,190,0,0,0,190,0,0,0,181,0,0,0,2
C10H15N1O4,test_ood,30,3,0,0,0,3,0,0,0,0,0,0,0,0
C10H15N3,seen,28,928,557,186,185,0,547,183,183,0,14,1,2,0
C10H15N3O1,test_ood,29,431,0,0,0,431,0,0,0,415,0,0,0,8
C10H15N3O2,seen,30,4,2,1,1,0,0,0,0,0,0,0,0,0
C10H15N5,test_ood,30,2,0,0,0,2,0,0,0,0,0,0,0,0
C10H15N5O1,seen,31,2,1,1,0,0,0,0,0,0,0,0,0,0
C10H15N5O4,test_ood,34,1119,0,0,0,1119,0,0,0,1079,0,0,0,53
C10H15N5O5,seen,35,1,1,0,0,0,0,0,0,0,0,0,0,0
C10H16,seen,26,219,131,44,44,0,130,43,43,0,14,2,3,0
C10H16N2,test_ood,28,740,0,0,0,740,0,0,0,722,0,0,0,35
C10H16N2O1,test_ood,29,574,0,0,0,574,0,0,0,567,0,0,0,25
C10H16N2O2,test_ood,30,339,0,0,0,339,0,0,0,326,0,0,0,11
C10H16N2O3,seen,31,461,277,92,92,0,266,86,88,0,13,7,4,0
C10H16N2O4,seen,32,1,1,0,0,0,0,0,0,0,0,0,0,0
C10H16N2O5,seen,33,1094,656,219,219,0,633,212,209,0,24,10,5,0
C10H16N2O7,seen,35,451,271,90,90,0,237,79,81,0,32,5,7,0
C10H16N4,seen,30,178,107,36,35,0,106,36,35,0,2,0,1,0
C10H16N4O1,test_ood,31,1,0,0,0,1,0,0,0,0,0,0,0,0
C10H16N4O2,test_ood,32,1,0,0,0,1,0,0,0,0,0,0,0,0
C10H16N4O4,seen,34,1110,666,222,222,0,642,216,212,0,18,7,7,0
C10H16N6,test_ood,32,113,0,0,0,113,0,0,0,109,0,0,0,0
C10H16O1,seen,27,428,257,86,85,0,251,83,81,0,9,3,8,0
C10H16O2,seen,28,1196,718,239,239,0,707,236,236,0,24,11,8,0
C10H16O3,seen,29,3,2,1,0,0,0,0,0,0,0,0,0,0
C10H16O4,seen,30,3,2,1,0,0,0,0,0,0,0,0,0,0
C10H16O5,test_ood,31,2,0,0,0,2,0,0,0,0,0,0,0,0
C10H17N1,seen,28,1064,638,213,213,0,632,212,213,0,18,7,5,0
C10H17N1O1,seen,29,820,492,164,164,0,467,157,159,0,14,4,4,0
C10H17N1O2,seen,30,351,211,70,70,0,205,68,68,0,8,1,0,0
C10H17N1O3,seen,31,3,2,1,0,0,0,0,0,0,0,0,0,0
C10H17N1O4,seen,32,3,2,1,0,0,0,0,0,0,0,0,0,0
C10H17N1O5,seen,33,1,1,0,0,0,0,0,0,0,0,0,0,0
C10H17N3,seen,30,119,71,24,24,0,68,24,24,0,3,0,1,0
C10H17N3O1,seen,31,5,3,1,1,0,0,0,0,0,0,0,0,0
C10H17N3O2,seen,32,1,1,0,0,0,0,0,0,0,0,0,0,0
C10H17N3O3,test_ood,33,1,0,0,0,1,0,0,0,0,0,0,0,0
C10H17N3O4,test_ood,34,884,0,0,0,884,0,0,0,844,0,0,0,22
C10H17N3O6,test_ood,36,1102,0,0,0,1102,0,0,0,1062,0,0,0,35
C10H17N5,seen,32,1,1,0,0,0,0,0,0,0,0,0,0,0
C10H17N5O1,seen,33,1,1,0,0,0,0,0,0,0,0,0,0,0
C10H18,test_ood,28,6,0,0,0,6,0,0,0,6,0,0,0,0
C10H18N2,seen,30,375,225,75,75,0,222,73,74,0,7,2,4,0
C10H18N2O1,seen,31,183,110,37,36,0,108,37,35,0,1,0,0,0
C10H18N2O2,test_ood,32,3,0,0,0,3,0,0,0,0,0,0,0,0
C10H18N2O3,seen,33,948,569,190,189,0,541,182,183,0,14,1,0,0
C10H18N2O5,test_ood,35,2494,0,0,0,2494,0,0,0,2374,0,0,0,86
C10H18N4,test_ood,32,1,0,0,0,1,0,0,0,0,0,0,0,0
C10H18N4O1,seen,33,4,2,1,1,0,0,0,0,0,0,0,0,0
C10H18N4O5,seen,37,536,322,107,107,0,312,100,104,0,21,8,4,0
C10H18N6O3,seen,37,1,1,0,0,0,0,0,0,0,0,0,0,0
C10H18O1,test_ood,29,552,0,0,0,552,0,0,0,547,0,0,0,17
C10H18O2,seen,30,694,416,139,139,0,406,137,136,0,18,7,2,0
C10H18O3,test_ood,31,485,0,0,0,485,0,0,0,478,0,0,0,36
C10H18O4,seen,32,408,245,82,81,0,242,80,80,0,17,2,3,0
C10H19N1,test_ood,30,440,0,0,0,440,0,0,0,431,0,0,0,11
C10H19N1O1,seen,31,483,290,97,96,0,288,97,94,0,8,2,3,0
C10H19N1O2,seen,32,244,146,49,49,0,139,49,46,0,0,0,0,0
C10H19N1O3,seen,33,255,153,51,51,0,149,50,50,0,6,1,1,0
C10H19N1O4,seen,34,98,59,20,19,0,58,20,19,0,5,1,0,0
C10H19N3,test_ood,32,228,0,0,0,228,0,0,0,224,0,0,0,0
C10H19N3O1,seen,33,1,1,0,0,0,0,0,0,0,0,0,0,0
C10H19N3O2,test_ood,34,2,0,0,0,2,0,0,0,0,0,0,0,0
C10H19N3O3,test_ood,35,1,0,0,0,1,0,0,0,0,0,0,0,0
C10H19N3O4,test_ood,36,2452,0,0,0,2452,0,0,0,2332,0,0,0,69
C10H19N3O5,test_ood,37,1038,0,0,0,1038,0,0,0,998,0,0,0,26
C10H19N5,seen,34,125,75,25,25,0,74,25,25,0,2,1,1,0
C10H19N5O5,seen,39,1150,690,230,230,0,662,228,220,0,8,8,4,0
C10H20,test_ood,30,3,0,0,0,3,0,0,0,3,0,0,0,0
C10H20N2,seen,32,447,268,90,89,0,266,88,85,0,5,1,3,0
C10H20N2O1,test_ood,33,301,0,0,0,301,0,0,0,289,0,0,0,15
C10H20N2O2,seen,34,201,121,40,40,0,116,40,39,0,4,2,1,0
C10H20N2O3,seen,35,448,269,90,89,0,257,85,85,0,21,7,9,0
C10H20N2O4,seen,36,1467,880,294,293,0,838,274,275,0,21,6,11,0
C10H20N4,seen,34,114,68,23,23,0,68,23,22,0,0,1,1,0
C10H20N4O4,seen,38,863,518,173,172,0,479,160,156,0,9,3,4,0
C10H20N6O4,test_ood,40,973,0,0,0,973,0,0,0,933,0,0,0,15
C10H20O1,test_ood,31,666,0,0,0,666,0,0,0,653,0,0,0,11
C10H20O2,test_ood,32,182,0,0,0,182,0,0,0,182,0,0,0,2
C10H20O3,test_ood,33,1,0,0,0,1,0,0,0,0,0,0,0,0
C10H20O4,seen,34,1,1,0,0,0,0,0,0,0,0,0,0,0
C10H20O5,seen,35,125,75,25,25,0,73,25,22,0,2,1,1,0
C10H20O6,test_ood,36,1,0,0,0,1,0,0,0,0,0,0,0,0
C10H21N1,test_ood,32,193,0,0,0,193,0,0,0,192,0,0,0,3
C10H21N1O1,test_ood,33,530,0,0,0,530,0,0,0,525,0,0,0,15
C10H21N1O2,test_ood,34,431,0,0,0,431,0,0,0,425,0,0,0,21
C10H21N1O4,seen,36,130,78,26,26,0,78,25,24,0,4,3,2,0
C10H21N3O1,seen,35,111,67,22,22,0,63,20,21,0,0,0,0,0
C10H21N3O3,seen,37,1,1,0,0,0,0,0,0,0,0,0,0,0
C10H21N3O4,seen,38,940,564,188,188,0,545,180,175,0,23,7,9,0
C10H21N5O1,seen,37,1,1,0,0,0,0,0,0,0,0,0,0,0
C10H21N5O4,seen,40,1065,639,213,213,0,613,204,208,0,21,7,12,0
C10H22N2,test_ood,34,109,0,0,0,109,0,0,0,107,0,0,0,0
C10H22N2O1,seen,35,1,1,0,0,0,0,0,0,0,0,0,0,0
C10H22N2O3,seen,37,1,1,0,0,0,0,0,0,0,0,0,0,0
C10H22N2O4,seen,38,1,1,0,0,0,0,0,0,0,0,0,0,0
C10H22N4,seen,36,274,164,55,55,0,163,55,55,0,10,3,3,0
C10H22N4O2,seen,38,1,1,0,0,0,0,0,0,0,0,0,0,0
C10H22O1,seen,33,3,2,1,0,0,2,1,0,0,0,0,0,0
C10H22O2,seen,34,24,14,5,5,0,14,5,5,0,0,0,0,0
C10H22O3,seen,35,407,244,82,81,0,243,82,80,0,13,4,7,0
C10H22O6,test_ood,38,137,0,0,0,137,0,0,0,132,0,0,0,0
C10H23N1,seen,34,12,7,3,2,0,7,3,2,0,0,0,0,0
C10H23N1O1,test_ood,35,54,0,0,0,54,0,0,0,54,0,0,0,0
C10H23N1O3,seen,37,1,1,0,0,0,0,0,0,0,0,0,0,0
C10H23N3O1,test_ood,37,1,0,0,0,1,0,0,0,0,0,0,0,0
C10H23N3O2,test_ood,38,117,0,0,0,117,0,0,0,116,0,0,0,6
C10H24N2,test_ood,36,25,0,0,0,25,0,0,0,25,0,0,0,0
C10H24N2O1,test_ood,37,2,0,0,0,2,0,0,0,0,0,0,0,0
C10H24N2O2,seen,38,1,1,0,0,0,0,0,0,0,0,0,0,0
C10H24N2O4,seen,40,159,95,32,32,0,94,31,30,0,4,0,3,0
C10H24N4,test_ood,38,86,0,0,0,86,0,0,0,85,0,0,0,5
C10H24N4O1,seen,39,1,1,0,0,0,0,0,0,0,0,0,0,0
C10H24O2,test_ood,36,3,0,0,0,3,0,0,0,3,0,0,0,0
C10H25N1,seen,36,2,1,1,0,0,1,1,0,0,0,0,0,0
C10H25N1O1,seen,37,3,2,1,0,0,2,1,0,0,0,0,0,0
C10H25N3,seen,38,1,1,0,0,0,0,0,0,0,0,0,0,0
C10H25N3O1,seen,39,1,1,0,0,0,0,0,0,0,0,0,0,0
C10H25N3O3,test_ood,41,1,0,0,0,1,0,0,0,0,0,0,0,0
C10H26N2,test_ood,38,4,0,0,0,4,0,0,0,4,0,0,0,0
C10H26N2O6,seen,44,1,1,0,0,0,0,0,0,0,0,0,0,0
C10H26N4,seen,40,1,1,0,0,0,0,0,0,0,0,0,0,0
C10H26N4O2,seen,42,1,1,0,0,0,0,0,0,0,0,0,0,0
C10H26N6,seen,42,1,1,0,0,0,0,0,0,0,0,0,0,0
C10H3N1O1,test_ood,15,3,0,0,0,3,0,0,0,3,0,0,0,0
C10H4N2,test_ood,16,4,0,0,0,4,0,0,0,4,0,0,0,0
C10H5N1,seen,16,2,1,1,0,0,1,1,0,0,0,0,0,0
C10H5N1O1,test_ood,17,6,0,0,0,6,0,0,0,6,0,0,0,2
C10H6,seen,16,127,76,26,25,0,75,26,23,0,6,4,5,0
C10H6N2,seen,18,143,86,29,28,0,86,29,28,0,11,6,1,0
C10H6N4,test_ood,20,149,0,0,0,149,0,0,0,146,0,0,0,19
C10H6O1,test_ood,17,4,0,0,0,4,0,0,0,4,0,0,0,1
C10H6O2,seen,18,294,176,59,59,0,173,58,58,0,22,8,7,0
C10H6O3,seen,19,132,79,27,26,0,79,27,26,0,7,2,5,0
C10H7N1,seen,18,4,2,1,1,0,2,1,1,0,0,0,0,0
C10H7N1O1,seen,19,705,423,141,141,0,328,114,115,0,45,15,11,0
C10H7N1O2,seen,20,1076,646,215,215,0,552,186,183,0,72,26,31,0
C10H7N1O3,seen,21,359,215,72,72,0,212,70,71,0,3,2,2,0
C10H7N3,test_ood,20,481,0,0,0,481,0,0,0,475,0,0,0,70
C10H7N3O1,seen,21,283,170,57,56,0,168,57,54,0,9,0,4,0
C10H8,seen,18,29,17,6,6,0,16,6,6,0,1,2,1,0
C10H8N2,test_ood,20,3745,0,0,0,3745,0,0,0,856,0,0,0,359
C10H8N2O1,test_ood,21,1179,0,0,0,1179,0,0,0,1030,0,0,0,32
C10H8N2O2,seen,22,271,163,54,54,0,159,54,52,0,8,4,0,0
C10H8N4,test_ood,22,249,0,0,0,249,0,0,0,245,0,0,0,7
C10H8O1,seen,19,1809,1085,362,362,0,131,46,48,0,74,28,32,0
C10H8O2,test_ood,20,3039,0,0,0,3039,0,0,0,2838,0,0,0,349
C10H8O3,seen,21,1391,835,278,278,0,741,251,244,0,33,12,10,0
C10H9N1,seen,20,3177,1906,636,635,0,684,228,248,0,161,49,46,0
C10H9N1O1,test_ood,21,3390,0,0,0,3390,0,0,0,3353,0,0,0,39
C10H9N1O2,seen,22,2466,1480,493,493,0,997,344,318,0,63,24,26,0
C10H9N1O3,test_ood,23,136,0,0,0,136,0,0,0,135,0,0,0,4
C10H9N3,seen,22,500,300,100,100,0,294,100,100,0,8,4,3,0
C10H9N3O1,seen,23,658,395,132,131,0,392,130,130,0,19,1,5,0
C10H9N5,seen,24,154,92,31,31,0,90,30,30,0,9,0,1,0
C10H9N5O1,test_ood,25,1,0,0,0,1,0,0,0,0,0,0,0,0
C11H10,test_ood,21,210,0,0,0,210,0,0,0,210,0,0,0,2
C11H10N2,test_ood,23,1583,0,0,0,1583,0,0,0,1254,0,0,0,55
C11H10N2O1,seen,24,330,198,66,66,0,196,65,65,0,8,2,0,0
C11H10N2O2,test_ood,25,2,0,0,0,2,0,0,0,0,0,0,0,0
C11H10N4,seen,25,1,1,0,0,0,0,0,0,0,0,0,0,0
C11H10O1,test_ood,22,803,0,0,0,803,0,0,0,799,0,0,0,5
C11H10O2,seen,23,398,239,80,79,0,239,80,78,0,5,1,2,0
C11H10O3,seen,24,245,147,49,49,0,145,48,49,0,0,0,0,0
C11H10O4,seen,25,2,1,1,0,0,0,0,0,0,0,0,0,0
C11H10O7,seen,28,1,1,0,0,0,0,0,0,0,0,0,0,0
C11H11N1,seen,23,811,487,162,162,0,484,161,162,0,3,1,2,0
C11H11N1O1,seen,24,1861,1117,372,372,0,1018,343,334,0,24,8,2,0
C11H11N1O2,seen,25,495,297,99,99,0,290,98,98,0,9,4,3,0
C11H11N1O3,seen,26,135,81,27,27,0,79,26,26,0,5,1,1,0
C11H11N3,seen,25,252,151,51,50,0,150,50,48,0,1,0,1,0
C11H11N3O1,test_ood,26,104,0,0,0,104,0,0,0,104,0,0,0,0
C11H11N3O2,seen,27,2,1,1,0,0,0,0,0,0,0,0,0,0
C11H12,seen,23,16,10,3,3,0,10,3,3,0,1,0,1,0
C11H12N2,seen,25,829,497,166,166,0,492,164,165,0,19,4,4,0
C11H12N2O1,test_ood,26,1254,0,0,0,1254,0,0,0,1235,0,0,0,32
C11H12N2O2,test_ood,27,1314,0,0,0,1314,0,0,0,1292,0,0,0,10
C11H12N4,test_ood,27,1,0,0,0,1,0,0,0,0,0,0,0,0
C11H12N4O2,test_ood,29,1,0,0,0,1,0,0,0,0,0,0,0,0
C11H12O1,seen,24,634,380,127,127,0,291,96,99,0,12,2,5,0
C11H12O2,test_ood,25,1496,0,0,0,1496,0,0,0,1486,0,0,0,35
C11H12O3,seen,26,99,59,20,20,0,58,20,20,0,0,0,0,0
C11H12O4,test_ood,27,1,0,0,0,1,0,0,0,0,0,0,0,0
C11H13N1,seen,25,2050,1230,410,410,0,1209,405,407,0,37,21,11,0
C11H13N1O1,seen,26,2144,1286,429,429,0,1266,419,424,0,22,10,11,0
C11H13N1O2,seen,27,1144,686,229,229,0,678,229,226,0,19,8,2,0
C11H13N1O3,seen,28,2,1,1,0,0,0,0,0,0,0,0,0,0
C11H13N1O4,seen,29,4,2,1,1,0,0,0,0,0,0,0,0,0
C11H13N3,test_ood,27,977,0,0,0,977,0,0,0,959,0,0,0,29
C11H13N3O1,test_ood,28,268,0,0,0,268,0,0,0,263,0,0,0,7
C11H13N3O2,seen,29,115,69,23,23,0,65,21,22,0,4,1,1,0
C11H13N5O1,seen,30,1,1,0,0,0,0,0,0,0,0,0,0,0
C11H14,seen,25,17,10,4,3,0,10,4,3,0,0,0,0,0
C11H14N2,seen,27,1730,1038,346,346,0,1032,340,344,0,20,4,5,0
C11H14N2O1,test_ood,28,561,0,0,0,561,0,0,0,551,0,0,0,6
C11H14N2O2,test_ood,29,250,0,0,0,250,0,0,0,246,0,0,0,1
C11H14N2O3,test_ood,30,760,0,0,0,760,0,0,0,719,0,0,0,19
C11H14N2O4,seen,31,784,470,157,157,0,448,148,148,0,7,3,6,0
C11H14N4,test_ood,29,4,0,0,0,4,0,0,0,0,0,0,0,0
C11H14N4O1,seen,30,2,1,1,0,0,0,0,0,0,0,0,0,0
C11H14N4O2,seen,31,1,1,0,0,0,0,0,0,0,0,0,0,0
C11H14N4O3,seen,32,2,1,1,0,0,0,0,0,0,0,0,0,0
C11H14O1,seen,26,299,179,60,60,0,179,60,59,0,6,2,0,0
C11H14O2,seen,27,1247,748,250,249,0,738,247,243,0,4,3,2,0
C11H14O3,seen,28,301,181,60,60,0,179,59,59,0,1,1,1,0
C11H14O4,seen,29,96,58,19,19,0,57,16,19,0,0,1,2,0
C11H15N1,test_ood,27,1135,0,0,0,1135,0,0,0,1126,0,0,0,12
C11H15N1O1,test_ood,28,2087,0,0,0,2087,0,0,0,2067,0,0,0,12
C11H15N1O2,test_ood,29,1215,0,0,0,1215,0,0,0,1189,0,0,0,17
C11H15N1O3,seen,30,2,1,1,0,0,0,0,0,0,0,0,0,0
C11H15N1O4,seen,31,2,1,1,0,0,0,0,0,0,0,0,0,0
C11H15N1O5,seen,32,1,1,0,0,0,0,0,0,0,0,0,0,0
C11H15N3,seen,29,986,592,197,197,0,578,197,194,0,16,4,5,0
C11H15N3O1,seen,30,6,4,1,1,0,0,0,0,0,0,0,0,0
C11H15N3O2,test_ood,31,2,0,0,0,2,0,0,0,0,0,0,0,0
C11H15N3O3,seen,32,1,1,0,0,0,0,0,0,0,0,0,0,0
C11H15N5O1,seen,32,1,1,0,0,0,0,0,0,0,0,0,0,0
C11H16,test_ood,27,18,0,0,0,18,0,0,0,18,0,0,0,0
C11H16N2,seen,29,999,599,200,200,0,595,199,198,0,6,3,6,0
C11H16N2O1,seen,30,715,429,143,143,0,418,138,139,0,6,3,4,0
C11H16N2O2,test_ood,31,215,0,0,0,215,0,0,0,208,0,0,0,5
C11H16N2O3,test_ood,32,2,0,0,0,2,0,0,0,0,0,0,0,0
C11H16N4,test_ood,31,109,0,0,0,109,0,0,0,105,0,0,0,12
C11H16N4O2,seen,33,1,1,0,0,0,0,0,0,0,0,0,0,0
C11H16N4O3,seen,34,1071,643,214,214,0,619,207,204,0,22,5,11,0
C11H16N4O5,seen,36,1111,667,222,222,0,641,214,216,0,23,10,11,0
C11H16O1,test_ood,28,153,0,0,0,153,0,0,0,152,0,0,0,9
C11H16O2,seen,29,378,227,76,75,0,227,75,74,0,11,1,2,0
C11H16O3,seen,30,95,57,19,19,0,55,19,18,0,0,0,0,0
C11H16O4,test_ood,31,110,0,0,0,110,0,0,0,108,0,0,0,5
C11H17N1,seen,29,205,123,41,41,0,123,41,41,0,1,2,1,0
C11H17N1O1,seen,30,174,104,35,35,0,102,35,35,0,4,0,2,0
C11H17N1O2,seen,31,845,507,169,169,0,498,167,168,0,12,3,4,0
C11H17N1O3,seen,32,216,130,43,43,0,128,42,41,0,3,1,1,0
C11H17N1O4,seen,33,2,1,1,0,0,0,0,0,0,0,0,0,0
C11H17N3,seen,31,345,207,69,69,0,199,67,67,0,2,1,0,0
C11H17N3O1,seen,32,412,247,83,82,0,242,81,80,0,1,3,4,0
C11H17N3O2,seen,33,3,2,1,0,0,0,0,0,0,0,0,0,0
C11H17N3O6,seen,37,1,1,0,0,0,0,0,0,0,0,0,0,0
C11H17N5O4,test_ood,37,1053,0,0,0,1053,0,0,0,1013,0,0,0,22
C11H17N9O2,seen,39,1,1,0,0,0,0,0,0,0,0,0,0,0
C11H18,seen,29,133,80,27,26,0,79,27,26,0,0,0,0,0
C11H18N2,seen,31,217,130,44,43,0,125,44,41,0,2,1,1,0
C11H18N2O1,seen,32,238,143,48,47,0,139,48,47,0,5,0,1,0
C11H18N2O2,test_ood,33,108,0,0,0,108,0,0,0,102,0,0,0,3
C11H18N2O3,test_ood,34,1,0,0,0,1,0,0,0,0,0,0,0,0
C11H18N4,seen,33,2,1,1,0,0,0,0,0,0,0,0,0,0
C11H18N4O1,seen,34,1,1,0,0,0,0,0,0,0,0,0,0,0
C11H18N4O3,seen,36,1067,640,214,213,0,619,205,203,0,22,3,7,0
C11H18N4O4,seen,37,1,1,0,0,0,0,0,0,0,0,0,0,0
C11H18O1,seen,30,139,83,28,28,0,83,28,28,0,0,0,0,0
C11H18O2,test_ood,31,244,0,0,0,244,0,0,0,240,0,0,0,4
C11H18O3,test_ood,32,3,0,0,0,3,0,0,0,0,0,0,0,0
C11H18O4,seen,33,2,1,1,0,0,0,0,0,0,0,0,0,0
C11H19N1,test_ood,31,301,0,0,0,301,0,0,0,298,0,0,0,7
C11H19N1O1,test_ood,32,114,0,0,0,114,0,0,0,113,0,0,0,1
C11H19N1O2,test_ood,33,112,0,0,0,112,0,0,0,108,0,0,0,0
C11H19N1O3,test_ood,34,2,0,0,0,2,0,0,0,0,0,0,0,0
C11H19N3,test_ood,33,2,0,0,0,2,0,0,0,0,0,0,0,0
C11H19N3O1,seen,34,6,4,1,1,0,0,0,0,0,0,0,0,0
C11H20,seen,31,17,10,4,3,0,10,4,3,0,0,0,0,0
C11H20N2,test_ood,33,85,0,0,0,85,0,0,0,84,0,0,0,0
C11H20N2O1,seen,34,231,139,46,46,0,136,45,44,0,1,0,0,0
C11H20N2O2,seen,35,1,1,0,0,0,0,0,0,0,0,0,0,0
C11H20N2O3,seen,36,1390,834,278,278,0,776,268,264,0,20,11,5,0
C11H20N2O5,seen,38,1574,944,315,315,0,891,303,300,0,40,7,15,0
C11H20N4,test_ood,35,205,0,0,0,205,0,0,0,198,0,0,0,5
C11H20N6O4,test_ood,41,1,0,0,0,1,0,0,0,0,0,0,0,0
C11H20O1,seen,32,100,60,20,20,0,60,20,20,0,2,0,0,0
C11H20O2,seen,33,304,182,61,61,0,176,60,60,0,3,0,1,0
C11H20O3,test_ood,34,405,0,0,0,405,0,0,0,403,0,0,0,8
C11H20O4,test_ood,35,133,0,0,0,133,0,0,0,132,0,0,0,6
C11H21N1,seen,33,365,219,73,73,0,214,73,73,0,7,1,4,0
C11H21N1O1,test_ood,34,80,0,0,0,80,0,0,0,79,0,0,0,4
C11H21N1O2,seen,35,2,1,1,0,0,0,0,0,0,0,0,0,0
C11H21N3,test_ood,35,202,0,0,0,202,0,0,0,199,0,0,0,6
C11H21N3O1,test_ood,36,90,0,0,0,90,0,0,0,90,0,0,0,3
C11H21N3O3,test_ood,38,924,0,0,0,924,0,0,0,884,0,0,0,23
C11H21N3O4,seen,39,1507,904,302,301,0,854,286,287,0,22,7,4,0
C11H21N3O5,test_ood,40,980,0,0,0,980,0,0,0,940,0,0,0,36
C11H21N5O3,test_ood,40,1077,0,0,0,1077,0,0,0,1037,0,0,0,57
C11H21N5O5,seen,42,1085,651,217,217,0,628,209,208,0,0,0,0,0
C11H22,test_ood,33,7,0,0,0,7,0,0,0,7,0,0,0,0
C11H22N2,seen,35,58,35,12,11,0,35,12,11,0,1,0,0,0
C11H22N2O1,seen,36,1,1,0,0,0,0,0,0,0,0,0,0,0
C11H22N2O3,test_ood,38,1214,0,0,0,1214,0,0,0,1134,0,0,0,19
C11H22N4O1,test_ood,38,1,0,0,0,1,0,0,0,0,0,0,0,0
C11H22N4O4,seen,41,937,562,188,187,0,537,177,183,0,14,1,3,0
C11H22N6O4,seen,43,1061,637,212,212,0,614,205,202,0,0,0,0,0
C11H22O1,seen,34,129,77,26,26,0,77,26,26,0,3,0,0,0
C11H22O2,seen,35,1,1,0,0,0,0,0,0,0,0,0,0,0
C11H22O3,seen,36,223,134,45,44,0,133,45,42,0,3,1,2,0
C11H22O4,test_ood,37,2,0,0,0,2,0,0,0,0,0,0,0,0
C11H23N1,test_ood,35,118,0,0,0,118,0,0,0,118,0,0,0,1
C11H23N1O1,test_ood,36,73,0,0,0,73,0,0,0,71,0,0,0,0
C11H23N3O3,seen,40,886,532,177,177,0,509,165,172,0,9,10,6,0
C11H23N5O3,seen,42,993,596,199,198,0,565,194,188,0,22,7,4,0
C11H24,seen,35,4,2,1,1,0,2,1,1,0,0,0,0,0
C11H24N2,seen,37,1,1,0,0,0,0,0,0,0,0,0,0,0
C11H24N2O3,test_ood,40,1,0,0,0,1,0,0,0,0,0,0,0,0
C11H24N4,test_ood,39,1,0,0,0,1,0,0,0,0,0,0,0,0
C11H24N4O1,test_ood,40,2,0,0,0,2,0,0,0,0,0,0,0,0
C11H24O1,test_ood,36,8,0,0,0,8,0,0,0,8,0,0,0,0
C11H24O3,test_ood,38,427,0,0,0,427,0,0,0,419,0,0,0,23
C11H24O4,seen,39,135,81,27,27,0,78,27,26,0,8,4,3,0
C11H25N1,test_ood,37,11,0,0,0,11,0,0,0,11,0,0,0,0
C11H25N1O2,seen,39,113,68,23,22,0,68,23,22,0,1,1,0,0
C11H25N3O1,seen,40,1,1,0,0,0,0,0,0,0,0,0,0,0
C11H26N4O1,seen,42,88,53,18,17,0,17,9,7,0,2,1,1,0
C11H27N1,test_ood,39,1,0,0,0,1,0,0,0,1,0,0,0,0
C11H3N1,seen,15,2,1,1,0,0,1,1,0,0,0,0,0,0
C11H4O1,seen,16,1,1,0,0,0,1,0,0,0,0,0,0,0
C11H5N1,test_ood,17,4,0,0,0,4,0,0,0,4,0,0,0,0
C11H6,seen,17,1,1,0,0,0,1,0,0,0,0,0,0,0
C11H6N2,test_ood,19,144,0,0,0,144,0,0,0,143,0,0,0,25
C11H6O1,seen,18,5,3,1,1,0,3,1,1,0,0,0,0,0
C11H6O2,seen,19,132,79,27,26,0,79,27,26,0,5,3,2,0
C11H7N1,seen,19,15,9,3,3,0,9,3,3,0,0,0,0,0
C11H7N1O1,seen,20,338,203,68,67,0,200,67,66,0,20,7,10,0
C11H8,seen,19,4,2,1,1,0,2,1,1,0,0,0,0,0
C11H8N2,seen,21,547,328,110,109,0,327,109,108,0,17,2,6,0
C11H8N2O2,test_ood,23,2,0,0,0,2,0,0,0,0,0,0,0,0
C11H8N4,seen,23,1,1,0,0,0,0,0,0,0,0,0,0,0
C11H8O1,seen,20,236,142,47,47,0,142,47,47,0,17,3,4,0
C11H8O2,test_ood,21,888,0,0,0,888,0,0,0,886,0,0,0,17
C11H8O3,test_ood,22,2,0,0,0,2,0,0,0,0,0,0,0,0
C11H9N1,test_ood,21,328,0,0,0,328,0,0,0,327,0,0,0,0
C11H9N1O1,seen,22,866,520,173,173,0,428,148,138,0,11,5,3,0
C11H9N1O2,test_ood,23,114,0,0,0,114,0,0,0,114,0,0,0,2
C11H9N1O3,seen,24,2,1,1,0,0,0,0,0,0,0,0,0,0
C11H9N3,seen,23,152,91,31,30,0,91,31,30,0,0,0,0,0
C11H9N3O1,seen,24,119,71,24,24,0,71,24,24,0,4,0,1,0
C12H10,seen,22,1431,859,286,286,0,75,26,34,0,69,24,29,0
C12H10N2,seen,24,1425,855,285,285,0,755,253,253,0,45,19,15,0
C12H10N2O1,seen,25,1,1,0,0,0,0,0,0,0,0,0,0,0
C12H10O1,seen,23,198,119,40,39,0,116,39,39,0,2,0,0,0
C12H10O2,seen,24,968,581,194,193,0,488,166,169,0,19,8,3,0
C12H10O3,seen,25,133,80,27,26,0,77,27,25,0,0,0,0,0
C12H11N1,seen,24,341,205,68,68,0,204,68,68,0,5,0,0,0
C12H11N1O1,test_ood,25,1649,0,0,0,1649,0,0,0,1634,0,0,0,26
C12H11N1O2,test_ood,26,332,0,0,0,332,0,0,0,330,0,0,0,5
C12H11N1O3,seen,27,1,1,0,0,0,0,0,0,0,0,0,0,0
C12H11N3,test_ood,26,90,0,0,0,90,0,0,0,89,0,0,0,3
C12H12,test_ood,24,1515,0,0,0,1515,0,0,0,1185,0,0,0,38
C12H12N2,seen,26,599,359,120,120,0,353,118,118,0,6,2,2,0
C12H12N2O1,seen,27,357,214,72,71,0,208,70,67,0,3,2,3,0
C12H12N2O2,seen,28,2,1,1,0,0,0,0,0,0,0,0,0,0
C12H12N4,seen,28,2,1,1,0,0,0,0,0,0,0,0,0,0
C12H12O1,test_ood,25,669,0,0,0,669,0,0,0,661,0,0,0,2
C12H12O2,test_ood,26,235,0,0,0,235,0,0,0,233,0,0,0,5
C12H13N1,test_ood,26,986,0,0,0,986,0,0,0,976,0,0,0,6
C12H13N1O1,test_ood,27,1321,0,0,0,1321,0,0,0,1305,0,0,0,21
C12H13N1O2,seen,28,128,77,26,25,0,72,25,24,0,0,0,0,0
C12H13N1O3,seen,29,2,1,1,0,0,0,0,0,0,0,0,0,0
C12H13N3,test_ood,28,74,0,0,0,74,0,0,0,68,0,0,0,0
C12H13N3O1,seen,29,94,56,19,19,0,53,17,18,0,2,2,0,0
C12H13N3O2,test_ood,30,1,0,0,0,1,0,0,0,0,0,0,0,0
C12H14,test_ood,26,129,0,0,0,129,0,0,0,126,0,0,0,1
C12H14N12O1,test_ood,39,1,0,0,0,1,0,0,0,0,0,0,0,0
C12H14N2,seen,28,1177,706,236,235,0,699,234,235,0,13,5,1,0
C12H14N2O1,test_ood,29,471,0,0,0,471,0,0,0,460,0,0,0,11
C12H14N2O2,test_ood,30,4,0,0,0,4,0,0,0,0,0,0,0,0
C12H14N2O8,test_ood,36,1,0,0,0,1,0,0,0,0,0,0,0,0
C12H14N4,seen,30,1,1,0,0,0,0,0,0,0,0,0,0,0
C12H14N4O5,seen,35,1,1,0,0,0,0,0,0,0,0,0,0,0
C12H14N8O1,test_ood,35,1,0,0,0,1,0,0,0,0,0,0,0,0
C12H14O1,seen,27,126,76,25,25,0,76,25,25,0,0,0,0,0
C12H14O2,test_ood,28,481,0,0,0,481,0,0,0,473,0,0,0,24
C12H14O3,seen,29,2,1,1,0,0,0,0,0,0,0,0,0,0
C12H15N1,seen,28,2732,1639,547,546,0,1614,542,538,0,15,4,8,0
C12H15N1O1,test_ood,29,746,0,0,0,746,0,0,0,727,0,0,0,26
C12H15N1O2,seen,30,115,69,23,23,0,65,23,21,0,1,0,0,0
C12H15N1O3,seen,31,3,2,1,0,0,0,0,0,0,0,0,0,0
C12H15N3,test_ood,30,366,0,0,0,366,0,0,0,361,0,0,0,16
C12H15N3O1,test_ood,31,2,0,0,0,2,0,0,0,0,0,0,0,0
C12H16,seen,28,34,20,7,7,0,20,7,7,0,0,0,0,0
C12H16N2,test_ood,30,932,0,0,0,932,0,0,0,912,0,0,0,16
C12H16N2O1,test_ood,31,282,0,0,0,282,0,0,0,274,0,0,0,0
C12H16N2O2,test_ood,32,3,0,0,0,3,0,0,0,0,0,0,0,0
C12H16N2O3,seen,33,755,453,151,151,0,422,146,145,0,6,2,2,0
C12H16N2O4,test_ood,34,1474,0,0,0,1474,0,0,0,1394,0,0,0,30
C12H16N2O5,test_ood,35,889,0,0,0,889,0,0,0,849,0,0,0,17
C12H16N4,test_ood,32,2,0,0,0,2,0,0,0,0,0,0,0,0
C12H16N4O1,test_ood,33,2,0,0,0,2,0,0,0,0,0,0,0,0
C12H16N6O3,seen,37,573,344,115,114,0,331,113,109,0,0,0,0,0
C12H16O1,test_ood,29,61,0,0,0,61,0,0,0,61,0,0,0,2
C12H16O2,seen,30,566,340,113,113,0,335,112,110,0,9,3,0,0
C12H16O3,seen,31,96,58,19,19,0,56,18,19,0,0,0,0,0
C12H16O4,seen,32,1,1,0,0,0,0,0,0,0,0,0,0,0
C12H17N1,seen,30,893,536,179,178,0,533,178,178,0,9,0,2,0
C12H17N1O1,seen,31,882,529,177,176,0,514,172,171,0,8,4,3,0
C12H17N1O2,seen,32,814,488,163,163,0,485,162,162,0,10,3,4,0
C12H17N1O3,seen,33,1,1,0,0,0,0,0,0,0,0,0,0,0
C12H17N3,test_ood,32,301,0,0,0,301,0,0,0,292,0,0,0,7
C12H17N3O1,seen,33,3,2,1,0,0,0,0,0,0,0,0,0,0
C12H17N5,test_ood,34,3,0,0,0,3,0,0,0,0,0,0,0,0
C12H17N5O4,test_ood,38,1,0,0,0,1,0,0,0,0,0,0,0,0
C12H18,seen,30,312,187,63,62,0,184,62,60,0,13,1,4,0
C12H18N2,seen,32,833,500,167,166,0,491,165,163,0,6,2,1,0
C12H18N2O1,seen,33,125,75,25,25,0,66,23,25,0,3,1,1,0
C12H18N2O2,seen,34,128,77,26,25,0,74,26,25,0,1,0,0,0
C12H18N2O4,test_ood,36,1,0,0,0,1,0,0,0,0,0,0,0,0
C12H18N4,test_ood,34,2,0,0,0,2,0,0,0,0,0,0,0,0
C12H18N4O3,seen,37,1,1,0,0,0,0,0,0,0,0,0,0,0
C12H18N8O2,seen,40,1,1,0,0,0,0,0,0,0,0,0,0,0
C12H18O1,test_ood,31,1,0,0,0,1,0,0,0,0,0,0,0,0
C12H18O2,seen,32,442,265,89,88,0,264,89,87,0,3,2,2,0
C12H18O3,test_ood,33,143,0,0,0,143,0,0,0,141,0,0,0,7
C12H19N1O1,seen,33,2,1,1,0,0,0,0,0,0,0,0,0,0
C12H19N1O2,seen,34,212,127,43,42,0,122,42,41,0,0,0,0,0
C12H19N1O3,seen,35,1,1,0,0,0,0,0,0,0,0,0,0,0
C12H19N3,seen,34,3,2,1,0,0,0,0,0,0,0,0,0,0
C12H19N3O1,test_ood,35,132,0,0,0,132,0,0,0,129,0,0,0,1
C12H19N3O7,seen,41,1,1,0,0,0,0,0,0,0,0,0,0,0
C12H20,test_ood,32,31,0,0,0,31,0,0,0,31,0,0,0,0
C12H20N2,seen,34,771,463,154,154,0,443,150,138,0,21,5,7,0
C12H20N2O1,seen,35,112,67,23,22,0,66,21,21,0,2,2,0,0
C12H20N2O2,test_ood,36,2,0,0,0,2,0,0,0,0,0,0,0,0
C12H20N4,seen,36,2,1,1,0,0,0,0,0,0,0,0,0,0
C12H20N4O3,seen,39,1539,923,308,308,0,876,290,293,0,14,9,6,0
C12H20N4O6,seen,42,1,1,0,0,0,0,0,0,0,0,0,0,0
C12H20N6O1,test_ood,39,1,0,0,0,1,0,0,0,0,0,0,0,0
C12H20O1,test_ood,33,77,0,0,0,77,0,0,0,77,0,0,0,0
C12H21N1,seen,34,126,76,25,25,0,72,25,25,0,1,2,1,0
C12H21N1O2,test_ood,36,1,0,0,0,1,0,0,0,0,0,0,0,0
C12H21N3,test_ood,36,73,0,0,0,73,0,0,0,70,0,0,0,7
C12H21N3O1,test_ood,37,1,0,0,0,1,0,0,0,0,0,0,0,0
C12H21N3O2,test_ood,38,2,0,0,0,2,0,0,0,0,0,0,0,0
C12H21N5O3,seen,41,937,562,188,187,0,531,183,183,0,17,5,8,0
C12H21N7O3,seen,43,1167,700,234,233,0,676,225,226,0,0,0,0,0
C12H22,test_ood,34,102,0,0,0,102,0,0,0,98,0,0,0,4
C12H22N2,seen,36,1,1,0,0,0,0,0,0,0,0,0,0,0
C12H22N2O1,test_ood,37,91,0,0,0,91,0,0,0,88,0,0,0,0
C12H22N4O1,test_ood,39,95,0,0,0,95,0,0,0,93,0,0,0,2
C12H22O1,seen,35,430,258,86,86,0,255,85,86,0,9,2,1,0
C12H22O2,seen,36,90,54,18,18,0,51,16,18,0,0,0,0,0
C12H22O3,seen,37,1,1,0,0,0,0,0,0,0,0,0,0,0
C12H22O4,seen,38,1,1,0,0,0,0,0,0,0,0,0,0,0
C12H23N1O1,test_ood,37,78,0,0,0,78,0,0,0,78,0,0,0,9
C12H23N1O4,test_ood,40,1,0,0,0,1,0,0,0,0,0,0,0,0
C12H23N3,seen,38,84,50,17,17,0,48,17,17,0,1,0,1,0
C12H23N5O3,seen,43,1,1,0,0,0,0,0,0,0,0,0,0,0
C12H23N7O3,seen,45,1,1,0,0,0,0,0,0,0,0,0,0,0
C12H24,seen,36,98,59,20,19,0,59,20,19,0,3,2,0,0
C12H24N2,test_ood,38,187,0,0,0,187,0,0,0,174,0,0,0,12
C12H24N2O1,test_ood,39,201,0,0,0,201,0,0,0,195,0,0,0,5
C12H24N2O2,seen,40,77,46,16,15,0,44,15,15,0,1,0,0,0
C12H24N2O3,seen,41,1323,794,265,264,0,746,244,253,0,64,12,21,0
C12H24N4,seen,40,2,1,1,0,0,0,0,0,0,0,0,0,0
C12H24O1,test_ood,37,108,0,0,0,108,0,0,0,107,0,0,0,6
C12H24O3,test_ood,39,1,0,0,0,1,0,0,0,0,0,0,0,0
C12H24O4,test_ood,40,409,0,0,0,409,0,0,0,407,0,0,0,21
C12H24O6,seen,42,130,78,26,26,0,78,26,26,0,4,1,4,0
C12H25N1,test_ood,38,75,0,0,0,75,0,0,0,75,0,0,0,3
C12H25N1O1,test_ood,39,107,0,0,0,107,0,0,0,105,0,0,0,4
C12H25N1O2,seen,40,101,61,20,20,0,61,20,20,0,4,1,2,0
C12H25N1O5,seen,43,121,73,24,24,0,73,24,24,0,3,0,1,0
C12H25N3O1,test_ood,41,3,0,0,0,3,0,0,0,0,0,0,0,0
C12H25N3O3,seen,43,1139,683,228,228,0,634,213,212,0,11,7,4,0
C12H25N5O3,seen,45,1679,1007,336,336,0,964,317,318,0,60,11,10,0
C12H26,test_ood,38,1,0,0,0,1,0,0,0,1,0,0,0,0
C12H26N2O1,test_ood,41,88,0,0,0,88,0,0,0,86,0,0,0,4
C12H26N2O2,seen,42,1,1,0,0,0,0,0,0,0,0,0,0,0
C12H26N2O3,seen,43,1,1,0,0,0,0,0,0,0,0,0,0,0
C12H26N4,test_ood,42,1,0,0,0,1,0,0,0,0,0,0,0,0
C12H26N4O1,seen,43,1,1,0,0,0,0,0,0,0,0,0,0,0
C12H26N4O3,test_ood,45,362,0,0,0,362,0,0,0,342,0,0,0,40
C12H26N6O3,seen,47,1045,627,209,209,0,602,201,202,0,0,0,0,0
C12H26N8O3,test_ood,49,540,0,0,0,540,0,0,0,520,0,0,0,0
C12H26O3,seen,41,281,169,56,56,0,165,56,55,0,14,3,2,0
C12H26O7,seen,45,134,80,27,27,0,79,25,25,0,2,4,2,0
C12H27N1O8,seen,48,3,2,1,0,0,0,0,0,0,0,0,0,0
C12H27N3,seen,42,57,34,12,11,0,33,12,11,0,0,0,0,0
C12H27N3O1,test_ood,43,4,0,0,0,4,0,0,0,0,0,0,0,0
C12H27N3O2,test_ood,44,2,0,0,0,2,0,0,0,0,0,0,0,0
C12H27N3O3,seen,45,110,66,22,22,0,66,22,21,0,3,0,0,0
C12H27N5,test_ood,44,1,0,0,0,1,0,0,0,0,0,0,0,0
C12H28N4,seen,44,111,67,22,22,0,18,8,11,0,1,0,2,0
C12H28N4O1,test_ood,45,105,0,0,0,105,0,0,0,105,0,0,0,0
C12H28O3,seen,43,1,1,0,0,0,0,0,0,0,0,0,0,0
C12H29N1O4,test_ood,46,2,0,0,0,2,0,0,0,0,0,0,0,0
C12H29N5O1,test_ood,47,124,0,0,0,124,0,0,0,121,0,0,0,9
C12H30N6O2,seen,50,1,1,0,0,0,0,0,0,0,0,0,0,0
C12H31N5O2,seen,50,1,1,0,0,0,0,0,0,0,0,0,0,0
C12H6,seen,18,3,2,1,0,0,2,1,0,0,0,0,0,0
C12H8,seen,20,254,152,51,51,0,147,51,51,0,8,6,6,0
C12H8N2,seen,22,112,67,23,22,0,67,23,22,0,1,1,0,0
C12H8N2O1,test_ood,23,1,0,0,0,1,0,0,0,0,0,0,0,0
C12H8O1,test_ood,21,410,0,0,0,410,0,0,0,409,0,0,0,11
C12H8O2,seen,22,117,70,24,23,0,70,24,23,0,0,0,0,0
C12H9N1,test_ood,22,113,0,0,0,113,0,0,0,110,0,0,0,3
C12H9N1O1,seen,23,1065,639,213,213,0,637,208,210,0,15,8,8,0
C12H9N1O2,seen,24,140,84,28,28,0,83,28,28,0,3,1,2,0
C12H9N3,test_ood,24,398,0,0,0,398,0,0,0,391,0,0,0,7
C13H10,seen,23,240,144,48,48,0,143,47,47,0,0,0,0,0
C13H10N2,test_ood,25,267,0,0,0,267,0,0,0,263,0,0,0,5
C13H10O1,test_ood,24,253,0,0,0,253,0,0,0,249,0,0,0,0
C13H10O2,seen,25,116,70,23,23,0,70,23,23,0,2,0,1,0
C13H11N1,test_ood,25,370,0,0,0,370,0,0,0,365,0,0,0,17
C13H11N1O2,seen,27,1,1,0,0,0,0,0,0,0,0,0,0,0
C13H12N2O1,test_ood,28,3,0,0,0,3,0,0,0,0,0,0,0,0
C13H12O1,test_ood,26,293,0,0,0,293,0,0,0,289,0,0,0,1
C13H12O2,seen,27,210,126,42,42,0,123,40,42,0,0,0,0,0
C13H13N1,seen,27,813,488,163,162,0,485,161,159,0,3,3,4,0
C13H13N1O1,seen,28,222,133,45,44,0,131,45,40,0,3,1,0,0
C13H13N1O2,seen,29,125,75,25,25,0,73,25,25,0,4,0,1,0
C13H13N1O3,seen,30,2,1,1,0,0,0,0,0,0,0,0,0,0
C13H13N3,seen,29,1,1,0,0,0,0,0,0,0,0,0,0,0
C13H14N2,test_ood,29,326,0,0,0,326,0,0,0,324,0,0,0,6
C13H14N2O1,seen,30,1,1,0,0,0,0,0,0,0,0,0,0,0
C13H14N2O6,seen,35,1,1,0,0,0,0,0,0,0,0,0,0,0
C13H14O1,test_ood,28,106,0,0,0,106,0,0,0,103,0,0,0,1
C13H14O2,seen,29,119,71,24,24,0,68,23,24,0,0,0,0,0
C13H15N1,test_ood,29,791,0,0,0,791,0,0,0,777,0,0,0,14
C13H15N1O1,seen,30,460,276,92,92,0,275,92,92,0,3,1,1,0
C13H15N3,test_ood,31,1,0,0,0,1,0,0,0,0,0,0,0,0
C13H15N3O3,seen,34,983,590,197,196,0,563,190,190,0,15,6,7,0
C13H15N3O6,test_ood,37,1,0,0,0,1,0,0,0,0,0,0,0,0
C13H15N5O5,seen,38,1,1,0,0,0,0,0,0,0,0,0,0,0
C13H16N2,seen,31,355,213,71,71,0,209,69,66,0,3,2,0,0
C13H16N2O1,test_ood,32,1,0,0,0,1,0,0,0,0,0,0,0,0
C13H16N2O5,seen,36,923,554,185,184,0,528,177,178,0,19,2,3,0
C13H16N2O6,seen,37,930,558,186,186,0,539,176,175,0,0,0,0,0
C13H16N4O5,test_ood,38,1,0,0,0,1,0,0,0,0,0,0,0,0
C13H16O1,test_ood,30,104,0,0,0,104,0,0,0,104,0,0,0,2
C13H16O2,seen,31,3,2,1,0,0,0,0,0,0,0,0,0,0
C13H17N1,test_ood,31,2436,0,0,0,2436,0,0,0,2382,0,0,0,19
C13H17N1O1,test_ood,32,552,0,0,0,552,0,0,0,548,0,0,0,5
C13H17N1O2,seen,33,4,2,1,1,0,0,0,0,0,0,0,0,0
C13H17N1O3,seen,34,1,1,0,0,0,0,0,0,0,0,0,0,0
C13H17N3,seen,33,114,68,23,23,0,63,21,23,0,0,0,0,0
C13H17N3O1,seen,34,2,1,1,0,0,0,0,0,0,0,0,0,0
C13H17N3O4,seen,37,864,518,173,173,0,407,138,127,0,15,2,3,0
C13H17N3O5,seen,38,826,496,165,165,0,476,153,157,0,0,0,0,0
C13H17N7O1,test_ood,38,1,0,0,0,1,0,0,0,0,0,0,0,0
C13H18N2,test_ood,33,2,0,0,0,2,0,0,0,0,0,0,0,0
C13H18N2O1,seen,34,4,2,1,1,0,0,0,0,0,0,0,0,0
C13H18N2O4,seen,37,959,575,192,192,0,547,186,186,0,15,6,7,0
C13H18N2O5,seen,38,822,493,165,164,0,472,155,155,0,8,6,5,0
C13H18N4,seen,35,1,1,0,0,0,0,0,0,0,0,0,0,0
C13H18N8O2,seen,41,1,1,0,0,0,0,0,0,0,0,0,0,0
C13H18O2,seen,33,185,111,37,37,0,109,36,36,0,1,1,0,0
C13H19N1,seen,33,616,370,123,123,0,364,122,122,0,3,0,0,0
C13H19N1O1,seen,34,317,190,64,63,0,184,63,61,0,0,0,0,0
C13H19N1O3,seen,36,1,1,0,0,0,0,0,0,0,0,0,0,0
C13H19N3,seen,35,1,1,0,0,0,0,0,0,0,0,0,0,0
C13H19N3O1,seen,36,2,1,1,0,0,0,0,0,0,0,0,0,0
C13H20N2,seen,35,335,201,67,67,0,196,67,62,0,3,0,2,0
C13H20N2O1,test_ood,36,95,0,0,0,95,0,0,0,92,0,0,0,2
C13H20N2O2,seen,37,1,1,0,0,0,0,0,0,0,0,0,0,0
C13H20O1,test_ood,34,67,0,0,0,67,0,0,0,66,0,0,0,2
C13H20O2,test_ood,35,384,0,0,0,384,0,0,0,383,0,0,0,1
C13H21N1O1,seen,36,2,1,1,0,0,0,0,0,0,0,0,0,0
C13H21N1O2,seen,37,301,181,60,60,0,178,58,60,0,6,1,0,0
C13H21N1O3,seen,38,129,77,26,26,0,76,26,26,0,0,0,0,0
C13H21N1O4,test_ood,39,1,0,0,0,1,0,0,0,0,0,0,0,0
C13H21N3,test_ood,37,2,0,0,0,2,0,0,0,0,0,0,0,0
C13H21N3O1,seen,38,2,1,1,0,0,0,0,0,0,0,0,0,0
C13H21N3O6,seen,43,1,1,0,0,0,0,0,0,0,0,0,0,0
C13H21N9O1,test_ood,44,1,0,0,0,1,0,0,0,0,0,0,0,0
C13H22,seen,35,1,1,0,0,0,0,0,0,0,0,0,0,0
C13H22N2O1,test_ood,38,113,0,0,0,113,0,0,0,111,0,0,0,0
C13H22N2O4,seen,41,2,1,1,0,0,0,0,0,0,0,0,0,0
C13H23N1O1,seen,38,117,70,24,23,0,66,24,23,0,3,1,0,0
C13H23N3,test_ood,39,74,0,0,0,74,0,0,0,73,0,0,0,5
C13H24N2,seen,39,3,2,1,0,0,0,0,0,0,0,0,0,0
C13H24N2O1,seen,40,1,1,0,0,0,0,0,0,0,0,0,0,0
C13H24N2O2,seen,41,1,1,0,0,0,0,0,0,0,0,0,0,0
C13H24N2O4,seen,43,1,1,0,0,0,0,0,0,0,0,0,0,0
C13H24N4,test_ood,41,2,0,0,0,2,0,0,0,0,0,0,0,0
C13H24O1,seen,38,124,74,25,25,0,72,23,25,0,4,3,0,0
C13H24O2,seen,39,1,1,0,0,0,0,0,0,0,0,0,0,0
C13H25N1,seen,39,97,58,20,19,0,56,19,19,0,1,0,0,0
C13H25N3,test_ood,41,129,0,0,0,129,0,0,0,128,0,0,0,8
C13H25N3O1,seen,42,1,1,0,0,0,0,0,0,0,0,0,0,0
C13H26N4,test_ood,43,1,0,0,0,1,0,0,0,0,0,0,0,0
C13H26O1,seen,40,1,1,0,0,0,0,0,0,0,0,0,0,0
C13H26O2,seen,41,1,1,0,0,0,0,0,0,0,0,0,0,0
C13H27N1O1,seen,42,84,50,17,17,0,50,17,16,0,3,2,0,0
C13H27N3O1,seen,44,1,1,0,0,0,0,0,0,0,0,0,0,0
C13H28N2,seen,43,1,1,0,0,0,0,0,0,0,0,0,0,0
C13H28N2O1,seen,44,115,69,23,23,0,69,23,23,0,2,1,0,0
C13H30O4,seen,47,1,1,0,0,0,0,0,0,0,0,0,0,0
C13H9N1,seen,23,112,67,23,22,0,66,22,21,0,0,0,0,0
C14H10,test_ood,24,112,0,0,0,112,0,0,0,110,0,0,0,6
C14H11N1,test_ood,26,605,0,0,0,605,0,0,0,599,0,0,0,16
C14H11N3,seen,28,2,1,1,0,0,0,0,0,0,0,0,0,0
C14H12,seen,26,107,64,22,21,0,64,22,21,0,2,0,0,0
C14H12N2,seen,28,1,1,0,0,0,0,0,0,0,0,0,0,0
C14H12O2,seen,28,1,1,0,0,0,0,0,0,0,0,0,0,0
C14H13N1,test_ood,28,116,0,0,0,116,0,0,0,114,0,0,0,2
C14H13N1O1,test_ood,29,1,0,0,0,1,0,0,0,0,0,0,0,0
C14H13N1O2,test_ood,30,1,0,0,0,1,0,0,0,0,0,0,0,0
C14H14N2,seen,30,5,3,1,1,0,0,0,0,0,0,0,0,0
C14H14N6O3,test_ood,37,1,0,0,0,1,0,0,0,0,0,0,0,0
C14H14O2,test_ood,30,1,0,0,0,1,0,0,0,0,0,0,0,0
C14H15N1,seen,30,115,69,23,23,0,68,23,23,0,0,0,0,0
C14H16N2O1,test_ood,33,1,0,0,0,1,0,0,0,0,0,0,0,0
C14H16N2O5,test_ood,37,1,0,0,0,1,0,0,0,0,0,0,0,0
C14H16N4O1,seen,35,1,1,0,0,0,0,0,0,0,0,0,0,0
C14H16O1,test_ood,31,46,0,0,0,46,0,0,0,44,0,0,0,2
C14H17N1,seen,32,219,131,44,44,0,130,44,43,0,1,0,1,0
C14H17N1O1,seen,33,332,199,67,66,0,199,67,66,0,2,1,1,0
C14H17N1O2,test_ood,34,1,0,0,0,1,0,0,0,0,0,0,0,0
C14H17N3,seen,34,1,1,0,0,0,0,0,0,0,0,0,0,0
C14H17N3O3,test_ood,37,1023,0,0,0,1023,0,0,0,983,0,0,0,14
C14H17N3O4,seen,38,1016,610,203,203,0,584,196,196,0,0,0,0,0
C14H17N3O7,seen,41,1,1,0,0,0,0,0,0,0,0,0,0,0
C14H17N7O3,test_ood,41,1,0,0,0,1,0,0,0,0,0,0,0,0
C14H18N2,seen,34,120,72,24,24,0,69,23,23,0,1,0,0,0
C14H18N2O3,test_ood,37,808,0,0,0,808,0,0,0,768,0,0,0,14
C14H18N2O4,test_ood,38,930,0,0,0,930,0,0,0,890,0,0,0,13
C14H18N2O5,seen,39,915,549,183,183,0,529,174,172,0,0,0,0,0
C14H18N2O6,test_ood,40,919,0,0,0,919,0,0,0,879,0,0,0,0
C14H19N1,seen,34,1,1,0,0,0,0,0,0,0,0,0,0,0
C14H19N1O1,test_ood,35,3,0,0,0,3,0,0,0,0,0,0,0,0
C14H19N3,seen,36,1,1,0,0,0,0,0,0,0,0,0,0,0
C14H19N3O4,seen,40,856,514,171,171,0,487,165,164,0,0,0,0,0
C14H19N3O5,seen,41,933,560,187,186,0,534,178,181,0,0,0,0,0
C14H19N3O6,test_ood,42,1,0,0,0,1,0,0,0,0,0,0,0,0
C14H20,test_ood,34,1,0,0,0,1,0,0,0,0,0,0,0,0
C14H20N2,seen,36,111,67,22,22,0,28,11,10,0,0,0,0,0
C14H20N2O1,seen,37,1,1,0,0,0,0,0,0,0,0,0,0,0
C14H20N2O3,seen,39,777,466,156,155,0,442,148,147,0,12,1,1,0
C14H20N2O4,seen,40,756,454,151,151,0,429,146,141,0,7,1,2,0
C14H20N4O6,test_ood,44,1,0,0,0,1,0,0,0,0,0,0,0,0
C14H21N1,seen,36,145,87,29,29,0,83,28,28,0,0,0,0,0
C14H21N1O1,seen,37,1,1,0,0,0,0,0,0,0,0,0,0,0
C14H21N1O2,seen,38,125,75,25,25,0,74,23,24,0,2,2,1,0
C14H21N5O3,test_ood,43,1,0,0,0,1,0,0,0,0,0,0,0,0
C14H22N2,test_ood,38,83,0,0,0,83,0,0,0,82,0,0,0,2
C14H22N2O1,test_ood,39,93,0,0,0,93,0,0,0,31,0,0,0,0
C14H22N2O2,test_ood,40,1,0,0,0,1,0,0,0,0,0,0,0,0
C14H22N6O2,test_ood,44,2,0,0,0,2,0,0,0,0,0,0,0,0
C14H22O1,test_ood,37,89,0,0,0,89,0,0,0,87,0,0,0,2
C14H22O2,test_ood,38,104,0,0,0,104,0,0,0,104,0,0,0,0
C14H23N1,seen,38,88,53,18,17,0,53,18,17,0,1,1,0,0
C14H23N1O1,seen,39,1,1,0,0,0,0,0,0,0,0,0,0,0
C14H23N1O2,seen,40,199,119,40,40,0,117,40,40,0,5,1,1,0
C14H23N1O3,seen,41,1,1,0,0,0,0,0,0,0,0,0,0,0
C14H23N3,seen,40,2,1,1,0,0,0,0,0,0,0,0,0,0
C14H23N3O4,seen,44,1,1,0,0,0,0,0,0,0,0,0,0,0
C14H24N2,seen,40,1,1,0,0,0,0,0,0,0,0,0,0,0
C14H24N2O1,test_ood,41,332,0,0,0,332,0,0,0,326,0,0,0,7
C14H24N6O3,test_ood,47,1,0,0,0,1,0,0,0,0,0,0,0,0
C14H24O1,seen,39,1,1,0,0,0,0,0,0,0,0,0,0,0
C14H25N1O4,seen,44,1,1,0,0,0,0,0,0,0,0,0,0,0
C14H25N3,test_ood,42,571,0,0,0,571,0,0,0,553,0,0,0,38
C14H25N3O2,test_ood,44,2,0,0,0,2,0,0,0,0,0,0,0,0
C14H26N2,seen,42,2,1,1,0,0,0,0,0,0,0,0,0,0
C14H26N2O2,test_ood,44,2,0,0,0,2,0,0,0,0,0,0,0,0
C14H27N3O1,seen,45,2,1,1,0,0,0,0,0,0,0,0,0,0
C14H27N3O2,test_ood,46,1,0,0,0,1,0,0,0,0,0,0,0,0
C14H27N3O8,seen,52,1,1,0,0,0,0,0,0,0,0,0,0,0
C14H28N4,seen,46,2,1,1,0,0,0,0,0,0,0,0,0,0
C14H28O3,seen,45,131,79,26,26,0,79,25,26,0,6,3,0,0
C14H28O4,test_ood,46,140,0,0,0,140,0,0,0,139,0,0,0,2
C14H28O7,test_ood,49,1,0,0,0,1,0,0,0,0,0,0,0,0
C14H29N1,seen,44,3,2,1,0,0,0,0,0,0,0,0,0,0
C14H32N4,test_ood,50,106,0,0,0,106,0,0,0,105,0,0,0,8
C14H34N4O2,seen,54,1,1,0,0,0,0,0,0,0,0,0,0,0
C15H16N4O4,seen,39,1,1,0,0,0,0,0,0,0,0,0,0,0
C15H17N1,test_ood,33,195,0,0,0,195,0,0,0,190,0,0,0,6
C15H17N3O5,seen,40,1103,662,221,220,0,635,213,215,0,0,0,0,0
C15H17N5O3,seen,40,1,1,0,0,0,0,0,0,0,0,0,0,0
C15H18N4O2,test_ood,39,1,0,0,0,1,0,0,0,0,0,0,0,0
C15H18N4O3,seen,40,975,585,195,195,0,562,186,186,0,0,0,0,0
C15H18N4O4,seen,41,1703,1022,341,340,0,968,324,331,0,0,0,0,0
C15H19N1,seen,35,107,64,22,21,0,63,22,21,0,0,0,0,0
C15H19N1O8,test_ood,43,1,0,0,0,1,0,0,0,0,0,0,0,0
C15H19N3O4,seen,41,1063,638,213,212,0,609,207,206,0,0,0,0,0
C15H19N3O5,seen,42,1,1,0,0,0,0,0,0,0,0,0,0,0
C15H20N2,test_ood,37,115,0,0,0,115,0,0,0,114,0,0,0,1
C15H20N2O4,test_ood,41,1,0,0,0,1,0,0,0,0,0,0,0,0
C15H21N3O4,seen,43,1,1,0,0,0,0,0,0,0,0,0,0,0
C15H21N5O4,test_ood,45,1,0,0,0,1,0,0,0,0,0,0,0,0
C15H22N2O1,seen,40,2,1,1,0,0,0,0,0,0,0,0,0,0
C15H22N2O3,test_ood,42,1259,0,0,0,1259,0,0,0,1179,0,0,0,25
C15H22N2O4,test_ood,43,1325,0,0,0,1325,0,0,0,1245,0,0,0,0
C15H23N1,seen,39,72,43,15,14,0,41,15,14,0,0,0,0,0
C15H23N3O3,test_ood,44,820,0,0,0,820,0,0,0,780,0,0,0,0
C15H23N3O4,seen,45,700,420,140,140,0,395,132,133,0,0,0,0,0
C15H23N5O3,seen,46,837,502,168,167,0,486,158,153,0,0,0,0,0
C15H23N5O4,seen,47,989,593,198,198,0,571,188,190,0,0,0,0,0
C15H25N1O7,test_ood,48,1,0,0,0,1,0,0,0,0,0,0,0,0
C15H27N7O2,test_ood,51,1,0,0,0,1,0,0,0,0,0,0,0,0
C15H28N2O8,seen,53,1,1,0,0,0,0,0,0,0,0,0,0,0
C15H29N3,seen,47,4,2,1,1,0,0,0,0,0,0,0,0,0
C15H30N4,seen,49,2,1,1,0,0,0,0,0,0,0,0,0,0
C16H17N7O1,seen,41,1,1,0,0,0,0,0,0,0,0,0,0,0
C16H19N1O3,seen,39,1,1,0,0,0,0,0,0,0,0,0,0,0
C16H19N3O3,test_ood,41,1023,0,0,0,1023,0,0,0,982,0,0,0,0
C16H19N3O5,test_ood,43,1135,0,0,0,1135,0,0,0,1095,0,0,0,0
C16H20N4O3,test_ood,43,1,0,0,0,1,0,0,0,0,0,0,0,0
C16H20N4O4,seen,44,996,598,199,199,0,574,188,194,0,0,0,0,0
C16H21N1,seen,38,1,1,0,0,0,0,0,0,0,0,0,0,0
C16H21N3O3,test_ood,43,836,0,0,0,836,0,0,0,796,0,0,0,0
C16H22N4O3,test_ood,45,1,0,0,0,1,0,0,0,0,0,0,0,0
C16H23N5O3,seen,47,1,1,0,0,0,0,0,0,0,0,0,0,0
C16H23N5O4,seen,48,1,1,0,0,0,0,0,0,0,0,0,0,0
C16H24N6O5,seen,51,1,1,0,0,0,0,0,0,0,0,0,0,0
C16H25N5O5,seen,51,1,1,0,0,0,0,0,0,0,0,0,0,0
C16H26N2O3,test_ood,47,1,0,0,0,1,0,0,0,0,0,0,0,0
C16H27N3,seen,46,1,1,0,0,0,0,0,0,0,0,0,0,0
C16H31N3,seen,50,2,1,1,0,0,0,0,0,0,0,0,0,0
C17H17N1O6,test_ood,41,1,0,0,0,1,0,0,0,0,0,0,0,0
C17H19N5O3,test_ood,44,918,0,0,0,918,0,0,0,878,0,0,0,0
C17H20N6O3,seen,46,1,1,0,0,0,0,0,0,0,0,0,0,0
C17H20N8,seen,45,1,1,0,0,0,0,0,0,0,0,0,0,0
C17H21N5O1,test_ood,44,1,0,0,0,1,0,0,0,0,0,0,0,0
C17H22N4O4,seen,47,1,1,0,0,0,0,0,0,0,0,0,0,0
C17H22N6O1,test_ood,46,1,0,0,0,1,0,0,0,0,0,0,0,0
C17H23N3O3,test_ood,46,1720,0,0,0,1720,0,0,0,1640,0,0,0,0
C17H23N3O5,seen,48,1,1,0,0,0,0,0,0,0,0,0,0,0
C17H24N4O3,test_ood,48,803,0,0,0,803,0,0,0,763,0,0,0,0
C17H24N6O3,test_ood,50,1127,0,0,0,1127,0,0,0,1087,0,0,0,0
C17H27N5O3,test_ood,52,1,0,0,0,1,0,0,0,0,0,0,0,0
C17H30N2,test_ood,49,97,0,0,0,97,0,0,0,96,0,0,0,5
C17H33N3O4,test_ood,57,1,0,0,0,1,0,0,0,0,0,0,0,0
C17H36O2,test_ood,55,55,0,0,0,55,0,0,0,51,0,0,0,3
C18H14N2O4,seen,38,1,1,0,0,0,0,0,0,0,0,0,0,0
C18H16N4O1,seen,39,1,1,0,0,0,0,0,0,0,0,0,0,0
C18H18N2O3,test_ood,41,1,0,0,0,1,0,0,0,0,0,0,0,0
C18H19N1O5,seen,43,1,1,0,0,0,0,0,0,0,0,0,0,0
C18H19N3O4,test_ood,44,2,0,0,0,2,0,0,0,0,0,0,0,0
C18H20N2O3,seen,43,443,266,89,88,0,255,82,86,0,0,0,0,0
C18H20N2O4,seen,44,735,441,147,147,0,420,140,135,0,0,0,0,0
C18H20N2O5,seen,45,472,283,95,94,0,222,72,62,0,0,0,0,0
C18H24N4O1,seen,47,1,1,0,0,0,0,0,0,0,0,0,0,0
C18H25N3O1,seen,47,1,1,0,0,0,0,0,0,0,0,0,0,0
C18H27N3O2,seen,50,1,1,0,0,0,0,0,0,0,0,0,0,0
C18H27N3O6,test_ood,54,1,0,0,0,1,0,0,0,0,0,0,0,0
C19H19N5O1,test_ood,44,1,0,0,0,1,0,0,0,0,0,0,0,0
C19H20N4O2,test_ood,45,1,0,0,0,1,0,0,0,0,0,0,0,0
C19H23N3O2,seen,47,1,1,0,0,0,0,0,0,0,0,0,0,0
C19H25N5,test_ood,49,1,0,0,0,1,0,0,0,0,0,0,0,0
C19H31N5O3,seen,58,1,1,0,0,0,0,0,0,0,0,0,0,0
C19H33N3O3,test_ood,58,1,0,0,0,1,0,0,0,0,0,0,0,0
C19H36N4O3,seen,62,1,1,0,0,0,0,0,0,0,0,0,0,0
C1H1N1,test_ood,3,231,0,0,0,231,0,0,0,228,0,0,0,42
C1H1N1O1,seen,4,229,137,46,46,0,134,46,45,0,32,8,13,0
C1H1N3O1,seen,6,2561,1537,512,512,0,1536,512,512,0,335,105,118,0
C1H1N3O2,seen,7,5099,3059,1020,1020,0,3053,1019,1015,0,686,211,183,0
C1H1N3O3,seen,8,1571,943,314,314,0,936,311,312,0,201,73,73,0
C1H1N5O2,seen,9,492,295,99,98,0,290,99,98,0,58,20,17,0
C1H2N2,test_ood,5,458,0,0,0,458,0,0,0,446,0,0,0,84
C1H2N2O1,test_ood,6,246,0,0,0,246,0,0,0,167,0,0,0,41
C1H2N2O2,seen,7,35,21,7,7,0,21,7,7,0,3,1,2,0
C1H2N2O4,seen,9,10,6,2,2,0,6,2,2,0,0,0,0,0
C1H2N2O5,seen,10,2,1,1,0,0,1,1,0,0,0,0,0,0
C1H2N4,seen,7,2831,1699,566,566,0,1697,566,565,0,341,113,95,0
C1H2N4O1,seen,8,12268,7361,2454,2453,0,7342,2449,2446,0,1476,472,460,0
C1H2N4O2,seen,9,4478,2687,896,895,0,2670,890,891,0,318,107,114,0
C1H2N4O3,test_ood,10,1810,0,0,0,1810,0,0,0,1768,0,0,0,306
C1H2O1,test_ood,4,1206,0,0,0,1206,0,0,0,1203,0,0,0,167
C1H2O2,seen,5,2287,1372,458,457,0,1368,457,456,0,249,79,76,0
C1H2O3,seen,6,2771,1663,554,554,0,1654,553,552,0,351,126,129,0
C1H2O4,seen,7,49,29,10,10,0,29,10,10,0,2,0,3,0
C1H3N1O1,test_ood,6,4148,0,0,0,4148,0,0,0,4139,0,0,0,602
C1H3N1O2,seen,7,3276,1966,655,655,0,1881,621,632,0,281,93,89,0
C1H3N1O3,seen,8,140,84,28,28,0,84,28,28,0,9,2,8,0
C1H3N1O4,seen,9,69,41,14,14,0,41,14,14,0,8,5,4,0
C1H3N3O1,test_ood,8,62,0,0,0,62,0,0,0,62,0,0,0,10
C1H3N3O2,test_ood,9,17,0,0,0,17,0,0,0,17,0,0,0,1
C1H3N3O3,seen,10,42,25,9,8,0,25,9,8,0,1,0,0,0
C1H3N5,test_ood,9,5453,0,0,0,5453,0,0,0,5441,0,0,0,950
C1H3N5O1,seen,10,4954,2972,991,991,0,2958,984,988,0,334,107,108,0
C1H3N5O2,test_ood,11,4630,0,0,0,4630,0,0,0,4544,0,0,0,575
C1H3N5O3,seen,12,1,1,0,0,0,1,0,0,0,0,0,0,0
C1H3N7,seen,11,1,1,0,0,0,1,0,0,0,0,0,0,0
C1H4,seen,5,1376,826,275,275,0,824,275,274,0,105,30,38,0
C1H4N2,seen,7,5717,3430,1144,1143,0,3348,1112,1122,0,411,155,166,0
C1H4N2O1,test_ood,8,8361,0,0,0,8361,0,0,0,8120,0,0,0,843
C1H4N2O2,test_ood,9,7786,0,0,0,7786,0,0,0,7631,0,0,0,1047
C1H4N2O3,seen,10,1703,1022,341,340,0,1019,340,337,0,163,58,47,0
C1H4N4,test_ood,9,43,0,0,0,43,0,0,0,43,0,0,0,6
C1H4N4O1,test_ood,10,519,0,0,0,519,0,0,0,515,0,0,0,82
C1H4N4O2,seen,11,670,402,134,134,0,222,82,77,0,53,18,21,0
C1H4N4O3,test_ood,12,5,0,0,0,5,0,0,0,5,0,0,0,0
C1H4N4O4,seen,13,2,1,1,0,0,1,1,0,0,1,1,0,0
C1H4N6,test_ood,11,1808,0,0,0,1808,0,0,0,1805,0,0,0,262
C1H4N6O1,seen,12,4745,2847,949,949,0,2792,931,938,0,363,117,130,0
C1H4N6O2,seen,13,1,1,0,0,0,0,0,0,0,0,0,0,0
C1H4O1,seen,6,1684,1010,337,337,0,1007,337,337,0,123,37,47,0
C1H4O2,test_ood,7,756,0,0,0,756,0,0,0,216,0,0,0,73
C1H4O3,seen,8,416,250,83,83,0,140,54,50,0,28,10,12,0
C1H4O4,test_ood,9,83,0,0,0,83,0,0,0,83,0,0,0,10
C1H4O5,test_ood,10,45,0,0,0,45,0,0,0,45,0,0,0,13
C1H5N1,seen,7,2127,1276,426,425,0,1275,425,424,0,182,65,65,0
C1H5N1O1,test_ood,8,1289,0,0,0,1289,0,0,0,450,0,0,0,147
C1H5N1O2,seen,9,744,446,149,149,0,218,72,71,0,51,14,13,0
C1H5N1O3,test_ood,10,106,0,0,0,106,0,0,0,105,0,0,0,19
C1H5N1O4,seen,11,58,35,12,11,0,35,12,11,0,2,3,4,0
C1H5N3,seen,9,5554,3332,1111,1111,0,3301,1103,1105,0,309,106,100,0
C1H5N3O1,test_ood,10,10568,0,0,0,10568,0,0,0,10544,0,0,0,1142
C1H5N3O2,seen,11,2538,1523,508,507,0,1521,506,503,0,233,58,71,0
C1H5N3O3,seen,12,433,260,87,86,0,256,86,85,0,34,13,15,0
C1H5N3O5,test_ood,14,1,0,0,0,1,0,0,0,1,0,0,0,1
C1H5N5O1,seen,12,42,25,9,8,0,25,9,8,0,3,0,1,0
C1H5N5O2,seen,13,2,1,1,0,0,1,0,0,0,0,0,0,0
C1H5N5O3,seen,14,2,1,1,0,0,0,1,0,0,0,0,0,0
C1H5N7,test_ood,13,1186,0,0,0,1186,0,0,0,1164,0,0,0,140
C1H5N7O1,test_ood,14,15,0,0,0,15,0,0,0,14,0,0,0,3
C1H6N2,seen,9,600,360,120,120,0,146,45,49,0,57,14,12,0
C1H6N2O1,seen,10,755,453,151,151,0,239,83,79,0,57,19,34,0
C1H6N2O2,seen,11,154,92,31,31,0,92,31,31,0,16,7,3,0
C1H6N2O3,seen,12,64,38,13,13,0,37,13,13,0,6,3,3,0
C1H6N2O4,seen,13,34,20,7,7,0,20,6,7,0,3,0,0,0
C1H6N2O5,seen,14,3,2,1,0,0,2,1,0,0,1,0,0,0
C1H6N4,seen,11,5295,3177,1059,1059,0,3171,1059,1054,0,453,162,137,0
C1H6N4O1,seen,12,1603,962,321,320,0,953,320,318,0,115,59,36,0
C1H6N4O2,seen,13,854,512,171,171,0,506,169,168,0,56,22,24,0
C1H6N4O3,test_ood,14,1,0,0,0,1,0,0,0,0,0,0,0,0
C1H6N4O4,seen,15,1,1,0,0,0,0,0,0,0,0,0,0,0
C1H6N6O1,test_ood,14,2,0,0,0,2,0,0,0,1,0,0,0,1
C1H6O1,seen,8,554,332,111,111,0,33,14,9,0,22,8,6,0
C1H6O2,test_ood,9,744,0,0,0,744,0,0,0,101,0,0,0,70
C1H6O3,test_ood,10,299,0,0,0,299,0,0,0,113,0,0,0,34
C1H6O4,seen,11,22,13,5,4,0,13,5,4,0,0,0,0,0
C1H7N1,test_ood,9,806,0,0,0,806,0,0,0,53,0,0,0,85
C1H7N1O1,test_ood,10,1294,0,0,0,1294,0,0,0,154,0,0,0,142
C1H7N1O2,test_ood,11,477,0,0,0,477,0,0,0,142,0,0,0,54
C1H7N1O3,seen,12,22,13,5,4,0,13,5,4,0,2,0,0,0
C1H7N3,test_ood,11,288,0,0,0,288,0,0,0,186,0,0,0,53
C1H7N3O1,seen,12,80,48,16,16,0,48,16,16,0,3,1,3,0
C1H7N3O2,seen,13,32,19,7,6,0,19,7,6,0,0,1,0,0
C1H7N3O3,seen,14,27,16,6,5,0,16,6,5,0,4,0,1,0
C1H7N5,test_ood,13,868,0,0,0,868,0,0,0,862,0,0,0,116
C1H7N5O1,seen,14,532,319,107,106,0,316,105,105,0,33,14,7,0
C1H7N5O2,test_ood,15,2,0,0,0,2,0,0,0,2,0,0,0,0
C1H8N2,seen,11,562,337,113,112,0,81,19,15,0,38,10,13,0
C1H8N2O1,seen,12,353,212,71,70,0,54,19,23,0,27,8,8,0
C1H8N4,seen,13,25,15,5,5,0,15,5,5,0,2,1,1,0
C1H8N4O1,test_ood,14,16,0,0,0,16,0,0,0,16,0,0,0,1
C1H8N4O2,seen,15,45,27,9,9,0,27,9,9,0,1,0,3,0
C1H8N4O3,seen,16,1,1,0,0,0,1,0,0,0,0,0,0,0
C1H8N4O4,seen,17,2,1,1,0,0,1,1,0,0,0,0,0,0
C1H8N6,seen,15,364,218,73,73,0,215,73,73,0,29,10,9,0
C1H8N6O1,test_ood,16,3,0,0,0,3,0,0,0,2,0,0,0,0
C1H9N3,seen,13,95,57,19,19,0,13,4,8,0,5,2,4,0
C1H9N5O1,seen,16,33,20,7,6,0,19,7,6,0,0,1,0,0
C1H9N5O2,seen,17,1,1,0,0,0,1,0,0,0,0,0,0,0
C1N2O3,test_ood,6,592,0,0,0,592,0,0,0,591,0,0,0,125
C1N4O3,seen,8,676,406,135,135,0,403,134,134,0,66,19,18,0
C1O1,test_ood,2,457,0,0,0,457,0,0,0,455,0,0,0,95
C1O2,seen,3,531,319,106,106,0,319,106,106,0,78,31,25,0
C20H21N3O3,seen,47,995,597,199,199,0,574,190,191,0,0,0,0,0
C20H21N3O4,seen,48,919,551,184,184,0,528,176,175,0,0,0,0,0
C20H23N3,seen,46,1,1,0,0,0,0,0,0,0,0,0,0,0
C20H28N2O1,test_ood,51,1,0,0,0,1,0,0,0,0,0,0,0,0
C20H28N4O2,seen,54,1,1,0,0,0,0,0,0,0,0,0,0,0
C20H38O4,seen,62,1,1,0,0,0,0,0,0,0,0,0,0,0
C21H27N1O1,seen,50,1,1,0,0,0,0,0,0,0,0,0,0,0
C21H27N5O2,test_ood,55,1,0,0,0,1,0,0,0,0,0,0,0,0
C21H35N5O2,test_ood,63,1,0,0,0,1,0,0,0,0,0,0,0,0
C22H22N4O3,seen,51,549,329,110,110,0,317,107,105,0,0,0,0,0
C22H26N2O2,test_ood,52,1,0,0,0,1,0,0,0,0,0,0,0,0
C22H27N1O2,seen,52,1,1,0,0,0,0,0,0,0,0,0,0,0
C22H27N5O1,seen,55,1,1,0,0,0,0,0,0,0,0,0,0,0
C22H29N3O1,seen,55,1,1,0,0,0,0,0,0,0,0,0,0,0
C24H25N5O1,seen,55,1,1,0,0,0,0,0,0,0,0,0,0,0
C2H10N2,seen,14,99,59,20,20,0,30,10,16,0,5,2,2,0
C2H10N2O1,seen,15,26,16,5,5,0,16,5,5,0,2,1,1,0
C2H10N4,test_ood,16,1,0,0,0,1,0,0,0,1,0,0,0,0
C2H10N4O1,test_ood,17,71,0,0,0,71,0,0,0,70,0,0,0,9
C2H10N4O2,seen,18,2,1,1,0,0,1,1,0,0,0,0,0,0
C2H10N4O3,seen,19,1,1,0,0,0,1,0,0,0,1,0,0,0
C2H10N6,test_ood,18,505,0,0,0,505,0,0,0,485,0,0,0,75
C2H10N6O1,test_ood,19,1,0,0,0,1,0,0,0,1,0,0,0,1
C2H10N6O3,seen,21,1,1,0,0,0,1,0,0,0,0,0,0,0
C2H11N3,test_ood,16,11,0,0,0,11,0,0,0,11,0,0,0,3
C2H11N5,seen,18,1,1,0,0,0,1,0,0,0,0,0,0,0
C2H11N5O1,test_ood,19,1,0,0,0,1,0,0,0,1,0,0,0,1
C2H1N1O1,test_ood,5,1357,0,0,0,1357,0,0,0,1357,0,0,0,192
C2H1N1O2,seen,6,1984,1190,397,397,0,1189,397,397,0,231,73,68,0
C2H1N1O3,seen,7,588,353,118,117,0,353,118,117,0,65,21,21,0
C2H1N1O4,test_ood,8,1120,0,0,0,1120,0,0,0,1116,0,0,0,168
C2H1N1O5,seen,9,501,301,100,100,0,295,97,98,0,45,10,10,0
C2H1N3,test_ood,6,216,0,0,0,216,0,0,0,213,0,0,0,47
C2H1N3O2,seen,8,3373,2024,675,674,0,2021,673,671,0,418,139,151,0
C2H1N3O3,test_ood,9,6242,0,0,0,6242,0,0,0,6162,0,0,0,1102
C2H1N3O4,seen,10,104,62,21,21,0,55,19,15,0,14,6,3,0
C2H1N5,seen,8,686,412,137,137,0,408,136,137,0,66,19,15,0
C2H1N5O1,test_ood,9,5490,0,0,0,5490,0,0,0,5331,0,0,0,1119
C2H1N5O2,test_ood,10,242,0,0,0,242,0,0,0,214,0,0,0,55
C2H1N5O5,seen,13,1,1,0,0,0,1,0,0,0,0,0,0,0
C2H2,seen,4,1706,1024,341,341,0,1023,340,340,0,252,95,77,0
C2H2N2,test_ood,6,211,0,0,0,211,0,0,0,150,0,0,0,43
C2H2N2O1,seen,7,7866,4720,1573,1573,0,4717,1572,1572,0,777,289,279,0
C2H2N2O2,seen,8,9575,5745,1915,1915,0,5726,1911,1910,0,855,270,277,0
C2H2N2O3,seen,9,7368,4421,1474,1473,0,4398,1466,1463,0,557,177,187,0
C2H2N2O4,seen,10,5500,3300,1100,1100,0,3253,1088,1085,0,393,114,135,0
C2H2N2O5,test_ood,11,39,0,0,0,39,0,0,0,34,0,0,0,9
C2H2N4,seen,8,2161,1297,432,432,0,1292,432,431,0,251,97,104,0
C2H2N4O1,seen,9,6470,3882,1294,1294,0,3863,1292,1290,0,662,202,197,0
C2H2N4O2,seen,10,20035,12021,4007,4007,0,11802,3934,3946,0,1452,470,500,0
C2H2N4O3,seen,11,396,238,79,79,0,207,65,66,0,41,14,14,0
C2H2N6,test_ood,10,5593,0,0,0,5593,0,0,0,5506,0,0,0,632
C2H2N6O1,test_ood,11,292,0,0,0,292,0,0,0,249,0,0,0,53
C2H2N6O3,test_ood,13,3,0,0,0,3,0,0,0,3,0,0,0,0
C2H2N6O4,test_ood,14,3,0,0,0,3,0,0,0,3,0,0,0,0
C2H2O2,seen,6,1991,1195,398,398,0,1193,396,396,0,172,52,57,0
C2H2O3,seen,7,1385,831,277,277,0,738,247,253,0,94,29,33,0
C2H2O4,seen,8,1205,723,241,241,0,720,241,241,0,149,44,52,0
C2H3N1,seen,6,1133,680,227,226,0,679,227,226,0,68,22,19,0
C2H3N1O1,test_ood,7,1774,0,0,0,1774,0,0,0,1646,0,0,0,254
C2H3N1O2,test_ood,8,7819,0,0,0,7819,0,0,0,7811,0,0,0,1201
C2H3N1O3,test_ood,9,8528,0,0,0,8528,0,0,0,8498,0,0,0,1388
C2H3N1O4,seen,10,648,389,130,129,0,384,127,124,0,68,20,17,0
C2H3N3,seen,8,4529,2717,906,906,0,2713,906,906,0,290,105,93,0
C2H3N3O1,seen,9,14783,8870,2957,2956,0,8834,2947,2943,0,1442,504,513,0
C2H3N3O2,test_ood,10,18663,0,0,0,18663,0,0,0,18555,0,0,0,1944
C2H3N3O3,test_ood,11,17418,0,0,0,17418,0,0,0,17085,0,0,0,2061
C2H3N3O4,seen,12,316,190,63,63,0,162,53,58,0,25,11,7,0
C2H3N3O5,test_ood,13,2,0,0,0,2,0,0,0,2,0,0,0,1
C2H3N5,test_ood,10,3627,0,0,0,3627,0,0,0,3609,0,0,0,590
C2H3N5O1,test_ood,11,23881,0,0,0,23881,0,0,0,23536,0,0,0,2756
C2H3N5O2,seen,12,1018,611,204,203,0,523,170,170,0,88,36,35,0
C2H3N7,test_ood,12,65,0,0,0,65,0,0,0,56,0,0,0,14
C2H3N7O1,test_ood,13,1,0,0,0,1,0,0,0,1,0,0,0,0
C2H3N7O2,seen,14,6,4,1,1,0,4,1,1,0,2,0,0,0
C2H3N7O3,seen,15,7,4,2,1,0,4,2,1,0,1,1,0,0
C2H4,test_ood,6,1957,0,0,0,1957,0,0,0,1954,0,0,0,96
C2H4N2,seen,8,3620,2172,724,724,0,2071,695,704,0,538,178,166,0
C2H4N2O1,seen,9,6679,4007,1336,1336,0,3996,1332,1336,0,450,151,155,0
C2H4N2O2,test_ood,10,18912,0,0,0,18912,0,0,0,18712,0,0,0,2219
C2H4N2O3,seen,11,6013,3608,1203,1202,0,3572,1193,1188,0,411,138,134,0
C2H4N2O4,seen,12,2896,1738,579,579,0,1694,560,562,0,241,86,76,0
C2H4N2O5,seen,13,2,1,1,0,0,1,1,0,0,0,1,0,0
C2H4N4,test_ood,10,7956,0,0,0,7956,0,0,0,7788,0,0,0,1110
C2H4N4O1,test_ood,11,19114,0,0,0,19114,0,0,0,18843,0,0,0,1902
C2H4N4O2,seen,12,25513,15308,5103,5102,0,15018,5007,5001,0,1757,586,569,0
C2H4N4O3,test_ood,13,348,0,0,0,348,0,0,0,303,0,0,0,40
C2H4N4O4,test_ood,14,1,0,0,0,1,0,0,0,1,0,0,0,0
C2H4N6,seen,12,11378,6827,2276,2275,0,6697,2231,2232,0,897,274,246,0
C2H4N6O1,test_ood,13,1141,0,0,0,1141,0,0,0,988,0,0,0,173
C2H4N8O1,seen,15,1,1,0,0,0,1,0,0,0,0,0,0,0
C2H4N8O2,seen,16,19,11,4,4,0,11,4,4,0,0,0,1,0
C2H4O1,seen,7,5839,3503,1168,1168,0,3216,1081,1084,0,526,176,163,0
C2H4O2,seen,8,4980,2988,996,996,0,2752,921,937,0,361,129,125,0
C2H4O3,test_ood,9,3132,0,0,0,3132,0,0,0,2661,0,0,0,532
C2H4O4,seen,10,187,112,38,37,0,112,38,35,0,32,10,8,0
C2H4O5,seen,11,7,4,2,1,0,4,2,1,0,1,0,0,0
C2H5N1,seen,8,2903,1742,581,580,0,1506,498,494,0,212,63,76,0
C2H5N1O1,seen,9,6593,3956,1319,1318,0,3696,1237,1229,0,389,130,122,0
C2H5N1O2,test_ood,10,14294,0,0,0,14294,0,0,0,13669,0,0,0,1327
C2H5N1O3,seen,11,2044,1226,409,409,0,1054,355,333,0,164,58,55,0
C2H5N1O4,seen,12,66,40,13,13,0,39,12,13,0,4,0,0,0
C2H5N1O5,seen,13,1,1,0,0,0,1,0,0,0,1,0,0,0
C2H5N1O6,test_ood,14,1,0,0,0,1,0,0,0,1,0,0,0,0
C2H5N3,test_ood,10,4972,0,0,0,4972,0,0,0,4966,0,0,0,591
C2H5N3O1,seen,11,14300,8580,2860,2860,0,8536,2852,2850,0,1035,362,337,0
C2H5N3O2,test_ood,12,9413,0,0,0,9413,0,0,0,9319,0,0,0,962
C2H5N3O3,seen,13,8185,4911,1637,1637,0,4817,1615,1601,0,595,176,186,0
C2H5N3O4,test_ood,14,33,0,0,0,33,0,0,0,31,0,0,0,6
C2H5N3O5,seen,15,1,1,0,0,0,0,0,0,0,0,0,0,0
C2H5N5,test_ood,12,7397,0,0,0,7397,0,0,0,7218,0,0,0,688
C2H5N5O1,test_ood,13,18896,0,0,0,18896,0,0,0,18492,0,0,0,2064
C2H5N5O2,seen,14,521,313,104,104,0,276,98,93,0,58,21,19,0
C2H5N5O3,test_ood,15,487,0,0,0,487,0,0,0,470,0,0,0,55
C2H5N5O4,seen,16,2,1,1,0,0,1,1,0,0,0,0,0,0
C2H5N5O5,test_ood,17,1,0,0,0,1,0,0,0,1,0,0,0,0
C2H5N7,test_ood,14,366,0,0,0,366,0,0,0,314,0,0,0,44
C2H5N9,seen,16,1,1,0,0,0,1,0,0,0,0,0,0,0
C2H5N9O1,test_ood,17,4,0,0,0,4,0,0,0,4,0,0,0,0
C2H6,seen,8,1836,1102,367,367,0,1006,339,347,0,175,53,52,0
C2H6N10,seen,18,1,1,0,0,0,1,0,0,0,0,0,0,0
C2H6N2,seen,10,7243,4346,1449,1448,0,4138,1371,1385,0,238,72,85,0
C2H6N2O1,seen,11,24612,14767,4923,4922,0,14670,4878,4880,0,1198,409,392,0
C2H6N2O2,test_ood,12,6185,0,0,0,6185,0,0,0,5859,0,0,0,746
C2H6N2O3,seen,13,1273,764,255,254,0,754,252,246,0,97,26,30,0
C2H6N2O4,test_ood,14,3,0,0,0,3,0,0,0,3,0,0,0,1
C2H6N2O5,test_ood,15,5,0,0,0,5,0,0,0,2,0,0,0,0
C2H6N2O6,seen,16,1,1,0,0,0,0,0,0,0,0,0,0,0
C2H6N4,seen,12,7072,4243,1415,1414,0,4219,1407,1406,0,522,155,185,0
C2H6N4O1,test_ood,13,7908,0,0,0,7908,0,0,0,7835,0,0,0,851
C2H6N4O2,seen,14,13995,8397,2799,2799,0,8181,2737,2745,0,995,303,298,0
C2H6N4O3,seen,15,206,124,41,41,0,106,37,34,0,19,13,6,0
C2H6N4O4,test_ood,16,2,0,0,0,2,0,0,0,0,0,0,0,0
C2H6N6,test_ood,14,6373,0,0,0,6373,0,0,0,6222,0,0,0,745
C2H6N6O1,seen,15,417,250,84,83,0,220,75,74,0,34,9,14,0
C2H6N6O2,test_ood,16,3,0,0,0,3,0,0,0,3,0,0,0,0
C2H6N6O3,seen,17,7,4,2,1,0,4,2,1,0,0,0,0,0
C2H6N6O4,seen,18,1,1,0,0,0,1,0,0,0,0,0,0,0
C2H6O1,test_ood,9,3031,0,0,0,3031,0,0,0,2575,0,0,0,191
C2H6O2,test_ood,10,3961,0,0,0,3961,0,0,0,1973,0,0,0,334
C2H6O3,test_ood,11,117,0,0,0,117,0,0,0,117,0,0,0,8
C2H6O4,test_ood,12,74,0,0,0,74,0,0,0,74,0,0,0,10
C2H7N1,seen,10,3604,2162,721,721,0,1758,585,571,0,118,49,37,0
C2H7N1O1,seen,11,2207,1324,442,441,0,1050,344,361,0,74,34,29,0
C2H7N1O2,test_ood,12,184,0,0,0,184,0,0,0,184,0,0,0,27
C2H7N1O3,test_ood,13,142,0,0,0,142,0,0,0,142,0,0,0,31
C2H7N1O4,seen,14,15,9,3,3,0,9,3,3,0,1,0,0,0
C2H7N1O5,test_ood,15,1,0,0,0,1,0,0,0,1,0,0,0,0
C2H7N3,seen,12,12022,7213,2405,2404,0,7205,2400,2400,0,477,154,141,0
C2H7N3O1,seen,13,9491,5695,1898,1898,0,5665,1884,1894,0,642,230,212,0
C2H7N3O2,seen,14,3384,2030,677,677,0,1932,636,640,0,250,84,92,0
C2H7N3O3,seen,15,469,281,94,94,0,272,88,88,0,35,12,11,0
C2H7N3O4,seen,16,9,5,2,2,0,1,1,1,0,1,1,0,0
C2H7N3O5,test_ood,17,1,0,0,0,1,0,0,0,0,0,0,0,0
C2H7N5,seen,14,3602,2161,721,720,0,2127,713,706,0,253,90,88,0
C2H7N5O1,seen,15,9763,5858,1953,1952,0,5700,1905,1907,0,632,220,243,0
C2H7N5O2,test_ood,16,298,0,0,0,298,0,0,0,261,0,0,0,47
C2H7N5O3,seen,17,1,1,0,0,0,0,0,0,0,0,0,0,0
C2H7N5O4,seen,18,3,2,1,0,0,0,0,0,0,0,0,0,0
C2H7N7,test_ood,16,195,0,0,0,195,0,0,0,170,0,0,0,28
C2H7N7O1,test_ood,17,3,0,0,0,3,0,0,0,3,0,0,0,2
C2H7N7O2,seen,18,7,4,2,1,0,4,2,1,0,0,0,0,0
C2H7N7O3,seen,19,8,5,2,1,0,5,2,1,0,1,0,0,0
C2H8,test_ood,10,238,0,0,0,238,0,0,0,40,0,0,0,24
C2H8N2,seen,12,1882,1129,377,376,0,824,259,280,0,80,21,31,0
C2H8N2O1,seen,13,287,172,58,57,0,89,21,33,0,23,6,8,0
C2H8N2O2,seen,14,198,119,40,39,0,118,40,39,0,15,3,4,0
C2H8N2O3,test_ood,15,99,0,0,0,99,0,0,0,95,0,0,0,12
C2H8N2O4,seen,16,1,1,0,0,0,0,0,0,0,0,0,0,0
C2H8N4,seen,14,4081,2449,816,816,0,2436,811,806,0,233,80,76,0
C2H8N4O1,test_ood,15,1921,0,0,0,1921,0,0,0,1893,0,0,0,224
C2H8N4O2,test_ood,16,2272,0,0,0,2272,0,0,0,2209,0,0,0,311
C2H8N4O3,seen,17,6,4,1,1,0,2,1,1,0,1,0,0,0
C2H8N4O4,test_ood,18,1,0,0,0,1,0,0,0,0,0,0,0,0
C2H8N4O5,test_ood,19,1,0,0,0,1,0,0,0,1,0,0,0,0
C2H8N6,test_ood,16,4974,0,0,0,4974,0,0,0,4833,0,0,0,594
C2H8N6O1,seen,17,265,159,53,53,0,135,39,47,0,20,7,5,0
C2H8N6O2,seen,18,1,1,0,0,0,0,0,0,0,0,0,0,0
C2H8N6O3,seen,19,2,1,1,0,0,0,0,0,0,0,0,0,0
C2H8N8,seen,18,1,1,0,0,0,1,0,0,0,0,0,0,0
C2H8N8O1,seen,19,5,3,1,1,0,3,1,1,0,0,0,0,0
C2H8N8O2,test_ood,20,6,0,0,0,6,0,0,0,6,0,0,0,1
C2H8O1,test_ood,11,188,0,0,0,188,0,0,0,75,0,0,0,19
C2H8O2,test_ood,12,277,0,0,0,277,0,0,0,140,0,0,0,25
C2H8O3,test_ood,13,51,0,0,0,51,0,0,0,51,0,0,0,9
C2H8O4,seen,14,33,20,7,6,0,20,7,6,0,1,1,1,0
C2H9N1,seen,12,441,265,88,88,0,72,15,20,0,37,9,8,0
C2H9N1O1,test_ood,13,279,0,0,0,279,0,0,0,94,0,0,0,30
C2H9N1O2,test_ood,14,21,0,0,0,21,0,0,0,21,0,0,0,5
C2H9N1O3,test_ood,15,39,0,0,0,39,0,0,0,39,0,0,0,6
C2H9N3,test_ood,14,64,0,0,0,64,0,0,0,64,0,0,0,13
C2H9N3O1,seen,15,37,22,8,7,0,22,8,7,0,2,1,1,0
C2H9N3O2,test_ood,16,142,0,0,0,142,0,0,0,138,0,0,0,9
C2H9N3O3,test_ood,17,1,0,0,0,1,0,0,0,0,0,0,0,0
C2H9N5,seen,16,858,515,172,171,0,509,171,168,0,55,24,17,0
C2H9N5O1,seen,17,1386,832,277,277,0,803,267,265,0,91,29,29,0
C2H9N5O2,seen,18,4,2,1,1,0,2,1,1,0,0,0,0,0
C2H9N5O3,seen,19,2,1,1,0,0,1,1,0,0,0,0,0,0
C2H9N5O4,test_ood,20,2,0,0,0,2,0,0,0,2,0,0,0,0
C2H9N7,seen,18,29,17,6,6,0,14,6,6,0,4,0,2,0
C2H9N7O3,test_ood,21,1,0,0,0,1,0,0,0,0,0,0,0,0
C2H9N9O1,seen,21,1,1,0,0,0,1,0,0,0,0,0,0,0
C2N2,test_ood,4,1006,0,0,0,1006,0,0,0,1006,0,0,0,182
C2N2O4,test_ood,8,617,0,0,0,617,0,0,0,608,0,0,0,122
C2N2O5,seen,9,16,10,3,3,0,9,2,2,0,4,0,0,0
C2N4O1,test_ood,7,647,0,0,0,647,0,0,0,644,0,0,0,103
C2N4O2,test_ood,8,687,0,0,0,687,0,0,0,672,0,0,0,134
C2N4O3,seen,9,32,19,7,6,0,15,5,5,0,5,1,2,0
C2N6O1,test_ood,9,13,0,0,0,13,0,0,0,11,0,0,0,0
C3H10,seen,13,70,42,14,14,0,21,10,6,0,7,2,4,0
C3H10N2,seen,15,2504,1502,501,501,0,1496,499,501,0,77,25,26,0
C3H10N2O1,seen,16,981,589,196,196,0,506,165,162,0,50,17,10,0
C3H10N2O2,seen,17,911,547,182,182,0,545,181,180,0,59,28,19,0
C3H10N2O3,seen,18,152,91,31,30,0,89,31,30,0,12,4,2,0
C3H10N2O4,seen,19,3,2,1,0,0,2,1,0,0,0,0,0,0
C3H10N2O5,seen,20,1,1,0,0,0,0,0,0,0,0,0,0,0
C3H10N4,seen,17,1721,1033,344,344,0,1003,333,337,0,110,29,40,0
C3H10N4O1,seen,18,3251,1951,650,650,0,1895,632,635,0,193,76,82,0
C3H10N4O2,test_ood,19,142,0,0,0,142,0,0,0,116,0,0,0,21
C3H10N4O3,test_ood,20,10,0,0,0,10,0,0,0,6,0,0,0,1
C3H10N4O4,seen,21,4,2,1,1,0,1,1,0,0,0,0,0,0
C3H10N4O5,seen,22,2,1,1,0,0,0,1,0,0,0,0,0,0
C3H10N6,seen,19,433,260,87,86,0,221,77,73,0,33,12,11,0
C3H10N6O1,test_ood,20,7,0,0,0,7,0,0,0,7,0,0,0,1
C3H10N6O2,seen,21,5,3,1,1,0,3,1,1,0,0,0,0,0
C3H10N6O3,seen,22,17,10,4,3,0,9,3,3,0,0,0,0,0
C3H10N8,seen,21,4,2,1,1,0,2,1,1,0,0,0,0,0
C3H10N8O1,seen,22,29,17,6,6,0,17,6,6,0,0,0,0,0
C3H10O1,test_ood,14,25,0,0,0,25,0,0,0,18,0,0,0,4
C3H10O2,seen,15,27,16,6,5,0,16,6,5,0,2,0,1,0
C3H10O3,test_ood,16,65,0,0,0,65,0,0,0,65,0,0,0,10
C3H10O4,test_ood,17,7,0,0,0,7,0,0,0,7,0,0,0,0
C3H11N1,seen,15,31,19,6,6,0,15,5,5,0,2,2,0,0
C3H11N1O1,seen,16,22,13,5,4,0,13,5,4,0,2,0,2,0
C3H11N1O2,seen,17,37,22,8,7,0,22,8,7,0,2,1,1,0
C3H11N1O3,test_ood,18,21,0,0,0,21,0,0,0,21,0,0,0,0
C3H11N1O4,test_ood,19,1,0,0,0,1,0,0,0,1,0,0,0,0
C3H11N3,seen,17,1081,649,216,216,0,631,211,205,0,99,24,30,0
C3H11N3O1,test_ood,18,195,0,0,0,195,0,0,0,195,0,0,0,15
C3H11N3O2,seen,19,9,5,2,2,0,5,2,2,0,2,1,0,0
C3H11N3O3,test_ood,20,7,0,0,0,7,0,0,0,4,0,0,0,0
C3H11N3O4,seen,21,1,1,0,0,0,0,0,0,0,0,0,0,0
C3H11N5,test_ood,19,1064,0,0,0,1064,0,0,0,1018,0,0,0,121
C3H11N5O1,seen,20,134,80,27,27,0,66,24,23,0,11,3,5,0
C3H11N5O2,seen,21,7,4,2,1,0,4,2,1,0,0,0,0,0
C3H11N5O3,seen,22,11,7,2,2,0,5,1,1,0,1,0,0,0
C3H11N5O4,test_ood,23,2,0,0,0,2,0,0,0,1,0,0,0,0
C3H11N7,seen,21,2,1,1,0,0,1,1,0,0,0,0,0,0
C3H11N7O1,seen,22,5,3,1,1,0,3,1,1,0,0,0,0,0
C3H11N7O2,seen,23,3,2,1,0,0,2,1,0,0,0,0,0,0
C3H11N9,seen,23,3,2,1,0,0,2,1,0,0,0,0,0,0
C3H12N2,seen,17,10,6,2,2,0,6,2,2,0,1,1,1,0
C3H12N2O1,seen,18,32,19,7,6,0,19,7,6,0,0,0,0,0
C3H12N2O2,test_ood,19,36,0,0,0,36,0,0,0,36,0,0,0,4
C3H12N2O3,test_ood,20,3,0,0,0,3,0,0,0,2,0,0,0,0
C3H12N4,seen,19,2,1,1,0,0,1,1,0,0,0,1,0,0
C3H12N4O1,seen,20,5,3,1,1,0,3,1,1,0,1,0,0,0
C3H12N4O2,seen,21,4,2,1,1,0,1,1,0,0,0,0,0,0
C3H12N4O3,test_ood,22,2,0,0,0,2,0,0,0,0,0,0,0,0
C3H12N4O4,seen,23,1,1,0,0,0,0,0,0,0,0,0,0,0
C3H12N6,seen,21,91,55,18,18,0,45,14,17,0,1,0,1,0
C3H12N6O1,seen,22,4,2,1,1,0,2,1,1,0,0,0,0,0
C3H12N6O2,seen,23,10,6,2,2,0,5,2,2,0,1,0,0,0
C3H12N6O3,seen,24,5,3,1,1,0,2,1,1,0,0,0,0,0
C3H12N8O1,seen,24,13,8,3,2,0,8,3,2,0,1,1,1,0
C3H13N3,seen,19,1,1,0,0,0,1,0,0,0,1,0,0,0
C3H13N3O1,test_ood,20,3,0,0,0,3,0,0,0,3,0,0,0,0
C3H13N3O2,seen,21,2,1,1,0,0,0,1,0,0,0,0,0,0
C3H13N3O3,seen,22,1,1,0,0,0,0,0,0,0,0,0,0,0
C3H13N5O2,test_ood,23,1,0,0,0,1,0,0,0,0,0,0,0,0
C3H13N7,test_ood,23,2,0,0,0,2,0,0,0,2,0,0,0,0
C3H13N7O1,seen,24,5,3,1,1,0,3,1,1,0,0,0,0,0
C3H13N7O2,test_ood,25,8,0,0,0,8,0,0,0,7,0,0,0,2
C3H13N9,seen,25,2,1,1,0,0,1,1,0,0,0,0,0,0
C3H14N4O1,seen,22,1,1,0,0,0,0,0,0,0,0,0,0,0
C3H14N8,test_ood,25,2,0,0,0,2,0,0,0,2,0,0,0,0
C3H14N8O1,seen,26,2,1,1,0,0,1,1,0,0,0,0,0,0
C3H15N9,seen,27,2,1,1,0,0,1,1,0,0,0,0,0,0
C3H1N1,seen,5,1251,751,250,250,0,751,248,249,0,143,49,49,0
C3H1N1O2,seen,7,1073,644,215,214,0,640,215,212,0,110,26,29,0
C3H1N1O3,seen,8,1428,857,286,285,0,857,286,285,0,161,41,52,0
C3H1N1O4,seen,9,715,429,143,143,0,423,140,141,0,84,31,32,0
C3H1N1O5,test_ood,10,66,0,0,0,66,0,0,0,60,0,0,0,10
C3H1N3O1,seen,8,2697,1618,540,539,0,1613,537,537,0,231,79,78,0
C3H1N3O2,seen,9,2569,1541,514,514,0,1512,503,502,0,225,77,71,0
C3H1N3O3,seen,10,204,122,41,41,0,104,37,36,0,29,7,7,0
C3H1N5,seen,9,537,322,108,107,0,314,107,106,0,50,25,26,0
C3H1N5O1,test_ood,10,65,0,0,0,65,0,0,0,57,0,0,0,19
C3H2N2,test_ood,7,1140,0,0,0,1140,0,0,0,1140,0,0,0,204
C3H2N2O1,test_ood,8,3312,0,0,0,3312,0,0,0,3303,0,0,0,729
C3H2N2O2,test_ood,9,9799,0,0,0,9799,0,0,0,9760,0,0,0,986
C3H2N2O3,test_ood,10,16886,0,0,0,16886,0,0,0,16644,0,0,0,2139
C3H2N2O4,test_ood,11,382,0,0,0,382,0,0,0,324,0,0,0,69
C3H2N2O5,test_ood,12,1,0,0,0,1,0,0,0,1,0,0,0,0
C3H2N4,test_ood,9,1444,0,0,0,1444,0,0,0,1435,0,0,0,173
C3H2N4O1,test_ood,10,20758,0,0,0,20758,0,0,0,20357,0,0,0,2951
C3H2N4O2,seen,11,1364,818,273,273,0,692,236,238,0,172,44,55,0
C3H2N4O3,test_ood,12,1,0,0,0,1,0,0,0,1,0,0,0,1
C3H2N4O5,seen,14,1,1,0,0,0,1,0,0,0,0,0,0,0
C3H2N6,test_ood,11,76,0,0,0,76,0,0,0,58,0,0,0,14
C3H2N6O1,test_ood,12,1,0,0,0,1,0,0,0,1,0,0,0,0
C3H2N6O3,seen,14,1,1,0,0,0,1,0,0,0,0,0,0,0
C3H2O1,test_ood,6,1223,0,0,0,1223,0,0,0,1222,0,0,0,253
C3H2O2,seen,7,982,589,197,196,0,589,197,196,0,64,26,30,0
C3H2O3,test_ood,8,1516,0,0,0,1516,0,0,0,1511,0,0,0,273
C3H2O4,seen,9,1330,798,266,266,0,792,264,262,0,100,36,47,0
C3H2O5,test_ood,10,1002,0,0,0,1002,0,0,0,982,0,0,0,169
C3H3N1,seen,7,1307,784,262,261,0,783,262,261,0,53,12,22,0
C3H3N1O1,test_ood,8,8542,0,0,0,8542,0,0,0,8526,0,0,0,1066
C3H3N1O2,test_ood,9,9039,0,0,0,9039,0,0,0,9004,0,0,0,1142
C3H3N1O3,seen,10,8757,5254,1752,1751,0,5232,1740,1745,0,505,184,168,0
C3H3N1O4,test_ood,11,8343,0,0,0,8343,0,0,0,8212,0,0,0,942
C3H3N1O5,test_ood,12,57,0,0,0,57,0,0,0,54,0,0,0,11
C3H3N3,seen,9,5141,3085,1028,1028,0,3081,1026,1024,0,432,131,175,0
C3H3N3O1,seen,10,14963,8978,2993,2992,0,8936,2981,2965,0,1073,359,343,0
C3H3N3O2,test_ood,11,41575,0,0,0,41575,0,0,0,40912,0,0,0,4779
C3H3N3O3,seen,12,1723,1034,345,344,0,901,290,307,0,134,55,45,0
C3H3N3O5,test_ood,14,1,0,0,0,1,0,0,0,1,0,0,0,0
C3H3N5,test_ood,11,17543,0,0,0,17543,0,0,0,17129,0,0,0,2167
C3H3N5O1,test_ood,12,2202,0,0,0,2202,0,0,0,1894,0,0,0,328
C3H3N5O2,seen,13,3,2,1,0,0,2,1,0,0,0,0,0,0
C3H3N5O3,seen,14,8,5,2,1,0,5,2,1,0,0,0,1,0
C3H3N5O4,seen,15,12,7,3,2,0,7,3,2,0,3,1,0,0
C3H3N7O2,seen,15,1,1,0,0,0,1,0,0,0,0,0,0,0
C3H4,test_ood,7,1699,0,0,0,1699,0,0,0,1691,0,0,0,153
C3H4N2,test_ood,9,10260,0,0,0,10260,0,0,0,10247,0,0,0,1167
C3H4N2O1,seen,10,20433,12260,4087,4086,0,12139,4038,4040,0,1382,452,458,0
C3H4N2O2,test_ood,11,23456,0,0,0,23456,0,0,0,23156,0,0,0,2284
C3H4N2O3,seen,12,29125,17475,5825,5825,0,17050,5679,5695,0,2033,651,643,0
C3H4N2O4,test_ood,13,519,0,0,0,519,0,0,0,447,0,0,0,84
C3H4N4,seen,11,12148,7289,2430,2429,0,7064,2363,2346,0,805,272,268,0
C3H4N4O1,seen,12,49667,29800,9934,9933,0,29189,9726,9691,0,3293,1123,1099,0
C3H4N4O2,seen,13,2757,1654,552,551,0,1452,482,481,0,226,61,82,0
C3H4N4O3,test_ood,14,2,0,0,0,2,0,0,0,2,0,0,0,1
C3H4N4O4,seen,15,6,4,1,1,0,4,1,1,0,1,1,0,0
C3H4N4O5,test_ood,16,10,0,0,0,10,0,0,0,10,0,0,0,2
C3H4N6,seen,13,1483,890,297,296,0,769,265,256,0,160,41,44,0
C3H4N6O1,seen,14,1,1,0,0,0,1,0,0,0,1,0,0,0
C3H4N6O2,test_ood,15,11,0,0,0,11,0,0,0,11,0,0,0,4
C3H4N6O3,test_ood,16,26,0,0,0,26,0,0,0,26,0,0,0,5
C3H4N8,seen,15,2,1,1,0,0,1,1,0,0,0,0,0,0
C3H4N8O1,seen,16,4,2,1,1,0,2,1,1,0,0,1,0,0
C3H4O1,test_ood,8,3141,0,0,0,3141,0,0,0,2915,0,0,0,204
C3H4O2,seen,9,10807,6484,2162,2161,0,6133,2031,2053,0,635,211,224,0
C3H4O3,test_ood,10,5157,0,0,0,5157,0,0,0,4995,0,0,0,799
C3H4O4,seen,11,1142,685,229,228,0,682,228,224,0,101,28,34,0
C3H4O5,seen,12,650,390,130,130,0,385,129,130,0,54,15,23,0
C3H4O6,test_ood,13,1,0,0,0,1,0,0,0,1,0,0,0,0
C3H5N1,seen,9,2605,1563,521,521,0,1562,521,521,0,88,23,21,0
C3H5N1O1,seen,10,18157,10894,3632,3631,0,10887,3631,3629,0,1086,338,336,0
C3H5N1O2,seen,11,14898,8939,2980,2979,0,8454,2829,2819,0,943,317,325,0
C3H5N1O3,seen,12,7914,4748,1583,1583,0,4719,1573,1576,0,622,219,193,0
C3H5N1O4,seen,13,5203,3122,1041,1040,0,2880,977,962,0,364,102,132,0
C3H5N1O5,test_ood,14,5,0,0,0,5,0,0,0,5,0,0,0,2
C3H5N3,seen,11,11893,7136,2379,2378,0,7032,2327,2349,0,676,230,237,0
C3H5N3O1,seen,12,28478,17087,5696,5695,0,16807,5608,5605,0,1428,488,517,0
C3H5N3O2,seen,13,49066,29440,9813,9813,0,28682,9567,9577,0,3314,1096,1131,0
C3H5N3O3,seen,14,1786,1072,357,357,0,949,309,313,0,134,41,58,0
C3H5N3O4,seen,15,3,2,1,0,0,2,1,0,0,0,0,0,0
C3H5N3O5,seen,16,1,1,0,0,0,1,0,0,0,0,0,0,0
C3H5N5,test_ood,13,20073,0,0,0,20073,0,0,0,19676,0,0,0,2124
C3H5N5O1,seen,14,3114,1868,623,623,0,1629,536,546,0,247,82,83,0
C3H5N5O2,test_ood,15,181,0,0,0,181,0,0,0,172,0,0,0,29
C3H5N5O3,seen,16,10,6,2,2,0,6,2,2,0,0,0,0,0
C3H5N5O4,test_ood,17,16,0,0,0,16,0,0,0,16,0,0,0,3
C3H5N7,test_ood,15,1,0,0,0,1,0,0,0,1,0,0,0,0
C3H5N7O1,test_ood,16,7,0,0,0,7,0,0,0,7,0,0,0,2
C3H5N7O2,seen,17,38,23,8,7,0,23,8,7,0,6,2,1,0
C3H5N9,seen,17,3,2,1,0,0,2,1,0,0,0,0,0,0
C3H6,seen,9,3834,2300,767,767,0,2233,735,724,0,148,50,51,0
C3H6N2,seen,11,18038,10823,3608,3607,0,10796,3606,3602,0,1027,315,333,0
C3H6N2O1,seen,12,22560,13536,4512,4512,0,13459,4482,4489,0,1190,425,373,0
C3H6N2O2,test_ood,13,17227,0,0,0,17227,0,0,0,16372,0,0,0,1572
C3H6N2O3,seen,14,14247,8548,2850,2849,0,8302,2747,2749,0,946,318,304,0
C3H6N2O4,seen,15,785,471,157,157,0,343,116,117,0,75,22,14,0
C3H6N2O5,test_ood,16,2,0,0,0,2,0,0,0,1,0,0,0,0
C3H6N4,test_ood,13,14442,0,0,0,14442,0,0,0,14015,0,0,0,1236
C3H6N4O1,seen,14,39067,23440,7814,7813,0,22812,7593,7596,0,2560,800,811,0
C3H6N4O2,seen,15,3080,1848,616,616,0,1636,553,546,0,263,89,83,0
C3H6N4O3,test_ood,16,304,0,0,0,304,0,0,0,286,0,0,0,41
C3H6N4O4,seen,17,8,5,2,1,0,5,2,1,0,2,0,0,0
C3H6N4O5,seen,18,6,4,1,1,0,4,1,1,0,0,1,0,0
C3H6N6,test_ood,15,1602,0,0,0,1602,0,0,0,1386,0,0,0,198
C3H6N6O1,seen,16,4,2,1,1,0,2,1,0,0,0,0,0,0
C3H6N6O2,seen,17,26,16,5,5,0,16,5,5,0,2,1,0,0
C3H6N6O3,seen,18,676,406,135,135,0,381,134,130,0,63,18,29,0
C3H6N8,seen,17,5,3,1,1,0,3,1,1,0,0,0,0,0
C3H6N8O1,seen,18,27,16,6,5,0,16,6,5,0,5,2,0,0
C3H6N8O3,test_ood,20,1,0,0,0,1,0,0,0,0,0,0,0,1
C3H6O1,seen,10,9811,5887,1962,1962,0,5816,1933,1933,0,353,108,128,0
C3H6O2,seen,11,15053,9032,3011,3010,0,8091,2688,2685,0,851,267,270,0
C3H6O3,seen,12,6074,3644,1215,1215,0,3296,1098,1091,0,485,179,161,0
C3H6O4,test_ood,13,382,0,0,0,382,0,0,0,377,0,0,0,49
C3H6O5,test_ood,14,2,0,0,0,2,0,0,0,1,0,0,0,0
C3H7N1,test_ood,11,7573,0,0,0,7573,0,0,0,7511,0,0,0,331
C3H7N1O1,test_ood,12,18211,0,0,0,18211,0,0,0,16244,0,0,0,1372
C3H7N1O2,seen,13,13017,7810,2604,2603,0,7089,2381,2333,0,760,243,257,0
C3H7N1O3,test_ood,14,3540,0,0,0,3540,0,0,0,3362,0,0,0,390
C3H7N1O4,test_ood,15,272,0,0,0,272,0,0,0,261,0,0,0,41
C3H7N1O5,test_ood,16,5,0,0,0,5,0,0,0,5,0,0,0,1
C3H7N3,seen,13,14293,8576,2859,2858,0,8535,2846,2844,0,745,250,251,0
C3H7N3O1,seen,14,11770,7062,2354,2354,0,6895,2301,2309,0,626,197,213,0
C3H7N3O2,test_ood,15,26429,0,0,0,26429,0,0,0,25449,0,0,0,2841
C3H7N3O3,seen,16,1649,989,330,330,0,908,307,299,0,145,43,49,0
C3H7N3O4,seen,17,836,502,167,167,0,402,125,133,0,89,18,23,0
C3H7N3O6,test_ood,19,2,0,0,0,2,0,0,0,2,0,0,0,0
C3H7N5,test_ood,15,15339,0,0,0,15339,0,0,0,14686,0,0,0,1727
C3H7N5O1,seen,16,2743,1646,549,548,0,1413,480,480,0,215,74,92,0
C3H7N5O2,seen,17,21,13,4,4,0,13,4,4,0,1,1,0,0
C3H7N5O3,seen,18,32,19,7,6,0,19,7,5,0,3,0,3,0
C3H7N5O4,seen,19,95,57,19,19,0,55,19,18,0,13,5,5,0
C3H7N7,seen,17,27,16,6,5,0,13,4,5,0,0,0,0,0
C3H7N7O1,seen,18,11,7,2,2,0,7,2,2,0,1,1,0,0
C3H7N7O2,seen,19,36,22,7,7,0,22,7,7,0,1,1,1,0
C3H7N9,test_ood,19,8,0,0,0,8,0,0,0,8,0,0,0,2
C3H8,seen,11,1015,609,203,203,0,559,178,182,0,23,4,6,0
C3H8N2,test_ood,13,15313,0,0,0,15313,0,0,0,15281,0,0,0,758
C3H8N2O1,seen,14,16354,9812,3271,3271,0,9420,3144,3119,0,877,306,298,0
C3H8N2O2,seen,15,6193,3716,1239,1238,0,3256,1083,1083,0,363,119,112,0
C3H8N2O3,seen,16,2347,1408,470,469,0,1379,462,456,0,164,64,62,0
C3H8N2O4,seen,17,23,14,5,4,0,10,4,2,0,6,0,0,0
C3H8N2O5,test_ood,18,2,0,0,0,2,0,0,0,2,0,0,0,0
C3H8N4,seen,15,7576,4546,1515,1515,0,4508,1499,1499,0,396,118,140,0
C3H8N4O1,test_ood,16,18471,0,0,0,18471,0,0,0,17920,0,0,0,1979
C3H8N4O2,seen,17,1510,906,302,302,0,807,263,261,0,124,41,33,0
C3H8N4O3,test_ood,18,18,0,0,0,18,0,0,0,16,0,0,0,3
C3H8N4O4,seen,19,14,8,3,3,0,6,3,3,0,0,2,1,0
C3H8N4O5,test_ood,20,9,0,0,0,9,0,0,0,5,0,0,0,3
C3H8N6,test_ood,17,1128,0,0,0,1128,0,0,0,972,0,0,0,140
C3H8N6O1,test_ood,18,12,0,0,0,12,0,0,0,11,0,0,0,0
C3H8N6O2,seen,19,40,24,8,8,0,24,7,8,0,4,1,0,0
C3H8N6O3,seen,20,34,20,7,7,0,20,7,7,0,1,1,0,0
C3H8N6O4,seen,21,4,2,1,1,0,0,0,0,0,0,0,0,0
C3H8N8,test_ood,19,1,0,0,0,1,0,0,0,1,0,0,0,0
C3H8N8O1,seen,20,25,15,5,5,0,15,5,5,0,2,1,4,0
C3H8O1,seen,12,3409,2045,682,682,0,1790,590,610,0,103,37,26,0
C3H8O2,test_ood,13,4972,0,0,0,4972,0,0,0,4815,0,0,0,362
C3H8O3,test_ood,14,1430,0,0,0,1430,0,0,0,1424,0,0,0,184
C3H8O4,seen,15,119,71,24,24,0,71,24,24,0,8,3,2,0
C3H8O6,seen,17,1,1,0,0,0,1,0,0,0,0,0,0,0
C3H9N1,test_ood,13,4301,0,0,0,4301,0,0,0,3995,0,0,0,176
C3H9N1O1,seen,14,5104,3062,1021,1021,0,2769,929,909,0,169,65,74,0
C3H9N1O2,seen,15,1077,646,216,215,0,547,192,186,0,64,20,31,0
C3H9N1O3,test_ood,16,339,0,0,0,339,0,0,0,339,0,0,0,35
C3H9N1O4,seen,17,7,4,2,1,0,4,2,1,0,0,0,0,0
C3H9N1O5,seen,18,2,1,1,0,0,1,1,0,0,0,0,0,0
C3H9N3,test_ood,15,7873,0,0,0,7873,0,0,0,7817,0,0,0,559
C3H9N3O1,seen,16,4470,2682,894,894,0,2657,882,882,0,252,93,69,0
C3H9N3O2,seen,17,3895,2337,779,779,0,2277,762,760,0,246,83,87,0
C3H9N3O3,seen,18,632,379,127,126,0,370,125,124,0,38,15,14,0
C3H9N3O4,seen,19,6,4,1,1,0,3,1,0,0,0,1,0,0
C3H9N3O5,seen,20,3,2,1,0,0,1,0,0,0,1,0,0,0
C3H9N3O6,test_ood,21,1,0,0,0,1,0,0,0,0,0,0,0,0
C3H9N5,test_ood,17,7580,0,0,0,7580,0,0,0,7370,0,0,0,796
C3H9N5O1,seen,18,1198,719,240,239,0,624,209,207,0,82,35,29,0
C3H9N5O2,seen,19,529,317,106,106,0,305,102,103,0,35,10,15,0
C3H9N5O3,test_ood,20,16,0,0,0,16,0,0,0,13,0,0,0,1
C3H9N5O4,test_ood,21,8,0,0,0,8,0,0,0,8,0,0,0,0
C3H9N7,test_ood,19,1,0,0,0,1,0,0,0,1,0,0,0,0
C3H9N7O1,seen,20,14,8,3,3,0,8,3,3,0,0,0,0,0
C3H9N7O2,test_ood,21,43,0,0,0,43,0,0,0,43,0,0,0,0
C3H9N7O3,test_ood,22,1,0,0,0,1,0,0,0,0,0,0,0,0
C3H9N9,test_ood,21,14,0,0,0,14,0,0,0,14,0,0,0,0
C3N2O1,seen,6,644,386,129,129,0,385,127,129,0,67,15,19,0
C3N2O3,seen,8,143,86,29,28,0,85,29,28,0,8,3,2,0
C3O5,seen,8,59,35,12,12,0,32,12,12,0,9,3,0,0
C4H10,seen,14,2345,1407,469,469,0,446,142,137,0,92,24,26,0
C4H10N2,test_ood,16,12396,0,0,0,12396,0,0,0,12296,0,0,0,802
C4H10N2O1,test_ood,17,5204,0,0,0,5204,0,0,0,5044,0,0,0,418
C4H10N2O2,test_ood,18,6243,0,0,0,6243,0,0,0,5511,0,0,0,684
C4H10N2O3,seen,19,1133,680,227,226,0,404,133,132,0,89,26,31,0
C4H10N2O4,test_ood,20,11,0,0,0,11,0,0,0,10,0,0,0,1
C4H10N2O5,test_ood,21,2,0,0,0,2,0,0,0,0,0,0,0,0
C4H10N2O6,seen,22,2,1,1,0,0,1,1,0,0,0,0,0,0
C4H10N4,seen,18,13067,7840,2614,2613,0,7572,2510,2537,0,881,258,306,0
C4H10N4O1,seen,19,3867,2320,774,773,0,1883,614,647,0,293,89,110,0
C4H10N4O2,seen,20,615,369,123,123,0,360,123,120,0,48,15,13,0
C4H10N4O3,seen,21,50,30,10,10,0,28,7,10,0,0,1,1,0
C4H10N4O4,test_ood,22,38,0,0,0,38,0,0,0,36,0,0,0,2
C4H10N6,seen,20,11,7,2,2,0,5,2,2,0,0,0,1,0
C4H10N6O1,seen,21,67,40,14,13,0,40,14,13,0,1,0,0,0
C4H10N6O2,seen,22,149,89,30,30,0,87,30,30,0,4,0,2,0
C4H10N6O3,seen,23,1,1,0,0,0,0,0,0,0,0,0,0,0
C4H10N8,test_ood,22,39,0,0,0,39,0,0,0,39,0,0,0,0
C4H10N8O1,seen,23,1,1,0,0,0,0,0,0,0,0,0,0,0
C4H10O1,test_ood,15,4716,0,0,0,4716,0,0,0,4459,0,0,0,145
C4H10O2,seen,16,3711,2227,742,742,0,1871,634,641,0,212,54,73,0
C4H10O3,seen,17,787,472,158,157,0,472,156,156,0,65,18,19,0
C4H10O4,test_ood,18,199,0,0,0,199,0,0,0,198,0,0,0,27
C4H10O5,test_ood,19,2,0,0,0,2,0,0,0,2,0,0,0,0
C4H11N1,seen,16,5506,3304,1101,1101,0,3297,1098,1100,0,110,25,31,0
C4H11N1O1,seen,17,4856,2914,971,971,0,2893,969,966,0,200,79,80,0
C4H11N1O2,seen,18,965,579,193,193,0,496,159,161,0,54,20,18,0
C4H11N1O3,test_ood,19,472,0,0,0,472,0,0,0,325,0,0,0,71
C4H11N1O4,test_ood,20,8,0,0,0,8,0,0,0,8,0,0,0,0
C4H11N1O5,test_ood,21,1,0,0,0,1,0,0,0,0,0,0,0,0
C4H11N1O6,test_ood,22,3,0,0,0,3,0,0,0,0,0,0,0,0
C4H11N3,test_ood,18,1258,0,0,0,1258,0,0,0,1227,0,0,0,131
C4H11N3O1,seen,19,3411,2047,682,682,0,1986,658,657,0,205,57,69,0
C4H11N3O2,seen,20,1300,780,260,260,0,736,242,249,0,78,35,26,0
C4H11N3O3,test_ood,21,24,0,0,0,24,0,0,0,18,0,0,0,0
C4H11N3O4,seen,22,15,9,3,3,0,5,3,1,0,0,0,0,0
C4H11N3O5,seen,23,3,2,1,0,0,1,1,0,0,0,0,0,0
C4H11N5,test_ood,20,1137,0,0,0,1137,0,0,0,1003,0,0,0,144
C4H11N5O1,seen,21,34,20,7,7,0,19,7,7,0,0,0,0,0
C4H11N5O2,test_ood,22,436,0,0,0,436,0,0,0,145,0,0,0,37
C4H11N5O3,seen,23,45,27,9,9,0,24,9,9,0,0,1,0,0
C4H11N7,seen,22,20,12,4,4,0,11,4,4,0,1,0,0,0
C4H11N7O1,seen,23,82,49,17,16,0,49,17,16,0,2,0,2,0
C4H11N7O5,seen,27,1,1,0,0,0,0,0,0,0,0,0,0,0
C4H12,seen,16,6,4,1,1,0,4,1,1,0,0,0,0,0
C4H12N2,seen,18,2710,1626,542,542,0,1611,536,541,0,89,32,47,0
C4H12N2O1,test_ood,19,494,0,0,0,494,0,0,0,350,0,0,0,64
C4H12N2O2,seen,20,122,73,25,24,0,72,24,24,0,5,4,3,0
C4H12N2O3,seen,21,11,7,2,2,0,5,2,2,0,0,0,0,0
C4H12N2O4,seen,22,1,1,0,0,0,0,0,0,0,0,0,0,0
C4H12N2O5,seen,23,1,1,0,0,0,1,0,0,0,0,0,0,0
C4H12N2O6,seen,24,1,1,0,0,0,0,0,0,0,0,0,0,0
C4H12N4,seen,20,4005,2403,801,801,0,2327,783,774,0,270,86,84,0
C4H12N4O1,test_ood,21,391,0,0,0,391,0,0,0,340,0,0,0,7
C4H12N4O2,test_ood,22,21,0,0,0,21,0,0,0,20,0,0,0,0
C4H12N4O3,test_ood,23,22,0,0,0,22,0,0,0,19,0,0,0,2
C4H12N4O4,seen,24,16,10,3,3,0,8,3,3,0,0,0,0,0
C4H12N6,seen,22,76,46,15,15,0,46,15,14,0,0,0,0,0
C4H12N6O1,seen,23,38,23,8,7,0,23,8,7,0,0,0,0,0
C4H12N6O2,seen,24,47,28,10,9,0,27,10,9,0,2,1,1,0
C4H12N8,test_ood,24,26,0,0,0,26,0,0,0,26,0,0,0,0
C4H12N8O1,test_ood,25,1,0,0,0,1,0,0,0,0,0,0,0,0
C4H12O1,test_ood,17,2,0,0,0,2,0,0,0,2,0,0,0,0
C4H12O2,seen,18,50,30,10,10,0,30,10,10,0,3,0,1,0
C4H12O3,test_ood,19,74,0,0,0,74,0,0,0,74,0,0,0,2
C4H12O4,test_ood,20,1,0,0,0,1,0,0,0,1,0,0,0,0
C4H12O5,seen,21,1,1,0,0,0,1,0,0,0,0,0,0,0
C4H13N1,seen,18,2,1,1,0,0,1,1,0,0,0,0,0,0
C4H13N1O1,seen,19,24,14,5,5,0,14,5,5,0,2,0,1,0
C4H13N1O2,seen,20,230,138,46,46,0,137,46,45,0,15,5,4,0
C4H13N1O4,seen,22,1,1,0,0,0,1,0,0,0,0,0,0,0
C4H13N3,seen,20,2,1,1,0,0,1,1,0,0,0,1,0,0
C4H13N3O1,seen,21,368,221,74,73,0,214,73,73,0,24,4,4,0
C4H13N3O2,test_ood,22,4,0,0,0,4,0,0,0,3,0,0,0,0
C4H13N3O3,seen,23,7,4,2,1,0,2,2,1,0,0,0,0,0
C4H13N3O4,test_ood,24,1,0,0,0,1,0,0,0,1,0,0,0,0
C4H13N5,test_ood,22,142,0,0,0,142,0,0,0,126,0,0,0,9
C4H13N5O1,seen,23,12,7,3,2,0,7,3,2,0,0,0,0,0
C4H13N5O2,seen,24,508,305,102,101,0,296,100,100,0,17,3,10,0
C4H13N5O3,seen,25,35,21,7,7,0,21,7,7,0,0,0,0,0
C4H13N7,seen,24,15,9,3,3,0,9,3,3,0,0,0,0,0
C4H13N7O1,test_ood,25,21,0,0,0,21,0,0,0,21,0,0,0,0
C4H14N2,test_ood,20,1,0,0,0,1,0,0,0,1,0,0,0,0
C4H14N2O1,seen,21,115,69,23,23,0,69,23,23,0,0,0,0,0
C4H14N2O2,test_ood,22,2,0,0,0,2,0,0,0,1,0,0,0,0
C4H14N4,seen,22,3,2,1,0,0,2,1,0,0,0,0,0,0
C4H14N4O1,test_ood,23,1,0,0,0,1,0,0,0,1,0,0,0,0
C4H14N4O2,seen,24,6,4,1,1,0,1,0,1,0,0,0,0,0
C4H14N4O3,test_ood,25,3,0,0,0,3,0,0,0,1,0,0,0,0
C4H14N6,seen,24,6,4,1,1,0,4,1,1,0,0,0,0,0
C4H14N6O1,test_ood,25,19,0,0,0,19,0,0,0,18,0,0,0,0
C4H14N6O2,seen,26,30,18,6,6,0,17,4,6,0,0,0,0,0
C4H14N6O3,test_ood,27,1,0,0,0,1,0,0,0,0,0,0,0,0
C4H14N8,seen,26,7,4,2,1,0,4,2,1,0,0,0,0,0
C4H15N3,seen,22,2,1,1,0,0,1,1,0,0,0,0,0,0
C4H15N3O1,test_ood,23,1,0,0,0,1,0,0,0,1,0,0,0,0
C4H15N5,seen,24,1,1,0,0,0,1,0,0,0,0,0,0,0
C4H15N5O2,test_ood,26,2,0,0,0,2,0,0,0,2,0,0,0,0
C4H15N5O3,test_ood,27,1,0,0,0,1,0,0,0,1,0,0,0,0
C4H15N5O4,seen,28,3,2,1,0,0,0,0,0,0,0,0,0,0
C4H15N7,seen,26,2,1,1,0,0,1,0,0,0,0,0,0,0
C4H15N7O1,test_ood,27,15,0,0,0,15,0,0,0,15,0,0,0,0
C4H16N4,seen,24,2,1,1,0,0,1,0,0,0,0,0,0,0
C4H16N6O1,seen,27,1,1,0,0,0,1,0,0,0,0,0,0,0
C4H16N8,seen,28,4,2,1,1,0,2,1,1,0,0,0,0,0
C4H17N7O2,seen,30,1,1,0,0,0,0,0,0,0,0,0,0,0
C4H1N1O1,seen,7,1030,618,206,206,0,612,205,204,0,72,28,27,0
C4H1N1O2,seen,8,480,288,96,96,0,281,95,94,0,35,6,16,0
C4H1N1O3,seen,9,1020,612,204,204,0,606,201,202,0,110,47,39,0
C4H1N1O4,seen,10,96,58,19,19,0,48,18,17,0,12,5,9,0
C4H1N3,seen,8,367,220,74,73,0,220,74,73,0,35,10,19,0
C4H1N3O1,seen,9,1009,605,202,202,0,593,195,202,0,115,40,43,0
C4H1N3O2,seen,10,164,98,33,33,0,85,29,28,0,21,6,5,0
C4H2,seen,6,1495,897,299,299,0,897,299,299,0,167,46,42,0
C4H2N2,seen,8,1425,855,285,285,0,853,281,284,0,126,49,44,0
C4H2N2O1,test_ood,9,4884,0,0,0,4884,0,0,0,4863,0,0,0,576
C4H2N2O2,seen,10,9159,5495,1832,1832,0,5409,1801,1798,0,955,289,323,0
C4H2N2O3,seen,11,584,350,117,117,0,306,103,96,0,78,31,16,0
C4H2N2O4,seen,12,144,86,29,29,0,0,0,0,0,7,4,4,0
C4H2N4,test_ood,10,4005,0,0,0,4005,0,0,0,3948,0,0,0,715
C4H2N4O1,test_ood,11,330,0,0,0,330,0,0,0,284,0,0,0,85
C4H2N4O2,seen,12,1,1,0,0,0,1,0,0,0,0,0,0,0
C4H2N4O4,seen,14,2,1,1,0,0,1,1,0,0,0,0,0,0
C4H2N6O2,test_ood,14,2,0,0,0,2,0,0,0,2,0,0,0,0
C4H2O2,test_ood,8,656,0,0,0,656,0,0,0,650,0,0,0,100
C4H2O3,test_ood,9,1132,0,0,0,1132,0,0,0,1119,0,0,0,175
C4H2O4,seen,10,1360,816,272,272,0,799,268,267,0,93,34,44,0
C4H2O5,test_ood,11,2,0,0,0,2,0,0,0,2,0,0,0,1
C4H3N1,test_ood,8,2134,0,0,0,2134,0,0,0,2134,0,0,0,260
C4H3N1O1,seen,9,4504,2702,901,901,0,2692,900,897,0,445,144,152,0
C4H3N1O2,seen,10,10109,6065,2022,2022,0,5864,1950,1952,0,630,218,209,0
C4H3N1O3,test_ood,11,14461,0,0,0,14461,0,0,0,14226,0,0,0,1740
C4H3N1O4,test_ood,12,586,0,0,0,586,0,0,0,533,0,0,0,117
C4H3N3,seen,10,3602,2161,721,720,0,2150,714,715,0,238,75,75,0
C4H3N3O1,seen,11,24905,14943,4981,4981,0,14661,4891,4876,0,1750,592,564,0
C4H3N3O2,test_ood,12,2716,0,0,0,2716,0,0,0,2369,0,0,0,371
C4H3N3O3,seen,13,138,83,28,27,0,83,27,27,0,11,9,5,0
C4H3N3O4,seen,14,1,1,0,0,0,1,0,0,0,1,0,0,0
C4H3N3O5,seen,15,3,2,1,0,0,2,1,0,0,0,0,0,0
C4H3N5,test_ood,12,503,0,0,0,503,0,0,0,444,0,0,0,92
C4H3N5O1,test_ood,13,133,0,0,0,133,0,0,0,132,0,0,0,27
C4H3N5O3,seen,15,1,1,0,0,0,1,0,0,0,0,0,0,0
C4H4,seen,8,1781,1069,356,356,0,1054,349,351,0,138,40,55,0
C4H4N2,test_ood,10,5157,0,0,0,5157,0,0,0,5145,0,0,0,648
C4H4N2O1,seen,11,20922,12553,4185,4184,0,12485,4161,4155,0,1237,379,414,0
C4H4N2O2,test_ood,12,46225,0,0,0,46225,0,0,0,44471,0,0,0,5033
C4H4N2O3,test_ood,13,2036,0,0,0,2036,0,0,0,1780,0,0,0,267
C4H4N2O4,seen,14,418,251,84,83,0,75,27,27,0,29,12,12,0
C4H4N2O6,seen,16,2,1,1,0,0,0,1,0,0,1,0,0,0
C4H4N4,test_ood,12,21007,0,0,0,21007,0,0,0,20604,0,0,0,2666
C4H4N4O1,test_ood,13,4685,0,0,0,4685,0,0,0,3855,0,0,0,617
C4H4N4O2,seen,14,10,6,2,2,0,6,2,2,0,1,0,0,0
C4H4N4O3,test_ood,15,798,0,0,0,798,0,0,0,501,0,0,0,111
C4H4N4O4,test_ood,16,29,0,0,0,29,0,0,0,29,0,0,0,3
C4H4N6,test_ood,14,295,0,0,0,295,0,0,0,150,0,0,0,29
C4H4N6O1,seen,15,385,231,77,77,0,229,76,75,0,28,10,12,0
C4H4N6O2,test_ood,16,270,0,0,0,270,0,0,0,268,0,0,0,41
C4H4N8,test_ood,16,1,0,0,0,1,0,0,0,1,0,0,0,1
C4H4O1,seen,9,3756,2254,751,751,0,2252,750,751,0,231,70,75,0
C4H4O2,test_ood,10,7545,0,0,0,7545,0,0,0,7482,0,0,0,857
C4H4O3,seen,11,4054,2432,811,811,0,2423,809,810,0,226,78,82,0
C4H4O4,test_ood,12,6361,0,0,0,6361,0,0,0,5769,0,0,0,749
C4H4O5,seen,13,730,438,146,146,0,338,114,114,0,58,12,22,0
C4H4O6,seen,14,515,309,103,103,0,303,99,97,0,58,26,20,0
C4H5N1,test_ood,10,6534,0,0,0,6534,0,0,0,6530,0,0,0,412
C4H5N1O1,test_ood,11,15878,0,0,0,15878,0,0,0,15811,0,0,0,1528
C4H5N1O2,test_ood,12,20032,0,0,0,20032,0,0,0,19917,0,0,0,1820
C4H5N1O3,test_ood,13,21793,0,0,0,21793,0,0,0,21196,0,0,0,2340
C4H5N1O4,test_ood,14,682,0,0,0,682,0,0,0,611,0,0,0,97
C4H5N1O5,seen,15,393,236,79,78,0,62,24,17,0,24,6,12,0
C4H5N3,seen,12,18065,10839,3613,3613,0,10599,3522,3543,0,888,292,305,0
C4H5N3O1,test_ood,13,59141,0,0,0,59141,0,0,0,57807,0,0,0,6346
C4H5N3O2,test_ood,14,4989,0,0,0,4989,0,0,0,3874,0,0,0,598
C4H5N3O3,test_ood,15,640,0,0,0,640,0,0,0,346,0,0,0,76
C4H5N3O4,seen,16,333,200,67,66,0,89,32,32,0,30,7,7,0
C4H5N3O5,test_ood,17,19,0,0,0,19,0,0,0,19,0,0,0,3
C4H5N5,test_ood,14,2419,0,0,0,2419,0,0,0,2070,0,0,0,361
C4H5N5O1,test_ood,15,9,0,0,0,9,0,0,0,9,0,0,0,1
C4H5N5O2,seen,16,29,17,6,6,0,17,6,6,0,1,0,1,0
C4H5N5O3,seen,17,75,45,15,15,0,45,15,15,0,11,2,3,0
C4H5N7,test_ood,16,270,0,0,0,270,0,0,0,268,0,0,0,37
C4H5N7O1,test_ood,17,18,0,0,0,18,0,0,0,18,0,0,0,6
C4H6,seen,10,3209,1925,642,642,0,1814,610,610,0,89,24,19,0
C4H6N2,seen,12,18679,11207,3736,3736,0,10895,3623,3629,0,1019,332,336,0
C4H6N2O1,test_ood,13,30892,0,0,0,30892,0,0,0,30375,0,0,0,2599
C4H6N2O2,seen,14,51684,31010,10337,10337,0,30275,10121,10120,0,3397,1130,1098,0
C4H6N2O3,test_ood,15,3029,0,0,0,3029,0,0,0,2699,0,0,0,400
C4H6N2O4,test_ood,16,251,0,0,0,251,0,0,0,245,0,0,0,29
C4H6N2O5,seen,17,9,5,2,2,0,5,2,2,0,1,0,0,0
C4H6N2O6,test_ood,18,5,0,0,0,5,0,0,0,5,0,0,0,0
C4H6N4,seen,14,34606,20764,6921,6921,0,20297,6757,6781,0,2254,727,733,0
C4H6N4O1,test_ood,15,5933,0,0,0,5933,0,0,0,4799,0,0,0,720
C4H6N4O2,test_ood,16,784,0,0,0,784,0,0,0,770,0,0,0,117
C4H6N4O3,test_ood,17,53,0,0,0,53,0,0,0,53,0,0,0,11
C4H6N4O4,test_ood,18,66,0,0,0,66,0,0,0,64,0,0,0,7
C4H6N4O5,seen,19,2,1,1,0,0,0,0,0,0,0,1,0,0
C4H6N6,test_ood,16,5,0,0,0,5,0,0,0,5,0,0,0,0
C4H6N6O1,test_ood,17,676,0,0,0,676,0,0,0,659,0,0,0,110
C4H6N6O2,seen,18,88,53,18,17,0,52,17,17,0,7,1,3,0
C4H6N8,test_ood,18,76,0,0,0,76,0,0,0,76,0,0,0,8
C4H6N8O1,seen,19,1,1,0,0,0,0,0,0,0,0,0,0,0
C4H6O1,seen,11,14809,8885,2962,2962,0,8707,2900,2898,0,633,211,205,0
C4H6O2,seen,12,18814,11288,3763,3763,0,10713,3560,3587,0,1168,394,402,0
C4H6O3,seen,13,6638,3983,1328,1327,0,3385,1136,1148,0,402,116,140,0
C4H6O4,seen,14,4572,2743,915,914,0,2531,846,832,0,292,107,97,0
C4H6O5,seen,15,421,253,84,84,0,79,30,21,0,27,12,5,0
C4H6O6,test_ood,16,92,0,0,0,92,0,0,0,91,0,0,0,16
C4H6O8,seen,18,1,1,0,0,0,0,0,0,0,0,0,0,0
C4H7N1,seen,12,7893,4736,1579,1578,0,4656,1539,1544,0,238,77,69,0
C4H7N1O1,test_ood,13,21695,0,0,0,21695,0,0,0,20984,0,0,0,1940
C4H7N1O2,seen,14,11331,6799,2266,2266,0,6233,2087,2068,0,720,233,246,0
C4H7N1O3,seen,15,11249,6749,2250,2250,0,6503,2172,2161,0,704,238,239,0
C4H7N1O4,seen,16,2108,1265,422,421,0,1053,360,365,0,163,52,50,0
C4H7N1O5,seen,17,343,206,69,68,0,114,38,40,0,25,9,10,0
C4H7N1O6,seen,18,2,1,1,0,0,0,0,0,0,0,0,0,0
C4H7N1O7,test_ood,19,1,0,0,0,1,0,0,0,0,0,0,0,0
C4H7N3,seen,14,18239,10943,3648,3648,0,10582,3515,3542,0,905,312,327,0
C4H7N3O1,test_ood,15,51694,0,0,0,51694,0,0,0,49981,0,0,0,5392
C4H7N3O2,test_ood,16,6046,0,0,0,6046,0,0,0,5297,0,0,0,715
C4H7N3O3,seen,17,221,133,44,44,0,44,12,20,0,16,6,5,0
C4H7N3O4,seen,18,112,67,23,22,0,63,22,21,0,13,6,4,0
C4H7N3O5,seen,19,19,11,4,4,0,11,4,4,0,2,0,0,0
C4H7N5,seen,16,3067,1840,614,613,0,1604,553,536,0,238,80,80,0
C4H7N5O1,test_ood,17,436,0,0,0,436,0,0,0,106,0,0,0,57
C4H7N5O2,test_ood,18,361,0,0,0,361,0,0,0,212,0,0,0,27
C4H7N5O3,seen,19,221,133,44,44,0,132,44,43,0,22,3,7,0
C4H7N7,test_ood,18,11,0,0,0,11,0,0,0,11,0,0,0,2
C4H7N7O1,seen,19,74,44,15,15,0,43,14,15,0,6,1,5,0
C4H7N7O2,test_ood,20,1,0,0,0,1,0,0,0,0,0,0,0,0
C4H7N9,seen,20,1,1,0,0,0,0,0,0,0,0,0,0,0
C4H8,seen,12,4718,2831,944,943,0,2813,932,937,0,253,82,91,0
C4H8N2,test_ood,14,21177,0,0,0,21177,0,0,0,20752,0,0,0,1820
C4H8N2O1,seen,15,16775,10065,3355,3355,0,9520,3162,3180,0,912,265,325,0
C4H8N2O2,seen,16,24553,14732,4911,4910,0,13808,4614,4603,0,1529,541,513,0
C4H8N2O3,seen,17,3307,1984,662,661,0,1826,604,593,0,242,87,85,0
C4H8N2O4,seen,18,188,113,38,37,0,107,37,34,0,20,5,4,0
C4H8N2O5,seen,19,5,3,1,1,0,3,1,0,0,0,0,0,0
C4H8N2O6,seen,20,3,2,1,0,0,1,1,0,0,1,0,0,0
C4H8N4,test_ood,16,28090,0,0,0,28090,0,0,0,27166,0,0,0,2975
C4H8N4O1,test_ood,17,6419,0,0,0,6419,0,0,0,5615,0,0,0,805
C4H8N4O2,seen,18,972,583,195,194,0,475,163,153,0,90,28,24,0
C4H8N4O3,seen,19,75,45,15,15,0,43,14,15,0,7,1,1,0
C4H8N4O4,seen,20,83,50,17,16,0,49,17,16,0,11,1,1,0
C4H8N6,test_ood,18,47,0,0,0,47,0,0,0,46,0,0,0,9
C4H8N6O1,seen,19,172,103,35,34,0,100,35,33,0,17,9,5,0
C4H8N6O2,test_ood,20,140,0,0,0,140,0,0,0,138,0,0,0,21
C4H8N6O3,seen,21,1,1,0,0,0,0,0,0,0,0,0,0,0
C4H8N8,seen,20,24,14,5,5,0,14,5,4,0,2,1,2,0
C4H8N8O1,test_ood,21,1,0,0,0,1,0,0,0,0,0,0,0,0
C4H8O1,seen,13,21172,12703,4235,4234,0,12606,4202,4196,0,777,235,247,0
C4H8O2,seen,14,14713,8828,2943,2942,0,7965,2639,2656,0,780,262,278,0
C4H8O3,seen,15,3546,2128,709,709,0,1596,537,529,0,223,81,77,0
C4H8O4,seen,16,1802,1081,361,360,0,1054,349,350,0,146,50,42,0
C4H8O5,seen,17,4,2,1,1,0,2,1,1,0,0,0,0,0
C4H9N1,seen,14,19184,11510,3837,3837,0,11492,3834,3830,0,452,129,144,0
C4H9N1O1,seen,15,20499,12299,4100,4100,0,10533,3517,3470,0,892,298,310,0
C4H9N1O2,test_ood,16,4397,0,0,0,4397,0,0,0,3584,0,0,0,468
C4H9N1O3,seen,17,4829,2897,966,966,0,2571,872,856,0,318,130,89,0
C4H9N1O4,test_ood,18,227,0,0,0,227,0,0,0,222,0,0,0,30
C4H9N1O5,seen,19,141,85,28,28,0,84,28,28,0,15,5,2,0
C4H9N1O6,seen,20,2,1,1,0,0,0,0,0,0,0,0,0,0
C4H9N3,test_ood,16,8177,0,0,0,8177,0,0,0,7934,0,0,0,732
C4H9N3O1,seen,17,17991,10795,3598,3598,0,10408,3457,3461,0,1205,390,383,0
C4H9N3O2,test_ood,18,2808,0,0,0,2808,0,0,0,2413,0,0,0,349
C4H9N3O3,seen,19,448,269,90,89,0,267,88,88,0,39,17,12,0
C4H9N3O4,seen,20,37,22,8,7,0,22,8,6,0,1,0,1,0
C4H9N3O5,test_ood,21,20,0,0,0,20,0,0,0,19,0,0,0,2
C4H9N5,test_ood,18,3087,0,0,0,3087,0,0,0,2547,0,0,0,360
C4H9N5O1,seen,19,102,61,21,20,0,59,21,18,0,5,1,1,0
C4H9N5O2,seen,20,208,125,42,41,0,122,42,40,0,23,7,6,0
C4H9N5O3,seen,21,148,89,30,29,0,88,30,29,0,0,0,0,0
C4H9N7,test_ood,20,192,0,0,0,192,0,0,0,186,0,0,0,29
C4H9N7O1,test_ood,21,106,0,0,0,106,0,0,0,104,0,0,0,6
C4N2,seen,6,698,419,140,139,0,418,140,138,0,76,24,26,0
C4N2O2,seen,8,168,101,34,33,0,95,33,32,0,21,5,5,0
C4N2O3,test_ood,9,18,0,0,0,18,0,0,0,14,0,0,0,5
C4N4,seen,8,2,1,1,0,0,1,1,0,0,0,0,0,0
C4N4O1,seen,9,15,9,3,3,0,8,3,3,0,3,1,3,0
C5H10,seen,15,10268,6161,2054,2053,0,4580,1512,1536,0,318,105,107,0
C5H10N2,test_ood,17,9771,0,0,0,9771,0,0,0,9678,0,0,0,924
C5H10N2O1,seen,18,21481,12889,4296,4296,0,12309,4098,4098,0,1490,489,458,0
C5H10N2O2,seen,19,4872,2923,975,974,0,2188,731,736,0,374,103,108,0
C5H10N2O3,seen,20,2842,1705,569,568,0,1666,551,557,0,203,67,58,0
C5H10N2O4,seen,21,1400,840,280,280,0,820,266,269,0,68,16,21,0
C5H10N2O5,test_ood,22,34,0,0,0,34,0,0,0,33,0,0,0,0
C5H10N4,test_ood,19,6187,0,0,0,6187,0,0,0,5373,0,0,0,818
C5H10N4O1,test_ood,20,288,0,0,0,288,0,0,0,280,0,0,0,31
C5H10N4O2,test_ood,21,751,0,0,0,751,0,0,0,732,0,0,0,10
C5H10N4O3,seen,22,426,256,85,85,0,253,85,83,0,12,2,1,0
C5H10N4O4,seen,23,2,1,1,0,0,0,0,0,0,0,0,0,0
C5H10N6,seen,21,270,162,54,54,0,159,54,52,0,16,5,3,0
C5H10N6O1,seen,22,259,155,52,52,0,154,51,52,0,2,1,1,0
C5H10N6O2,seen,23,6,4,1,1,0,0,0,0,0,0,0,0,0
C5H10O1,seen,16,14465,8679,2893,2893,0,8436,2815,2807,0,592,182,193,0
C5H10O2,seen,17,1887,1132,378,377,0,932,312,313,0,125,26,34,0
C5H10O3,test_ood,18,3301,0,0,0,3301,0,0,0,2657,0,0,0,378
C5H10O4,seen,19,255,153,51,51,0,153,51,51,0,16,7,7,0
C5H10O5,seen,20,985,591,197,197,0,302,97,106,0,69,20,28,0
C5H10O6,seen,21,1,1,0,0,0,0,0,0,0,0,0,0,0
C5H11N1,seen,17,14074,8444,2815,2815,0,8387,2794,2778,0,446,152,131,0
C5H11N1O1,seen,18,4064,2438,813,813,0,828,263,268,0,251,69,72,0
C5H11N1O2,seen,19,6893,4136,1379,1378,0,3304,1089,1108,0,463,147,156,0
C5H11N1O3,seen,20,611,367,122,122,0,84,30,28,0,48,16,16,0
C5H11N1O4,test_ood,21,801,0,0,0,801,0,0,0,468,0,0,0,53
C5H11N1O5,seen,22,8,5,2,1,0,4,2,1,0,0,0,0,0
C5H11N1O6,test_ood,23,2,0,0,0,2,0,0,0,2,0,0,0,0
C5H11N3,test_ood,19,13479,0,0,0,13479,0,0,0,12910,0,0,0,1569
C5H11N3O1,seen,20,4209,2525,842,842,0,2104,709,699,0,284,97,106,0
C5H11N3O2,test_ood,21,864,0,0,0,864,0,0,0,712,0,0,0,46
C5H11N3O3,test_ood,22,1290,0,0,0,1290,0,0,0,1113,0,0,0,30
C5H11N3O4,test_ood,23,96,0,0,0,96,0,0,0,94,0,0,0,2
C5H11N3O5,test_ood,24,1,0,0,0,1,0,0,0,0,0,0,0,0
C5H11N5,seen,21,947,568,190,189,0,549,179,184,0,29,11,13,0
C5H11N5O1,seen,22,288,173,58,57,0,172,56,56,0,13,4,4,0
C5H11N5O2,seen,23,644,386,129,129,0,383,126,124,0,20,11,7,0
C5H11N5O3,test_ood,24,4,0,0,0,4,0,0,0,0,0,0,0,0
C5H11N7,test_ood,23,89,0,0,0,89,0,0,0,89,0,0,0,6
C5H11N7O1,test_ood,24,1,0,0,0,1,0,0,0,0,0,0,0,0
C5H11N7O2,seen,25,1,1,0,0,0,0,0,0,0,0,0,0,0
C5H12,seen,17,1017,610,204,203,0,610,203,203,0,17,10,9,0
C5H12N2,seen,19,779,467,156,156,0,453,150,150,0,54,13,11,0
C5H12N2O1,seen,20,4868,2921,974,973,0,2833,943,931,0,321,92,102,0
C5H12N2O2,test_ood,21,880,0,0,0,880,0,0,0,796,0,0,0,10
C5H12N2O3,seen,22,179,107,36,36,0,101,35,35,0,3,2,3,0
C5H12N2O4,seen,23,36,22,7,7,0,22,7,7,0,0,0,0,0
C5H12N2O5,seen,24,12,7,3,2,0,7,3,2,0,1,0,0,0
C5H12N4,test_ood,21,2386,0,0,0,2386,0,0,0,2092,0,0,0,36
C5H12N4O1,seen,22,266,160,53,53,0,81,19,26,0,14,5,2,0
C5H12N4O2,seen,23,1038,623,208,207,0,451,147,145,0,38,14,17,0
C5H12N4O3,test_ood,24,579,0,0,0,579,0,0,0,563,0,0,0,30
C5H12N4O4,seen,25,3,2,1,0,0,0,0,0,0,0,0,0,0
C5H12N6,test_ood,23,366,0,0,0,366,0,0,0,184,0,0,0,24
C5H12N6O1,test_ood,24,244,0,0,0,244,0,0,0,242,0,0,0,6
C5H12N6O2,seen,25,1,1,0,0,0,0,0,0,0,0,0,0,0
C5H12N6O3,seen,26,1,1,0,0,0,0,0,0,0,0,0,0,0
C5H12O1,seen,18,2458,1475,492,491,0,1465,486,489,0,106,38,39,0
C5H12O2,seen,19,1621,973,324,324,0,566,165,183,0,83,35,33,0
C5H12O3,seen,20,232,139,47,46,0,138,47,45,0,24,9,5,0
C5H12O4,seen,21,109,65,22,22,0,64,21,22,0,0,0,0,0
C5H12O5,seen,22,2,1,1,0,0,1,0,0,0,0,0,0,0
C5H12O6,test_ood,23,2,0,0,0,2,0,0,0,0,0,0,0,0
C5H13N1,seen,19,3376,2026,675,675,0,1824,620,616,0,131,32,33,0
C5H13N1O1,seen,20,557,334,112,111,0,253,81,79,0,33,11,12,0
C5H13N1O2,seen,21,267,160,54,53,0,153,51,50,0,11,6,4,0
C5H13N1O3,seen,22,5,3,1,1,0,3,1,1,0,0,0,0,0
C5H13N1O4,seen,23,4,2,1,1,0,2,1,1,0,0,0,0,0
C5H13N1O5,test_ood,24,4,0,0,0,4,0,0,0,1,0,0,0,0
C5H13N1O6,seen,25,3,2,1,0,0,0,0,0,0,0,0,0,0
C5H13N3,seen,21,2363,1418,473,472,0,1362,454,459,0,43,15,15,0
C5H13N3O1,test_ood,22,781,0,0,0,781,0,0,0,672,0,0,0,5
C5H13N3O2,seen,23,59,35,12,12,0,33,11,11,0,0,0,0,0
C5H13N3O3,test_ood,24,65,0,0,0,65,0,0,0,63,0,0,0,0
C5H13N3O4,seen,25,46,28,9,9,0,18,8,7,0,2,0,0,0
C5H13N3O5,test_ood,26,2,0,0,0,2,0,0,0,0,0,0,0,0
C5H13N5,seen,23,21,13,4,4,0,13,4,4,0,0,0,0,0
C5H13N5O1,seen,24,100,60,20,20,0,59,20,19,0,2,1,1,0
C5H13N5O2,test_ood,25,368,0,0,0,368,0,0,0,354,0,0,0,17
C5H13N5O3,seen,26,5,3,1,1,0,0,0,0,0,0,0,0,0
C5H13N5O4,test_ood,27,1,0,0,0,1,0,0,0,0,0,0,0,0
C5H13N7,seen,25,96,58,19,19,0,58,19,18,0,0,0,0,0
C5H13N7O2,seen,27,1,1,0,0,0,0,0,0,0,0,0,0,0
C5H14N2,seen,21,73,44,15,14,0,44,15,14,0,2,1,0,0
C5H14N2O1,seen,22,4,2,1,1,0,2,1,1,0,0,0,0,0
C5H14N2O2,test_ood,23,255,0,0,0,255,0,0,0,247,0,0,0,14
C5H14N2O3,seen,24,8,5,2,1,0,4,2,0,0,0,0,0,0
C5H14N2O4,seen,25,3,2,1,0,0,1,0,0,0,0,0,0,0
C5H14N2O5,test_ood,26,2,0,0,0,2,0,0,0,1,0,0,0,0
C5H14N4,test_ood,23,320,0,0,0,320,0,0,0,283,0,0,0,11
C5H14N4O1,seen,24,115,69,23,23,0,65,23,21,0,0,2,0,0
C5H14N4O2,seen,25,99,59,20,20,0,58,19,18,0,1,0,1,0
C5H14N4O3,seen,26,66,40,13,13,0,37,13,11,0,0,0,0,0
C5H14N4O4,seen,27,1,1,0,0,0,0,0,0,0,0,0,0,0
C5H14N6,test_ood,25,34,0,0,0,34,0,0,0,33,0,0,0,0
C5H14N6O1,seen,26,136,82,27,27,0,81,27,27,0,2,3,1,0
C5H14N6O2,seen,27,1,1,0,0,0,0,0,0,0,0,0,0,0
C5H14N6O3,test_ood,28,4,0,0,0,4,0,0,0,0,0,0,0,0
C5H14O1,seen,20,7,4,2,1,0,4,2,1,0,0,0,1,0
C5H14O2,seen,21,93,56,19,18,0,56,19,18,0,0,0,0,0
C5H14O3,seen,22,1,1,0,0,0,1,0,0,0,0,0,0,0
C5H14O4,test_ood,23,1,0,0,0,1,0,0,0,1,0,0,0,0
C5H15N1O1,test_ood,22,122,0,0,0,122,0,0,0,122,0,0,0,0
C5H15N1O2,seen,23,3,2,1,0,0,2,1,0,0,0,0,0,0
C5H15N3,seen,23,81,49,16,16,0,49,16,16,0,2,2,2,0
C5H15N3O1,test_ood,24,11,0,0,0,11,0,0,0,9,0,0,0,0
C5H15N3O2,test_ood,25,13,0,0,0,13,0,0,0,11,0,0,0,0
C5H15N3O3,seen,26,10,6,2,2,0,5,2,0,0,0,0,0,0
C5H15N3O4,seen,27,3,2,1,0,0,2,1,0,0,0,0,0,0
C5H15N5,seen,25,14,8,3,3,0,8,3,3,0,0,0,0,0
C5H15N5O1,seen,26,52,31,11,10,0,30,11,10,0,0,0,0,0
C5H15N5O2,seen,27,57,34,12,11,0,33,12,11,0,0,0,0,0
C5H15N5O3,test_ood,28,7,0,0,0,7,0,0,0,0,0,0,0,0
C5H15N7,seen,27,52,31,11,10,0,31,9,10,0,0,0,0,0
C5H15N7O2,seen,29,1,1,0,0,0,0,0,0,0,0,0,0,0
C5H16N2,test_ood,23,1,0,0,0,1,0,0,0,1,0,0,0,0
C5H16N2O1,seen,24,2,1,1,0,0,1,1,0,0,0,0,0,0
C5H16N2O2,seen,25,1,1,0,0,0,1,0,0,0,0,0,0,0
C5H16N4,seen,25,1,1,0,0,0,1,0,0,0,0,0,0,0
C5H16N4O1,test_ood,26,7,0,0,0,7,0,0,0,7,0,0,0,0
C5H16N4O2,seen,27,8,5,2,1,0,4,2,1,0,0,0,0,0
C5H16N4O3,seen,28,5,3,1,1,0,3,1,1,0,0,0,0,0
C5H16N6,seen,27,19,11,4,4,0,11,4,4,0,0,0,0,0
C5H16N6O1,seen,28,44,26,9,9,0,26,9,9,0,0,0,0,0
C5H16N6O2,seen,29,1,1,0,0,0,0,0,0,0,0,0,0,0
C5H16N6O3,test_ood,30,2,0,0,0,2,0,0,0,0,0,0,0,0
C5H17N5O1,seen,28,5,3,1,1,0,2,1,1,0,0,0,0,0
C5H17N5O2,seen,29,9,5,2,2,0,4,2,1,0,0,0,0,0
C5H17N7,test_ood,29,17,0,0,0,17,0,0,0,17,0,0,0,0
C5H18N4O2,seen,29,1,1,0,0,0,0,0,0,0,0,0,0,0
C5H18N6,seen,29,3,2,1,0,0,2,1,0,0,0,0,0,0
C5H18N6O1,test_ood,30,6,0,0,0,6,0,0,0,6,0,0,0,0
C5H18N6O2,test_ood,31,1,0,0,0,1,0,0,0,0,0,0,0,0
C5H1N1,test_ood,7,515,0,0,0,515,0,0,0,508,0,0,0,81
C5H1N1O2,test_ood,9,288,0,0,0,288,0,0,0,284,0,0,0,43
C5H1N1O3,seen,10,20,12,4,4,0,11,4,3,0,3,0,0,0
C5H1N3O1,test_ood,10,47,0,0,0,47,0,0,0,41,0,0,0,5
C5H1N5O2,seen,13,4,2,1,1,0,2,1,1,0,0,1,0,0
C5H2N2,seen,9,333,200,67,66,0,200,67,66,0,26,6,10,0
C5H2N2O1,test_ood,10,2635,0,0,0,2635,0,0,0,2592,0,0,0,392
C5H2N2O2,test_ood,11,299,0,0,0,299,0,0,0,272,0,0,0,56
C5H2N2O3,test_ood,12,137,0,0,0,137,0,0,0,136,0,0,0,19
C5H2N2O4,test_ood,13,1,0,0,0,1,0,0,0,1,0,0,0,0
C5H2N4,seen,11,25,15,5,5,0,13,4,5,0,3,0,1,0
C5H2N4O1,seen,12,1,1,0,0,0,1,0,0,0,0,0,0,0
C5H2N4O2,test_ood,13,1,0,0,0,1,0,0,0,1,0,0,0,0
C5H2N4O3,seen,14,3,2,1,0,0,2,1,0,0,0,0,0,0
C5H2N6,test_ood,13,2,0,0,0,2,0,0,0,2,0,0,0,0
C5H2N6O1,test_ood,14,9,0,0,0,9,0,0,0,9,0,0,0,1
C5H2O1,seen,8,664,398,133,133,0,397,133,133,0,88,22,30,0
C5H2O2,seen,9,112,67,23,22,0,66,23,22,0,12,1,2,0
C5H2O3,seen,10,757,454,152,151,0,444,150,146,0,71,30,37,0
C5H2O4,test_ood,11,90,0,0,0,90,0,0,0,72,0,0,0,17
C5H3N1,seen,9,1248,749,250,249,0,747,245,248,0,123,31,38,0
C5H3N1O1,seen,10,3014,1808,603,603,0,1796,597,601,0,197,62,71,0
C5H3N1O2,seen,11,8925,5355,1785,1785,0,5238,1753,1757,0,656,245,208,0
C5H3N1O3,seen,12,806,484,161,161,0,401,139,140,0,55,16,18,0
C5H3N1O4,seen,13,135,81,27,27,0,81,27,27,0,17,4,5,0
C5H3N1O5,test_ood,14,138,0,0,0,138,0,0,0,137,0,0,0,23
C5H3N3,seen,11,6041,3625,1208,1208,0,3558,1185,1189,0,561,198,187,0
C5H3N3O1,seen,12,822,493,165,164,0,408,146,138,0,77,21,30,0
C5H3N3O2,seen,13,123,74,25,24,0,72,25,24,0,6,3,0,0
C5H3N3O3,test_ood,14,1,0,0,0,1,0,0,0,1,0,0,0,0
C5H3N3O4,test_ood,15,4,0,0,0,4,0,0,0,4,0,0,0,1
C5H3N5,test_ood,13,276,0,0,0,276,0,0,0,135,0,0,0,35
C5H3N5O1,test_ood,14,1,0,0,0,1,0,0,0,1,0,0,0,0
C5H3N5O2,seen,15,12,7,3,2,0,7,3,2,0,2,0,2,0
C5H3N7,test_ood,15,5,0,0,0,5,0,0,0,5,0,0,0,1
C5H4,seen,9,1882,1129,377,376,0,1129,377,376,0,101,26,32,0
C5H4N2,seen,11,3460,2076,692,692,0,2059,687,686,0,213,65,86,0
C5H4N2O1,seen,12,21971,13183,4394,4394,0,12884,4263,4262,0,1614,492,481,0
C5H4N2O2,test_ood,13,3239,0,0,0,3239,0,0,0,2719,0,0,0,498
C5H4N2O3,seen,14,122,73,25,24,0,72,24,24,0,6,2,4,0
C5H4N2O4,test_ood,15,153,0,0,0,153,0,0,0,153,0,0,0,25
C5H4N2O5,seen,16,4,2,1,1,0,2,1,1,0,0,0,0,0
C5H4N4,seen,13,1162,697,233,232,0,612,209,214,0,101,33,36,0
C5H4N4O1,seen,14,380,228,76,76,0,228,75,76,0,22,12,8,0
C5H4N4O2,test_ood,15,724,0,0,0,724,0,0,0,432,0,0,0,84
C5H4N4O3,test_ood,16,155,0,0,0,155,0,0,0,154,0,0,0,24
C5H4N6,test_ood,15,128,0,0,0,128,0,0,0,128,0,0,0,16
C5H4N6O1,seen,16,8,5,2,1,0,5,2,1,0,2,0,0,0
C5H4O1,seen,10,2758,1655,552,551,0,1637,546,546,0,219,86,84,0
C5H4O2,seen,11,3878,2327,776,775,0,2310,771,769,0,263,84,100,0
C5H4O3,seen,12,7052,4231,1411,1410,0,4161,1384,1383,0,566,208,182,0
C5H4O4,seen,13,243,146,49,48,0,122,45,44,0,27,5,11,0
C5H5N1,seen,11,2994,1796,599,599,0,1790,594,595,0,168,52,60,0
C5H5N1O1,seen,12,11560,6936,2312,2312,0,6903,2298,2298,0,775,263,248,0
C5H5N1O2,seen,13,31683,19010,6337,6336,0,16986,5685,5655,0,2026,651,662,0
C5H5N1O3,seen,14,1914,1148,383,383,0,838,293,276,0,139,53,39,0
C5H5N1O4,seen,15,3,2,1,0,0,2,1,0,0,0,0,0,0
C5H5N1O5,seen,16,7,4,2,1,0,4,2,1,0,1,0,0,0
C5H5N1O6,test_ood,17,7,0,0,0,7,0,0,0,7,0,0,0,2
C5H5N3,seen,13,17159,10295,3432,3432,0,10100,3347,3358,0,1185,395,382,0
C5H5N3O1,test_ood,14,4164,0,0,0,4164,0,0,0,3517,0,0,0,527
C5H5N3O2,seen,15,294,176,59,59,0,90,33,24,0,26,7,7,0
C5H5N3O3,seen,16,447,268,90,89,0,179,62,59,0,37,10,9,0
C5H5N3O4,seen,17,58,35,12,11,0,35,12,11,0,4,2,1,0
C5H5N5,test_ood,15,1248,0,0,0,1248,0,0,0,1084,0,0,0,173
C5H5N5O1,test_ood,16,871,0,0,0,871,0,0,0,725,0,0,0,116
C5H5N5O2,test_ood,17,36,0,0,0,36,0,0,0,36,0,0,0,6
C5H5N7,seen,17,5,3,1,1,0,3,1,1,0,0,0,0,0
C5H6,seen,11,5693,3416,1139,1138,0,3411,1138,1136,0,116,40,35,0
C5H6N2,test_ood,13,11808,0,0,0,11808,0,0,0,11722,0,0,0,1018
C5H6N2O1,test_ood,14,47308,0,0,0,47308,0,0,0,44848,0,0,0,4936
C5H6N2O2,seen,15,7903,4742,1581,1580,0,2958,988,973,0,543,191,170,0
C5H6N2O3,seen,16,486,292,97,97,0,208,61,77,0,35,12,13,0
C5H6N2O4,test_ood,17,392,0,0,0,392,0,0,0,387,0,0,0,52
C5H6N2O5,test_ood,18,34,0,0,0,34,0,0,0,34,0,0,0,11
C5H6N4,test_ood,15,3689,0,0,0,3689,0,0,0,2959,0,0,0,482
C5H6N4O1,seen,16,1074,644,215,215,0,458,162,157,0,81,36,25,0
C5H6N4O2,seen,17,77,46,16,15,0,46,16,15,0,10,2,3,0
C5H6N4O3,test_ood,18,144,0,0,0,144,0,0,0,144,0,0,0,16
C5H6N4O4,seen,19,1,1,0,0,0,0,0,0,0,0,0,0,0
C5H6N6,seen,17,1143,686,229,228,0,490,167,152,0,89,40,23,0
C5H6N6O1,seen,18,50,30,10,10,0,30,10,10,0,8,1,1,0
C5H6O1,test_ood,12,12595,0,0,0,12595,0,0,0,12521,0,0,0,1169
C5H6O2,seen,13,10438,6263,2088,2087,0,6136,2033,2037,0,598,220,196,0
C5H6O3,seen,14,16434,9860,3287,3287,0,9552,3193,3192,0,1065,356,395,0
C5H6O4,seen,15,1483,890,297,296,0,625,210,206,0,108,38,42,0
C5H6O5,seen,16,1,1,0,0,0,1,0,0,0,0,0,0,0
C5H7N1,test_ood,13,11722,0,0,0,11722,0,0,0,11245,0,0,0,1095
C5H7N1O1,test_ood,14,12962,0,0,0,12962,0,0,0,12581,0,0,0,1140
C5H7N1O2,seen,15,35724,21434,7145,7145,0,20291,6795,6790,0,2347,753,808,0
C5H7N1O3,seen,16,2716,1630,543,543,0,1308,417,433,0,210,70,84,0
C5H7N1O4,seen,17,320,192,64,64,0,108,38,26,0,23,7,12,0
C5H7N1O5,test_ood,18,307,0,0,0,307,0,0,0,302,0,0,0,51
C5H7N1O6,seen,19,6,4,1,1,0,4,1,1,0,0,0,0,0
C5H7N3,seen,15,35739,21443,7148,7148,0,20740,6894,6932,0,2347,777,759,0
C5H7N3O1,seen,16,9155,5493,1831,1831,0,3678,1241,1256,0,608,207,212,0
C5H7N3O2,seen,17,174,104,35,35,0,100,35,33,0,20,8,8,0
C5H7N3O3,seen,18,489,293,98,98,0,200,71,69,0,37,9,11,0
C5H7N3O4,seen,19,129,77,26,26,0,76,26,26,0,8,5,7,0
C5H7N3O5,seen,20,1,1,0,0,0,0,0,0,0,0,0,0,0
C5H7N5,seen,17,221,133,44,44,0,127,42,43,0,15,2,9,0
C5H7N5O1,test_ood,18,751,0,0,0,751,0,0,0,725,0,0,0,113
C5H7N5O2,test_ood,19,826,0,0,0,826,0,0,0,806,0,0,0,127
C5H7N5O3,test_ood,20,1,0,0,0,1,0,0,0,0,0,0,0,0
C5H7N7,test_ood,19,17,0,0,0,17,0,0,0,17,0,0,0,5
C5H8,test_ood,13,7614,0,0,0,7614,0,0,0,7313,0,0,0,321
C5H8N2,seen,15,15950,9570,3190,3190,0,9137,3053,3039,0,798,262,293,0
C5H8N2O1,test_ood,16,52532,0,0,0,52532,0,0,0,50590,0,0,0,5632
C5H8N2O2,test_ood,17,7740,0,0,0,7740,0,0,0,6613,0,0,0,972
C5H8N2O3,seen,18,409,245,82,82,0,148,51,54,0,29,14,19,0
C5H8N2O4,seen,19,449,269,90,90,0,263,84,85,0,45,12,13,0
C5H8N2O5,seen,20,62,37,13,12,0,37,13,11,0,5,2,1,0
C5H8N4,seen,17,5399,3239,1080,1080,0,2694,903,919,0,383,108,134,0
C5H8N4O1,seen,18,554,332,111,111,0,145,53,52,0,45,16,17,0
C5H8N4O2,seen,19,1335,801,267,267,0,522,172,184,0,92,35,41,0
C5H8N4O3,test_ood,20,300,0,0,0,300,0,0,0,300,0,0,0,36
C5H8N4O4,seen,21,2,1,1,0,0,0,0,0,0,0,0,0,0
C5H8N6,seen,19,19,11,4,4,0,11,4,4,0,2,1,1,0
C5H8N6O1,test_ood,20,379,0,0,0,379,0,0,0,374,0,0,0,68
C5H8N6O2,test_ood,21,2,0,0,0,2,0,0,0,0,0,0,0,0
C5H8N6O3,test_ood,22,3,0,0,0,3,0,0,0,0,0,0,0,0
C5H8O1,seen,14,18667,11200,3734,3733,0,10943,3631,3653,0,854,270,280,0
C5H8O2,test_ood,15,10453,0,0,0,10453,0,0,0,8959,0,0,0,1111
C5H8O3,test_ood,16,14729,0,0,0,14729,0,0,0,13397,0,0,0,1560
C5H8O4,seen,17,1211,727,242,242,0,691,231,225,0,112,34,38,0
C5H8O5,test_ood,18,338,0,0,0,338,0,0,0,46,0,0,0,31
C5H8O6,seen,19,7,4,2,1,0,1,1,1,0,0,0,0,0
C5H8O7,seen,20,1,1,0,0,0,1,0,0,0,0,0,0,0
C5H9N1,seen,15,14763,8858,2953,2952,0,8784,2930,2926,0,708,218,199,0
C5H9N1O1,test_ood,16,11268,0,0,0,11268,0,0,0,11048,0,0,0,1160
C5H9N1O2,test_ood,17,21579,0,0,0,21579,0,0,0,20446,0,0,0,2336
C5H9N1O3,seen,18,1361,817,272,272,0,498,167,172,0,100,55,34,0
C5H9N1O4,seen,19,1889,1133,378,378,0,1030,342,341,0,148,68,53,0
C5H9N1O5,test_ood,20,20,0,0,0,20,0,0,0,20,0,0,0,3
C5H9N1O6,seen,21,14,8,3,3,0,7,2,1,0,0,0,0,0
C5H9N3,seen,17,34409,20645,6882,6882,0,19984,6660,6674,0,2252,691,739,0
C5H9N3O1,test_ood,18,9178,0,0,0,9178,0,0,0,7775,0,0,0,1087
C5H9N3O2,seen,19,472,283,95,94,0,197,66,62,0,41,13,9,0
C5H9N3O3,test_ood,20,205,0,0,0,205,0,0,0,199,0,0,0,20
C5H9N3O4,seen,21,168,101,34,33,0,99,32,31,0,2,0,1,0
C5H9N5,seen,19,165,99,33,33,0,16,1,3,0,15,5,6,0
C5H9N5O1,test_ood,20,121,0,0,0,121,0,0,0,119,0,0,0,19
C5H9N5O2,seen,21,597,358,120,119,0,352,118,118,0,12,6,7,0
C5H9N5O3,seen,22,3,2,1,0,0,0,0,0,0,0,0,0,0
C5H9N5O4,seen,23,1,1,0,0,0,0,0,0,0,0,0,0,0
C5H9N7,test_ood,21,58,0,0,0,58,0,0,0,56,0,0,0,0
C5N2O1,test_ood,8,201,0,0,0,201,0,0,0,201,0,0,0,40
C6H10,seen,16,7826,4696,1565,1565,0,4547,1532,1528,0,405,137,116,0
C6H10N2,seen,18,32396,19438,6479,6479,0,18860,6283,6280,0,2029,716,726,0
C6H10N2O1,seen,19,11886,7132,2377,2377,0,5967,2000,1956,0,897,273,290,0
C6H10N2O2,test_ood,20,1517,0,0,0,1517,0,0,0,984,0,0,0,159
C6H10N2O3,test_ood,21,882,0,0,0,882,0,0,0,720,0,0,0,21
C6H10N2O4,test_ood,22,579,0,0,0,579,0,0,0,572,0,0,0,28
C6H10N2O5,seen,23,1391,835,278,278,0,728,237,240,0,80,24,29,0
C6H10N4,test_ood,20,255,0,0,0,255,0,0,0,252,0,0,0,27
C6H10N4O1,test_ood,21,299,0,0,0,299,0,0,0,295,0,0,0,21
C6H10N4O2,test_ood,22,948,0,0,0,948,0,0,0,941,0,0,0,27
C6H10N4O3,seen,23,127,76,26,25,0,74,26,24,0,4,0,1,0
C6H10N6,seen,22,543,326,109,108,0,219,72,67,0,36,8,14,0
C6H10N6O1,seen,23,3,2,1,0,0,0,0,0,0,0,0,0,0
C6H10N6O2,seen,24,1,1,0,0,0,0,0,0,0,0,0,0,0
C6H10N6O3,test_ood,25,1,0,0,0,1,0,0,0,0,0,0,0,0
C6H10O1,seen,17,5082,3049,1017,1016,0,3029,1012,1009,0,311,104,102,0
C6H10O2,seen,18,18028,10817,3606,3605,0,9835,3264,3282,0,1220,417,387,0
C6H10O3,seen,19,2777,1666,556,555,0,1198,385,394,0,217,64,69,0
C6H10O4,seen,20,2669,1601,534,534,0,1419,462,468,0,174,54,49,0
C6H10O5,test_ood,21,746,0,0,0,746,0,0,0,733,0,0,0,34
C6H10O6,test_ood,22,8,0,0,0,8,0,0,0,7,0,0,0,0
C6H11N1,seen,18,9129,5477,1826,1826,0,5248,1762,1756,0,564,164,150,0
C6H11N1O1,test_ood,19,20711,0,0,0,20711,0,0,0,19736,0,0,0,2359
C6H11N1O2,test_ood,20,2953,0,0,0,2953,0,0,0,2405,0,0,0,356
C6H11N1O3,seen,21,760,456,152,152,0,208,59,63,0,35,14,9,0
C6H11N1O4,seen,22,931,559,186,186,0,118,46,38,0,53,14,11,0
C6H11N1O5,test_ood,23,54,0,0,0,54,0,0,0,51,0,0,0,0
C6H11N1O6,seen,24,1,1,0,0,0,0,0,0,0,0,0,0,0
C6H11N3,test_ood,20,8761,0,0,0,8761,0,0,0,7454,0,0,0,1059
C6H11N3O1,test_ood,21,295,0,0,0,295,0,0,0,292,0,0,0,19
C6H11N3O2,test_ood,22,417,0,0,0,417,0,0,0,410,0,0,0,12
C6H11N3O3,seen,23,747,448,150,149,0,443,147,148,0,30,9,10,0
C6H11N3O4,seen,24,1394,836,279,279,0,715,241,245,0,38,15,18,0
C6H11N5,seen,22,511,307,102,102,0,306,102,101,0,12,8,7,0
C6H11N5O1,seen,23,562,337,113,112,0,250,86,78,0,18,4,4,0
C6H11N5O2,seen,24,90,54,18,18,0,51,18,17,0,0,2,1,0
C6H11N5O3,test_ood,25,2,0,0,0,2,0,0,0,0,0,0,0,0
C6H11N7,seen,24,1,1,0,0,0,0,0,0,0,0,0,0,0
C6H11N7O1,seen,25,1,1,0,0,0,0,0,0,0,0,0,0,0
C6H11N9O4,seen,30,1,1,0,0,0,0,0,0,0,0,0,0,0
C6H12,seen,18,7001,4201,1400,1400,0,2800,932,917,0,291,88,87,0
C6H12N2,test_ood,20,17520,0,0,0,17520,0,0,0,16842,0,0,0,1910
C6H12N2O1,test_ood,21,6066,0,0,0,6066,0,0,0,5182,0,0,0,124
C6H12N2O2,test_ood,22,1069,0,0,0,1069,0,0,0,905,0,0,0,43
C6H12N2O3,test_ood,23,1364,0,0,0,1364,0,0,0,1045,0,0,0,68
C6H12N2O4,seen,24,2515,1509,503,503,0,1457,477,477,0,61,27,23,0
C6H12N2O5,seen,25,568,341,114,113,0,326,108,110,0,30,8,7,0
C6H12N2O6,seen,26,305,183,61,61,0,177,61,57,0,17,3,5,0
C6H12N4,test_ood,22,489,0,0,0,489,0,0,0,477,0,0,0,30
C6H12N4O1,test_ood,23,542,0,0,0,542,0,0,0,537,0,0,0,30
C6H12N4O2,test_ood,24,1905,0,0,0,1905,0,0,0,1873,0,0,0,22
C6H12N4O3,test_ood,25,3,0,0,0,3,0,0,0,0,0,0,0,0
C6H12N4O4,test_ood,26,3,0,0,0,3,0,0,0,0,0,0,0,0
C6H12N4O6,test_ood,28,1,0,0,0,1,0,0,0,0,0,0,0,0
C6H12N6,seen,24,394,236,79,79,0,235,78,78,0,15,3,7,0
C6H12N6O1,seen,25,4,2,1,1,0,0,0,0,0,0,0,0,0
C6H12N6O3,seen,27,645,387,129,129,0,362,125,123,0,21,6,2,0
C6H12O1,seen,19,1358,815,272,271,0,217,66,70,0,84,34,27,0
C6H12O2,test_ood,20,1966,0,0,0,1966,0,0,0,1769,0,0,0,202
C6H12O3,seen,21,314,188,63,63,0,184,62,60,0,8,2,8,0
C6H12O4,seen,22,588,353,118,117,0,243,79,85,0,16,5,8,0
C6H12O5,seen,23,1240,744,248,248,0,638,221,214,0,22,9,10,0
C6H12O6,seen,24,597,358,120,119,0,350,118,119,0,25,6,14,0
C6H13N1,test_ood,20,544,0,0,0,544,0,0,0,520,0,0,0,54
C6H13N1O1,seen,21,1309,785,262,262,0,669,216,224,0,33,9,11,0
C6H13N1O2,test_ood,22,3615,0,0,0,3615,0,0,0,3000,0,0,0,152
C6H13N1O3,test_ood,23,1788,0,0,0,1788,0,0,0,1200,0,0,0,97
C6H13N1O4,seen,24,4857,2914,972,971,0,2364,777,785,0,98,33,42,0
C6H13N1O5,seen,25,720,432,144,144,0,429,143,144,0,30,8,11,0
C6H13N1O7,seen,27,1,1,0,0,0,0,0,0,0,0,0,0,0
C6H13N3,test_ood,22,4681,0,0,0,4681,0,0,0,3910,0,0,0,90
C6H13N3O1,seen,23,343,206,69,68,0,110,41,42,0,9,5,3,0
C6H13N3O2,test_ood,24,842,0,0,0,842,0,0,0,681,0,0,0,31
C6H13N3O3,seen,25,794,476,159,159,0,473,158,159,0,7,5,3,0
C6H13N3O4,seen,26,2,1,1,0,0,0,0,0,0,0,0,0,0
C6H13N3O7,seen,29,2,1,1,0,0,0,0,0,0,0,0,0,0
C6H13N5,seen,24,572,343,115,114,0,155,74,55,0,29,10,7,0
C6H13N5O1,seen,25,473,284,95,94,0,282,95,94,0,6,5,0,0
C6H13N5O2,seen,26,140,84,28,28,0,82,25,27,0,5,2,0,0
C6H13N5O3,seen,27,2,1,1,0,0,0,0,0,0,0,0,0,0
C6H13N5O4,seen,28,1,1,0,0,0,0,0,0,0,0,0,0,0
C6H13N7,test_ood,26,119,0,0,0,119,0,0,0,116,0,0,0,4
C6H13N7O4,seen,30,1,1,0,0,0,0,0,0,0,0,0,0,0
C6H14,seen,20,531,319,106,106,0,317,104,106,0,14,9,8,0
C6H14N2,test_ood,22,1813,0,0,0,1813,0,0,0,1743,0,0,0,58
C6H14N2O1,test_ood,23,2290,0,0,0,2290,0,0,0,1863,0,0,0,69
C6H14N2O2,seen,24,2025,1215,405,405,0,1105,375,370,0,38,13,19,0
C6H14N2O3,seen,25,649,389,130,130,0,388,130,128,0,13,2,4,0
C6H14N2O4,test_ood,26,89,0,0,0,89,0,0,0,87,0,0,0,3
C6H14N2O5,seen,27,6,4,1,1,0,0,0,0,0,0,0,0,0
C6H14N2O6,test_ood,28,2,0,0,0,2,0,0,0,0,0,0,0,0
C6H14N4,seen,24,224,134,45,45,0,133,45,43,0,5,2,3,0
C6H14N4O1,seen,25,187,112,38,37,0,112,38,37,0,3,3,2,0
C6H14N4O2,test_ood,26,2309,0,0,0,2309,0,0,0,2277,0,0,0,79
C6H14N4O3,seen,27,6,4,1,1,0,0,0,0,0,0,0,0,0
C6H14N4O4,seen,28,3,2,1,0,0,0,0,0,0,0,0,0,0
C6H14N4O6,seen,30,1,1,0,0,0,0,0,0,0,0,0,0,0
C6H14N6,test_ood,26,171,0,0,0,171,0,0,0,170,0,0,0,2
C6H14N6O1,test_ood,27,3,0,0,0,3,0,0,0,0,0,0,0,0
C6H14N6O2,test_ood,28,5,0,0,0,5,0,0,0,0,0,0,0,0
C6H14N6O3,test_ood,29,1,0,0,0,1,0,0,0,0,0,0,0,0
C6H14N6O4,test_ood,30,2,0,0,0,2,0,0,0,0,0,0,0,0
C6H14N6O5,seen,31,1,1,0,0,0,0,0,0,0,0,0,0,0
C6H14N8O3,test_ood,31,1,0,0,0,1,0,0,0,0,0,0,0,0
C6H14O1,seen,21,97,58,20,19,0,58,20,19,0,0,0,0,0
C6H14O2,test_ood,22,451,0,0,0,451,0,0,0,266,0,0,0,45
C6H14O3,seen,23,192,115,39,38,0,112,39,38,0,7,2,3,0
C6H14O4,seen,24,4,2,1,1,0,2,1,1,0,0,0,0,0
C6H14O5,seen,25,3,2,1,0,0,2,0,0,0,0,0,0,0
C6H14O6,seen,26,168,101,34,33,0,95,34,33,0,6,2,1,0
C6H14O7,seen,27,5,3,1,1,0,0,0,0,0,0,0,0,0
C6H15N1,seen,22,1,1,0,0,0,1,0,0,0,0,0,0,0
C6H15N1O1,seen,23,96,58,19,19,0,57,19,19,0,2,0,1,0
C6H15N1O2,test_ood,24,12,0,0,0,12,0,0,0,8,0,0,0,0
C6H15N1O3,seen,25,8,5,2,1,0,5,2,1,0,0,0,0,0
C6H15N1O4,seen,26,11,7,2,2,0,2,1,1,0,0,0,0,0
C6H15N1O5,seen,27,8,5,2,1,0,1,1,0,0,0,0,0,0
C6H15N1O6,test_ood,28,7,0,0,0,7,0,0,0,0,0,0,0,0
C6H15N3,seen,24,736,442,147,147,0,305,110,107,0,14,4,8,0
C6H15N3O1,seen,25,43,26,9,8,0,26,9,8,0,0,0,0,0
C6H15N3O2,seen,26,507,304,102,101,0,302,101,100,0,14,5,3,0
C6H15N3O3,test_ood,27,140,0,0,0,140,0,0,0,135,0,0,0,3
C6H15N3O4,seen,28,7,4,2,1,0,0,0,0,0,0,0,0,0
C6H15N3O5,test_ood,29,1,0,0,0,1,0,0,0,0,0,0,0,0
C6H15N5,test_ood,26,119,0,0,0,119,0,0,0,117,0,0,0,7
C6H15N5O1,seen,27,304,182,61,61,0,179,61,61,0,0,0,0,0
C6H15N5O2,seen,28,8,5,2,1,0,0,0,0,0,0,0,0,0
C6H15N5O3,seen,29,4,2,1,1,0,0,0,0,0,0,0,0,0
C6H15N7,seen,28,2,1,1,0,0,0,0,0,0,0,0,0,0
C6H15N7O1,test_ood,29,2,0,0,0,2,0,0,0,0,0,0,0,0
C6H15N7O3,seen,31,5,3,1,1,0,0,0,0,0,0,0,0,0
C6H15N7O4,seen,32,2,1,1,0,0,0,0,0,0,0,0,0,0
C6H16N2,seen,24,42,25,9,8,0,25,9,8,0,2,0,0,0
C6H16N2O1,seen,25,24,14,5,5,0,14,5,5,0,0,0,0,0
C6H16N2O2,seen,26,135,81,27,27,0,79,26,26,0,0,0,0,0
C6H16N2O3,seen,27,25,15,5,5,0,14,5,5,0,0,0,0,0
C6H16N2O4,test_ood,28,155,0,0,0,155,0,0,0,149,0,0,0,10
C6H16N2O5,seen,29,2,1,1,0,0,0,0,0,0,0,0,0,0
C6H16N4,seen,26,17,10,4,3,0,10,4,2,0,0,0,0,0
C6H16N4O1,seen,27,204,122,41,41,0,120,41,41,0,6,0,0,0
C6H16N4O2,seen,28,586,352,117,117,0,350,115,116,0,16,5,4,0
C6H16N4O3,test_ood,29,6,0,0,0,6,0,0,0,0,0,0,0,0
C6H16N4O4,test_ood,30,5,0,0,0,5,0,0,0,0,0,0,0,0
C6H16N6,seen,28,95,57,19,19,0,57,19,19,0,0,0,0,0
C6H16N6O2,test_ood,30,7,0,0,0,7,0,0,0,0,0,0,0,0
C6H16N8,test_ood,30,1,0,0,0,1,0,0,0,0,0,0,0,0
C6H16N8O3,seen,33,2,1,1,0,0,0,0,0,0,0,0,0,0
C6H16O1,seen,23,30,18,6,6,0,18,6,6,0,0,0,0,0
C6H16O4,test_ood,26,1,0,0,0,1,0,0,0,1,0,0,0,0
C6H17N1,test_ood,24,1,0,0,0,1,0,0,0,1,0,0,0,1
C6H17N1O1,test_ood,25,1,0,0,0,1,0,0,0,1,0,0,0,0
C6H17N1O3,seen,27,2,1,1,0,0,1,1,0,0,0,0,0,0
C6H17N1O4,test_ood,28,2,0,0,0,2,0,0,0,2,0,0,0,0
C6H17N3,seen,26,18,11,4,3,0,11,3,3,0,0,0,0,0
C6H17N3O1,seen,27,17,10,4,3,0,10,4,3,0,0,0,0,0
C6H17N3O2,seen,28,30,18,6,6,0,15,5,5,0,0,0,0,0
C6H17N3O3,test_ood,29,28,0,0,0,28,0,0,0,26,0,0,0,0
C6H17N3O4,seen,30,3,2,1,0,0,0,0,0,0,0,0,0,0
C6H17N5,test_ood,28,32,0,0,0,32,0,0,0,32,0,0,0,0
C6H17N5O1,seen,29,106,64,21,21,0,64,21,21,0,0,0,0,0
C6H17N5O2,test_ood,30,339,0,0,0,339,0,0,0,327,0,0,0,21
C6H17N7O2,seen,32,1,1,0,0,0,0,0,0,0,0,0,0,0
C6H18N2O2,seen,28,3,2,1,0,0,1,1,0,0,0,0,0,0
C6H18N2O3,test_ood,29,2,0,0,0,2,0,0,0,1,0,0,0,0
C6H18N2O4,seen,30,1,1,0,0,0,1,0,0,0,0,0,0,0
C6H18N2O5,seen,31,1,1,0,0,0,0,0,0,0,0,0,0,0
C6H18N4,seen,28,2,1,1,0,0,1,1,0,0,0,0,0,0
C6H18N4O1,seen,29,17,10,4,3,0,10,4,3,0,0,0,0,0
C6H18N4O2,test_ood,30,18,0,0,0,18,0,0,0,14,0,0,0,1
C6H18N4O3,seen,31,5,3,1,1,0,0,0,0,0,0,0,0,0
C6H18N4O4,test_ood,32,1,0,0,0,1,0,0,0,0,0,0,0,0
C6H18N6,test_ood,30,40,0,0,0,40,0,0,0,39,0,0,0,0
C6H18N6O2,test_ood,32,2,0,0,0,2,0,0,0,0,0,0,0,0
C6H19N3,seen,28,1,1,0,0,0,1,0,0,0,0,0,0,0
C6H19N3O1,seen,29,1,1,0,0,0,1,0,0,0,0,0,0,0
C6H19N3O2,seen,30,2,1,1,0,0,1,0,0,0,0,0,0,0
C6H19N3O3,test_ood,31,1,0,0,0,1,0,0,0,0,0,0,0,0
C6H19N5,seen,30,5,3,1,1,0,3,1,1,0,0,0,0,0
C6H19N5O1,test_ood,31,11,0,0,0,11,0,0,0,11,0,0,0,0
C6H19N5O2,seen,32,1,1,0,0,0,0,0,0,0,0,0,0,0
C6H19N5O4,seen,34,1,1,0,0,0,0,0,0,0,0,0,0,0
C6H19N7O2,seen,34,1,1,0,0,0,0,0,0,0,0,0,0,0
C6H1N1O1,test_ood,9,261,0,0,0,261,0,0,0,258,0,0,0,45
C6H1N1O2,test_ood,10,16,0,0,0,16,0,0,0,13,0,0,0,5
C6H1N3O1,seen,11,1,1,0,0,0,1,0,0,0,0,0,0,0
C6H1N3O3,seen,13,1,1,0,0,0,1,0,0,0,1,0,0,0
C6H2,seen,8,369,221,74,74,0,218,74,73,0,42,28,16,0
C6H20N6,test_ood,32,5,0,0,0,5,0,0,0,5,0,0,0,0
C6H20N6O2,seen,34,2,1,1,0,0,0,0,0,0,0,0,0,0
C6H20N6O3,seen,35,1,1,0,0,0,0,0,0,0,0,0,0,0
C6H21N7O2,seen,36,2,1,1,0,0,0,0,0,0,0,0,0,0
C6H2N2,seen,10,382,229,77,76,0,227,77,76,0,38,10,18,0
C6H2N2O1,test_ood,11,53,0,0,0,53,0,0,0,48,0,0,0,12
C6H2N2O2,seen,12,1,1,0,0,0,1,0,0,0,0,0,0,0
C6H2N2O3,test_ood,13,1,0,0,0,1,0,0,0,1,0,0,0,1
C6H2N4O2,test_ood,14,13,0,0,0,13,0,0,0,13,0,0,0,2
C6H2N6,test_ood,14,2,0,0,0,2,0,0,0,2,0,0,0,2
C6H2O2,seen,10,132,79,27,26,0,77,27,26,0,16,3,5,0
C6H2O3,test_ood,11,17,0,0,0,17,0,0,0,15,0,0,0,3
C6H3N1,test_ood,10,369,0,0,0,369,0,0,0,361,0,0,0,60
C6H3N1O1,test_ood,11,3046,0,0,0,3046,0,0,0,2988,0,0,0,413
C6H3N1O2,seen,12,308,185,62,61,0,164,53,51,0,29,14,17,0
C6H3N1O3,seen,13,1,1,0,0,0,1,0,0,0,0,0,0,0
C6H3N3,seen,12,48,29,10,9,0,23,7,7,0,6,0,1,0
C6H3N3O1,test_ood,13,3,0,0,0,3,0,0,0,3,0,0,0,0
C6H3N3O2,test_ood,14,7,0,0,0,7,0,0,0,7,0,0,0,1
C6H3N3O3,seen,15,17,10,4,3,0,10,4,3,0,3,0,0,0
C6H3N5,test_ood,14,141,0,0,0,141,0,0,0,140,0,0,0,22
C6H3N5O1,seen,15,11,7,2,2,0,7,2,2,0,1,1,0,0
C6H4,test_ood,10,1170,0,0,0,1170,0,0,0,1160,0,0,0,196
C6H4N2,seen,12,4011,2407,802,802,0,2371,784,784,0,320,123,105,0
C6H4N2O1,test_ood,13,940,0,0,0,940,0,0,0,828,0,0,0,123
C6H4N2O2,seen,14,551,331,110,110,0,245,81,77,0,51,14,15,0
C6H4N2O3,test_ood,15,5,0,0,0,5,0,0,0,5,0,0,0,0
C6H4N2O4,test_ood,16,17,0,0,0,17,0,0,0,14,0,0,0,2
C6H4N4,test_ood,14,396,0,0,0,396,0,0,0,391,0,0,0,46
C6H4N4O1,test_ood,15,127,0,0,0,127,0,0,0,127,0,0,0,16
C6H4N4O2,seen,16,571,343,114,114,0,338,112,114,0,44,24,14,0
C6H4N6,seen,16,295,177,59,59,0,175,58,59,0,26,7,8,0
C6H4N6O2,seen,18,1,1,0,0,0,0,0,0,0,0,0,0,0
C6H4O1,seen,11,654,392,131,131,0,390,131,131,0,43,16,15,0
C6H4O2,seen,12,3207,1924,642,641,0,1896,631,636,0,270,90,83,0
C6H4O3,seen,13,320,192,64,64,0,158,48,55,0,32,7,11,0
C6H4O4,test_ood,14,561,0,0,0,561,0,0,0,233,0,0,0,62
C6H4O5,seen,15,123,74,25,24,0,74,25,24,0,15,9,5,0
C6H5N1,test_ood,12,1158,0,0,0,1158,0,0,0,1152,0,0,0,107
C6H5N1O1,test_ood,13,11091,0,0,0,11091,0,0,0,10599,0,0,0,1215
C6H5N1O2,seen,14,2673,1604,535,534,0,1051,355,358,0,200,57,70,0
C6H5N1O3,seen,15,2259,1355,452,452,0,1007,311,336,0,169,49,53,0
C6H5N1O4,seen,16,268,161,54,53,0,161,54,53,0,18,8,10,0
C6H5N1O5,seen,17,7,4,2,1,0,4,2,1,0,1,2,0,0
C6H5N3,seen,14,2083,1250,417,416,0,1159,387,393,0,187,63,52,0
C6H5N3O1,seen,15,1387,832,278,277,0,646,221,209,0,93,22,33,0
C6H5N3O2,seen,16,410,246,82,82,0,245,82,82,0,34,8,14,0
C6H5N3O3,seen,17,191,115,38,38,0,113,38,38,0,15,7,1,0
C6H5N5,seen,16,425,255,85,85,0,73,33,28,0,31,7,8,0
C6H5N5O1,test_ood,17,42,0,0,0,42,0,0,0,41,0,0,0,6
C6H5N5O3,seen,19,2,1,1,0,0,0,0,0,0,0,0,0,0
C6H5N7,seen,18,1,1,0,0,0,0,0,0,0,0,0,0,0
C6H6,seen,12,2836,1702,567,567,0,1690,558,563,0,171,65,64,0
C6H6N2,seen,14,13406,8044,2681,2681,0,7891,2631,2624,0,937,301,322,0
C6H6N2O1,seen,15,5039,3023,1008,1008,0,2309,766,742,0,382,122,130,0
C6H6N2O2,seen,16,3623,2174,725,724,0,1874,633,623,0,263,92,83,0
C6H6N2O3,test_ood,17,450,0,0,0,450,0,0,0,445,0,0,0,54
C6H6N2O4,seen,18,62,37,13,12,0,36,13,12,0,6,4,0,0
C6H6N4,seen,16,1510,906,302,302,0,641,217,204,0,102,34,35,0
C6H6N4O1,seen,17,1568,941,314,313,0,747,243,237,0,124,50,43,0
C6H6N4O2,seen,18,495,297,99,99,0,297,97,98,0,49,17,15,0
C6H6N4O3,test_ood,19,107,0,0,0,107,0,0,0,104,0,0,0,17
C6H6N4O4,test_ood,20,1,0,0,0,1,0,0,0,0,0,0,0,0
C6H6N6,test_ood,18,162,0,0,0,162,0,0,0,161,0,0,0,31
C6H6N6O1,test_ood,19,191,0,0,0,191,0,0,0,185,0,0,0,24
C6H6O1,seen,13,5198,3119,1040,1039,0,3019,1002,996,0,324,90,100,0
C6H6O2,test_ood,14,21003,0,0,0,21003,0,0,0,18996,0,0,0,2325
C6H6O3,seen,15,2507,1504,502,501,0,1105,390,394,0,175,57,60,0
C6H6O4,seen,16,809,485,162,162,0,380,134,137,0,63,25,20,0
C6H6O5,test_ood,17,3,0,0,0,3,0,0,0,2,0,0,0,1
C6H6O6,test_ood,18,2,0,0,0,2,0,0,0,1,0,0,0,0
C6H6O7,seen,19,2,1,1,0,0,0,0,0,0,0,0,0,0
C6H7N1,test_ood,14,2962,0,0,0,2962,0,0,0,2794,0,0,0,268
C6H7N1O1,seen,15,30990,18594,6198,6198,0,16771,5540,5587,0,1923,664,625,0
C6H7N1O2,seen,16,8185,4911,1637,1637,0,2614,915,911,0,556,199,153,0
C6H7N1O3,seen,17,324,194,65,65,0,98,32,37,0,26,10,6,0
C6H7N1O4,seen,18,34,20,7,7,0,19,5,6,0,4,0,1,0
C6H7N1O5,test_ood,19,36,0,0,0,36,0,0,0,35,0,0,0,4
C6H7N1O6,test_ood,20,1,0,0,0,1,0,0,0,0,0,0,0,0
C6H7N3,test_ood,16,2882,0,0,0,2882,0,0,0,2500,0,0,0,373
C6H7N3O1,seen,17,3886,2332,777,777,0,381,125,130,0,183,43,67,0
C6H7N3O2,seen,18,1117,670,224,223,0,661,223,218,0,76,26,32,0
C6H7N3O3,seen,19,170,102,34,34,0,101,34,33,0,10,7,3,0
C6H7N3O4,seen,20,1,1,0,0,0,0,0,0,0,0,0,0,0
C6H7N3O5,seen,21,1,1,0,0,0,0,0,0,0,0,0,0,0
C6H7N5,test_ood,18,1547,0,0,0,1547,0,0,0,1031,0,0,0,165
C6H7N5O1,test_ood,19,1053,0,0,0,1053,0,0,0,892,0,0,0,146
C6H7N5O2,test_ood,20,268,0,0,0,268,0,0,0,258,0,0,0,24
C6H8,seen,14,7747,4648,1550,1549,0,4616,1536,1537,0,364,135,139,0
C6H8N2,seen,16,26351,15811,5270,5270,0,15417,5144,5141,0,1614,526,543,0
C6H8N2O1,seen,17,12994,7796,2599,2599,0,4167,1403,1417,0,870,270,265,0
C6H8N2O2,test_ood,18,1156,0,0,0,1156,0,0,0,696,0,0,0,156
C6H8N2O3,test_ood,19,848,0,0,0,848,0,0,0,833,0,0,0,138
C6H8N2O4,test_ood,20,379,0,0,0,379,0,0,0,374,0,0,0,63
C6H8N2O5,test_ood,21,2,0,0,0,2,0,0,0,0,0,0,0,0
C6H8N4,test_ood,18,673,0,0,0,673,0,0,0,229,0,0,0,106
C6H8N4O1,seen,19,911,547,182,182,0,362,125,124,0,80,23,30,0
C6H8N4O2,seen,20,763,458,153,152,0,450,145,150,0,64,17,25,0
C6H8N4O3,seen,21,254,152,51,51,0,149,50,48,0,11,3,3,0
C6H8N6,seen,20,576,346,115,115,0,344,113,115,0,40,14,11,0
C6H8N6O1,test_ood,21,4,0,0,0,4,0,0,0,0,0,0,0,0
C6H8N6O2,test_ood,22,2,0,0,0,2,0,0,0,0,0,0,0,0
C6H8N8,test_ood,22,1,0,0,0,1,0,0,0,0,0,0,0,0
C6H8O1,test_ood,15,9709,0,0,0,9709,0,0,0,9074,0,0,0,889
C6H8O2,seen,16,30436,18262,6087,6087,0,17799,5944,5913,0,2084,664,701,0
C6H8O3,test_ood,17,2685,0,0,0,2685,0,0,0,2180,0,0,0,347
C6H8O4,test_ood,18,661,0,0,0,661,0,0,0,217,0,0,0,67
C6H8O5,test_ood,19,11,0,0,0,11,0,0,0,9,0,0,0,0
C6H8O6,seen,20,131,79,26,26,0,78,26,26,0,17,3,1,0
C6H9N1,seen,16,9656,5794,1931,1931,0,5742,1918,1909,0,546,169,175,0
C6H9N1O1,seen,17,45000,27000,9000,9000,0,26151,8711,8713,0,2887,936,1010,0
C6H9N1O2,seen,18,7640,4584,1528,1528,0,3433,1121,1125,0,518,169,191,0
C6H9N1O3,seen,19,849,509,170,170,0,166,43,56,0,57,16,19,0
C6H9N1O4,test_ood,20,795,0,0,0,795,0,0,0,503,0,0,0,102
C6H9N1O5,test_ood,21,645,0,0,0,645,0,0,0,635,0,0,0,23
C6H9N1O6,seen,22,1,1,0,0,0,0,0,0,0,0,0,0,0
C6H9N3,seen,18,7162,4297,1433,1432,0,3504,1170,1146,0,495,175,162,0
C6H9N3O1,test_ood,19,1503,0,0,0,1503,0,0,0,62,0,0,0,144
C6H9N3O2,test_ood,20,2112,0,0,0,2112,0,0,0,2082,0,0,0,205
C6H9N3O3,seen,21,1029,617,206,206,0,609,201,203,0,10,8,6,0
C6H9N3O4,test_ood,22,217,0,0,0,217,0,0,0,208,0,0,0,10
C6H9N5,seen,20,592,355,119,118,0,347,118,117,0,51,17,13,0
C6H9N5O1,test_ood,21,396,0,0,0,396,0,0,0,386,0,0,0,33
C6H9N5O2,seen,22,120,72,24,24,0,67,23,23,0,1,5,1,0
C6H9N5O3,seen,23,3,2,1,0,0,0,0,0,0,0,0,0,0
C6H9N7,test_ood,22,205,0,0,0,205,0,0,0,201,0,0,0,3
C6H9N7O1,seen,23,1,1,0,0,0,0,0,0,0,0,0,0,0
C6N2,test_ood,8,200,0,0,0,200,0,0,0,192,0,0,0,40
C6N4,seen,10,216,130,43,43,0,125,43,42,0,24,10,5,0
C7H10,seen,17,2835,1701,567,567,0,1684,559,561,0,175,60,61,0
C7H10N2,test_ood,19,6616,0,0,0,6616,0,0,0,5479,0,0,0,801
C7H10N2O1,seen,20,500,300,100,100,0,296,97,98,0,37,9,18,0
C7H10N2O2,seen,21,1915,1149,383,383,0,1135,378,381,0,52,21,11,0
C7H10N2O3,test_ood,22,1722,0,0,0,1722,0,0,0,1538,0,0,0,91
C7H10N2O4,test_ood,23,122,0,0,0,122,0,0,0,114,0,0,0,5
C7H10N2O5,seen,24,1,1,0,0,0,0,0,0,0,0,0,0,0
C7H10N4,seen,21,777,466,156,155,0,368,125,128,0,25,11,11,0
C7H10N4O1,test_ood,22,1243,0,0,0,1243,0,0,0,1230,0,0,0,54
C7H10N4O2,seen,23,107,64,22,21,0,55,22,20,0,1,0,0,0
C7H10N4O3,seen,24,1,1,0,0,0,0,0,0,0,0,0,0,0
C7H10N6,test_ood,23,204,0,0,0,204,0,0,0,203,0,0,0,0
C7H10O1,seen,18,18165,10899,3633,3633,0,10585,3540,3529,0,1255,416,413,0
C7H10O2,test_ood,19,4949,0,0,0,4949,0,0,0,4075,0,0,0,616
C7H10O3,test_ood,20,108,0,0,0,108,0,0,0,104,0,0,0,9
C7H10O4,test_ood,21,288,0,0,0,288,0,0,0,285,0,0,0,13
C7H10O5,test_ood,22,295,0,0,0,295,0,0,0,290,0,0,0,29
C7H10O6,test_ood,23,1,0,0,0,1,0,0,0,0,0,0,0,0
C7H11N1,test_ood,19,21491,0,0,0,21491,0,0,0,20903,0,0,0,2258
C7H11N1O1,test_ood,20,10614,0,0,0,10614,0,0,0,9001,0,0,0,1262
C7H11N1O2,seen,21,1453,872,291,290,0,609,196,206,0,50,14,15,0
C7H11N1O3,seen,22,1683,1010,337,336,0,906,295,291,0,57,14,17,0
C7H11N1O4,seen,23,327,196,66,65,0,193,63,64,0,12,3,6,0
C7H11N1O5,seen,24,5,3,1,1,0,0,0,0,0,0,0,0,0
C7H11N3,test_ood,21,147,0,0,0,147,0,0,0,147,0,0,0,6
C7H11N3O1,seen,22,827,496,166,165,0,382,124,131,0,37,14,12,0
C7H11N3O2,test_ood,23,913,0,0,0,913,0,0,0,898,0,0,0,20
C7H11N3O3,test_ood,24,278,0,0,0,278,0,0,0,263,0,0,0,9
C7H11N3O4,seen,25,4,2,1,1,0,0,0,0,0,0,0,0,0
C7H11N5,test_ood,23,574,0,0,0,574,0,0,0,425,0,0,0,38
C7H11N5O1,seen,24,257,154,52,51,0,148,52,49,0,10,1,2,0
C7H11N5O2,seen,25,7,4,2,1,0,0,0,0,0,0,0,0,0
C7H11N5O3,seen,26,1,1,0,0,0,0,0,0,0,0,0,0,0
C7H11N7O1,seen,26,4,2,1,1,0,0,0,0,0,0,0,0,0
C7H12,seen,19,1655,993,331,331,0,986,330,329,0,104,33,37,0
C7H12N2,test_ood,21,10277,0,0,0,10277,0,0,0,8900,0,0,0,146
C7H12N2O1,seen,22,743,446,149,148,0,248,79,81,0,32,11,4,0
C7H12N2O2,seen,23,1371,823,274,274,0,709,243,243,0,20,2,3,0
C7H12N2O3,test_ood,24,1858,0,0,0,1858,0,0,0,1632,0,0,0,76
C7H12N2O4,test_ood,25,5,0,0,0,5,0,0,0,0,0,0,0,0
C7H12N2O5,seen,26,2036,1222,407,407,0,1176,391,387,0,95,30,34,0
C7H12N2O6,test_ood,27,1155,0,0,0,1155,0,0,0,1115,0,0,0,49
C7H12N4,seen,23,547,328,110,109,0,325,109,109,0,12,1,6,0
C7H12N4O1,test_ood,24,982,0,0,0,982,0,0,0,688,0,0,0,47
C7H12N4O2,test_ood,25,499,0,0,0,499,0,0,0,485,0,0,0,31
C7H12N4O3,seen,26,2,1,1,0,0,0,0,0,0,0,0,0,0
C7H12N6,test_ood,25,137,0,0,0,137,0,0,0,134,0,0,0,9
C7H12N6O1,seen,26,5,3,1,1,0,0,0,0,0,0,0,0,0
C7H12N6O2,seen,27,3,2,1,0,0,0,0,0,0,0,0,0,0
C7H12O1,test_ood,20,5773,0,0,0,5773,0,0,0,5540,0,0,0,650
C7H12O2,test_ood,21,2102,0,0,0,2102,0,0,0,1705,0,0,0,54
C7H12O3,seen,22,220,132,44,44,0,130,42,43,0,9,2,1,0
C7H12O4,test_ood,23,308,0,0,0,308,0,0,0,126,0,0,0,40
C7H12O5,test_ood,24,152,0,0,0,152,0,0,0,149,0,0,0,9
C7H12O6,seen,25,349,209,70,70,0,200,68,67,0,13,2,6,0
C7H12O7,seen,26,1,1,0,0,0,0,0,0,0,0,0,0,0
C7H13N1,test_ood,21,8079,0,0,0,8079,0,0,0,7782,0,0,0,306
C7H13N1O1,seen,22,4052,2431,811,810,0,2127,704,701,0,52,14,18,0
C7H13N1O2,seen,23,709,425,142,142,0,337,113,108,0,19,12,4,0
C7H13N1O3,seen,24,1213,728,243,242,0,280,90,74,0,42,19,22,0
C7H13N1O4,seen,25,298,179,60,59,0,174,57,58,0,4,2,3,0
C7H13N1O5,seen,26,4,2,1,1,0,0,0,0,0,0,0,0,0
C7H13N3,seen,23,1399,839,280,280,0,817,274,275,0,51,17,23,0
C7H13N3O1,test_ood,24,451,0,0,0,451,0,0,0,305,0,0,0,20
C7H13N3O2,seen,25,867,520,174,173,0,513,172,172,0,7,2,1,0
C7H13N3O3,seen,26,147,88,30,29,0,82,29,27,0,3,0,0,0
C7H13N3O4,test_ood,27,1910,0,0,0,1910,0,0,0,1824,0,0,0,84
C7H13N3O5,seen,28,1139,683,228,228,0,664,217,217,0,34,5,9,0
C7H13N5,seen,25,256,154,51,51,0,154,51,51,0,1,0,0,0
C7H13N5O1,test_ood,26,223,0,0,0,223,0,0,0,217,0,0,0,12
C7H13N5O2,test_ood,27,1,0,0,0,1,0,0,0,0,0,0,0,0
C7H14,seen,21,25,15,5,5,0,14,5,5,0,0,0,0,0
C7H14N2,seen,23,4672,2803,935,934,0,2510,830,826,0,64,22,21,0
C7H14N2O1,seen,24,872,523,175,174,0,428,142,140,0,17,5,4,0
C7H14N2O2,seen,25,843,506,169,168,0,496,168,168,0,7,2,3,0
C7H14N2O3,seen,26,1946,1168,389,389,0,1133,380,378,0,46,10,10,0
C7H14N2O4,seen,27,1084,650,217,217,0,623,210,209,0,21,6,12,0
C7H14N2O5,seen,28,1164,698,233,233,0,673,227,224,0,38,8,10,0
C7H14N2O6,test_ood,29,2,0,0,0,2,0,0,0,0,0,0,0,0
C7H14N4,test_ood,25,404,0,0,0,404,0,0,0,396,0,0,0,18
C7H14N4O1,seen,26,830,498,166,166,0,497,166,163,0,9,6,8,0
C7H14N4O2,seen,27,4,2,1,1,0,0,0,0,0,0,0,0,0
C7H14N4O3,seen,28,4,2,1,1,0,0,0,0,0,0,0,0,0
C7H14N4O4,seen,29,2,1,1,0,0,0,0,0,0,0,0,0,0
C7H14N6O1,seen,28,2,1,1,0,0,0,0,0,0,0,0,0,0
C7H14N6O4,test_ood,31,1,0,0,0,1,0,0,0,0,0,0,0,0
C7H14O1,seen,22,935,561,187,187,0,537,180,185,0,21,5,16,0
C7H14O2,seen,23,354,212,71,71,0,57,14,23,0,12,7,6,0
C7H14O3,seen,24,175,105,35,35,0,105,35,35,0,1,0,0,0
C7H14O4,test_ood,25,886,0,0,0,886,0,0,0,860,0,0,0,49
C7H14O5,test_ood,26,485,0,0,0,485,0,0,0,480,0,0,0,8
C7H14O6,seen,27,108,65,22,21,0,60,22,21,0,2,0,1,0
C7H14O7,seen,28,2,1,1,0,0,0,0,0,0,0,0,0,0
C7H15N1,seen,23,640,384,128,128,0,365,118,121,0,21,5,8,0
C7H15N1O1,test_ood,24,551,0,0,0,551,0,0,0,319,0,0,0,30
C7H15N1O2,test_ood,25,58,0,0,0,58,0,0,0,58,0,0,0,0
C7H15N1O3,test_ood,26,716,0,0,0,716,0,0,0,703,0,0,0,13
C7H15N1O4,test_ood,27,1513,0,0,0,1513,0,0,0,1501,0,0,0,43
C7H15N1O5,seen,28,217,130,44,43,0,127,44,41,0,1,0,0,0
C7H15N3,seen,25,41,25,8,8,0,24,8,8,0,0,0,0,0
C7H15N3O1,seen,26,230,138,46,46,0,136,46,46,0,0,0,0,0
C7H15N3O2,test_ood,27,796,0,0,0,796,0,0,0,786,0,0,0,15
C7H15N3O3,seen,28,138,83,28,27,0,79,27,27,0,4,2,2,0
C7H15N3O4,seen,29,109,65,22,22,0,62,22,22,0,1,0,4,0
C7H15N3O5,seen,30,1,1,0,0,0,0,0,0,0,0,0,0,0
C7H15N5,seen,27,350,210,70,70,0,210,70,70,0,11,3,5,0
C7H15N5O1,seen,28,3,2,1,0,0,0,0,0,0,0,0,0,0
C7H15N5O2,test_ood,29,5,0,0,0,5,0,0,0,0,0,0,0,0
C7H15N5O3,seen,30,5,3,1,1,0,0,0,0,0,0,0,0,0
C7H15N7O1,seen,30,1,1,0,0,0,0,0,0,0,0,0,0,0
C7H16N2,seen,25,686,412,137,137,0,366,125,122,0,9,2,1,0
C7H16N2O1,test_ood,26,203,0,0,0,203,0,0,0,201,0,0,0,12
C7H16N2O2,test_ood,27,499,0,0,0,499,0,0,0,487,0,0,0,12
C7H16N2O3,seen,28,321,193,64,64,0,193,64,63,0,7,2,0,0
C7H16N2O4,test_ood,29,4,0,0,0,4,0,0,0,0,0,0,0,0
C7H16N2O5,test_ood,30,1,0,0,0,1,0,0,0,0,0,0,0,0
C7H16N2O7,seen,32,1,1,0,0,0,0,0,0,0,0,0,0,0
C7H16N4,test_ood,27,99,0,0,0,99,0,0,0,95,0,0,0,0
C7H16N4O1,test_ood,28,479,0,0,0,479,0,0,0,479,0,0,0,2
C7H16N4O2,test_ood,29,5,0,0,0,5,0,0,0,0,0,0,0,0
C7H16N6O2,seen,31,4,2,1,1,0,0,0,0,0,0,0,0,0
C7H16N6O3,seen,32,1,1,0,0,0,0,0,0,0,0,0,0,0
C7H16O1,test_ood,24,50,0,0,0,50,0,0,0,48,0,0,0,2
C7H16O2,seen,25,7,4,2,1,0,4,2,1,0,0,0,0,0
C7H16O3,test_ood,26,138,0,0,0,138,0,0,0,137,0,0,0,2
C7H16O4,test_ood,27,149,0,0,0,149,0,0,0,148,0,0,0,5
C7H16O5,seen,28,8,5,2,1,0,3,2,0,0,0,0,0,0
C7H16O6,seen,29,2,1,1,0,0,0,0,0,0,0,0,0,0
C7H17N1,seen,25,1,1,0,0,0,1,0,0,0,0,0,0,0
C7H17N1O1,seen,26,83,50,17,16,0,49,16,16,0,0,0,0,0
C7H17N1O2,test_ood,27,17,0,0,0,17,0,0,0,17,0,0,0,0
C7H17N1O3,seen,28,32,19,7,6,0,19,7,6,0,0,0,0,0
C7H17N1O4,seen,29,25,15,5,5,0,12,4,5,0,0,0,0,0
C7H17N1O5,test_ood,30,4,0,0,0,4,0,0,0,0,0,0,0,0
C7H17N1O6,seen,31,1,1,0,0,0,0,0,0,0,0,0,0,0
C7H17N3,test_ood,27,28,0,0,0,28,0,0,0,25,0,0,0,0
C7H17N3O1,seen,28,226,136,45,45,0,135,43,45,0,7,1,1,0
C7H17N3O2,seen,29,274,164,55,55,0,163,55,55,0,2,1,0,0
C7H17N3O4,seen,31,1,1,0,0,0,0,0,0,0,0,0,0,0
C7H17N5,seen,29,163,98,33,32,0,98,32,32,0,2,0,0,0
C7H17N5O2,seen,31,85,51,17,17,0,50,15,15,0,0,0,0,0
C7H17N7O3,seen,34,1,1,0,0,0,0,0,0,0,0,0,0,0
C7H18N2,seen,27,15,9,3,3,0,8,3,3,0,0,0,0,0
C7H18N2O1,test_ood,28,29,0,0,0,29,0,0,0,28,0,0,0,0
C7H18N2O2,seen,29,155,93,31,31,0,91,29,30,0,0,1,1,0
C7H18N2O3,seen,30,44,26,9,9,0,25,9,9,0,0,0,0,0
C7H18N2O4,test_ood,31,107,0,0,0,107,0,0,0,105,0,0,0,0
C7H18N4,test_ood,29,55,0,0,0,55,0,0,0,54,0,0,0,0
C7H18N4O1,test_ood,30,222,0,0,0,222,0,0,0,221,0,0,0,0
C7H18N4O2,seen,31,373,224,75,74,0,218,72,73,0,9,4,1,0
C7H18N4O3,seen,32,2,1,1,0,0,0,0,0,0,0,0,0,0
C7H18N6,seen,31,1,1,0,0,0,0,0,0,0,0,0,0,0
C7H18O2,test_ood,27,1,0,0,0,1,0,0,0,1,0,0,0,0
C7H19N1O2,seen,29,3,2,1,0,0,2,1,0,0,0,0,0,0
C7H19N1O3,test_ood,30,6,0,0,0,6,0,0,0,6,0,0,0,0
C7H19N1O4,test_ood,31,4,0,0,0,4,0,0,0,2,0,0,0,0
C7H19N3,test_ood,29,213,0,0,0,213,0,0,0,207,0,0,0,16
C7H19N3O1,test_ood,30,39,0,0,0,39,0,0,0,39,0,0,0,0
C7H19N3O2,seen,31,49,29,10,10,0,29,10,10,0,0,0,0,0
C7H19N3O3,seen,32,1,1,0,0,0,0,0,0,0,0,0,0,0
C7H19N5,seen,31,59,35,12,12,0,35,12,12,0,0,1,2,0
C7H19N5O2,test_ood,33,274,0,0,0,274,0,0,0,268,0,0,0,16
C7H19N5O3,test_ood,34,2,0,0,0,2,0,0,0,0,0,0,0,0
C7H1N1,seen,9,147,88,30,29,0,85,30,28,0,14,4,3,0
C7H1N3,test_ood,11,2,0,0,0,2,0,0,0,2,0,0,0,2
C7H20N2,test_ood,29,1,0,0,0,1,0,0,0,1,0,0,0,0
C7H20N2O1,test_ood,30,2,0,0,0,2,0,0,0,2,0,0,0,0
C7H20N2O2,seen,31,3,2,1,0,0,2,1,0,0,0,0,0,0
C7H20N2O3,seen,32,1,1,0,0,0,1,0,0,0,0,0,0,0
C7H20N4,test_ood,31,9,0,0,0,9,0,0,0,9,0,0,0,0
C7H20N4O1,seen,32,49,29,10,10,0,28,10,10,0,0,0,0,0
C7H20N6O3,seen,36,1,1,0,0,0,0,0,0,0,0,0,0,0
C7H21N3O1,seen,32,3,2,1,0,0,2,1,0,0,0,0,0,0
C7H21N3O2,test_ood,33,3,0,0,0,3,0,0,0,3,0,0,0,0
C7H21N5,seen,33,15,9,3,3,0,9,3,3,0,0,0,0,0
C7H21N5O2,seen,35,2,1,1,0,0,0,0,0,0,0,0,0,0
C7H22N4O1,test_ood,34,1,0,0,0,1,0,0,0,0,0,0,0,0
C7H22N6O2,seen,37,3,2,1,0,0,0,0,0,0,0,0,0,0
C7H2N2,test_ood,11,17,0,0,0,17,0,0,0,15,0,0,0,0
C7H2N2O2,seen,13,2,1,1,0,0,1,1,0,0,0,0,0,0
C7H2N2O3,seen,14,1,1,0,0,0,1,0,0,0,0,0,0,0
C7H2N4O1,test_ood,14,3,0,0,0,3,0,0,0,3,0,0,0,0
C7H2O1,test_ood,10,89,0,0,0,89,0,0,0,86,0,0,0,15
C7H3N1,test_ood,11,752,0,0,0,752,0,0,0,736,0,0,0,115
C7H3N1O1,test_ood,12,47,0,0,0,47,0,0,0,43,0,0,0,11
C7H3N1O2,seen,13,1,1,0,0,0,1,0,0,0,0,0,0,0
C7H3N1O3,test_ood,14,3,0,0,0,3,0,0,0,3,0,0,0,0
C7H3N1O4,seen,15,1,1,0,0,0,1,0,0,0,0,0,0,0
C7H3N3,seen,13,133,80,27,26,0,80,27,26,0,13,2,4,0
C7H3N3O1,test_ood,14,6,0,0,0,6,0,0,0,6,0,0,0,0
C7H3N3O2,seen,15,20,12,4,4,0,12,4,4,0,0,1,0,0
C7H3N5,seen,15,2,1,1,0,0,1,0,0,0,0,0,0,0
C7H4,seen,11,265,159,53,53,0,158,51,53,0,18,4,10,0
C7H4N2,seen,13,86,52,17,17,0,45,16,15,0,7,5,3,0
C7H4N2O1,seen,14,7,4,2,1,0,4,2,1,0,0,0,0,0
C7H4N2O2,test_ood,15,142,0,0,0,142,0,0,0,138,0,0,0,20
C7H4N2O3,test_ood,16,288,0,0,0,288,0,0,0,287,0,0,0,50
C7H4N4,seen,15,643,386,129,128,0,295,95,104,0,41,23,18,0
C7H4N4O1,seen,16,162,97,33,32,0,95,31,32,0,11,3,2,0
C7H4O1,test_ood,12,1316,0,0,0,1316,0,0,0,1297,0,0,0,131
C7H4O2,seen,13,125,75,25,25,0,67,21,23,0,15,4,2,0
C7H4O3,test_ood,14,2,0,0,0,2,0,0,0,2,0,0,0,0
C7H5N1,seen,13,1447,868,290,289,0,853,284,277,0,78,27,29,0
C7H5N1O1,test_ood,14,1327,0,0,0,1327,0,0,0,1215,0,0,0,144
C7H5N1O2,test_ood,15,392,0,0,0,392,0,0,0,388,0,0,0,37
C7H5N1O3,test_ood,16,704,0,0,0,704,0,0,0,516,0,0,0,93
C7H5N1O4,test_ood,17,974,0,0,0,974,0,0,0,681,0,0,0,128
C7H5N3,seen,15,3,2,1,0,0,2,1,0,0,0,0,0,0
C7H5N3O1,seen,16,154,92,31,31,0,90,30,31,0,11,6,5,0
C7H5N3O2,seen,17,1161,697,232,232,0,601,211,191,0,80,21,28,0
C7H5N5,seen,17,157,94,32,31,0,94,32,31,0,18,5,3,0
C7H6,test_ood,13,696,0,0,0,696,0,0,0,696,0,0,0,55
C7H6N2,test_ood,15,1103,0,0,0,1103,0,0,0,1004,0,0,0,138
C7H6N2O1,test_ood,16,593,0,0,0,593,0,0,0,586,0,0,0,90
C7H6N2O2,seen,17,1097,658,220,219,0,653,220,216,0,96,38,33,0
C7H6N2O3,seen,18,205,123,41,41,0,122,41,41,0,16,4,5,0
C7H6N4,seen,17,1321,793,264,264,0,699,232,233,0,104,34,33,0
C7H6N4O1,test_ood,18,711,0,0,0,711,0,0,0,707,0,0,0,84
C7H6N4O2,test_ood,19,483,0,0,0,483,0,0,0,330,0,0,0,69
C7H6N4O3,seen,20,3,2,1,0,0,0,0,0,0,0,0,0,0
C7H6N6,test_ood,19,1,0,0,0,1,0,0,0,0,0,0,0,0
C7H6O1,test_ood,14,5146,0,0,0,5146,0,0,0,5031,0,0,0,628
C7H6O2,seen,15,1554,932,311,311,0,692,231,230,0,105,32,40,0
C7H6O3,seen,16,1235,741,247,247,0,733,244,246,0,105,38,29,0
C7H6O4,seen,17,1844,1106,369,369,0,930,303,302,0,126,52,44,0
C7H6O5,seen,18,2,1,1,0,0,1,1,0,0,0,0,0,0
C7H7N1,test_ood,15,5248,0,0,0,5248,0,0,0,5143,0,0,0,661
C7H7N1O1,test_ood,16,3762,0,0,0,3762,0,0,0,2008,0,0,0,352
C7H7N1O2,test_ood,17,1527,0,0,0,1527,0,0,0,463,0,0,0,172
C7H7N1O3,test_ood,18,4452,0,0,0,4452,0,0,0,3090,0,0,0,557
C7H7N1O4,test_ood,19,1709,0,0,0,1709,0,0,0,842,0,0,0,192
C7H7N1O5,seen,20,2,1,1,0,0,0,0,0,0,0,0,0,0
C7H7N3,seen,17,626,376,125,125,0,265,93,101,0,49,17,10,0
C7H7N3O1,seen,18,1695,1017,339,339,0,995,334,336,0,106,53,37,0
C7H7N3O2,seen,19,1122,673,225,224,0,581,189,194,0,86,22,21,0
C7H7N3O3,test_ood,20,4,0,0,0,4,0,0,0,0,0,0,0,1
C7H7N3O4,seen,21,2,1,1,0,0,0,0,0,0,0,0,0,0
C7H7N5,seen,19,443,266,89,88,0,181,62,52,0,36,8,9,0
C7H7N5O1,seen,20,1,1,0,0,0,0,0,0,0,0,0,0,0
C7H7N7,seen,21,121,73,24,24,0,70,24,23,0,5,2,0,0
C7H8,seen,15,1968,1181,394,393,0,1167,391,392,0,100,29,36,0
C7H8N2,test_ood,17,2383,0,0,0,2383,0,0,0,1917,0,0,0,282
C7H8N2O1,seen,18,2862,1717,573,572,0,253,67,89,0,148,47,56,0
C7H8N2O2,test_ood,19,5098,0,0,0,5098,0,0,0,3834,0,0,0,557
C7H8N2O3,seen,20,1332,799,267,266,0,793,267,262,0,75,37,35,0
C7H8N2O4,test_ood,21,5,0,0,0,5,0,0,0,0,0,0,0,0
C7H8N4,test_ood,19,1738,0,0,0,1738,0,0,0,1433,0,0,0,224
C7H8N4O1,seen,20,953,572,191,190,0,486,152,160,0,75,27,22,0
C7H8N4O2,seen,21,366,220,73,73,0,215,73,72,0,8,2,5,0
C7H8N4O3,seen,22,1,1,0,0,0,0,0,0,0,0,0,0,0
C7H8N4O4,test_ood,23,1,0,0,0,1,0,0,0,0,0,0,0,0
C7H8N6,seen,21,2,1,1,0,0,0,0,0,0,0,0,0,0
C7H8N6O2,seen,23,1,1,0,0,0,0,0,0,0,0,0,0,0
C7H8O1,seen,16,17017,10210,3404,3403,0,8787,2931,2942,0,1057,334,369,0
C7H8O2,seen,17,4455,2673,891,891,0,2117,694,707,0,351,105,111,0
C7H8O3,seen,18,385,231,77,77,0,224,73,72,0,34,12,11,0
C7H8O4,seen,19,2129,1277,426,426,0,876,288,314,0,139,42,43,0
C7H8O5,test_ood,20,20,0,0,0,20,0,0,0,17,0,0,0,6
C7H8O6,seen,21,1,1,0,0,0,0,0,0,0,0,0,0,0
C7H9N1,seen,17,18484,11090,3697,3697,0,9730,3240,3234,0,1164,397,440,0
C7H9N1O1,seen,18,9382,5629,1877,1876,0,3651,1251,1244,0,622,190,203,0
C7H9N1O2,seen,19,1911,1147,382,382,0,795,267,269,0,141,51,44,0
C7H9N1O3,seen,20,1035,621,207,207,0,524,173,177,0,74,28,29,0
C7H9N1O4,test_ood,21,151,0,0,0,151,0,0,0,141,0,0,0,4
C7H9N1O5,seen,22,112,67,23,22,0,62,23,20,0,6,1,1,0
C7H9N3,seen,19,1387,832,278,277,0,368,120,128,0,108,35,32,0
C7H9N3O1,seen,20,735,441,147,147,0,352,113,110,0,70,14,12,0
C7H9N3O2,test_ood,21,1415,0,0,0,1415,0,0,0,1400,0,0,0,43
C7H9N3O3,seen,22,95,57,19,19,0,53,17,18,0,2,1,0,0
C7H9N3O4,seen,23,1,1,0,0,0,0,0,0,0,0,0,0,0
C7H9N5,test_ood,21,789,0,0,0,789,0,0,0,779,0,0,0,46
C7H9N5O1,test_ood,22,415,0,0,0,415,0,0,0,409,0,0,0,9
C7H9N5O2,seen,23,4,2,1,1,0,0,0,0,0,0,0,0,0
C7H9N5O3,test_ood,24,1,0,0,0,1,0,0,0,0,0,0,0,0
C7H9N7O1,test_ood,24,1,0,0,0,1,0,0,0,0,0,0,0,0
C8H10,test_ood,18,7544,0,0,0,7544,0,0,0,5937,0,0,0,820
C8H10N2,seen,20,477,286,96,95,0,286,96,95,0,36,6,14,0
C8H10N2O1,test_ood,21,1700,0,0,0,1700,0,0,0,1197,0,0,0,112
C8H10N2O2,seen,22,1840,1104,368,368,0,1080,360,357,0,48,20,17,0
C8H10N2O3,test_ood,23,238,0,0,0,238,0,0,0,231,0,0,0,5
C8H10N2O4,test_ood,24,6,0,0,0,6,0,0,0,0,0,0,0,0
C8H10N4,seen,22,1062,637,213,212,0,632,208,210,0,25,12,14,0
C8H10N4O1,test_ood,23,1297,0,0,0,1297,0,0,0,845,0,0,0,67
C8H10N4O2,test_ood,24,5,0,0,0,5,0,0,0,0,0,0,0,0
C8H10N4O3,test_ood,25,146,0,0,0,146,0,0,0,142,0,0,0,19
C8H10N6,seen,24,278,167,56,55,0,167,56,55,0,11,3,5,0
C8H10N6O1,test_ood,25,2,0,0,0,2,0,0,0,0,0,0,0,0
C8H10O1,seen,19,4533,2720,907,906,0,1919,648,658,0,317,105,109,0
C8H10O2,seen,20,1227,736,246,245,0,729,243,242,0,89,27,29,0
C8H10O3,seen,21,1487,892,298,297,0,876,297,295,0,27,5,11,0
C8H10O4,seen,22,147,88,30,29,0,85,28,28,0,2,0,2,0
C8H10O5,test_ood,23,3,0,0,0,3,0,0,0,0,0,0,0,0
C8H10O6,test_ood,24,1,0,0,0,1,0,0,0,0,0,0,0,0
C8H11N1,test_ood,20,5337,0,0,0,5337,0,0,0,4296,0,0,0,645
C8H11N1O1,test_ood,21,1036,0,0,0,1036,0,0,0,629,0,0,0,64
C8H11N1O2,seen,22,1477,886,296,295,0,874,291,289,0,30,6,6,0
C8H11N1O3,seen,23,1147,688,230,229,0,675,230,225,0,21,11,4,0
C8H11N1O4,test_ood,24,363,0,0,0,363,0,0,0,340,0,0,0,16
C8H11N1O5,test_ood,25,2,0,0,0,2,0,0,0,0,0,0,0,0
C8H11N3,seen,22,1158,695,232,231,0,597,199,190,0,39,13,16,0
C8H11N3O1,seen,23,1087,652,218,217,0,561,184,186,0,39,8,6,0
C8H11N3O2,test_ood,24,244,0,0,0,244,0,0,0,237,0,0,0,9
C8H11N3O3,test_ood,25,4,0,0,0,4,0,0,0,0,0,0,0,0
C8H11N5,seen,24,871,523,174,174,0,432,146,136,0,17,11,3,0
C8H11N5O1,seen,25,741,445,148,148,0,425,144,144,0,27,12,8,0
C8H11N5O2,test_ood,26,279,0,0,0,279,0,0,0,273,0,0,0,9
C8H11N7O1,seen,27,1,1,0,0,0,0,0,0,0,0,0,0,0
C8H12,seen,20,6094,3656,1219,1219,0,3533,1169,1189,0,369,119,113,0
C8H12N2,test_ood,22,1484,0,0,0,1484,0,0,0,1195,0,0,0,75
C8H12N2O1,test_ood,23,839,0,0,0,839,0,0,0,655,0,0,0,45
C8H12N2O2,seen,24,2998,1799,600,599,0,1406,464,465,0,86,28,31,0
C8H12N2O3,test_ood,25,350,0,0,0,350,0,0,0,335,0,0,0,7
C8H12N2O4,seen,26,7,4,2,1,0,0,0,0,0,0,0,0,0
C8H12N2O7,test_ood,29,556,0,0,0,556,0,0,0,536,0,0,0,67
C8H12N4,test_ood,24,889,0,0,0,889,0,0,0,597,0,0,0,51
C8H12N4O1,test_ood,25,1038,0,0,0,1038,0,0,0,1017,0,0,0,34
C8H12N4O2,test_ood,26,9,0,0,0,9,0,0,0,0,0,0,0,0
C8H12N4O3,seen,27,1066,640,213,213,0,618,199,209,0,22,5,10,0
C8H12N6,test_ood,26,3,0,0,0,3,0,0,0,0,0,0,0,0
C8H12N6O1,test_ood,27,129,0,0,0,129,0,0,0,127,0,0,0,8
C8H12N6O2,seen,28,1,1,0,0,0,0,0,0,0,0,0,0,0
C8H12N6O3,seen,29,1,1,0,0,0,0,0,0,0,0,0,0,0
C8H12O1,seen,21,4016,2410,803,803,0,2061,695,693,0,47,16,15,0
C8H12O2,seen,22,569,341,114,114,0,173,55,67,0,29,1,4,0
C8H12O3,seen,23,667,400,134,133,0,394,132,131,0,27,5,7,0
C8H12O4,seen,24,632,379,127,126,0,266,86,89,0,19,5,8,0
C8H13N1,seen,22,5850,3510,1170,1170,0,3051,1005,1000,0,58,24,13,0
C8H13N1O1,seen,23,497,298,100,99,0,45,9,11,0,34,11,12,0
C8H13N1O2,test_ood,24,869,0,0,0,869,0,0,0,540,0,0,0,50
C8H13N1O3,test_ood,25,746,0,0,0,746,0,0,0,735,0,0,0,31
C8H13N1O5,test_ood,27,1,0,0,0,1,0,0,0,0,0,0,0,0
C8H13N3,seen,24,528,317,106,105,0,117,48,32,0,30,6,11,0
C8H13N3O1,test_ood,25,1157,0,0,0,1157,0,0,0,1147,0,0,0,26
C8H13N3O2,seen,26,4,2,1,1,0,0,0,0,0,0,0,0,0
C8H13N3O3,seen,27,6,4,1,1,0,0,0,0,0,0,0,0,0
C8H13N3O6,test_ood,30,1129,0,0,0,1129,0,0,0,1089,0,0,0,40
C8H13N5,seen,26,533,320,107,106,0,313,105,99,0,18,5,5,0
C8H13N5O1,seen,27,449,269,90,90,0,259,87,88,0,12,10,5,0
C8H13N5O2,seen,28,3,2,1,0,0,0,0,0,0,0,0,0,0
C8H13N5O3,test_ood,29,1,0,0,0,1,0,0,0,0,0,0,0,0
C8H13N7,test_ood,28,1,0,0,0,1,0,0,0,0,0,0,0,0
C8H13N7O2,seen,30,1,1,0,0,0,0,0,0,0,0,0,0,0
C8H14,seen,22,1432,859,287,286,0,822,277,281,0,36,10,11,0
C8H14N2,seen,24,233,140,47,46,0,139,47,46,0,7,1,1,0
C8H14N2O1,test_ood,25,308,0,0,0,308,0,0,0,302,0,0,0,0
C8H14N2O2,test_ood,26,919,0,0,0,919,0,0,0,912,0,0,0,6
C8H14N2O3,seen,27,988,593,198,197,0,565,190,186,0,15,13,7,0
C8H14N2O4,test_ood,28,1137,0,0,0,1137,0,0,0,1092,0,0,0,43
C8H14N2O5,seen,29,1019,611,204,204,0,589,195,195,0,19,4,7,0
C8H14N2O6,seen,30,2020,1212,404,404,0,1160,386,393,0,65,22,27,0
C8H14N4,seen,26,720,432,144,144,0,430,142,143,0,23,5,6,0
C8H14N4O1,test_ood,27,316,0,0,0,316,0,0,0,310,0,0,0,5
C8H14N4O2,seen,28,141,85,28,28,0,79,28,25,0,1,2,1,0
C8H14N4O3,test_ood,29,2,0,0,0,2,0,0,0,0,0,0,0,0
C8H14N4O5,test_ood,31,573,0,0,0,573,0,0,0,553,0,0,0,46
C8H14N6,test_ood,28,1,0,0,0,1,0,0,0,0,0,0,0,0
C8H14N6O1,seen,29,3,2,1,0,0,0,0,0,0,0,0,0,0
C8H14N6O3,test_ood,31,1,0,0,0,1,0,0,0,0,0,0,0,0
C8H14O1,seen,23,1608,965,322,321,0,674,234,225,0,31,11,11,0
C8H14O2,seen,24,196,118,39,39,0,32,7,13,0,5,3,1,0
C8H14O3,seen,25,481,289,96,96,0,283,96,94,0,13,1,2,0
C8H14O4,test_ood,26,312,0,0,0,312,0,0,0,309,0,0,0,15
C8H14O5,seen,27,2,1,1,0,0,0,0,0,0,0,0,0,0
C8H15N1,test_ood,24,2131,0,0,0,2131,0,0,0,1861,0,0,0,29
C8H15N1O1,seen,25,542,325,109,108,0,320,109,104,0,10,4,1,0
C8H15N1O2,seen,26,396,238,79,79,0,234,77,78,0,6,1,1,0
C8H15N1O3,test_ood,27,949,0,0,0,949,0,0,0,937,0,0,0,19
C8H15N1O4,seen,28,246,148,49,49,0,144,46,47,0,12,5,4,0
C8H15N1O5,test_ood,29,1,0,0,0,1,0,0,0,0,0,0,0,0
C8H15N3,seen,26,374,224,75,75,0,222,75,73,0,9,2,0,0
C8H15N3O1,test_ood,27,840,0,0,0,840,0,0,0,836,0,0,0,7
C8H15N3O2,seen,28,104,62,21,21,0,60,21,20,0,1,1,1,0
C8H15N3O3,seen,29,3,2,1,0,0,0,0,0,0,0,0,0,0
C8H15N3O4,test_ood,30,1032,0,0,0,1032,0,0,0,990,0,0,0,33
C8H15N3O5,seen,31,1855,1113,371,371,0,1064,353,358,0,37,15,14,0
C8H15N5,test_ood,28,289,0,0,0,289,0,0,0,285,0,0,0,10
C8H15N5O1,seen,29,1,1,0,0,0,0,0,0,0,0,0,0,0
C8H15N5O2,seen,30,3,2,1,0,0,0,0,0,0,0,0,0,0
C8H16,seen,24,471,283,94,94,0,277,93,92,0,16,4,3,0
C8H16N2,seen,26,992,595,199,198,0,579,192,191,0,15,12,8,0
C8H16N2O1,seen,27,892,535,179,178,0,518,175,176,0,27,11,7,0
C8H16N2O2,seen,28,768,461,154,153,0,460,151,153,0,11,3,3,0
C8H16N2O3,seen,29,2227,1336,446,445,0,1255,425,421,0,24,16,7,0
C8H16N2O4,test_ood,30,1255,0,0,0,1255,0,0,0,1208,0,0,0,68
C8H16N2O5,test_ood,31,510,0,0,0,510,0,0,0,489,0,0,0,40
C8H16N4,seen,28,427,256,86,85,0,256,85,84,0,9,3,4,0
C8H16N4O2,seen,30,6,4,1,1,0,0,0,0,0,0,0,0,0
C8H16N6,test_ood,30,2,0,0,0,2,0,0,0,0,0,0,0,0
C8H16N6O1,seen,31,1,1,0,0,0,0,0,0,0,0,0,0,0
C8H16N6O2,test_ood,32,1,0,0,0,1,0,0,0,0,0,0,0,0
C8H16O1,seen,25,106,64,21,21,0,55,17,20,0,1,1,0,0
C8H16O2,seen,26,239,143,48,48,0,140,46,48,0,9,2,1,0
C8H16O3,seen,27,232,139,47,46,0,139,47,45,0,5,2,3,0
C8H16O4,seen,28,288,173,58,57,0,170,57,56,0,13,4,2,0
C8H16O5,seen,29,117,70,24,23,0,67,24,22,0,0,0,0,0
C8H16O6,test_ood,30,1,0,0,0,1,0,0,0,0,0,0,0,0
C8H16O7,seen,31,1,1,0,0,0,0,0,0,0,0,0,0,0
C8H17N1,seen,26,191,115,38,38,0,100,34,32,0,1,0,0,0
C8H17N1O1,seen,27,385,231,77,77,0,228,76,75,0,11,2,3,0
C8H17N1O2,seen,28,124,74,25,25,0,72,24,25,0,0,0,0,0
C8H17N1O3,seen,29,577,346,116,115,0,340,116,114,0,8,2,2,0
C8H17N1O4,seen,30,209,125,42,42,0,125,42,42,0,3,0,2,0
C8H17N1O5,test_ood,31,125,0,0,0,125,0,0,0,125,0,0,0,5
C8H17N3,test_ood,28,495,0,0,0,495,0,0,0,481,0,0,0,23
C8H17N3O1,seen,29,651,391,130,130,0,383,130,129,0,5,1,0,0
C8H17N3O2,seen,30,116,70,23,23,0,69,23,22,0,2,3,0,0
C8H17N3O3,seen,31,791,475,158,158,0,457,145,148,0,6,2,4,0
C8H17N3O5,test_ood,33,1,0,0,0,1,0,0,0,0,0,0,0,0
C8H17N5,seen,30,1,1,0,0,0,0,0,0,0,0,0,0,0
C8H17N5O1,test_ood,31,4,0,0,0,4,0,0,0,0,0,0,0,0
C8H17N5O2,test_ood,32,2,0,0,0,2,0,0,0,0,0,0,0,0
C8H17N5O3,test_ood,33,1070,0,0,0,1070,0,0,0,1030,0,0,0,49
C8H17N7,seen,32,2,1,1,0,0,0,0,0,0,0,0,0,0
C8H18N2,test_ood,28,230,0,0,0,230,0,0,0,221,0,0,0,1
C8H18N2O1,seen,29,917,550,184,183,0,534,177,178,0,19,7,8,0
C8H18N2O2,test_ood,30,562,0,0,0,562,0,0,0,558,0,0,0,8
C8H18N2O3,test_ood,31,117,0,0,0,117,0,0,0,111,0,0,0,0
C8H18N2O4,seen,32,3,2,1,0,0,0,0,0,0,0,0,0,0
C8H18N2O5,seen,33,3,2,1,0,0,0,0,0,0,0,0,0,0
C8H18N2O6,seen,34,1,1,0,0,0,0,0,0,0,0,0,0,0
C8H18N4,seen,30,341,205,68,68,0,201,65,67,0,10,4,2,0
C8H18N4O1,seen,31,112,67,23,22,0,66,22,22,0,0,0,0,0
C8H18N4O2,seen,32,1,1,0,0,0,0,0,0,0,0,0,0,0
C8H18N4O3,seen,33,1,1,0,0,0,0,0,0,0,0,0,0,0
C8H18N6,test_ood,32,1,0,0,0,1,0,0,0,0,0,0,0,0
C8H18O1,seen,27,2,1,1,0,0,1,1,0,0,0,0,0,0
C8H18O2,test_ood,28,139,0,0,0,139,0,0,0,139,0,0,0,0
C8H18O3,test_ood,29,16,0,0,0,16,0,0,0,16,0,0,0,0
C8H18O4,seen,30,20,12,4,4,0,12,4,4,0,0,0,0,0
C8H19N1,test_ood,28,5,0,0,0,5,0,0,0,5,0,0,0,0
C8H19N1O1,seen,29,110,66,22,22,0,66,22,22,0,2,1,1,0
C8H19N1O2,seen,30,33,20,7,6,0,20,7,6,0,0,0,0,0
C8H19N1O3,seen,31,58,35,12,11,0,35,12,10,0,0,0,0,0
C8H19N1O5,seen,33,2,1,1,0,0,0,0,0,0,0,0,0,0
C8H19N3,seen,30,66,40,13,13,0,39,13,13,0,0,0,0,0
C8H19N3O1,test_ood,31,419,0,0,0,419,0,0,0,414,0,0,0,6
C8H19N3O2,test_ood,32,127,0,0,0,127,0,0,0,124,0,0,0,5
C8H19N3O3,seen,33,2,1,1,0,0,0,0,0,0,0,0,0,0
C8H19N3O4,test_ood,34,1,0,0,0,1,0,0,0,0,0,0,0,0
C8H19N3O5,seen,35,1,1,0,0,0,0,0,0,0,0,0,0,0
C8H19N5,seen,32,1,1,0,0,0,0,0,0,0,0,0,0,0
C8H19N5O2,seen,34,1,1,0,0,0,0,0,0,0,0,0,0,0
C8H1N3O1,test_ood,13,3,0,0,0,3,0,0,0,3,0,0,0,0
C8H2,test_ood,10,80,0,0,0,80,0,0,0,79,0,0,0,10
C8H20N2,seen,30,8,5,2,1,0,5,2,1,0,0,0,0,0
C8H20N2O1,seen,31,37,22,8,7,0,22,8,6,0,0,0,0,0
C8H20N2O2,seen,32,90,54,18,18,0,51,18,18,0,0,0,0,0
C8H20N2O3,test_ood,33,4,0,0,0,4,0,0,0,0,0,0,0,0
C8H20N2O4,seen,34,1,1,0,0,0,0,0,0,0,0,0,0,0
C8H20N2O5,seen,35,2,1,1,0,0,0,0,0,0,0,0,0,0
C8H20N4,seen,32,214,128,43,43,0,128,42,43,0,6,1,2,0
C8H20N4O1,test_ood,33,2,0,0,0,2,0,0,0,0,0,0,0,0
C8H20N4O2,seen,34,346,208,69,69,0,204,68,66,0,7,3,6,0
C8H20N4O3,test_ood,35,1,0,0,0,1,0,0,0,0,0,0,0,0
C8H20N6O1,seen,35,108,65,22,21,0,64,22,21,0,6,3,0,0
C8H20O2,test_ood,30,1,0,0,0,1,0,0,0,1,0,0,0,0
C8H20O3,test_ood,31,1,0,0,0,1,0,0,0,1,0,0,0,0
C8H20O4,test_ood,32,4,0,0,0,4,0,0,0,4,0,0,0,0
C8H21N1,seen,30,1,1,0,0,0,1,0,0,0,0,0,0,0
C8H21N1O1,seen,31,2,1,1,0,0,1,1,0,0,0,0,0,0
C8H21N1O2,seen,32,2,1,1,0,0,1,1,0,0,0,0,0,0
C8H21N1O3,test_ood,33,4,0,0,0,4,0,0,0,4,0,0,0,0
C8H21N3,seen,32,118,71,24,23,0,70,24,23,0,0,0,0,0
C8H21N3O1,test_ood,33,70,0,0,0,70,0,0,0,69,0,0,0,0
C8H21N3O3,seen,35,3,2,1,0,0,0,0,0,0,0,0,0,0
C8H21N5,seen,34,2,1,1,0,0,0,0,0,0,0,0,0,0
C8H21N5O2,seen,36,2,1,1,0,0,0,0,0,0,0,0,0,0
C8H22N2,seen,32,1,1,0,0,0,1,0,0,0,0,0,0,0
C8H22N2O1,seen,33,6,4,1,1,0,4,1,1,0,0,0,0,0
C8H22N2O2,seen,34,8,5,2,1,0,5,2,1,0,0,0,0,0
C8H22N4,test_ood,34,24,0,0,0,24,0,0,0,24,0,0,0,0
C8H22N4O3,test_ood,37,2,0,0,0,2,0,0,0,0,0,0,0,0
C8H22N6O2,test_ood,38,1,0,0,0,1,0,0,0,0,0,0,0,0
C8H22N6O3,test_ood,39,1,0,0,0,1,0,0,0,0,0,0,0,0
C8H23N3,seen,34,2,1,1,0,0,1,1,0,0,0,0,0,0
C8H23N3O1,seen,35,5,3,1,1,0,3,1,1,0,0,0,0,0
C8H23N5O2,seen,38,1,1,0,0,0,0,0,0,0,0,0,0,0
C8H24N4,test_ood,36,3,0,0,0,3,0,0,0,3,0,0,0,0
C8H24N4O1,seen,37,1,1,0,0,0,0,0,0,0,0,0,0,0
C8H2N2,seen,12,1,1,0,0,0,1,0,0,0,0,0,0,0
C8H2N2O2,seen,14,2,1,1,0,0,1,1,0,0,0,0,0,0
C8H2N4,test_ood,14,3,0,0,0,3,0,0,0,3,0,0,0,0
C8H3N1,seen,12,11,7,2,2,0,5,1,2,0,2,0,1,0
C8H3N1O1,seen,13,1,1,0,0,0,1,0,0,0,0,0,0,0
C8H3N1O2,seen,14,2,1,1,0,0,1,1,0,0,0,0,0,0
C8H3N1O3,seen,15,3,2,1,0,0,2,1,0,0,1,0,0,0
C8H3N3O1,test_ood,15,7,0,0,0,7,0,0,0,7,0,0,0,1
C8H4,seen,12,373,224,75,74,0,213,74,72,0,37,8,11,0
C8H4N2,seen,14,131,79,26,26,0,79,26,26,0,6,1,5,0
C8H4N2O1,test_ood,15,260,0,0,0,260,0,0,0,112,0,0,0,35
C8H4N2O2,seen,16,155,93,31,31,0,93,31,31,0,13,6,6,0
C8H4N4,test_ood,16,13,0,0,0,13,0,0,0,13,0,0,0,2
C8H4O1,test_ood,13,51,0,0,0,51,0,0,0,46,0,0,0,10
C8H4O2,test_ood,14,1,0,0,0,1,0,0,0,1,0,0,0,0
C8H4O3,seen,15,140,84,28,28,0,84,27,28,0,9,2,2,0
C8H4O4,test_ood,16,1,0,0,0,1,0,0,0,1,0,0,0,0
C8H5N1,test_ood,14,77,0,0,0,77,0,0,0,63,0,0,0,14
C8H5N1O1,test_ood,15,148,0,0,0,148,0,0,0,147,0,0,0,10
C8H5N1O2,test_ood,16,275,0,0,0,275,0,0,0,274,0,0,0,35
C8H5N1O3,seen,17,821,493,164,164,0,489,163,162,0,61,17,24,0
C8H5N3,seen,16,9,5,2,2,0,5,2,2,0,0,0,0,0
C8H5N3O1,test_ood,17,47,0,0,0,47,0,0,0,46,0,0,0,11
C8H5N3O3,test_ood,19,1,0,0,0,1,0,0,0,0,0,0,0,0
C8H6,test_ood,14,1364,0,0,0,1364,0,0,0,1341,0,0,0,185
C8H6N2,seen,16,786,472,157,157,0,472,156,157,0,58,14,15,0
C8H6N2O1,seen,17,3383,2030,677,676,0,708,254,245,0,172,60,61,0
C8H6N2O2,test_ood,18,1998,0,0,0,1998,0,0,0,1974,0,0,0,226
C8H6N4,seen,18,306,184,61,61,0,183,61,61,0,28,10,8,0
C8H6N4O1,seen,19,142,85,29,28,0,82,29,27,0,13,5,2,0
C8H6N4O2,test_ood,20,1,0,0,0,1,0,0,0,0,0,0,0,0
C8H6O1,test_ood,15,414,0,0,0,414,0,0,0,381,0,0,0,58
C8H6O2,seen,16,1836,1102,367,367,0,772,241,239,0,111,31,46,0
C8H6O3,test_ood,17,1056,0,0,0,1056,0,0,0,867,0,0,0,102
C8H6O4,seen,18,1108,665,222,221,0,489,164,162,0,84,20,23,0
C8H7N1,seen,16,505,303,101,101,0,272,86,89,0,35,16,15,0
C8H7N1O1,seen,17,61,37,12,12,0,36,12,12,0,4,2,2,0
C8H7N1O2,test_ood,18,2833,0,0,0,2833,0,0,0,2626,0,0,0,292
C8H7N1O3,test_ood,19,1342,0,0,0,1342,0,0,0,1330,0,0,0,143
C8H7N1O4,seen,20,531,319,106,106,0,210,70,63,0,36,18,14,0
C8H7N1O5,seen,21,1,1,0,0,0,0,0,0,0,0,0,0,0
C8H7N3,seen,18,3985,2391,797,797,0,1088,366,352,0,189,84,79,0
C8H7N3O1,seen,19,2285,1371,457,457,0,1180,379,372,0,169,69,64,0
C8H7N3O2,seen,20,131,79,26,26,0,79,26,26,0,10,1,3,0
C8H7N3O3,seen,21,2,1,1,0,0,0,0,0,0,0,0,0,0
C8H7N5,seen,20,274,164,55,55,0,164,55,55,0,17,4,10,0
C8H8,seen,16,4374,2624,875,875,0,2566,855,857,0,322,97,98,0
C8H8N2,test_ood,18,783,0,0,0,783,0,0,0,769,0,0,0,102
C8H8N2O1,seen,19,2003,1202,401,400,0,1103,369,369,0,126,59,40,0
C8H8N2O2,seen,20,1444,866,289,289,0,853,287,286,0,106,41,36,0
C8H8N2O3,seen,21,130,78,26,26,0,77,25,26,0,0,0,0,0
C8H8N2O4,seen,22,2,1,1,0,0,0,0,0,0,0,0,0,0
C8H8N4,seen,20,1647,988,330,329,0,828,270,276,0,103,39,33,0
C8H8N4O1,seen,21,378,227,76,75,0,225,75,73,0,6,2,3,0
C8H8N4O2,seen,22,1,1,0,0,0,0,0,0,0,0,0,0,0
C8H8N6,seen,22,144,86,29,29,0,0,0,0,0,9,2,5,0
C8H8N6O1,seen,23,1,1,0,0,0,0,0,0,0,0,0,0,0
C8H8O1,seen,17,1796,1078,359,359,0,944,304,318,0,130,45,41,0
C8H8O2,seen,18,866,520,173,173,0,55,29,19,0,40,17,20,0
C8H8O3,test_ood,19,4913,0,0,0,4913,0,0,0,3428,0,0,0,487
C8H8O4,seen,20,2649,1589,530,530,0,1428,474,463,0,176,56,64,0
C8H8O6,seen,22,2,1,1,0,0,0,0,0,0,0,0,0,0
C8H9N1,seen,18,1739,1043,348,348,0,909,303,296,0,111,53,53,0
C8H9N1O1,test_ood,19,2937,0,0,0,2937,0,0,0,623,0,0,0,280
C8H9N1O2,seen,20,1753,1052,351,350,0,696,234,235,0,106,42,39,0
C8H9N1O3,seen,21,2284,1370,457,457,0,1363,454,449,0,30,9,10,0
C8H9N1O4,seen,22,127,76,26,25,0,73,23,23,0,2,0,0,0
C8H9N1O5,seen,23,1,1,0,0,0,0,0,0,0,0,0,0,0
C8H9N3,test_ood,20,1747,0,0,0,1747,0,0,0,1555,0,0,0,220
C8H9N3O1,test_ood,21,935,0,0,0,935,0,0,0,923,0,0,0,43
C8H9N3O2,seen,22,378,227,76,75,0,220,74,75,0,4,0,2,0
C8H9N3O3,test_ood,23,2,0,0,0,2,0,0,0,0,0,0,0,0
C8H9N3O4,test_ood,24,1,0,0,0,1,0,0,0,0,0,0,0,0
C8H9N5,test_ood,22,1121,0,0,0,1121,0,0,0,963,0,0,0,49
C8H9N5O1,seen,23,1,1,0,0,0,0,0,0,0,0,0,0,0
C9H10,test_ood,19,1270,0,0,0,1270,0,0,0,856,0,0,0,145
C9H10N2,test_ood,21,1401,0,0,0,1401,0,0,0,1206,0,0,0,24
C9H10N2O1,seen,22,2302,1381,461,460,0,918,307,306,0,81,18,21,0
C9H10N2O2,seen,23,1227,736,246,245,0,727,244,240,0,14,5,5,0
C9H10N2O3,seen,24,340,204,68,68,0,198,68,67,0,7,0,6,0
C9H10N2O4,test_ood,25,4,0,0,0,4,0,0,0,0,0,0,0,0
C9H10N4,seen,23,1416,850,283,283,0,753,247,247,0,24,13,8,0
C9H10N4O1,seen,24,264,158,53,53,0,153,52,52,0,6,3,3,0
C9H10N4O2,test_ood,25,137,0,0,0,137,0,0,0,131,0,0,0,5
C9H10N4O3,test_ood,26,1,0,0,0,1,0,0,0,0,0,0,0,0
C9H10O1,test_ood,20,663,0,0,0,663,0,0,0,330,0,0,0,60
C9H10O2,seen,21,1571,943,314,314,0,586,182,192,0,47,20,17,0
C9H10O3,seen,22,2293,1376,459,458,0,1165,394,385,0,40,17,11,0
C9H10O4,test_ood,23,2265,0,0,0,2265,0,0,0,2164,0,0,0,70
C9H10O5,seen,24,2,1,1,0,0,0,0,0,0,0,0,0,0
C9H11N1,seen,21,664,398,133,133,0,394,130,132,0,26,6,9,0
C9H11N1O1,seen,22,2782,1669,557,556,0,615,200,212,0,108,32,30,0
C9H11N1O2,seen,23,4156,2494,831,831,0,2208,740,731,0,43,10,15,0
C9H11N1O3,test_ood,24,3120,0,0,0,3120,0,0,0,2931,0,0,0,42
C9H11N1O4,seen,25,5,3,1,1,0,0,0,0,0,0,0,0,0
C9H11N1O5,seen,26,2,1,1,0,0,0,0,0,0,0,0,0,0
C9H11N3,seen,23,2464,1478,493,493,0,1372,464,461,0,35,10,13,0
C9H11N3O1,test_ood,24,1281,0,0,0,1281,0,0,0,1078,0,0,0,51
C9H11N3O2,seen,25,131,79,26,26,0,77,25,26,0,4,2,0,0
C9H11N3O3,seen,26,2,1,1,0,0,0,0,0,0,0,0,0,0
C9H11N3O4,seen,27,1,1,0,0,0,0,0,0,0,0,0,0,0
C9H11N5,seen,25,401,241,80,80,0,237,80,79,0,4,4,0,0
C9H11N5O1,seen,26,5,3,1,1,0,0,0,0,0,0,0,0,0
C9H12,seen,21,2619,1571,524,524,0,1062,343,352,0,59,17,21,0
C9H12N2,test_ood,23,1363,0,0,0,1363,0,0,0,1177,0,0,0,44
C9H12N2O1,seen,24,2140,1284,428,428,0,918,291,302,0,64,13,15,0
C9H12N2O2,seen,25,1249,749,250,250,0,737,245,247,0,27,10,8,0
C9H12N2O3,seen,26,105,63,21,21,0,59,21,20,0,2,1,1,0
C9H12N2O4,test_ood,27,6,0,0,0,6,0,0,0,0,0,0,0,0
C9H12N4,seen,25,451,271,90,90,0,262,86,86,0,16,2,4,0
C9H12N4O1,seen,26,523,314,105,104,0,309,103,103,0,15,4,6,0
C9H12N4O2,test_ood,27,126,0,0,0,126,0,0,0,119,0,0,0,0
C9H12N4O4,test_ood,29,1,0,0,0,1,0,0,0,0,0,0,0,0
C9H12N6,seen,27,1,1,0,0,0,0,0,0,0,0,0,0,0
C9H12N6O1,test_ood,28,1,0,0,0,1,0,0,0,0,0,0,0,0
C9H12O1,seen,22,13,8,3,2,0,8,3,2,0,0,0,0,0
C9H12O2,test_ood,23,1654,0,0,0,1654,0,0,0,1302,0,0,0,58
C9H12O3,seen,24,891,535,178,178,0,528,174,176,0,11,2,2,0
C9H12O4,seen,25,406,244,81,81,0,238,79,79,0,9,2,3,0
C9H12O6,seen,27,2,1,1,0,0,0,0,0,0,0,0,0,0
C9H13N1,test_ood,23,205,0,0,0,205,0,0,0,25,0,0,0,17
C9H13N1O1,seen,24,954,572,191,191,0,217,78,76,0,39,15,17,0
C9H13N1O2,test_ood,25,1482,0,0,0,1482,0,0,0,1464,0,0,0,40
C9H13N1O3,seen,26,1147,688,230,229,0,677,225,226,0,24,10,8,0
C9H13N1O4,test_ood,27,8,0,0,0,8,0,0,0,0,0,0,0,0
C9H13N1O5,seen,28,2,1,1,0,0,0,0,0,0,0,0,0,0
C9H13N3,seen,25,992,595,199,198,0,589,197,197,0,18,6,5,0
C9H13N3O1,seen,26,1082,649,217,216,0,635,208,211,0,34,13,9,0
C9H13N3O2,seen,27,228,137,46,45,0,132,42,43,0,1,0,0,0
C9H13N3O3,seen,28,4,2,1,1,0,0,0,0,0,0,0,0,0
C9H13N5,seen,27,109,65,22,22,0,61,21,21,0,2,0,0,0
C9H13N5O1,test_ood,28,5,0,0,0,5,0,0,0,0,0,0,0,0
C9H14,test_ood,23,1592,0,0,0,1592,0,0,0,1380,0,0,0,22
C9H14N2,test_ood,25,461,0,0,0,461,0,0,0,448,0,0,0,12
C9H14N2O1,seen,26,1385,831,277,277,0,817,275,275,0,13,5,5,0
C9H14N2O2,seen,27,309,185,62,62,0,177,60,60,0,5,1,0,0
C9H14N2O3,seen,28,4,2,1,1,0,0,0,0,0,0,0,0,0
C9H14N2O4,seen,29,3,2,1,0,0,0,0,0,0,0,0,0,0
C9H14N2O5,seen,30,1113,668,223,222,0,642,214,217,0,9,5,3,0
C9H14N2O7,test_ood,32,1143,0,0,0,1143,0,0,0,1103,0,0,0,54
C9H14N4,seen,27,695,417,139,139,0,413,136,133,0,15,6,5,0
C9H14N4O1,test_ood,28,5,0,0,0,5,0,0,0,0,0,0,0,0
C9H14N4O2,test_ood,29,2,0,0,0,2,0,0,0,0,0,0,0,0
C9H14N4O3,seen,30,1073,644,215,214,0,614,212,206,0,19,5,8,0
C9H14N4O4,seen,31,1090,654,218,218,0,631,211,208,0,19,4,3,0
C9H14N6,test_ood,29,125,0,0,0,125,0,0,0,122,0,0,0,2
C9H14N6O1,seen,30,1,1,0,0,0,0,0,0,0,0,0,0,0
C9H14O1,test_ood,24,270,0,0,0,270,0,0,0,124,0,0,0,12
C9H14O2,seen,25,1010,606,202,202,0,597,199,198,0,14,6,3,0
C9H14O3,seen,26,898,539,180,179,0,535,180,176,0,24,6,9,0
C9H14O4,seen,27,2,1,1,0,0,0,0,0,0,0,0,0,0
C9H15N1,seen,25,421,253,84,84,0,247,82,82,0,10,7,7,0
C9H15N1O1,seen,26,706,424,141,141,0,414,136,140,0,20,7,14,0
C9H15N1O2,test_ood,27,1609,0,0,0,1609,0,0,0,1586,0,0,0,38
C9H15N1O3,test_ood,28,115,0,0,0,115,0,0,0,111,0,0,0,0
C9H15N1O4,seen,29,5,3,1,1,0,0,0,0,0,0,0,0,0
C9H15N1O5,test_ood,30,2,0,0,0,2,0,0,0,0,0,0,0,0
C9H15N3,seen,27,466,280,93,93,0,275,89,93,0,13,4,4,0
C9H15N3O1,seen,28,340,204,68,68,0,200,66,67,0,4,3,5,0
C9H15N3O2,seen,29,11,7,2,2,0,0,0,0,0,0,0,0,0
C9H15N3O3,test_ood,30,5,0,0,0,5,0,0,0,0,0,0,0,0
C9H15N3O4,test_ood,31,1014,0,0,0,1014,0,0,0,974,0,0,0,0
C9H15N3O6,test_ood,33,2111,0,0,0,2111,0,0,0,2031,0,0,0,124
C9H15N5,seen,29,118,71,24,23,0,67,24,23,0,0,0,0,0
C9H15N5O1,test_ood,30,7,0,0,0,7,0,0,0,0,0,0,0,0
C9H15N5O2,seen,31,3,2,1,0,0,0,0,0,0,0,0,0,0
C9H16,seen,25,512,307,103,102,0,269,93,91,0,14,6,1,0
C9H16N2,test_ood,27,305,0,0,0,305,0,0,0,301,0,0,0,0
C9H16N2O1,seen,28,1067,640,214,213,0,635,212,212,0,17,5,8,0
C9H16N2O2,seen,29,5,3,1,1,0,0,0,0,0,0,0,0,0
C9H16N2O3,seen,30,4,2,1,1,0,0,0,0,0,0,0,0,0
C9H16N2O4,test_ood,31,1050,0,0,0,1050,0,0,0,1008,0,0,0,59
C9H16N2O5,seen,32,1044,626,209,209,0,608,200,196,0,39,13,12,0
C9H16N2O6,seen,33,1120,672,224,224,0,652,211,217,0,34,13,10,0
C9H16N4,test_ood,29,139,0,0,0,139,0,0,0,136,0,0,0,12
C9H16N4O1,test_ood,30,6,0,0,0,6,0,0,0,0,0,0,0,0
C9H16N4O2,test_ood,31,6,0,0,0,6,0,0,0,0,0,0,0,0
C9H16N4O3,test_ood,32,1,0,0,0,1,0,0,0,0,0,0,0,0
C9H16N4O5,test_ood,34,1092,0,0,0,1092,0,0,0,1052,0,0,0,58
C9H16N6,seen,31,2,1,1,0,0,0,0,0,0,0,0,0,0
C9H16N6O1,seen,32,1,1,0,0,0,0,0,0,0,0,0,0,0
C9H16O1,seen,26,13,8,3,2,0,8,3,2,0,0,0,0,0
C9H16O2,seen,27,109,65,22,22,0,65,22,22,0,1,0,0,0
C9H16O3,test_ood,28,398,0,0,0,398,0,0,0,388,0,0,0,20
C9H16O4,test_ood,29,1,0,0,0,1,0,0,0,0,0,0,0,0
C9H16O5,seen,30,1,1,0,0,0,0,0,0,0,0,0,0,0
C9H17N1,test_ood,27,16,0,0,0,16,0,0,0,15,0,0,0,0
C9H17N1O1,seen,28,493,296,99,98,0,291,98,97,0,3,0,0,0
C9H17N1O2,test_ood,29,886,0,0,0,886,0,0,0,884,0,0,0,14
C9H17N1O3,test_ood,30,144,0,0,0,144,0,0,0,138,0,0,0,4
C9H17N1O4,seen,31,2,1,1,0,0,0,0,0,0,0,0,0,0
C9H17N1O5,seen,32,1,1,0,0,0,0,0,0,0,0,0,0,0
C9H17N3,seen,29,402,241,81,80,0,241,81,79,0,10,2,2,0
C9H17N3O1,seen,30,124,74,25,25,0,73,25,25,0,0,0,0,0
C9H17N3O2,seen,31,3,2,1,0,0,0,0,0,0,0,0,0,0
C9H17N3O3,test_ood,32,4,0,0,0,4,0,0,0,0,0,0,0,0
C9H17N3O4,test_ood,33,1019,0,0,0,1019,0,0,0,979,0,0,0,20
C9H17N3O5,seen,34,1090,654,218,218,0,628,215,207,0,34,15,14,0
C9H17N5O1,test_ood,32,116,0,0,0,116,0,0,0,112,0,0,0,0
C9H17N7O3,seen,36,1,1,0,0,0,0,0,0,0,0,0,0,0
C9H18,seen,27,30,18,6,6,0,15,5,4,0,2,1,0,0
C9H18N2,seen,29,260,156,52,52,0,153,49,52,0,8,5,2,0
C9H18N2O1,test_ood,30,918,0,0,0,918,0,0,0,912,0,0,0,18
C9H18N2O2,test_ood,31,115,0,0,0,115,0,0,0,112,0,0,0,2
C9H18N2O3,test_ood,32,1629,0,0,0,1629,0,0,0,1547,0,0,0,20
C9H18N2O4,test_ood,33,2450,0,0,0,2450,0,0,0,2326,0,0,0,63
C9H18N4O1,test_ood,32,2,0,0,0,2,0,0,0,0,0,0,0,0
C9H18O1,test_ood,28,130,0,0,0,130,0,0,0,127,0,0,0,0
C9H18O2,test_ood,29,51,0,0,0,51,0,0,0,51,0,0,0,1
C9H18O3,test_ood,30,235,0,0,0,235,0,0,0,234,0,0,0,14
C9H18O6,seen,33,2,1,1,0,0,0,0,0,0,0,0,0,0
C9H19N1,test_ood,29,18,0,0,0,18,0,0,0,18,0,0,0,0
C9H19N1O1,test_ood,30,348,0,0,0,348,0,0,0,345,0,0,0,7
C9H19N1O2,seen,31,504,302,101,101,0,299,99,99,0,16,1,4,0
C9H19N1O3,seen,32,448,269,90,89,0,267,90,89,0,5,1,2,0
C9H19N1O4,test_ood,33,1,0,0,0,1,0,0,0,0,0,0,0,0
C9H19N3,seen,31,241,145,48,48,0,145,48,48,0,4,0,0,0
C9H19N3O1,seen,32,86,52,17,17,0,50,17,17,0,0,0,0,0
C9H19N3O3,test_ood,34,851,0,0,0,851,0,0,0,810,0,0,0,15
C9H19N3O4,test_ood,35,946,0,0,0,946,0,0,0,906,0,0,0,29
C9H19N5O1,seen,34,1,1,0,0,0,0,0,0,0,0,0,0,0
C9H19N5O3,test_ood,36,1130,0,0,0,1130,0,0,0,1090,0,0,0,33
C9H19N5O4,seen,37,1003,602,201,200,0,579,190,194,0,19,8,8,0
C9H1N3,test_ood,13,1,0,0,0,1,0,0,0,1,0,0,0,0
C9H20N2,seen,31,45,27,9,9,0,26,7,9,0,0,0,0,0
C9H20N2O1,test_ood,32,457,0,0,0,457,0,0,0,455,0,0,0,9
C9H20N2O2,seen,33,4,2,1,1,0,0,0,0,0,0,0,0,0
C9H20N2O4,seen,35,2,1,1,0,0,0,0,0,0,0,0,0,0
C9H20N4,seen,33,151,91,30,30,0,89,30,29,0,2,1,2,0
C9H20O1,test_ood,30,2,0,0,0,2,0,0,0,2,0,0,0,0
C9H20O2,seen,31,14,8,3,3,0,8,3,3,0,0,0,0,0
C9H20O3,seen,32,183,110,37,36,0,108,37,36,0,2,2,1,0
C9H20O5,test_ood,34,121,0,0,0,121,0,0,0,118,0,0,0,6
C9H21N1,test_ood,31,5,0,0,0,5,0,0,0,5,0,0,0,0
C9H21N1O1,test_ood,32,33,0,0,0,33,0,0,0,33,0,0,0,0
C9H21N1O2,test_ood,33,300,0,0,0,300,0,0,0,296,0,0,0,4
C9H21N1O3,test_ood,34,1,0,0,0,1,0,0,0,0,0,0,0,0
C9H21N1O4,seen,35,154,92,31,31,0,89,29,31,0,1,1,1,0
C9H21N3,seen,33,432,259,87,86,0,255,86,83,0,14,2,4,0
C9H21N3O1,test_ood,34,180,0,0,0,180,0,0,0,180,0,0,0,6
C9H21N3O2,test_ood,35,3,0,0,0,3,0,0,0,0,0,0,0,0
C9H22N2,test_ood,33,15,0,0,0,15,0,0,0,14,0,0,0,0
C9H22N2O1,test_ood,34,85,0,0,0,85,0,0,0,84,0,0,0,0
C9H22N2O2,seen,35,1,1,0,0,0,0,0,0,0,0,0,0,0
C9H22N4,seen,35,83,50,17,16,0,47,17,16,0,0,1,0,0
C9H22O1,seen,32,1,1,0,0,0,1,0,0,0,0,0,0,0
C9H22O3,seen,34,2,1,1,0,0,1,1,0,0,0,0,0,0
C9H22O4,seen,35,1,1,0,0,0,0,0,0,0,0,0,0,0
C9H23N1O1,test_ood,34,3,0,0,0,3,0,0,0,3,0,0,0,0
C9H23N1O2,seen,35,11,7,2,2,0,7,2,2,0,0,0,0,0
C9H23N1O4,seen,37,1,1,0,0,0,0,0,0,0,0,0,0,0
C9H23N1O6,test_ood,39,1,0,0,0,1,0,0,0,0,0,0,0,0
C9H23N3,seen,35,25,15,5,5,0,15,5,5,0,1,0,1,0
C9H23N3O1,seen,36,1,1,0,0,0,0,0,0,0,0,0,0,0
C9H23N3O2,seen,37,3,2,1,0,0,0,0,0,0,0,0,0,0
C9H23N3O3,seen,38,1,1,0,0,0,0,0,0,0,0,0,0,0
C9H23N7,test_ood,39,119,0,0,0,119,0,0,0,117,0,0,0,3
C9H24N2O1,seen,36,8,5,2,1,0,5,2,1,0,0,0,0,0
C9H24N4,seen,37,1,1,0,0,0,0,0,0,0,0,0,0,0
C9H24N4O1,test_ood,38,2,0,0,0,2,0,0,0,0,0,0,0,0
C9H2N2O1,seen,14,1,1,0,0,0,1,0,0,0,1,0,0,0
C9H3N1O2,seen,15,1,1,0,0,0,1,0,0,0,1,0,0,0
C9H3N3,seen,15,2,1,1,0,0,1,1,0,0,0,0,0,0
C9H4,test_ood,13,51,0,0,0,51,0,0,0,44,0,0,0,6
C9H4N2,seen,15,1,1,0,0,0,1,0,0,0,0,0,0,0
C9H4N2O1,seen,16,13,8,3,2,0,8,3,2,0,1,0,0,0
C9H4N2O2,test_ood,17,145,0,0,0,145,0,0,0,141,0,0,0,8
C9H4O3,test_ood,16,1,0,0,0,1,0,0,0,1,0,0,0,1
C9H5N1,seen,15,2,1,1,0,0,1,1,0,0,0,0,0,0
C9H5N1O1,test_ood,16,284,0,0,0,284,0,0,0,284,0,0,0,45
C9H5N1O2,seen,17,319,191,64,64,0,189,64,62,0,32,6,13,0
C9H5N3,seen,17,126,76,25,25,0,74,24,23,0,8,6,1,0
C9H5N3O1,seen,18,138,83,28,27,0,82,27,26,0,11,2,4,0
C9H6,seen,15,92,55,19,18,0,49,17,14,0,6,5,3,0
C9H6N2,test_ood,17,263,0,0,0,263,0,0,0,256,0,0,0,31
C9H6N2O1,seen,18,498,299,100,99,0,292,97,96,0,38,16,9,0
C9H6N2O2,test_ood,19,275,0,0,0,275,0,0,0,273,0,0,0,22
C9H6N2O3,seen,20,1,1,0,0,0,0,0,0,0,0,0,0,0
C9H6N4,seen,19,627,376,126,125,0,204,60,64,0,42,10,14,0
C9H6N4O1,seen,20,146,88,29,29,0,87,29,29,0,7,2,2,0
C9H6O1,seen,16,288,173,58,57,0,85,32,27,0,12,7,5,0
C9H6O2,test_ood,17,1367,0,0,0,1367,0,0,0,1173,0,0,0,148
C9H6O3,seen,18,1470,882,294,294,0,719,226,225,0,96,32,27,0
C9H7N1,seen,17,21,13,4,4,0,13,4,4,0,2,0,0,0
C9H7N1O1,seen,18,4466,2680,893,893,0,960,301,310,0,182,70,56,0
C9H7N1O2,seen,19,3002,1801,601,600,0,1426,493,489,0,196,49,67,0
C9H7N1O3,seen,20,264,158,53,53,0,156,52,53,0,13,3,7,0
C9H7N1O4,test_ood,21,1,0,0,0,1,0,0,0,0,0,0,0,0
C9H7N3,seen,19,578,347,116,115,0,177,60,53,0,50,12,10,0
C9H7N3O1,test_ood,20,467,0,0,0,467,0,0,0,462,0,0,0,55
C9H7N5,seen,21,420,252,84,84,0,249,84,84,0,9,1,1,0
C9H8,seen,17,368,221,74,73,0,202,64,66,0,32,13,7,0
C9H8N2,seen,19,5981,3589,1196,1196,0,1614,561,537,0,312,95,104,0
C9H8N2O1,test_ood,20,4004,0,0,0,4004,0,0,0,3772,0,0,0,358
C9H8N2O2,seen,21,1626,976,325,325,0,786,254,246,0,63,18,18,0
C9H8N2O3,seen,22,1,1,0,0,0,0,0,0,0,0,0,0,0
C9H8N4,seen,21,1000,600,200,200,0,595,197,197,0,18,13,12,0
C9H8N4O1,test_ood,22,127,0,0,0,127,0,0,0,125,0,0,0,0
C9H8N4O2,seen,23,2,1,1,0,0,0,0,0,0,0,0,0,0
C9H8O1,seen,18,212,127,43,42,0,37,11,17,0,13,6,5,0
C9H8O2,test_ood,19,790,0,0,0,790,0,0,0,782,0,0,0,70
C9H8O3,seen,20,844,506,169,169,0,401,139,133,0,57,20,21,0
C9H8O4,test_ood,21,589,0,0,0,589,0,0,0,581,0,0,0,10
C9H9N1,test_ood,19,446,0,0,0,446,0,0,0,121,0,0,0,47
C9H9N1O1,seen,20,1958,1175,392,391,0,1085,355,361,0,119,41,44,0
C9H9N1O2,seen,21,2175,1305,435,435,0,1297,432,432,0,34,8,13,0
C9H9N1O3,test_ood,22,873,0,0,0,873,0,0,0,713,0,0,0,40
C9H9N1O4,seen,23,111,67,22,22,0,65,21,21,0,11,4,3,0
C9H9N3,test_ood,21,2835,0,0,0,2835,0,0,0,2806,0,0,0,28
C9H9N3O1,seen,22,879,527,176,176,0,521,175,175,0,12,5,3,0
C9H9N3O2,test_ood,23,240,0,0,0,240,0,0,0,233,0,0,0,9
C9H9N5,seen,23,119,71,24,24,0,68,22,22,0,4,3,0,0
C9H9N5O1,seen,24,2,1,1,0,0,0,0,0,0,0,0,0,0
C9H9N5O2,test_ood,25,1,0,0,0,1,0,0,0,0,0,0,0,0
H10O5,seen,15,6276,3766,1255,1255,0,3748,1254,1247,0,432,122,130,0
H12O6,test_ood,18,7142,0,0,0,7142,0,0,0,7111,0,0,0,800
H14O7,seen,21,9799,5879,1960,1960,0,5855,1949,1949,0,361,123,127,0
H16O8,seen,24,1767,1060,354,353,0,1056,353,350,0,55,26,25,0
H18O9,seen,27,1738,1043,348,347,0,1040,345,345,0,21,6,12,0
H1N1O1,seen,3,682,409,137,136,0,409,137,134,0,116,38,34,0
H1N1O2,seen,4,2079,1247,416,416,0,1243,414,416,0,235,77,83,0
H1N1O3,seen,5,161,97,32,32,0,97,32,32,0,12,3,2,0
H1N1O4,seen,6,60,36,12,12,0,36,12,12,0,3,0,0,0
H1N3,seen,4,241,145,48,48,0,142,46,45,0,34,7,10,0
H1N3O1,seen,5,217,130,44,43,0,92,26,23,0,30,2,6,0
H1N3O2,seen,6,67,40,14,13,0,40,14,13,0,4,1,4,0
H20O10,test_ood,30,1782,0,0,0,1782,0,0,0,1774,0,0,0,35
H2N2,seen,4,1578,947,316,315,0,944,316,315,0,286,92,76,0
H2N2O1,seen,5,372,223,75,74,0,82,22,29,0,28,7,13,0
H2N2O2,seen,6,478,287,96,95,0,196,77,67,0,28,17,12,0
H2N2O3,seen,7,806,484,161,161,0,473,154,156,0,112,41,27,0
H2N2O4,seen,8,45,27,9,9,0,27,9,9,0,6,5,1,0
H2N4,test_ood,6,293,0,0,0,293,0,0,0,218,0,0,0,42
H2O1,seen,3,675,405,135,135,0,405,135,135,0,72,27,21,0
H2O2,seen,4,1436,862,287,287,0,860,287,286,0,168,74,61,0
H2O3,seen,5,1752,1051,351,350,0,1049,351,349,0,350,114,121,0
H2O4,seen,6,165,99,33,33,0,99,33,33,0,13,1,7,0
H2O5,seen,7,59,35,12,12,0,35,12,12,0,2,0,1,0
H3N1,test_ood,4,1104,0,0,0,1104,0,0,0,1101,0,0,0,217
H3N1O1,seen,5,1861,1117,372,372,0,1115,371,372,0,220,76,76,0
H3N1O2,test_ood,6,975,0,0,0,975,0,0,0,275,0,0,0,107
H3N1O3,seen,7,532,319,107,106,0,193,75,75,0,49,16,14,0
H3N1O4,seen,8,83,50,17,16,0,50,17,16,0,10,6,1,0
H3N1O5,seen,9,71,43,14,14,0,43,14,14,0,5,3,2,0
H3N3,seen,6,348,209,70,69,0,91,27,27,0,32,13,7,0
H3N3O1,test_ood,7,518,0,0,0,518,0,0,0,261,0,0,0,90
H3N3O2,test_ood,8,52,0,0,0,52,0,0,0,52,0,0,0,15
H4N2,seen,6,2594,1556,519,519,0,1554,518,518,0,314,117,119,0
H4N2O1,test_ood,7,1329,0,0,0,1329,0,0,0,241,0,0,0,162
H4N2O2,seen,8,832,499,167,166,0,274,91,90,0,61,31,17,0
H4N2O3,seen,9,56,34,11,11,0,34,11,11,0,7,3,1,0
H4N2O4,seen,10,4,2,1,1,0,0,0,0,0,0,0,0,0
H4N4,seen,8,350,210,70,70,0,112,30,47,0,33,6,9,0
H4N4O1,seen,9,1,1,0,0,0,0,0,0,0,1,0,0,0
H4O2,seen,6,58262,34957,11653,11652,0,34943,11649,11649,0,3460,1167,1186,0
H4O3,seen,7,936,562,187,187,0,46,24,21,0,48,17,18,0
H4O4,seen,8,160,96,32,32,0,41,13,15,0,16,2,5,0
H4O5,test_ood,9,29,0,0,0,29,0,0,0,29,0,0,0,4
H4O6,seen,10,30,18,6,6,0,18,6,6,0,3,3,1,0
H5N1O1,test_ood,7,1608,0,0,0,1608,0,0,0,54,0,0,0,151
H5N1O2,seen,8,1636,982,327,327,0,66,33,17,0,113,24,32,0
H5N1O3,test_ood,9,354,0,0,0,354,0,0,0,99,0,0,0,47
H5N1O4,seen,10,27,16,6,5,0,16,6,5,0,5,2,2,0
H5N3,test_ood,8,551,0,0,0,551,0,0,0,102,0,0,0,60
H5N3O1,test_ood,9,664,0,0,0,664,0,0,0,283,0,0,0,91
H5N3O2,test_ood,10,37,0,0,0,37,0,0,0,37,0,0,0,6
H5N3O3,seen,11,3,2,1,0,0,0,0,0,0,0,1,0,0
H6N2,seen,8,847,508,170,169,0,17,5,4,0,35,22,16,0
H6N2O1,seen,9,1261,757,252,252,0,76,22,29,0,81,21,27,0
H6N2O2,test_ood,10,515,0,0,0,515,0,0,0,148,0,0,0,68
H6N2O3,test_ood,11,31,0,0,0,31,0,0,0,31,0,0,0,6
H6N4,seen,10,318,191,64,63,0,104,37,33,0,22,11,10,0
H6O3,test_ood,9,1755,0,0,0,1755,0,0,0,1748,0,0,0,186
H7N3,test_ood,10,630,0,0,0,630,0,0,0,93,0,0,0,66
H7N3O1,test_ood,11,306,0,0,0,306,0,0,0,85,0,0,0,32
H8N4,seen,12,104,62,21,21,0,24,8,11,0,9,1,5,0
H8O4,test_ood,12,2632,0,0,0,2632,0,0,0,2620,0,0,0,260
N2,seen,2,511,307,102,102,0,307,101,102,0,105,38,44,0
N2O1,seen,3,200,120,40,40,0,120,40,40,0,33,9,9,0
N2O2,test_ood,4,142,0,0,0,142,0,0,0,142,0,0,0,28
N2O3,seen,5,1,1,0,0,0,0,0,0,0,0,0,0,0
N4,test_ood,4,138,0,0,0,138,0,0,0,103,0,0,0,26
O2,test_ood,2,360,0,0,0,360,0,0,0,360,0,0,0,96
O3,seen,3,552,331,111,110,0,326,111,107,0,52,16,21,0
O4,seen,4,83,50,17,16,0,50,17,16,0,0,0,0,0
