theory_key        , system    , n_configs, valid_configs, missing_configs, coverage_fraction    , coverage_type
ccsd(t)_cbs.energy, C4H5N3O1  ,     59141,          6346,           52795, 0.10730288632251737  , partial
ccsd(t)_cbs.energy, H4O2      ,     58262,          5813,           52449, 0.09977343723181491  , partial
ccsd(t)_cbs.energy, C5H8N2O1  ,     52532,          5632,           46900, 0.1072108429147948   , partial
ccsd(t)_cbs.energy, C4H6N2O2  ,     51684,          5625,           46059, 0.1088344555374971   , partial
ccsd(t)_cbs.energy, C3H5N3O2  ,     49066,          5541,           43525, 0.11292952349896059  , partial
ccsd(t)_cbs.energy, C3H4N4O1  ,     49667,          5515,           44152, 0.11103952322467635  , partial
ccsd(t)_cbs.energy, C4H7N3O1  ,     51694,          5392,           46302, 0.1043061090261926   , partial
ccsd(t)_cbs.energy, C4H4N2O2  ,     46225,          5033,           41192, 0.10888047593293672  , partial
ccsd(t)_cbs.energy, C5H6N2O1  ,     47308,          4936,           42372, 0.10433753276401454  , partial
ccsd(t)_cbs.energy, C6H9N1O1  ,     45000,          4833,           40167, 0.1074               , partial
ccsd(t)_cbs.energy, C3H3N3O2  ,     41575,          4779,           36796, 0.11494888755261576  , partial
ccsd(t)_cbs.energy, C3H6N4O1  ,     39067,          4171,           34896, 0.10676530063736657  , partial
ccsd(t)_cbs.energy, C5H7N1O2  ,     35724,          3908,           31816, 0.10939424476542381  , partial
ccsd(t)_cbs.energy, C5H7N3    ,     35739,          3883,           31856, 0.10864881502000616  , partial
ccsd(t)_cbs.energy, C4H6N4    ,     34606,          3714,           30892, 0.10732242963647923  , partial
ccsd(t)_cbs.energy, C5H9N3    ,     34409,          3682,           30727, 0.10700688773286059  , partial
ccsd(t)_cbs.energy, C6H10N2   ,     32396,          3471,           28925, 0.10714285714285714  , partial
ccsd(t)_cbs.energy, C6H8O2    ,     30436,          3449,           26987, 0.11331975292416875  , partial
ccsd(t)_cbs.energy, C5H5N1O2  ,     31683,          3339,           28344, 0.10538774737240791  , partial
ccsd(t)_cbs.energy, C3H4N2O3  ,     29125,          3327,           25798, 0.11423175965665236  , partial
ccsd(t)_cbs.energy, C6H7N1O1  ,     30990,          3212,           27778, 0.10364633752823492  , partial
ccsd(t)_cbs.energy, C4H8N4    ,     28090,          2975,           25115, 0.10590957636169455  , partial
ccsd(t)_cbs.energy, C3H2N4O1  ,     20758,          2951,           17807, 0.14216205800173426  , partial
ccsd(t)_cbs.energy, C2H4N4O2  ,     25513,          2912,           22601, 0.1141378904872026   , partial
ccsd(t)_cbs.energy, C4H3N3O1  ,     24905,          2906,           21999, 0.11668339690825136  , partial
ccsd(t)_cbs.energy, C3H7N3O2  ,     26429,          2841,           23588, 0.1074955541261493   , partial
ccsd(t)_cbs.energy, C2H3N5O1  ,     23881,          2756,           21125, 0.11540555253130104  , partial
ccsd(t)_cbs.energy, C6H8N2    ,     26351,          2683,           23668, 0.10181776782664795  , partial
ccsd(t)_cbs.energy, C4H4N4    ,     21007,          2666,           18341, 0.12691007759318323  , partial
ccsd(t)_cbs.energy, C4H6N2O1  ,     30892,          2599,           28293, 0.08413181406189305  , partial
ccsd(t)_cbs.energy, C5H4N2O1  ,     21971,          2587,           19384, 0.11774611988530335  , partial
ccsd(t)_cbs.energy, C4H8N2O2  ,     24553,          2583,           21970, 0.10520099376858225  , partial
ccsd(t)_cbs.energy, C2H3N3O1  ,     14783,          2459,           12324, 0.16633971453696814  , partial
ccsd(t)_cbs.energy, C5H10N2O1 ,     21481,          2437,           19044, 0.11344909454867091  , partial
ccsd(t)_cbs.energy, C3H5N3O1  ,     28478,          2433,           26045, 0.08543437039117915  , partial
ccsd(t)_cbs.energy, C2H2N4O2  ,     20035,          2422,           17613, 0.12088844522086349  , partial
ccsd(t)_cbs.energy, C1H2N4O1  ,     12268,          2408,            9860, 0.19628301271600912  , partial
ccsd(t)_cbs.energy, C6H11N1O1 ,     20711,          2359,           18352, 0.11390082564820626  , partial
ccsd(t)_cbs.energy, C4H5N1O3  ,     21793,          2340,           19453, 0.10737392740788326  , partial
ccsd(t)_cbs.energy, C5H9N1O2  ,     21579,          2336,           19243, 0.10825339450391584  , partial
ccsd(t)_cbs.energy, C6H6O2    ,     21003,          2325,           18678, 0.11069847164690759  , partial
ccsd(t)_cbs.energy, C3H4N2O1  ,     20433,          2292,           18141, 0.11217148729995595  , partial
ccsd(t)_cbs.energy, C3H4N2O2  ,     23456,          2284,           21172, 0.0973738062755798   , partial
ccsd(t)_cbs.energy, C7H11N1   ,     21491,          2258,           19233, 0.10506723744823414  , partial
ccsd(t)_cbs.energy, C2H4N2O2  ,     18912,          2219,           16693, 0.117332910321489    , partial
ccsd(t)_cbs.energy, C3H3N5    ,     17543,          2167,           15376, 0.12352505272758366  , partial
ccsd(t)_cbs.energy, C3H2N2O3  ,     16886,          2139,           14747, 0.1266729835366576   , partial
ccsd(t)_cbs.energy, C3H5N5    ,     20073,          2124,           17949, 0.10581377970408011  , partial
ccsd(t)_cbs.energy, C7H10O1   ,     18165,          2084,           16081, 0.11472612166253784  , partial
ccsd(t)_cbs.energy, C2H5N5O1  ,     18896,          2064,           16832, 0.10922946655376799  , partial
ccsd(t)_cbs.energy, C2H3N3O3  ,     17418,          2061,           15357, 0.11832586978987254  , partial
ccsd(t)_cbs.energy, C4H4N2O1  ,     20922,          2030,           18892, 0.09702705286301501  , partial
ccsd(t)_cbs.energy, C6H10O2   ,     18028,          2024,           16004, 0.11226980252939871  , partial
ccsd(t)_cbs.energy, C7H9N1    ,     18484,          2001,           16483, 0.10825578879030513  , partial
ccsd(t)_cbs.energy, C2H6N2O1  ,     24612,          1999,           22613, 0.08122054282463839  , partial
ccsd(t)_cbs.energy, C3H6N2O1  ,     22560,          1988,           20572, 0.08812056737588653  , partial
ccsd(t)_cbs.energy, C3H8N4O1  ,     18471,          1979,           16492, 0.10714092360998322  , partial
ccsd(t)_cbs.energy, C4H9N3O1  ,     17991,          1978,           16013, 0.10994386081929854  , partial
ccsd(t)_cbs.energy, C4H6O2    ,     18814,          1964,           16850, 0.10439034761347932  , partial
ccsd(t)_cbs.energy, C5H5N3    ,     17159,          1962,           15197, 0.11434232764147095  , partial
ccsd(t)_cbs.energy, C2H3N3O2  ,     18663,          1944,           16719, 0.10416331779456679  , partial
ccsd(t)_cbs.energy, C4H7N1O1  ,     21695,          1940,           19755, 0.08942152569716524  , partial
ccsd(t)_cbs.energy, C6H12N2   ,     17520,          1910,           15610, 0.10901826484018265  , partial
ccsd(t)_cbs.energy, C2H4N4O1  ,     19114,          1902,           17212, 0.09950821387464685  , partial
ccsd(t)_cbs.energy, C4H5N1O2  ,     20032,          1820,           18212, 0.09085463258785942  , partial
ccsd(t)_cbs.energy, C4H8N2    ,     21177,          1820,           19357, 0.08594229588704727  , partial
ccsd(t)_cbs.energy, C5H6O3    ,     16434,          1816,           14618, 0.11050261652671291  , partial
ccsd(t)_cbs.energy, C3H3N3O1  ,     14963,          1775,           13188, 0.11862594399518812  , partial
ccsd(t)_cbs.energy, C7H8O1    ,     17017,          1760,           15257, 0.10342598577892695  , partial
ccsd(t)_cbs.energy, C3H5N1O1  ,     18157,          1760,           16397, 0.09693231260670816  , partial
ccsd(t)_cbs.energy, C4H3N1O3  ,     14461,          1740,           12721, 0.12032362907129521  , partial
ccsd(t)_cbs.energy, C2H5N3O1  ,     14300,          1734,           12566, 0.12125874125874125  , partial
ccsd(t)_cbs.energy, C3H7N5    ,     15339,          1727,           13612, 0.1125888258687007   , partial
ccsd(t)_cbs.energy, C4H6N2    ,     18679,          1687,           16992, 0.09031532737298571  , partial
ccsd(t)_cbs.energy, C3H6N2    ,     18038,          1675,           16363, 0.09285951879365784  , partial
ccsd(t)_cbs.energy, C2H6N4O2  ,     13995,          1596,           12399, 0.11404072883172561  , partial
ccsd(t)_cbs.energy, C3H5N1O2  ,     14898,          1585,           13313, 0.10639011947912472  , partial
ccsd(t)_cbs.energy, C3H6N2O2  ,     17227,          1572,           15655, 0.09125210425494863  , partial
ccsd(t)_cbs.energy, C5H11N3   ,     13479,          1569,           11910, 0.11640329401290897  , partial
ccsd(t)_cbs.energy, C3H6N2O3  ,     14247,          1568,           12679, 0.11005825787885169  , partial
ccsd(t)_cbs.energy, C4H2N2O2  ,      9159,          1567,            7592, 0.17108854678458346  , partial
ccsd(t)_cbs.energy, C6H6N2    ,     13406,          1560,           11846, 0.11636580635536327  , partial
ccsd(t)_cbs.energy, C5H8O3    ,     14729,          1560,           13169, 0.1059135039717564   , partial
ccsd(t)_cbs.energy, C4H7N3    ,     18239,          1544,           16695, 0.0846537639124952   , partial
ccsd(t)_cbs.energy, C4H5N1O1  ,     15878,          1528,           14350, 0.09623378259226603  , partial
ccsd(t)_cbs.energy, C4H8N2O1  ,     16775,          1502,           15273, 0.08953800298062593  , partial
ccsd(t)_cbs.energy, C4H9N1O1  ,     20499,          1500,           18999, 0.07317430118542367  , partial
ccsd(t)_cbs.energy, C4H5N3    ,     18065,          1485,           16580, 0.08220315527262663  , partial
ccsd(t)_cbs.energy, C3H8N2O1  ,     16354,          1481,           14873, 0.09055888467653174  , partial
ccsd(t)_cbs.energy, C6H10N2O1 ,     11886,          1460,           10426, 0.12283358573111224  , partial
ccsd(t)_cbs.energy, C4H10N4   ,     13067,          1445,           11622, 0.11058391367567154  , partial
ccsd(t)_cbs.energy, C2H4N6    ,     11378,          1417,            9961, 0.12453858323079628  , partial
ccsd(t)_cbs.energy, C6H8N2O1  ,     12994,          1405,           11589, 0.10812682776666153  , partial
ccsd(t)_cbs.energy, C5H8O1    ,     18667,          1404,           17263, 0.07521294262602453  , partial
ccsd(t)_cbs.energy, C2H2N2O2  ,      9575,          1402,            8173, 0.14642297650130548  , partial
ccsd(t)_cbs.energy, C2H3N1O3  ,      8528,          1388,            7140, 0.1627579737335835   , partial
ccsd(t)_cbs.energy, C3H6O2    ,     15053,          1388,           13665, 0.0922075333820501   , partial
ccsd(t)_cbs.energy, C3H7N1O1  ,     18211,          1372,           16839, 0.07533908077535556  , partial
ccsd(t)_cbs.energy, C5H8N2    ,     15950,          1353,           14597, 0.08482758620689655  , partial
ccsd(t)_cbs.energy, C2H2N2O1  ,      7866,          1345,            6521, 0.17098906687007373  , partial
ccsd(t)_cbs.energy, C3H4N4    ,     12148,          1345,           10803, 0.11071781363187357  , partial
ccsd(t)_cbs.energy, C2H5N1O2  ,     14294,          1327,           12967, 0.09283615503008255  , partial
ccsd(t)_cbs.energy, C4H8O2    ,     14713,          1320,           13393, 0.08971657717664651  , partial
ccsd(t)_cbs.energy, C5H5N1O1  ,     11560,          1286,           10274, 0.11124567474048443  , partial
ccsd(t)_cbs.energy, C7H11N1O1 ,     10614,          1262,            9352, 0.11889956661013755  , partial
ccsd(t)_cbs.energy, C3H7N1O2  ,     13017,          1260,           11757, 0.09679649688868402  , partial
ccsd(t)_cbs.energy, C4H8O1    ,     21172,          1259,           19913, 0.05946533156999811  , partial
ccsd(t)_cbs.energy, C3H7N3    ,     14293,          1246,           13047, 0.08717554047435808  , partial
ccsd(t)_cbs.energy, C3H6N4    ,     14442,          1236,           13206, 0.08558371416701288  , partial
ccsd(t)_cbs.energy, C6H5N1O1  ,     11091,          1215,            9876, 0.10954828239112795  , partial
ccsd(t)_cbs.energy, C2H3N1O2  ,      7819,          1201,            6618, 0.15360020462974805  , partial
ccsd(t)_cbs.energy, C4H7N1O2  ,     11331,          1199,           10132, 0.10581590327420351  , partial
ccsd(t)_cbs.energy, C4H7N1O3  ,     11249,          1181,           10068, 0.10498710996533026  , partial
ccsd(t)_cbs.energy, C5H6O1    ,     12595,          1169,           11426, 0.0928146089718142   , partial
ccsd(t)_cbs.energy, C3H4N2    ,     10260,          1167,            9093, 0.11374269005847953  , partial
ccsd(t)_cbs.energy, C5H9N1O1  ,     11268,          1160,           10108, 0.10294639687610933  , partial
ccsd(t)_cbs.energy, C3H5N3    ,     11893,          1143,           10750, 0.09610695367022619  , partial
ccsd(t)_cbs.energy, C3H3N1O2  ,      9039,          1142,            7897, 0.12634140944794778  , partial
ccsd(t)_cbs.energy, C1H5N3O1  ,     10568,          1142,            9426, 0.10806207418622256  , partial
ccsd(t)_cbs.energy, C5H7N1O1  ,     12962,          1140,           11822, 0.08794939052615337  , partial
ccsd(t)_cbs.energy, C5H9N1    ,     14763,          1125,           13638, 0.07620402357244463  , partial
ccsd(t)_cbs.energy, C2H1N5O1  ,      5490,          1119,            4371, 0.20382513661202187  , partial
ccsd(t)_cbs.energy, C5H8O2    ,     10453,          1111,            9342, 0.1062852769539845   , partial
ccsd(t)_cbs.energy, C2H4N4    ,      7956,          1110,            6846, 0.13951734539969834  , partial
ccsd(t)_cbs.energy, C5H3N1O2  ,      8925,          1109,            7816, 0.12425770308123249  , partial
ccsd(t)_cbs.energy, C2H1N3O3  ,      6242,          1102,            5140, 0.17654597885293175  , partial
ccsd(t)_cbs.energy, C2H7N5O1  ,      9763,          1095,            8668, 0.11215814811021202  , partial
ccsd(t)_cbs.energy, C5H7N1    ,     11722,          1095,           10627, 0.09341409315816414  , partial
ccsd(t)_cbs.energy, C5H9N3O1  ,      9178,          1087,            8091, 0.1184353889736326   , partial
ccsd(t)_cbs.energy, C2H7N3O1  ,      9491,          1084,            8407, 0.11421346538826256  , partial
ccsd(t)_cbs.energy, C1H1N3O2  ,      5099,          1080,            4019, 0.21180623651696412  , partial
ccsd(t)_cbs.energy, C3H4O2    ,     10807,          1070,            9737, 0.09900990099009901  , partial
ccsd(t)_cbs.energy, C3H3N1O1  ,      8542,          1066,            7476, 0.12479512994614844  , partial
ccsd(t)_cbs.energy, C2H2N4O1  ,      6470,          1061,            5409, 0.16398763523956722  , partial
ccsd(t)_cbs.energy, C6H11N3   ,      8761,          1059,            7702, 0.12087661225887456  , partial
ccsd(t)_cbs.energy, C4H3N1O2  ,     10109,          1057,            9052, 0.10456029280838856  , partial
ccsd(t)_cbs.energy, C4H6O1    ,     14809,          1049,           13760, 0.07083530285637113  , partial
ccsd(t)_cbs.energy, C1H4N2O2  ,      7786,          1047,            6739, 0.13447212946313897  , partial
ccsd(t)_cbs.energy, C3H7N3O1  ,     11770,          1036,           10734, 0.08802039082412914  , partial
ccsd(t)_cbs.energy, C3H5N1O3  ,      7914,          1034,            6880, 0.1306545362648471   , partial
ccsd(t)_cbs.energy, C5H7N3O1  ,      9155,          1027,            8128, 0.11217913708356089  , partial
ccsd(t)_cbs.energy, C5H6N2    ,     11808,          1018,           10790, 0.08621273712737128  , partial
ccsd(t)_cbs.energy, C7H9N1O1  ,      9382,          1015,            8367, 0.10818588787039012  , partial
ccsd(t)_cbs.energy, C5H6O2    ,     10438,          1014,            9424, 0.09714504694385898  , partial
ccsd(t)_cbs.energy, C3H2N2O2  ,      9799,           986,            8813, 0.10062251250127564  , partial
ccsd(t)_cbs.energy, C5H8N2O2  ,      7740,           972,            6768, 0.12558139534883722  , partial
ccsd(t)_cbs.energy, C5H10O1   ,     14465,           967,           13498, 0.06685101970273073  , partial
ccsd(t)_cbs.energy, C2H5N3O2  ,      9413,           962,            8451, 0.10219908636991396  , partial
ccsd(t)_cbs.energy, C2H5N3O3  ,      8185,           957,            7228, 0.11692119731215639  , partial
ccsd(t)_cbs.energy, C5H4O3    ,      7052,           956,            6096, 0.13556437889960296  , partial
ccsd(t)_cbs.energy, C1H3N5    ,      5453,           950,            4503, 0.17421602787456447  , partial
ccsd(t)_cbs.energy, C5H3N3    ,      6041,           946,            5095, 0.15659658996854825  , partial
ccsd(t)_cbs.energy, C3H3N1O4  ,      8343,           942,            7401, 0.11290902553038476  , partial
ccsd(t)_cbs.energy, C5H10N2   ,      9771,           924,            8847, 0.09456555112066319  , partial
ccsd(t)_cbs.energy, C2H2N2O3  ,      7368,           921,            6447, 0.125                , partial
ccsd(t)_cbs.energy, C6H7N1O2  ,      8185,           908,            7277, 0.11093463653023825  , partial
ccsd(t)_cbs.energy, C5H6N2O2  ,      7903,           904,            6999, 0.11438694166772112  , partial
ccsd(t)_cbs.energy, C6H9N1    ,      9656,           890,            8766, 0.09217067108533554  , partial
ccsd(t)_cbs.energy, C6H8O1    ,      9709,           889,            8820, 0.09156452775775054  , partial
ccsd(t)_cbs.energy, C2H4N2    ,      3620,           882,            2738, 0.243646408839779    , partial
ccsd(t)_cbs.energy, C6H9N1O2  ,      7640,           878,            6762, 0.11492146596858639  , partial
ccsd(t)_cbs.energy, C6H11N1   ,      9129,           878,            8251, 0.09617701829335086  , partial
ccsd(t)_cbs.energy, C2H4O1    ,      5839,           865,            4974, 0.14814180510361363  , partial
ccsd(t)_cbs.energy, C2H6N4    ,      7072,           862,            6210, 0.12188914027149321  , partial
ccsd(t)_cbs.energy, C4H4O2    ,      7545,           857,            6688, 0.11358515573227303  , partial
ccsd(t)_cbs.energy, C3H3N1O3  ,      8757,           857,            7900, 0.09786456549046477  , partial
ccsd(t)_cbs.energy, C2H6N4O1  ,      7908,           851,            7057, 0.10761254425897825  , partial
ccsd(t)_cbs.energy, C1H4N2O1  ,      8361,           843,            7518, 0.10082526013634732  , partial
ccsd(t)_cbs.energy, C6H9N3    ,      7162,           832,            6330, 0.11616866796984082  , partial
ccsd(t)_cbs.energy, C3H6O3    ,      6074,           825,            5249, 0.1358248271320382   , partial
ccsd(t)_cbs.energy, C8H10     ,      7544,           820,            6724, 0.10869565217391304  , partial
ccsd(t)_cbs.energy, C5H10N4   ,      6187,           818,            5369, 0.13221270405689348  , partial
ccsd(t)_cbs.energy, C4H8N4O1  ,      6419,           805,            5614, 0.12540894220283533  , partial
ccsd(t)_cbs.energy, C4H10N2   ,     12396,           802,           11594, 0.06469828977089384  , partial
ccsd(t)_cbs.energy, C7H10N2   ,      6616,           801,            5815, 0.12107013301088271  , partial
ccsd(t)_cbs.energy, H12O6     ,      7142,           800,            6342, 0.11201344161299356  , partial
ccsd(t)_cbs.energy, C3H4O3    ,      5157,           799,            4358, 0.15493503975179368  , partial
ccsd(t)_cbs.energy, C3H9N5    ,      7580,           796,            6784, 0.10501319261213721  , partial
ccsd(t)_cbs.energy, C2H7N3    ,     12022,           772,           11250, 0.06421560472467143  , partial
ccsd(t)_cbs.energy, C5H11N1O2 ,      6893,           766,            6127, 0.11112723052371971  , partial
ccsd(t)_cbs.energy, C3H8N2    ,     15313,           758,           14555, 0.04950042447593548  , partial
ccsd(t)_cbs.energy, C2H4N2O1  ,      6679,           756,            5923, 0.11319059739481958  , partial
ccsd(t)_cbs.energy, C1H6N4    ,      5295,           752,            4543, 0.14202077431539187  , partial
ccsd(t)_cbs.energy, C4H4O4    ,      6361,           749,            5612, 0.11774878163810722  , partial
ccsd(t)_cbs.energy, C2H6N2O2  ,      6185,           746,            5439, 0.1206143896523848   , partial
ccsd(t)_cbs.energy, C2H6N6    ,      6373,           745,            5628, 0.11689941942570219  , partial
ccsd(t)_cbs.energy, C4H3N1O1  ,      4504,           741,            3763, 0.16452042628774421  , partial
ccsd(t)_cbs.energy, C3H3N3    ,      5141,           738,            4403, 0.14355183816378136  , partial
ccsd(t)_cbs.energy, C1H4N2    ,      5717,           732,            4985, 0.1280391813888403   , partial
ccsd(t)_cbs.energy, C4H9N3    ,      8177,           732,            7445, 0.0895193836370307   , partial
ccsd(t)_cbs.energy, C3H2N2O1  ,      3312,           729,            2583, 0.22010869565217392  , partial
ccsd(t)_cbs.energy, C5H11N1   ,     14074,           729,           13345, 0.051797641040216    , partial
ccsd(t)_cbs.energy, C4H9N1    ,     19184,           725,           18459, 0.037791909924937445 , partial
ccsd(t)_cbs.energy, C4H6N4O1  ,      5933,           720,            5213, 0.12135513231080398  , partial
ccsd(t)_cbs.energy, C4H2N4    ,      4005,           715,            3290, 0.17852684144818975  , partial
ccsd(t)_cbs.energy, C4H7N3O2  ,      6046,           715,            5331, 0.11826000661594442  , partial
ccsd(t)_cbs.energy, C2H1N3O2  ,      3373,           708,            2665, 0.2099021642454788   , partial
ccsd(t)_cbs.energy, C2H5N5    ,      7397,           688,            6709, 0.0930106800054076   , partial
ccsd(t)_cbs.energy, C4H10N2O2 ,      6243,           684,            5559, 0.10956271023546373  , partial
ccsd(t)_cbs.energy, H10O5     ,      6276,           684,            5592, 0.1089866156787763   , partial
ccsd(t)_cbs.energy, C2H4N2O3  ,      6013,           683,            5330, 0.11358722767337436  , partial
ccsd(t)_cbs.energy, C7H7N1    ,      5248,           661,            4587, 0.12595274390243902  , partial
ccsd(t)_cbs.energy, C4H6O3    ,      6638,           658,            5980, 0.09912624284423019  , partial
ccsd(t)_cbs.energy, C6H10     ,      7826,           658,            7168, 0.08407871198568873  , partial
ccsd(t)_cbs.energy, C3H8N4    ,      7576,           654,            6922, 0.08632523759239705  , partial
ccsd(t)_cbs.energy, C7H12O1   ,      5773,           650,            5123, 0.11259310583751948  , partial
ccsd(t)_cbs.energy, C4H4N2    ,      5157,           648,            4509, 0.1256544502617801   , partial
ccsd(t)_cbs.energy, C8H11N1   ,      5337,           645,            4692, 0.12085441259134345  , partial
ccsd(t)_cbs.energy, C2H2N2O4  ,      5500,           642,            4858, 0.11672727272727272  , partial
ccsd(t)_cbs.energy, C2H5N1O1  ,      6593,           641,            5952, 0.0972243288336114   , partial
ccsd(t)_cbs.energy, C6H8      ,      7747,           638,            7109, 0.08235445979088679  , partial
ccsd(t)_cbs.energy, C6H6N2O1  ,      5039,           634,            4405, 0.12581861480452472  , partial
ccsd(t)_cbs.energy, C2H2N6    ,      5593,           632,            4961, 0.11299839084569999  , partial
ccsd(t)_cbs.energy, C7H6O1    ,      5146,           628,            4518, 0.12203653322969296  , partial
ccsd(t)_cbs.energy, C5H8N4    ,      5399,           625,            4774, 0.11576217818114466  , partial
ccsd(t)_cbs.energy, C4H4N4O1  ,      4685,           617,            4068, 0.13169690501600853  , partial
ccsd(t)_cbs.energy, C7H10O2   ,      4949,           616,            4333, 0.12446958981612447  , partial
ccsd(t)_cbs.energy, C2H4O2    ,      4980,           615,            4365, 0.12349397590361445  , partial
ccsd(t)_cbs.energy, H14O7     ,      9799,           611,            9188, 0.06235330135728136  , partial
ccsd(t)_cbs.energy, C1H4N6O1  ,      4745,           610,            4135, 0.1285563751317176   , partial
ccsd(t)_cbs.energy, C1H2O3    ,      2771,           606,            2165, 0.21869361241429086  , partial
ccsd(t)_cbs.energy, C1H3N1O1  ,      4148,           602,            3546, 0.14513018322082932  , partial
ccsd(t)_cbs.energy, C8H12     ,      6094,           601,            5493, 0.0986215950114867   , partial
ccsd(t)_cbs.energy, C4H5N3O2  ,      4989,           598,            4391, 0.11986370014030868  , partial
ccsd(t)_cbs.energy, C3H5N1O4  ,      5203,           598,            4605, 0.11493369210071112  , partial
ccsd(t)_cbs.energy, C2H8N6    ,      4974,           594,            4380, 0.11942098914354644  , partial
ccsd(t)_cbs.energy, C3H8N2O2  ,      6193,           594,            5599, 0.09591474245115453  , partial
ccsd(t)_cbs.energy, C2H5N3    ,      4972,           591,            4381, 0.11886564762670958  , partial
ccsd(t)_cbs.energy, C2H3N5    ,      3627,           590,            3037, 0.1626688723462917   , partial
ccsd(t)_cbs.energy, C3H6O1    ,      9811,           589,            9222, 0.06003465497910509  , partial
ccsd(t)_cbs.energy, H2O3      ,      1752,           585,            1167, 0.3339041095890411   , partial
ccsd(t)_cbs.energy, C5H10N2O2 ,      4872,           585,            4287, 0.12007389162561577  , partial
ccsd(t)_cbs.energy, C4H2N2O1  ,      4884,           576,            4308, 0.11793611793611794  , partial
ccsd(t)_cbs.energy, C1H3N5O2  ,      4630,           575,            4055, 0.12419006479481641  , partial
ccsd(t)_cbs.energy, C7H8O2    ,      4455,           567,            3888, 0.12727272727272726  , partial
ccsd(t)_cbs.energy, C3H9N3    ,      7873,           559,            7314, 0.07100215927854693  , partial
ccsd(t)_cbs.energy, C1H1N3O1  ,      2561,           558,            2003, 0.21788363920343615  , partial
ccsd(t)_cbs.energy, C7H7N1O3  ,      4452,           557,            3895, 0.1251123090745732   , partial
ccsd(t)_cbs.energy, C7H8N2O2  ,      5098,           557,            4541, 0.1092585327579443   , partial
ccsd(t)_cbs.energy, H4N2      ,      2594,           550,            2044, 0.21202775636083268  , partial
ccsd(t)_cbs.energy, C1H2N4    ,      2831,           549,            2282, 0.19392440833627694  , partial
ccsd(t)_cbs.energy, C1H3N5O1  ,      4954,           549,            4405, 0.11081953976584578  , partial
ccsd(t)_cbs.energy, C6H4N2    ,      4011,           548,            3463, 0.13662428322114187  , partial
ccsd(t)_cbs.energy, C1H2N4O2  ,      4478,           539,            3939, 0.12036623492630638  , partial
ccsd(t)_cbs.energy, C4H9N1O3  ,      4829,           537,            4292, 0.1112031476496169   , partial
ccsd(t)_cbs.energy, C2H4O3    ,      3132,           532,            2600, 0.1698595146871009   , partial
ccsd(t)_cbs.energy, C8H10O1   ,      4533,           531,            4002, 0.1171409662475182   , partial
ccsd(t)_cbs.energy, C5H10     ,     10268,           530,            9738, 0.051616673159329954 , partial
ccsd(t)_cbs.energy, C5H5N3O1  ,      4164,           527,            3637, 0.1265609990393852   , partial
ccsd(t)_cbs.energy, C8H8      ,      4374,           517,            3857, 0.11819844535893918  , partial
ccsd(t)_cbs.energy, C6H10O1   ,      5082,           517,            4565, 0.10173160173160173  , partial
ccsd(t)_cbs.energy, C5H12N2O1 ,      4868,           515,            4353, 0.10579293344289235  , partial
ccsd(t)_cbs.energy, C1H5N3    ,      5554,           515,            5039, 0.09272596326971552  , partial
ccsd(t)_cbs.energy, C6H6O1    ,      5198,           514,            4684, 0.09888418622547133  , partial
ccsd(t)_cbs.energy, C9H8N2    ,      5981,           511,            5470, 0.08543721785654573  , partial
ccsd(t)_cbs.energy, C5H4N2O2  ,      3239,           498,            2741, 0.1537511577647422   , partial
ccsd(t)_cbs.energy, C4H6O4    ,      4572,           496,            4076, 0.1084864391951006   , partial
ccsd(t)_cbs.energy, C4H10N4O1 ,      3867,           492,            3375, 0.12723041117145073  , partial
ccsd(t)_cbs.energy, C2H3N3    ,      4529,           488,            4041, 0.10775005519982336  , partial
ccsd(t)_cbs.energy, C5H11N3O1 ,      4209,           487,            3722, 0.11570444286053694  , partial
ccsd(t)_cbs.energy, C8H8O3    ,      4913,           487,            4426, 0.0991247710156727   , partial
ccsd(t)_cbs.energy, C5H6N4    ,      3689,           482,            3207, 0.1306587150989428   , partial
ccsd(t)_cbs.energy, C4H9N1O2  ,      4397,           468,            3929, 0.10643620650443485  , partial
ccsd(t)_cbs.energy, C6H12     ,      7001,           466,            6535, 0.06656191972575347  , partial
ccsd(t)_cbs.energy, C1H3N1O2  ,      3276,           463,            2813, 0.14133089133089133  , partial
ccsd(t)_cbs.energy, H2N2      ,      1578,           454,            1124, 0.2877059569074778   , partial
ccsd(t)_cbs.energy, C2H2N4    ,      2161,           452,            1709, 0.2091624248033318   , partial
ccsd(t)_cbs.energy, C5H4O2    ,      3878,           447,            3431, 0.11526560082516761  , partial
ccsd(t)_cbs.energy, C6H4O2    ,      3207,           443,            2764, 0.13813532896788275  , partial
ccsd(t)_cbs.energy, C4H12N4   ,      4005,           440,            3565, 0.10986267166042447  , partial
ccsd(t)_cbs.energy, C6H6N2O2  ,      3623,           438,            3185, 0.12089428650289816  , partial
ccsd(t)_cbs.energy, C3H6N4O2  ,      3080,           435,            2645, 0.14123376623376624  , partial
ccsd(t)_cbs.energy, C2H7N5    ,      3602,           431,            3171, 0.11965574680732927  , partial
ccsd(t)_cbs.energy, C2H7N3O2  ,      3384,           426,            2958, 0.12588652482269502  , partial
ccsd(t)_cbs.energy, C4H8      ,      4718,           426,            4292, 0.09029249682068673  , partial
ccsd(t)_cbs.energy, C2H2      ,      1706,           424,            1282, 0.2485345838218054   , partial
ccsd(t)_cbs.energy, C4H10N2O1 ,      5204,           418,            4786, 0.0803228285933897   , partial
ccsd(t)_cbs.energy, C3H9N3O2  ,      3895,           416,            3479, 0.10680359435173299  , partial
ccsd(t)_cbs.energy, C4H8N2O3  ,      3307,           414,            2893, 0.12518899304505593  , partial
ccsd(t)_cbs.energy, C3H9N3O1  ,      4470,           414,            4056, 0.09261744966442953  , partial
ccsd(t)_cbs.energy, C6H3N1O1  ,      3046,           413,            2633, 0.1355876559422193   , partial
ccsd(t)_cbs.energy, C3H5N5O1  ,      3114,           412,            2702, 0.13230571612074501  , partial
ccsd(t)_cbs.energy, C4H5N1    ,      6534,           412,            6122, 0.0630547903275176   , partial
ccsd(t)_cbs.energy, C1H2O2    ,      2287,           404,            1883, 0.17665063401836467  , partial
ccsd(t)_cbs.energy, C2H4N2O4  ,      2896,           403,            2493, 0.13915745856353592  , partial
ccsd(t)_cbs.energy, C4H6N2O3  ,      3029,           400,            2629, 0.13205678441729943  , partial
ccsd(t)_cbs.energy, C4H7N5    ,      3067,           398,            2669, 0.12976850342354093  , partial
ccsd(t)_cbs.energy, H1N1O2    ,      2079,           395,            1684, 0.18999518999519     , partial
ccsd(t)_cbs.energy, C2H6N2    ,      7243,           395,            6848, 0.054535413502692254 , partial
ccsd(t)_cbs.energy, C5H2N2O1  ,      2635,           392,            2243, 0.14876660341555978  , partial
ccsd(t)_cbs.energy, C5H11N1O1 ,      4064,           392,            3672, 0.09645669291338582  , partial
ccsd(t)_cbs.energy, C3H7N1O3  ,      3540,           390,            3150, 0.11016949152542373  , partial
ccsd(t)_cbs.energy, C5H4O1    ,      2758,           389,            2369, 0.1410442349528644   , partial
ccsd(t)_cbs.energy, C2H8N4    ,      4081,           389,            3692, 0.09531977456505758  , partial
ccsd(t)_cbs.energy, C3H1N3O1  ,      2697,           388,            2309, 0.14386355209492027  , partial
ccsd(t)_cbs.energy, C4H3N3    ,      3602,           388,            3214, 0.10771793448084398  , partial
ccsd(t)_cbs.energy, C4H4O3    ,      4054,           386,            3668, 0.09521460286137148  , partial
ccsd(t)_cbs.energy, C4H7N1    ,      7893,           384,            7509, 0.04865070315469403  , partial
ccsd(t)_cbs.energy, C3H7N5O1  ,      2743,           381,            2362, 0.13889901567626686  , partial
ccsd(t)_cbs.energy, C4H8O3    ,      3546,           381,            3165, 0.10744500846023688  , partial
ccsd(t)_cbs.energy, C5H10O3   ,      3301,           378,            2923, 0.11451075431687367  , partial
ccsd(t)_cbs.energy, C4H4O1    ,      3756,           376,            3380, 0.10010649627263046  , partial
ccsd(t)_cbs.energy, C3H1N3O2  ,      2569,           373,            2196, 0.14519268197742313  , partial
ccsd(t)_cbs.energy, C6H7N3    ,      2882,           373,            2509, 0.1294240111034004   , partial
ccsd(t)_cbs.energy, H3N1O1    ,      1861,           372,            1489, 0.199892530897367    , partial
ccsd(t)_cbs.energy, C2H1N1O2  ,      1984,           372,            1612, 0.1875               , partial
ccsd(t)_cbs.energy, C4H3N3O2  ,      2716,           371,            2345, 0.13659793814432988  , partial
ccsd(t)_cbs.energy, C3H4N4O2  ,      2757,           369,            2388, 0.1338411316648531   , partial
ccsd(t)_cbs.energy, C5H7N1O3  ,      2716,           364,            2352, 0.13402061855670103  , partial
ccsd(t)_cbs.energy, C5H4N2    ,      3460,           364,            3096, 0.10520231213872833  , partial
ccsd(t)_cbs.energy, C1H5N3O2  ,      2538,           362,            2176, 0.1426319936958235   , partial
ccsd(t)_cbs.energy, C3H8O2    ,      4972,           362,            4610, 0.07280772325020113  , partial
ccsd(t)_cbs.energy, C4H5N5    ,      2419,           361,            2058, 0.14923522116577098  , partial
ccsd(t)_cbs.energy, C4H9N5    ,      3087,           360,            2727, 0.11661807580174927  , partial
ccsd(t)_cbs.energy, C10H8N2   ,      3745,           359,            3386, 0.0958611481975968   , partial
ccsd(t)_cbs.energy, C4H11N1O1 ,      4856,           359,            4497, 0.07392915980230642  , partial
ccsd(t)_cbs.energy, C9H8N2O1  ,      4004,           358,            3646, 0.08941058941058941  , partial
ccsd(t)_cbs.energy, C6H11N1O2 ,      2953,           356,            2597, 0.1205553674229597   , partial
ccsd(t)_cbs.energy, C7H7N1O1  ,      3762,           352,            3410, 0.0935672514619883   , partial
ccsd(t)_cbs.energy, C8H7N3    ,      3985,           352,            3633, 0.08833124215809285  , partial
ccsd(t)_cbs.energy, C2H5N1    ,      2903,           351,            2552, 0.1209094040647606   , partial
ccsd(t)_cbs.energy, C3H10N4O1 ,      3251,           351,            2900, 0.10796677945247617  , partial
ccsd(t)_cbs.energy, C6H10O3   ,      2777,           350,            2427, 0.12603528988116672  , partial
ccsd(t)_cbs.energy, C4H9N3O2  ,      2808,           349,            2459, 0.12428774928774929  , partial
ccsd(t)_cbs.energy, C10H8O2   ,      3039,           349,            2690, 0.1148404080289569   , partial
ccsd(t)_cbs.energy, C1H1N3O3  ,      1571,           347,            1224, 0.22087842138765118  , partial
ccsd(t)_cbs.energy, C6H8O3    ,      2685,           347,            2338, 0.1292364990689013   , partial
ccsd(t)_cbs.energy, C4H10O2   ,      3711,           339,            3372, 0.09135004042037187  , partial
ccsd(t)_cbs.energy, C2H6O2    ,      3961,           334,            3627, 0.08432214087351679  , partial
ccsd(t)_cbs.energy, C4H11N3O1 ,      3411,           331,            3080, 0.0970389914980944   , partial
ccsd(t)_cbs.energy, C3H7N1    ,      7573,           331,            7242, 0.0437079096791232   , partial
ccsd(t)_cbs.energy, C5H3N1O1  ,      3014,           330,            2684, 0.10948905109489052  , partial
ccsd(t)_cbs.energy, C3H3N5O1  ,      2202,           328,            1874, 0.14895549500454133  , partial
ccsd(t)_cbs.energy, C5H10N2O3 ,      2842,           328,            2514, 0.11541168191414497  , partial
ccsd(t)_cbs.energy, C6H5N1O2  ,      2673,           327,            2346, 0.122334455667789    , partial
ccsd(t)_cbs.energy, C5H8      ,      7614,           321,            7293, 0.042159180457052796 , partial
ccsd(t)_cbs.energy, C1H5N1    ,      2127,           312,            1815, 0.1466854724964739   , partial
ccsd(t)_cbs.energy, C9H7N1O2  ,      3002,           312,            2690, 0.1039307128580946   , partial
ccsd(t)_cbs.energy, C2H8N4O2  ,      2272,           311,            1961, 0.1368838028169014   , partial
ccsd(t)_cbs.energy, C9H7N1O1  ,      4466,           308,            4158, 0.06896551724137931  , partial
ccsd(t)_cbs.energy, C3H9N1O1  ,      5104,           308,            4796, 0.0603448275862069   , partial
ccsd(t)_cbs.energy, C1H2N4O3  ,      1810,           306,            1504, 0.16906077348066298  , partial
ccsd(t)_cbs.energy, C7H13N1   ,      8079,           306,            7773, 0.037875974749350165 , partial
ccsd(t)_cbs.energy, H2O2      ,      1436,           303,            1133, 0.21100278551532034  , partial
ccsd(t)_cbs.energy, C6H5N3    ,      2083,           302,            1781, 0.14498319731156986  , partial
ccsd(t)_cbs.energy, C8H7N3O1  ,      2285,           302,            1983, 0.13216630196936544  , partial
ccsd(t)_cbs.energy, C6H6      ,      2836,           300,            2536, 0.10578279266572638  , partial
ccsd(t)_cbs.energy, C8H8O4    ,      2649,           296,            2353, 0.11174027935069837  , partial
ccsd(t)_cbs.energy, C7H10     ,      2835,           296,            2539, 0.10440917107583775  , partial
ccsd(t)_cbs.energy, C8H6N2O1  ,      3383,           293,            3090, 0.08660951817913094  , partial
ccsd(t)_cbs.energy, C6H7N3O1  ,      3886,           293,            3593, 0.07539886773031394  , partial
ccsd(t)_cbs.energy, C6H6O3    ,      2507,           292,            2215, 0.11647387315516554  , partial
ccsd(t)_cbs.energy, C8H7N1O2  ,      2833,           292,            2541, 0.10307094952347334  , partial
ccsd(t)_cbs.energy, C3H8N2O3  ,      2347,           290,            2057, 0.12356199403493821  , partial
ccsd(t)_cbs.energy, C7H8N2    ,      2383,           282,            2101, 0.11833822912295426  , partial
ccsd(t)_cbs.energy, C2H2O2    ,      1991,           281,            1710, 0.1411351079859367   , partial
ccsd(t)_cbs.energy, C2H6      ,      1836,           280,            1556, 0.15250544662309368  , partial
ccsd(t)_cbs.energy, C8H9N1O1  ,      2937,           280,            2657, 0.09533537623425264  , partial
ccsd(t)_cbs.energy, C5H5N1    ,      2994,           280,            2714, 0.09352037408149633  , partial
ccsd(t)_cbs.energy, C2H5N1O3  ,      2044,           277,            1767, 0.13551859099804306  , partial
ccsd(t)_cbs.energy, C6H10O4   ,      2669,           277,            2392, 0.10378418883476957  , partial
ccsd(t)_cbs.energy, C3H2O3    ,      1516,           273,            1243, 0.18007915567282323  , partial
ccsd(t)_cbs.energy, C3H2N4O2  ,      1364,           271,            1093, 0.19868035190615835  , partial
ccsd(t)_cbs.energy, C6H5N1O3  ,      2259,           271,            1988, 0.11996458610004426  , partial
ccsd(t)_cbs.energy, C5H9N1O4  ,      1889,           269,            1620, 0.1424033880359979   , partial
ccsd(t)_cbs.energy, C1H4N2O3  ,      1703,           268,            1435, 0.15736934820904286  , partial
ccsd(t)_cbs.energy, C6H7N1    ,      2962,           268,            2694, 0.09047940580688724  , partial
ccsd(t)_cbs.energy, C4H4N2O3  ,      2036,           267,            1769, 0.13113948919449903  , partial
ccsd(t)_cbs.energy, C4H7N1O4  ,      2108,           265,            1843, 0.12571157495256166  , partial
ccsd(t)_cbs.energy, C1H4N6    ,      1808,           262,            1546, 0.14491150442477876  , partial
ccsd(t)_cbs.energy, C4H3N1    ,      2134,           260,            1874, 0.1218369259606373   , partial
ccsd(t)_cbs.energy, H8O4      ,      2632,           260,            2372, 0.09878419452887538  , partial
ccsd(t)_cbs.energy, C10H9N1   ,      3177,           256,            2921, 0.08057916273213724  , partial
ccsd(t)_cbs.energy, C4H2      ,      1495,           255,            1240, 0.1705685618729097   , partial
ccsd(t)_cbs.energy, C3H1N1O3  ,      1428,           254,            1174, 0.17787114845938376  , partial
ccsd(t)_cbs.energy, C2H3N1O1  ,      1774,           254,            1520, 0.14317925591882752  , partial
ccsd(t)_cbs.energy, C3H2O1    ,      1223,           253,             970, 0.20686835650040883  , partial
ccsd(t)_cbs.energy, C7H8N2O1  ,      2862,           251,            2611, 0.08770090845562543  , partial
ccsd(t)_cbs.energy, C3H6      ,      3834,           249,            3585, 0.0649452269170579   , partial
ccsd(t)_cbs.energy, C2H2O4    ,      1205,           245,             960, 0.2033195020746888   , partial
ccsd(t)_cbs.energy, C3H4N6    ,      1483,           245,            1238, 0.16520566419420094  , partial
ccsd(t)_cbs.energy, C3H1N1    ,      1251,           241,            1010, 0.1926458832933653   , partial
ccsd(t)_cbs.energy, C4H8O4    ,      1802,           238,            1564, 0.1320754716981132   , partial
ccsd(t)_cbs.energy, C3H7N3O3  ,      1649,           237,            1412, 0.14372346876895087  , partial
ccsd(t)_cbs.energy, C7H9N1O2  ,      1911,           236,            1675, 0.12349555206698064  , partial
ccsd(t)_cbs.energy, C3H3N3O3  ,      1723,           234,            1489, 0.13580963435867674  , partial
ccsd(t)_cbs.energy, C4H4      ,      1781,           233,            1548, 0.1308253790005615   , partial
ccsd(t)_cbs.energy, C3H5N3O3  ,      1786,           233,            1553, 0.13045912653975364  , partial
ccsd(t)_cbs.energy, C5H5N1O3  ,      1914,           231,            1683, 0.1206896551724138   , partial
ccsd(t)_cbs.energy, C8H6N2O2  ,      1998,           226,            1772, 0.11311311311311312  , partial
ccsd(t)_cbs.energy, C8H8N2O1  ,      2003,           225,            1778, 0.11233150274588118  , partial
ccsd(t)_cbs.energy, C7H8N4    ,      1738,           224,            1514, 0.12888377445339472  , partial
ccsd(t)_cbs.energy, C2H8N4O1  ,      1921,           224,            1697, 0.1166059344091619   , partial
ccsd(t)_cbs.energy, C7H8O4    ,      2129,           224,            1905, 0.10521371535932363  , partial
ccsd(t)_cbs.energy, C7H6O4    ,      1844,           222,            1622, 0.12039045553145336  , partial
ccsd(t)_cbs.energy, C8H9N3    ,      1747,           220,            1527, 0.12593016599885518  , partial
ccsd(t)_cbs.energy, C4H2N2    ,      1425,           219,            1206, 0.15368421052631578  , partial
ccsd(t)_cbs.energy, H3N1      ,      1104,           217,             887, 0.19655797101449277  , partial
ccsd(t)_cbs.energy, C6H6N4O1  ,      1568,           217,            1351, 0.13839285714285715  , partial
ccsd(t)_cbs.energy, C8H9N1    ,      1739,           217,            1522, 0.12478435882691202  , partial
ccsd(t)_cbs.energy, C8H8O1    ,      1796,           216,            1580, 0.12026726057906459  , partial
ccsd(t)_cbs.energy, C10H10N2  ,      5024,           214,            4810, 0.04259554140127388  , partial
ccsd(t)_cbs.energy, C1H6N4O1  ,      1603,           210,            1393, 0.13100436681222707  , partial
ccsd(t)_cbs.energy, C1H4O1    ,      1684,           207,            1477, 0.12292161520190023  , partial
ccsd(t)_cbs.energy, C6H9N3O2  ,      2112,           205,            1907, 0.09706439393939394  , partial
ccsd(t)_cbs.energy, C3H2N2    ,      1140,           204,             936, 0.17894736842105263  , partial
ccsd(t)_cbs.energy, C9H9N1O1  ,      1958,           204,            1754, 0.1041879468845761   , partial
ccsd(t)_cbs.energy, C3H4O1    ,      3141,           204,            2937, 0.06494746895893028  , partial
ccsd(t)_cbs.energy, C2H7N1    ,      3604,           204,            3400, 0.05660377358490566  , partial
ccsd(t)_cbs.energy, C6H12O2   ,      1966,           202,            1764, 0.10274669379450661  , partial
ccsd(t)_cbs.energy, C4H1N3O1  ,      1009,           198,             811, 0.1962338949454906   , partial
ccsd(t)_cbs.energy, C3H8N4O2  ,      1510,           198,            1312, 0.13112582781456952  , partial
ccsd(t)_cbs.energy, C3H6N6    ,      1602,           198,            1404, 0.12359550561797752  , partial
ccsd(t)_cbs.energy, C4H1N1O3  ,      1020,           196,             824, 0.19215686274509805  , partial
ccsd(t)_cbs.energy, C6H4      ,      1170,           196,             974, 0.1675213675213675   , partial
ccsd(t)_cbs.energy, C7H7N3O1  ,      1695,           196,            1499, 0.11563421828908554  , partial
ccsd(t)_cbs.energy, C5H13N1   ,      3376,           196,            3180, 0.058056872037914695 , partial
ccsd(t)_cbs.energy, C5H3N1    ,      1248,           192,            1056, 0.15384615384615385  , partial
ccsd(t)_cbs.energy, C2H1N1O1  ,      1357,           192,            1165, 0.1414885777450258   , partial
ccsd(t)_cbs.energy, C7H7N1O4  ,      1709,           192,            1517, 0.11234640140433001  , partial
ccsd(t)_cbs.energy, C2H6O1    ,      3031,           191,            2840, 0.06301550643352029  , partial
ccsd(t)_cbs.energy, C5H6      ,      5693,           191,            5502, 0.03354997365185315  , partial
ccsd(t)_cbs.energy, C5H9N1O3  ,      1361,           189,            1172, 0.13886847905951505  , partial
ccsd(t)_cbs.energy, H1N1O1    ,       682,           188,             494, 0.2756598240469208   , partial
ccsd(t)_cbs.energy, C5H6O4    ,      1483,           188,            1295, 0.126770060687795    , partial
ccsd(t)_cbs.energy, C8H6O2    ,      1836,           188,            1648, 0.10239651416122005  , partial
ccsd(t)_cbs.energy, N2        ,       511,           187,             324, 0.3659491193737769   , partial
ccsd(t)_cbs.energy, C8H9N1O2  ,      1753,           187,            1566, 0.10667427267541357  , partial
ccsd(t)_cbs.energy, H6O3      ,      1755,           186,            1569, 0.10598290598290598  , partial
ccsd(t)_cbs.energy, C8H6      ,      1364,           185,            1179, 0.13563049853372433  , partial
ccsd(t)_cbs.energy, C5H10O2   ,      1887,           185,            1702, 0.09803921568627451  , partial
ccsd(t)_cbs.energy, C5H8O4    ,      1211,           184,            1027, 0.15194054500412882  , partial
ccsd(t)_cbs.energy, C3H8O3    ,      1430,           184,            1246, 0.12867132867132866  , partial
ccsd(t)_cbs.energy, C3H2O4    ,      1330,           183,            1147, 0.13759398496240602  , partial
ccsd(t)_cbs.energy, C8H8N2O2  ,      1444,           183,            1261, 0.12673130193905818  , partial
ccsd(t)_cbs.energy, C5H12O1   ,      2458,           183,            2275, 0.07445077298616762  , partial
ccsd(t)_cbs.energy, C2N2      ,      1006,           182,             824, 0.18091451292246521  , partial
ccsd(t)_cbs.energy, H2N2O3    ,       806,           180,             626, 0.22332506203473945  , partial
ccsd(t)_cbs.energy, C3H10N4   ,      1721,           179,            1542, 0.10400929692039512  , partial
ccsd(t)_cbs.energy, C7H6O2    ,      1554,           177,            1377, 0.1138996138996139   , partial
ccsd(t)_cbs.energy, C3H9N1    ,      4301,           176,            4125, 0.04092071611253197  , partial
ccsd(t)_cbs.energy, C4H2O3    ,      1132,           175,             957, 0.15459363957597172  , partial
ccsd(t)_cbs.energy, C7H9N3    ,      1387,           175,            1212, 0.12617159336697908  , partial
ccsd(t)_cbs.energy, C8H8N4    ,      1647,           175,            1472, 0.10625379477838494  , partial
ccsd(t)_cbs.energy, C7H12     ,      1655,           174,            1481, 0.10513595166163142  , partial
ccsd(t)_cbs.energy, C2H4N6O1  ,      1141,           173,             968, 0.1516213847502191   , partial
ccsd(t)_cbs.energy, C5H5N5    ,      1248,           173,            1075, 0.13862179487179488  , partial
ccsd(t)_cbs.energy, C1H4      ,      1376,           173,            1203, 0.1257267441860465   , partial
ccsd(t)_cbs.energy, C3H2N4    ,      1444,           173,            1271, 0.11980609418282548  , partial
ccsd(t)_cbs.energy, C6H13N1O4 ,      4857,           173,            4684, 0.03561869466749022  , partial
ccsd(t)_cbs.energy, C7H6O3    ,      1235,           172,            1063, 0.13927125506072874  , partial
ccsd(t)_cbs.energy, C7H7N1O2  ,      1527,           172,            1355, 0.11263916175507531  , partial
ccsd(t)_cbs.energy, C7H6N4    ,      1321,           171,            1150, 0.12944738834216502  , partial
ccsd(t)_cbs.energy, C4H2O4    ,      1360,           171,            1189, 0.12573529411764706  , partial
ccsd(t)_cbs.energy, C6H6N4    ,      1510,           171,            1339, 0.11324503311258279  , partial
ccsd(t)_cbs.energy, C5H4N4    ,      1162,           170,             992, 0.14629948364888123  , partial
ccsd(t)_cbs.energy, C9H11N1O1 ,      2782,           170,            2612, 0.06110711718188354  , partial
ccsd(t)_cbs.energy, C3H2O5    ,      1002,           169,             833, 0.1686626746506986   , partial
ccsd(t)_cbs.energy, H5N1O2    ,      1636,           169,            1467, 0.10330073349633252  , partial
ccsd(t)_cbs.energy, C2H1N1O4  ,      1120,           168,             952, 0.15                 , partial
ccsd(t)_cbs.energy, C5H8N4O2  ,      1335,           168,            1167, 0.1258426966292135   , partial
ccsd(t)_cbs.energy, C4H12N2   ,      2710,           168,            2542, 0.06199261992619926  , partial
ccsd(t)_cbs.energy, C7H6N2O2  ,      1097,           167,             930, 0.15223336371923427  , partial
ccsd(t)_cbs.energy, C1H2O1    ,      1206,           167,            1039, 0.1384742951907131   , partial
ccsd(t)_cbs.energy, C3H8O1    ,      3409,           166,            3243, 0.04869463185684952  , partial
ccsd(t)_cbs.energy, C4H11N1   ,      5506,           166,            5340, 0.030148928441699963 , partial
ccsd(t)_cbs.energy, C3H1N1O2  ,      1073,           165,             908, 0.15377446411929171  , partial
ccsd(t)_cbs.energy, C6H7N5    ,      1547,           165,            1382, 0.10665804783451842  , partial
ccsd(t)_cbs.energy, C7H8      ,      1968,           165,            1803, 0.08384146341463415  , partial
ccsd(t)_cbs.energy, C3H4O4    ,      1142,           163,             979, 0.14273204903677758  , partial
ccsd(t)_cbs.energy, H4N2O1    ,      1329,           162,            1167, 0.12189616252821671  , partial
ccsd(t)_cbs.energy, C2H3N5O2  ,      1018,           159,             859, 0.15618860510805502  , partial
ccsd(t)_cbs.energy, C6H10N2O2 ,      1517,           159,            1358, 0.10481212920237311  , partial
ccsd(t)_cbs.energy, C5H4      ,      1882,           159,            1723, 0.0844845908607864   , partial
ccsd(t)_cbs.energy, C7H12N2O5 ,      2036,           159,            1877, 0.07809430255402751  , partial
ccsd(t)_cbs.energy, C6H8N2O2  ,      1156,           156,            1000, 0.13494809688581316  , partial
ccsd(t)_cbs.energy, C2H2O3    ,      1385,           156,            1229, 0.11263537906137185  , partial
ccsd(t)_cbs.energy, C9H6O3    ,      1470,           155,            1315, 0.1054421768707483   , partial
ccsd(t)_cbs.energy, C3H11N3   ,      1081,           153,             928, 0.14153561517113783  , partial
ccsd(t)_cbs.energy, C2H6N2O3  ,      1273,           153,            1120, 0.1201885310290652   , partial
ccsd(t)_cbs.energy, C3H4      ,      1699,           153,            1546, 0.09005297233666863  , partial
ccsd(t)_cbs.energy, C5H6N6    ,      1143,           152,             991, 0.13298337707786526  , partial
ccsd(t)_cbs.energy, C6H13N1O2 ,      3615,           152,            3463, 0.04204702627939143  , partial
ccsd(t)_cbs.energy, H5N1O1    ,      1608,           151,            1457, 0.09390547263681592  , partial
ccsd(t)_cbs.energy, C5H12O2   ,      1621,           151,            1470, 0.0931523750771129   , partial
ccsd(t)_cbs.energy, C2H9N5O1  ,      1386,           149,            1237, 0.1075036075036075   , partial
ccsd(t)_cbs.energy, C9H6O2    ,      1367,           148,            1219, 0.10826627651792246  , partial
ccsd(t)_cbs.energy, C6H5N3O1  ,      1387,           148,            1239, 0.10670511896178803  , partial
ccsd(t)_cbs.energy, C3H1N1O4  ,       715,           147,             568, 0.2055944055944056   , partial
ccsd(t)_cbs.energy, C1H5N1O1  ,      1289,           147,            1142, 0.11404189294026378  , partial
ccsd(t)_cbs.energy, C7H8N2O3  ,      1332,           147,            1185, 0.11036036036036036  , partial
ccsd(t)_cbs.energy, C6H7N5O1  ,      1053,           146,             907, 0.13865147198480532  , partial
ccsd(t)_cbs.energy, C4H10N2O3 ,      1133,           146,             987, 0.12886142983230361  , partial
ccsd(t)_cbs.energy, C3H9N5O1  ,      1198,           146,            1052, 0.12186978297161936  , partial
ccsd(t)_cbs.energy, C7H12N2   ,     10277,           146,           10131, 0.014206480490415492 , partial
ccsd(t)_cbs.energy, C8H10O2   ,      1227,           145,            1082, 0.11817440912795436  , partial
ccsd(t)_cbs.energy, C9H10     ,      1270,           145,            1125, 0.1141732283464567   , partial
ccsd(t)_cbs.energy, C6H12O1   ,      1358,           145,            1213, 0.10677466863033873  , partial
ccsd(t)_cbs.energy, C8H12N2O2 ,      2998,           145,            2853, 0.04836557705136758  , partial
ccsd(t)_cbs.energy, C4H10O1   ,      4716,           145,            4571, 0.030746395250212045 , partial
ccsd(t)_cbs.energy, C4H11N5   ,      1137,           144,             993, 0.1266490765171504   , partial
ccsd(t)_cbs.energy, C7H5N1O1  ,      1327,           144,            1183, 0.10851544837980406  , partial
ccsd(t)_cbs.energy, C6H9N3O1  ,      1503,           144,            1359, 0.09580838323353294  , partial
ccsd(t)_cbs.energy, C8H7N1O3  ,      1342,           143,            1199, 0.10655737704918032  , partial
ccsd(t)_cbs.energy, C4H8N4O2  ,       972,           142,             830, 0.14609053497942387  , partial
ccsd(t)_cbs.energy, C5H6N4O1  ,      1074,           142,             932, 0.13221601489757914  , partial
ccsd(t)_cbs.energy, C1H7N1O1  ,      1294,           142,            1152, 0.10973724884080371  , partial
ccsd(t)_cbs.energy, C4H10     ,      2345,           142,            2203, 0.06055437100213219  , partial
ccsd(t)_cbs.energy, C5H2O1    ,       664,           140,             524, 0.21084337349397592  , partial
ccsd(t)_cbs.energy, C3H8N6    ,      1128,           140,             988, 0.12411347517730496  , partial
ccsd(t)_cbs.energy, C1H5N7    ,      1186,           140,            1046, 0.11804384485666104  , partial
ccsd(t)_cbs.energy, C4H11N3O2 ,      1300,           139,            1161, 0.10692307692307693  , partial
ccsd(t)_cbs.energy, C5H2O3    ,       757,           138,             619, 0.18229854689564068  , partial
ccsd(t)_cbs.energy, C6H8N2O3  ,       848,           138,             710, 0.16273584905660377  , partial
ccsd(t)_cbs.energy, C7H6N2    ,      1103,           138,             965, 0.12511332728921123  , partial
ccsd(t)_cbs.energy, C2H7N1O1  ,      2207,           137,            2070, 0.06207521522428636  , partial
ccsd(t)_cbs.energy, C1O2      ,       531,           134,             397, 0.2523540489642185   , partial
ccsd(t)_cbs.energy, C2N4O2    ,       687,           134,             553, 0.1950509461426492   , partial
ccsd(t)_cbs.energy, C6H7N3O2  ,      1117,           134,             983, 0.11996418979409132  , partial
ccsd(t)_cbs.energy, C7H5N1    ,      1447,           134,            1313, 0.09260539046302695  , partial
ccsd(t)_cbs.energy, C10H8O1   ,      1809,           134,            1675, 0.07407407407407407  , partial
ccsd(t)_cbs.energy, C6H8N4O1  ,       911,           133,             778, 0.145993413830955    , partial
ccsd(t)_cbs.energy, C6H10N2O5 ,      1391,           133,            1258, 0.09561466570812366  , partial
ccsd(t)_cbs.energy, C2H8N2    ,      1882,           132,            1750, 0.07013815090329437  , partial
ccsd(t)_cbs.energy, C3H5N1    ,      2605,           132,            2473, 0.050671785028790786 , partial
ccsd(t)_cbs.energy, C4H6      ,      3209,           132,            3077, 0.04113430975381739  , partial
ccsd(t)_cbs.energy, C7H9N1O3  ,      1035,           131,             904, 0.12657004830917876  , partial
ccsd(t)_cbs.energy, C4H11N3   ,      1258,           131,            1127, 0.1041335453100159   , partial
ccsd(t)_cbs.energy, C7H4O1    ,      1316,           131,            1185, 0.09954407294832827  , partial
ccsd(t)_cbs.energy, C3H7N3O4  ,       836,           130,             706, 0.15550239234449761  , partial
ccsd(t)_cbs.energy, C10H7N1O2 ,      1076,           129,             947, 0.11988847583643122  , partial
ccsd(t)_cbs.energy, C7H7N3O2  ,      1122,           129,             993, 0.11497326203208556  , partial
ccsd(t)_cbs.energy, C7H5N3O2  ,      1161,           129,            1032, 0.1111111111111111   , partial
ccsd(t)_cbs.energy, H6N2O1    ,      1261,           129,            1132, 0.10229976209357652  , partial
ccsd(t)_cbs.energy, C5H3N3O1  ,       822,           128,             694, 0.15571776155717762  , partial
ccsd(t)_cbs.energy, C7H5N1O4  ,       974,           128,             846, 0.13141683778234087  , partial
ccsd(t)_cbs.energy, C3H10N2   ,      2504,           128,            2376, 0.051118210862619806 , partial
ccsd(t)_cbs.energy, C5H7N5O2  ,       826,           127,             699, 0.15375302663438256  , partial
ccsd(t)_cbs.energy, C4H1N1O1  ,      1030,           127,             903, 0.12330097087378641  , partial
ccsd(t)_cbs.energy, C8H6O4    ,      1108,           127,             981, 0.11462093862815885  , partial
ccsd(t)_cbs.energy, C4N2      ,       698,           126,             572, 0.18051575931232092  , partial
ccsd(t)_cbs.energy, C4H2N2O3  ,       584,           125,             459, 0.21404109589041095  , partial
ccsd(t)_cbs.energy, C1N2O3    ,       592,           125,             467, 0.21114864864864866  , partial
ccsd(t)_cbs.energy, C7H8N4O1  ,       953,           124,             829, 0.13011542497376705  , partial
ccsd(t)_cbs.energy, C9H15N3O6 ,      2111,           124,            1987, 0.05873993368072004  , partial
ccsd(t)_cbs.energy, C6H12N2O1 ,      6066,           124,            5942, 0.02044180679195516  , partial
ccsd(t)_cbs.energy, C6H4N2O1  ,       940,           123,             817, 0.13085106382978723  , partial
ccsd(t)_cbs.energy, C2N2O4    ,       617,           122,             495, 0.19773095623987033  , partial
ccsd(t)_cbs.energy, C12H10    ,      1431,           122,            1309, 0.08525506638714186  , partial
ccsd(t)_cbs.energy, C3H11N5   ,      1064,           121,             943, 0.1137218045112782   , partial
ccsd(t)_cbs.energy, H2O1      ,       675,           120,             555, 0.17777777777777778  , partial
ccsd(t)_cbs.energy, C3H2O2    ,       982,           120,             862, 0.12219959266802444  , partial
ccsd(t)_cbs.energy, C9H10N2O1 ,      2302,           120,            2182, 0.052128583840139006 , partial
ccsd(t)_cbs.energy, C4H3N1O4  ,       586,           117,             469, 0.19965870307167236  , partial
ccsd(t)_cbs.energy, C4H6N4O2  ,       784,           117,             667, 0.14923469387755103  , partial
ccsd(t)_cbs.energy, C5H10O5   ,       985,           117,             868, 0.11878172588832488  , partial
ccsd(t)_cbs.energy, C1H7N5    ,       868,           116,             752, 0.1336405529953917   , partial
ccsd(t)_cbs.energy, C5H5N5O1  ,       871,           116,             755, 0.13318025258323765  , partial
ccsd(t)_cbs.energy, C7H3N1    ,       752,           115,             637, 0.1529255319148936   , partial
ccsd(t)_cbs.energy, C3H9N1O2  ,      1077,           115,             962, 0.10677808727948004  , partial
ccsd(t)_cbs.energy, C8H14N2O6 ,      2020,           114,            1906, 0.05643564356435644  , partial
ccsd(t)_cbs.energy, C5H7N5O1  ,       751,           113,             638, 0.15046604527296936  , partial
ccsd(t)_cbs.energy, C10H9N1O2 ,      2466,           113,            2353, 0.045823195458231956 , partial
ccsd(t)_cbs.energy, C8H10N2O1 ,      1700,           112,            1588, 0.06588235294117648  , partial
ccsd(t)_cbs.energy, C3H6N2O4  ,       785,           111,             674, 0.14140127388535031  , partial
ccsd(t)_cbs.energy, C4H4N4O3  ,       798,           111,             687, 0.13909774436090225  , partial
ccsd(t)_cbs.energy, C6H12N2O4 ,      2515,           111,            2404, 0.04413518886679921  , partial
ccsd(t)_cbs.energy, C3H6N6O3  ,       676,           110,             566, 0.16272189349112426  , partial
ccsd(t)_cbs.energy, C4H6N6O1  ,       676,           110,             566, 0.16272189349112426  , partial
ccsd(t)_cbs.energy, C1H6N2O1  ,       755,           110,             645, 0.1456953642384106   , partial
ccsd(t)_cbs.energy, H4N2O2    ,       832,           109,             723, 0.1310096153846154   , partial
ccsd(t)_cbs.energy, C2H3N1    ,      1133,           109,            1024, 0.09620476610767872  , partial
ccsd(t)_cbs.energy, C6H6O4    ,       809,           108,             701, 0.1334981458590853   , partial
ccsd(t)_cbs.energy, C2H1N1O3  ,       588,           107,             481, 0.18197278911564627  , partial
ccsd(t)_cbs.energy, H3N1O2    ,       975,           107,             868, 0.10974358974358975  , partial
ccsd(t)_cbs.energy, C6H5N1    ,      1158,           107,            1051, 0.0924006908462867   , partial
ccsd(t)_cbs.energy, C7H14N2   ,      4672,           107,            4565, 0.022902397260273974 , partial
ccsd(t)_cbs.energy, C6H8N4    ,       673,           106,             567, 0.1575037147102526   , partial
ccsd(t)_cbs.energy, C6H8N4O2  ,       763,           106,             657, 0.13892529488859764  , partial
ccsd(t)_cbs.energy, C3H10N2O2 ,       911,           106,             805, 0.1163556531284303   , partial
ccsd(t)_cbs.energy, H16O8     ,      1767,           106,            1661, 0.05998868138087153  , partial
ccsd(t)_cbs.energy, C2H3N1O4  ,       648,           105,             543, 0.16203703703703703  , partial
ccsd(t)_cbs.energy, C5H10N2O4 ,      1400,           105,            1295, 0.075                , partial
ccsd(t)_cbs.energy, C4H4O6    ,       515,           104,             411, 0.20194174757281552  , partial
ccsd(t)_cbs.energy, C2N4O1    ,       647,           103,             544, 0.15919629057187018  , partial
ccsd(t)_cbs.energy, C1N4O3    ,       676,           103,             573, 0.15236686390532544  , partial
ccsd(t)_cbs.energy, C8H8N2    ,       783,           102,             681, 0.13026819923371646  , partial
ccsd(t)_cbs.energy, C4H10O3   ,       787,           102,             685, 0.12960609911054638  , partial
ccsd(t)_cbs.energy, C6H9N1O4  ,       795,           102,             693, 0.12830188679245283  , partial
ccsd(t)_cbs.energy, C8H5N1O3  ,       821,           102,             719, 0.12423873325213154  , partial
ccsd(t)_cbs.energy, C1H6N4O2  ,       854,           102,             752, 0.11943793911007025  , partial
ccsd(t)_cbs.energy, C8H6O3    ,      1056,           102,             954, 0.09659090909090909  , partial
ccsd(t)_cbs.energy, C3H1N5    ,       537,           101,             436, 0.18808193668528864  , partial
ccsd(t)_cbs.energy, C3N2O1    ,       644,           101,             543, 0.15683229813664595  , partial
ccsd(t)_cbs.energy, C10H13N1  ,      2540,           101,            2439, 0.03976377952755906  , partial
ccsd(t)_cbs.energy, C4H2O2    ,       656,           100,             556, 0.1524390243902439   , partial
ccsd(t)_cbs.energy, C2H1N5    ,       686,           100,             586, 0.1457725947521866   , partial
ccsd(t)_cbs.energy, C9H8N2O2  ,      1626,            99,            1527, 0.06088560885608856  , partial
ccsd(t)_cbs.energy, C2H5N5O2  ,       521,            98,             423, 0.18809980806142035  , partial
ccsd(t)_cbs.energy, C9H8O3    ,       844,            98,             746, 0.11611374407582939  , partial
ccsd(t)_cbs.energy, C4H5N1O4  ,       682,            97,             585, 0.14222873900293256  , partial
ccsd(t)_cbs.energy, C12H24N2O3,      1323,            97,            1226, 0.07331821617535904  , partial
ccsd(t)_cbs.energy, C6H13N1O3 ,      1788,            97,            1691, 0.05425055928411633  , partial
ccsd(t)_cbs.energy, C9H12     ,      2619,            97,            2522, 0.037037037037037035 , partial
ccsd(t)_cbs.energy, O2        ,       360,            96,             264, 0.26666666666666666  , partial
ccsd(t)_cbs.energy, C7H9N3O1  ,       735,            96,             639, 0.1306122448979592   , partial
ccsd(t)_cbs.energy, C2H9N5    ,       858,            96,             762, 0.11188811188811189  , partial
ccsd(t)_cbs.energy, C2H4      ,      1957,            96,            1861, 0.04905467552376086  , partial
ccsd(t)_cbs.energy, C1O1      ,       457,            95,             362, 0.20787746170678337  , partial
ccsd(t)_cbs.energy, C1H1N5O2  ,       492,            95,             397, 0.19308943089430894  , partial
ccsd(t)_cbs.energy, C8H13N1   ,      5850,            95,            5755, 0.01623931623931624  , partial
ccsd(t)_cbs.energy, C7H5N1O3  ,       704,            93,             611, 0.13210227272727273  , partial
ccsd(t)_cbs.energy, C4H3N5    ,       503,            92,             411, 0.18290258449304175  , partial
ccsd(t)_cbs.energy, C3H4O5    ,       650,            92,             558, 0.14153846153846153  , partial
ccsd(t)_cbs.energy, C1H4N4O2  ,       670,            92,             578, 0.1373134328358209   , partial
ccsd(t)_cbs.energy, C4H4O5    ,       730,            92,             638, 0.12602739726027398  , partial
ccsd(t)_cbs.energy, C6H9N1O3  ,       849,            92,             757, 0.10836277974087162  , partial
ccsd(t)_cbs.energy, C4H11N1O2 ,       965,            92,             873, 0.09533678756476684  , partial
ccsd(t)_cbs.energy, C9H12N2O1 ,      2140,            92,            2048, 0.04299065420560748  , partial
ccsd(t)_cbs.energy, H5N3O1    ,       664,            91,             573, 0.13704819277108435  , partial
ccsd(t)_cbs.energy, C7H13N3   ,      1399,            91,            1308, 0.06504646175839886  , partial
ccsd(t)_cbs.energy, C7H10N2O3 ,      1722,            91,            1631, 0.052845528455284556 , partial
ccsd(t)_cbs.energy, H3N3O1    ,       518,            90,             428, 0.17374517374517376  , partial
ccsd(t)_cbs.energy, C7H6N2O1  ,       593,            90,             503, 0.15177065767284992  , partial
ccsd(t)_cbs.energy, C6H13N3   ,      4681,            90,            4591, 0.019226660969878233 , partial
ccsd(t)_cbs.energy, O3        ,       552,            89,             463, 0.161231884057971    , partial
ccsd(t)_cbs.energy, C5H3N1O3  ,       806,            89,             717, 0.11042183622828784  , partial
ccsd(t)_cbs.energy, C7H11N1O3 ,      1683,            88,            1595, 0.05228758169934641  , partial
ccsd(t)_cbs.energy, C8H6N2    ,       786,            87,             699, 0.11068702290076336  , partial
ccsd(t)_cbs.energy, C3H3N1    ,      1307,            87,            1220, 0.0665646518745218   , partial
ccsd(t)_cbs.energy, C6H2      ,       369,            86,             283, 0.23306233062330622  , partial
ccsd(t)_cbs.energy, C10H18N2O5,      2494,            86,            2408, 0.034482758620689655 , partial
ccsd(t)_cbs.energy, C4H2N4O1  ,       330,            85,             245, 0.25757575757575757  , partial
ccsd(t)_cbs.energy, C1H7N1    ,       806,            85,             721, 0.1054590570719603   , partial
ccsd(t)_cbs.energy, C8H10N2O2 ,      1840,            85,            1755, 0.04619565217391304  , partial
ccsd(t)_cbs.energy, C1H2N2    ,       458,            84,             374, 0.18340611353711792  , partial
ccsd(t)_cbs.energy, C3H4N2O4  ,       519,            84,             435, 0.16184971098265896  , partial
ccsd(t)_cbs.energy, C7H6N4O1  ,       711,            84,             627, 0.11814345991561181  , partial
ccsd(t)_cbs.energy, C5H4N4O2  ,       724,            84,             640, 0.11602209944751381  , partial
ccsd(t)_cbs.energy, C9H10O2   ,      1571,            84,            1487, 0.05346912794398472  , partial
ccsd(t)_cbs.energy, C7H13N3O4 ,      1910,            84,            1826, 0.04397905759162304  , partial
ccsd(t)_cbs.energy, C7H10N2O2 ,      1915,            84,            1831, 0.04386422976501306  , partial
ccsd(t)_cbs.energy, C7H13N1O1 ,      4052,            84,            3968, 0.02073050345508391  , partial
ccsd(t)_cbs.energy, C1H6N2    ,       600,            83,             517, 0.13833333333333334  , partial
ccsd(t)_cbs.energy, H4O3      ,       936,            83,             853, 0.08867521367521368  , partial
ccsd(t)_cbs.energy, C7H13N1O3 ,      1213,            83,            1130, 0.06842539159109645  , partial
ccsd(t)_cbs.energy, C1H4N4O1  ,       519,            82,             437, 0.1579961464354528   , partial
ccsd(t)_cbs.energy, C6H4N4O2  ,       571,            82,             489, 0.1436077057793345   , partial
ccsd(t)_cbs.energy, C7H4N4    ,       643,            82,             561, 0.12752721617418353  , partial
ccsd(t)_cbs.energy, C6H6N4O2  ,       495,            81,             414, 0.16363636363636364  , partial
ccsd(t)_cbs.energy, C5H1N1    ,       515,            81,             434, 0.15728155339805824  , partial
ccsd(t)_cbs.energy, C6H9N5    ,       592,            81,             511, 0.13682432432432431  , partial
ccsd(t)_cbs.energy, C12H25N5O3,      1679,            81,            1598, 0.048243001786777845 , partial
ccsd(t)_cbs.energy, C6H4N2O2  ,       551,            80,             471, 0.14519056261343014  , partial
ccsd(t)_cbs.energy, C5H11N1O3 ,       611,            80,             531, 0.1309328968903437   , partial
ccsd(t)_cbs.energy, H3N1O3    ,       532,            79,             453, 0.14849624060150377  , partial
ccsd(t)_cbs.energy, C12H10N2  ,      1425,            79,            1346, 0.05543859649122807  , partial
ccsd(t)_cbs.energy, C7H11N1O2 ,      1453,            79,            1374, 0.05437026841018582  , partial
ccsd(t)_cbs.energy, C6H14N4O2 ,      2309,            79,            2230, 0.034213945430922474 , partial
ccsd(t)_cbs.energy, C5H8N4O1  ,       554,            78,             476, 0.1407942238267148   , partial
ccsd(t)_cbs.energy, C1H5N1O2  ,       744,            78,             666, 0.10483870967741936  , partial
ccsd(t)_cbs.energy, C5H12N2   ,       779,            78,             701, 0.10012836970474968  , partial
ccsd(t)_cbs.energy, C6H11N1O4 ,       931,            78,             853, 0.08378088077336197  , partial
ccsd(t)_cbs.energy, C8H12O1   ,      4016,            78,            3938, 0.01942231075697211  , partial
ccsd(t)_cbs.energy, C8H8O2    ,       866,            77,             789, 0.08891454965357967  , partial
ccsd(t)_cbs.energy, C3H10N2O1 ,       981,            77,             904, 0.07849133537206932  , partial
ccsd(t)_cbs.energy, C4H10N4O2 ,       615,            76,             539, 0.12357723577235773  , partial
ccsd(t)_cbs.energy, C7H7N3    ,       626,            76,             550, 0.12140575079872204  , partial
ccsd(t)_cbs.energy, C4H5N3O3  ,       640,            76,             564, 0.11875              , partial
ccsd(t)_cbs.energy, C10H12N2  ,      1178,            76,            1102, 0.06451612903225806  , partial
ccsd(t)_cbs.energy, C10H10O3  ,      1332,            76,            1256, 0.057057057057057055 , partial
ccsd(t)_cbs.energy, C7H12N2O3 ,      1858,            76,            1782, 0.04090419806243272  , partial
ccsd(t)_cbs.energy, C2H10N6   ,       505,            75,             430, 0.1485148514851485   , partial
ccsd(t)_cbs.energy, C8H12N2   ,      1484,            75,            1409, 0.05053908355795148  , partial
ccsd(t)_cbs.energy, C6H4O1    ,       654,            74,             580, 0.11314984709480122  , partial
ccsd(t)_cbs.energy, C1H4O2    ,       756,            73,             683, 0.09656084656084656  , partial
ccsd(t)_cbs.energy, H6N2      ,       847,            73,             774, 0.08618654073199528  , partial
ccsd(t)_cbs.energy, C5H13N3   ,      2363,            73,            2290, 0.030892932712653406 , partial
ccsd(t)_cbs.energy, C9H7N3    ,       578,            72,             506, 0.1245674740484429   , partial
ccsd(t)_cbs.energy, C4H11N1O3 ,       472,            71,             401, 0.1504237288135593   , partial
ccsd(t)_cbs.energy, C10H7N1O1 ,       705,            71,             634, 0.10070921985815603  , partial
ccsd(t)_cbs.energy, C9H13N1O1 ,       954,            71,             883, 0.07442348008385745  , partial
ccsd(t)_cbs.energy, C6H11N3O4 ,      1394,            71,            1323, 0.050932568149210905 , partial
ccsd(t)_cbs.energy, C5H8N2O4  ,       449,            70,             379, 0.155902004454343    , partial
ccsd(t)_cbs.energy, C10H7N3   ,       481,            70,             411, 0.14553014553014554  , partial
ccsd(t)_cbs.energy, C1H6O2    ,       744,            70,             674, 0.09408602150537634  , partial
ccsd(t)_cbs.energy, C9H8O2    ,       790,            70,             720, 0.08860759493670886  , partial
ccsd(t)_cbs.energy, C6H14N2O2 ,      2025,            70,            1955, 0.0345679012345679   , partial
ccsd(t)_cbs.energy, C9H10O4   ,      2265,            70,            2195, 0.03090507726269316  , partial
ccsd(t)_cbs.energy, C3H2N2O4  ,       382,            69,             313, 0.1806282722513089   , partial
ccsd(t)_cbs.energy, C2H2N4O3  ,       396,            69,             327, 0.17424242424242425  , partial
ccsd(t)_cbs.energy, C7H6N4O2  ,       483,            69,             414, 0.14285714285714285  , partial
ccsd(t)_cbs.energy, C5H12N4O2 ,      1038,            69,             969, 0.06647398843930635  , partial
ccsd(t)_cbs.energy, C11H13N1  ,      2050,            69,            1981, 0.033658536585365856 , partial
ccsd(t)_cbs.energy, C6H14N2O1 ,      2290,            69,            2221, 0.030131004366812226 , partial
ccsd(t)_cbs.energy, C10H19N3O4,      2452,            69,            2383, 0.028140293637846654 , partial
ccsd(t)_cbs.energy, C5H8N6O1  ,       379,            68,             311, 0.17941952506596306  , partial
ccsd(t)_cbs.energy, C4H9N3O3  ,       448,            68,             380, 0.15178571428571427  , partial
ccsd(t)_cbs.energy, H6N2O2    ,       515,            68,             447, 0.13203883495145632  , partial
ccsd(t)_cbs.energy, C8H7N1O4  ,       531,            68,             463, 0.128060263653484    , partial
ccsd(t)_cbs.energy, C8H11N3   ,      1158,            68,            1090, 0.05872193436960276  , partial
ccsd(t)_cbs.energy, C8H16N2O4 ,      1255,            68,            1187, 0.054183266932270914 , partial
ccsd(t)_cbs.energy, C6H12N2O3 ,      1364,            68,            1296, 0.04985337243401759  , partial
ccsd(t)_cbs.energy, C9H10O3   ,      2293,            68,            2225, 0.02965547317924117  , partial
ccsd(t)_cbs.energy, C9H11N1O2 ,      4156,            68,            4088, 0.016361886429258902 , partial
ccsd(t)_cbs.energy, C8H12N2O7 ,       556,            67,             489, 0.12050359712230216  , partial
ccsd(t)_cbs.energy, C3H9N3O3  ,       632,            67,             565, 0.1060126582278481   , partial
ccsd(t)_cbs.energy, C6H8O4    ,       661,            67,             594, 0.10136157337367625  , partial
ccsd(t)_cbs.energy, C8H10N4O1 ,      1297,            67,            1230, 0.051657671549730146 , partial
ccsd(t)_cbs.energy, C6H2N2    ,       382,            66,             316, 0.17277486910994763  , partial
ccsd(t)_cbs.energy, C8H7N1    ,       505,            66,             439, 0.1306930693069307   , partial
ccsd(t)_cbs.energy, C9H6N4    ,       627,            66,             561, 0.10526315789473684  , partial
ccsd(t)_cbs.energy, H7N3      ,       630,            66,             564, 0.10476190476190476  , partial
ccsd(t)_cbs.energy, C10H11N1O2,      1781,            66,            1715, 0.03705783267827063  , partial
ccsd(t)_cbs.energy, C8H15N3O5 ,      1855,            66,            1789, 0.03557951482479784  , partial
ccsd(t)_cbs.energy, C7H14N2O3 ,      1946,            66,            1880, 0.03391572456320658  , partial
ccsd(t)_cbs.energy, C2H1N1O5  ,       501,            65,             436, 0.12974051896207583  , partial
ccsd(t)_cbs.energy, C6H8N6    ,       576,            65,             511, 0.11284722222222222  , partial
ccsd(t)_cbs.energy, C4H1N3    ,       367,            64,             303, 0.17438692098092642  , partial
ccsd(t)_cbs.energy, C4H12N2O1 ,       494,            64,             430, 0.12955465587044535  , partial
ccsd(t)_cbs.energy, C7H10N2O1 ,       500,            64,             436, 0.128                , partial
ccsd(t)_cbs.energy, C8H11N1O1 ,      1036,            64,             972, 0.06177606177606178  , partial
ccsd(t)_cbs.energy, C9H16N2O5 ,      1044,            64,             980, 0.06130268199233716  , partial
ccsd(t)_cbs.energy, C6H8N2O4  ,       379,            63,             316, 0.1662269129287599   , partial
ccsd(t)_cbs.energy, C5H9N3O2  ,       472,            63,             409, 0.13347457627118645  , partial
ccsd(t)_cbs.energy, C9H6N2O1  ,       498,            63,             435, 0.12650602409638553  , partial
ccsd(t)_cbs.energy, C7H11N3O1 ,       827,            63,             764, 0.0761789600967352   , partial
ccsd(t)_cbs.energy, C9H17N3O5 ,      1090,            63,            1027, 0.05779816513761468  , partial
ccsd(t)_cbs.energy, C9H18N2O4 ,      2450,            63,            2387, 0.025714285714285714 , partial
ccsd(t)_cbs.energy, C5H8N2O3  ,       409,            62,             347, 0.15158924205378974  , partial
ccsd(t)_cbs.energy, C1H5N3O3  ,       433,            62,             371, 0.14318706697459585  , partial
ccsd(t)_cbs.energy, C6H4O4    ,       561,            62,             499, 0.11051693404634581  , partial
ccsd(t)_cbs.energy, C11H20N2O5,      1574,            62,            1512, 0.03939008894536213  , partial
ccsd(t)_cbs.energy, C1H8N2    ,       562,            61,             501, 0.10854092526690391  , partial
ccsd(t)_cbs.energy, C6H3N1O2  ,       308,            60,             248, 0.19480519480519481  , partial
ccsd(t)_cbs.energy, C6H3N1    ,       369,            60,             309, 0.16260162601626016  , partial
ccsd(t)_cbs.energy, C5H6N2O3  ,       486,            60,             426, 0.12345679012345678  , partial
ccsd(t)_cbs.energy, C3H9N5O2  ,       529,            60,             469, 0.11342155009451796  , partial
ccsd(t)_cbs.energy, H5N3      ,       551,            60,             491, 0.1088929219600726   , partial
ccsd(t)_cbs.energy, C9H10O1   ,       663,            60,             603, 0.09049773755656108  , partial
ccsd(t)_cbs.energy, C9H16N2O4 ,      1050,            59,             991, 0.05619047619047619  , partial
ccsd(t)_cbs.energy, C8H6O1    ,       414,            58,             356, 0.14009661835748793  , partial
ccsd(t)_cbs.energy, C2H7N3O3  ,       469,            58,             411, 0.12366737739872068  , partial
ccsd(t)_cbs.energy, C6H10N6   ,       543,            58,             485, 0.10681399631675875  , partial
ccsd(t)_cbs.energy, C6H11N1O3 ,       760,            58,             702, 0.07631578947368421  , partial
ccsd(t)_cbs.energy, C9H16N4O5 ,      1092,            58,            1034, 0.05311355311355311  , partial
ccsd(t)_cbs.energy, C9H12O2   ,      1654,            58,            1596, 0.03506650544135429  , partial
ccsd(t)_cbs.energy, C6H14N2   ,      1813,            58,            1755, 0.031991174848317705 , partial
ccsd(t)_cbs.energy, C9H11N3   ,      2464,            58,            2406, 0.02353896103896104  , partial
ccsd(t)_cbs.energy, C7H8O3    ,       385,            57,             328, 0.14805194805194805  , partial
ccsd(t)_cbs.energy, C2H6N6O1  ,       417,            57,             360, 0.1366906474820144   , partial
ccsd(t)_cbs.energy, C4H7N5O1  ,       436,            57,             379, 0.13073394495412843  , partial
ccsd(t)_cbs.energy, H2N2O2    ,       478,            57,             421, 0.1192468619246862   , partial
ccsd(t)_cbs.energy, C4H1N1O2  ,       480,            57,             423, 0.11875              , partial
ccsd(t)_cbs.energy, C5H7N3O3  ,       489,            57,             432, 0.1165644171779141   , partial
ccsd(t)_cbs.energy, C8H13N1O1 ,       497,            57,             440, 0.11468812877263582  , partial
ccsd(t)_cbs.energy, C11H21N5O3,      1077,            57,            1020, 0.052924791086350974 , partial
ccsd(t)_cbs.energy, C9H16N2O6 ,      1120,            57,            1063, 0.05089285714285714  , partial
ccsd(t)_cbs.energy, C10H12O1  ,      1213,            57,            1156, 0.04699093157460841  , partial
ccsd(t)_cbs.energy, C8H14     ,      1432,            57,            1375, 0.039804469273743016 , partial
ccsd(t)_cbs.energy, C5H2N2O2  ,       299,            56,             243, 0.18729096989966554  , partial
ccsd(t)_cbs.energy, C8H4      ,       373,            56,             317, 0.15013404825737264  , partial
ccsd(t)_cbs.energy, C6H5N3O2  ,       410,            56,             354, 0.13658536585365855  , partial
ccsd(t)_cbs.energy, C3H10N6   ,       433,            56,             377, 0.12933025404157045  , partial
ccsd(t)_cbs.energy, C5H5N3O3  ,       447,            56,             391, 0.12527964205816555  , partial
ccsd(t)_cbs.energy, C8H10N2   ,       477,            56,             421, 0.11740041928721175  , partial
ccsd(t)_cbs.energy, C5H13N1O1 ,       557,            56,             501, 0.10053859964093358  , partial
ccsd(t)_cbs.energy, C9H13N3O1 ,      1082,            56,            1026, 0.051756007393715345 , partial
ccsd(t)_cbs.energy, C7H14N2O5 ,      1164,            56,            1108, 0.048109965635738834 , partial
ccsd(t)_cbs.energy, C2H1N5O2  ,       242,            55,             187, 0.22727272727272727  , partial
ccsd(t)_cbs.energy, C9H7N3O1  ,       467,            55,             412, 0.11777301927194861  , partial
ccsd(t)_cbs.energy, C2H5N5O3  ,       487,            55,             432, 0.11293634496919917  , partial
ccsd(t)_cbs.energy, C7H6      ,       696,            55,             641, 0.07902298850574713  , partial
ccsd(t)_cbs.energy, C10H8O3   ,      1391,            55,            1336, 0.039539899352983465 , partial
ccsd(t)_cbs.energy, C11H10N2  ,      1583,            55,            1528, 0.03474415666456096  , partial
ccsd(t)_cbs.energy, C9H9N1O2  ,      2175,            55,            2120, 0.02528735632183908  , partial
ccsd(t)_cbs.energy, C2H9N1    ,       441,            54,             387, 0.12244897959183673  , partial
ccsd(t)_cbs.energy, C6H6N2O3  ,       450,            54,             396, 0.12                 , partial
ccsd(t)_cbs.energy, C1H7N1O2  ,       477,            54,             423, 0.11320754716981132  , partial
ccsd(t)_cbs.energy, C1H7N5O1  ,       532,            54,             478, 0.10150375939849623  , partial
ccsd(t)_cbs.energy, C6H13N1   ,       544,            54,             490, 0.09926470588235294  , partial
ccsd(t)_cbs.energy, C9H14N2O7 ,      1143,            54,            1089, 0.047244094488188976 , partial
ccsd(t)_cbs.energy, C7H10N4O1 ,      1243,            54,            1189, 0.04344328238133548  , partial
ccsd(t)_cbs.energy, C7H12O2   ,      2102,            54,            2048, 0.025689819219790674 , partial
ccsd(t)_cbs.energy, C1H1N1O1  ,       229,            53,             176, 0.2314410480349345   , partial
ccsd(t)_cbs.energy, C1H7N3    ,       288,            53,             235, 0.1840277777777778   , partial
ccsd(t)_cbs.energy, C2H2N6O1  ,       292,            53,             239, 0.1815068493150685   , partial
ccsd(t)_cbs.energy, C4H4N2O4  ,       418,            53,             365, 0.12679425837320574  , partial
ccsd(t)_cbs.energy, C7H7N5    ,       443,            53,             390, 0.11963882618510158  , partial
ccsd(t)_cbs.energy, C5H11N1O4 ,       801,            53,             748, 0.066167290886392    , partial
ccsd(t)_cbs.energy, C5H11N5   ,       947,            53,             894, 0.0559662090813094   , partial
ccsd(t)_cbs.energy, C8H11N3O1 ,      1087,            53,            1034, 0.04875804967801288  , partial
ccsd(t)_cbs.energy, C10H15N5O4,      1119,            53,            1066, 0.04736371760500447  , partial
ccsd(t)_cbs.energy, C6H13N1O1 ,      1309,            53,            1256, 0.04048892284186402  , partial
ccsd(t)_cbs.energy, C8H14O1   ,      1608,            53,            1555, 0.03296019900497513  , partial
ccsd(t)_cbs.energy, C10H10O2  ,      2457,            53,            2404, 0.02157102157102157  , partial
ccsd(t)_cbs.energy, H3N3      ,       348,            52,             296, 0.14942528735632185  , partial
ccsd(t)_cbs.energy, C9H8      ,       368,            52,             316, 0.14130434782608695  , partial
ccsd(t)_cbs.energy, C5H6N2O4  ,       392,            52,             340, 0.1326530612244898   , partial
ccsd(t)_cbs.energy, N2O1      ,       200,            51,             149, 0.255                , partial
ccsd(t)_cbs.energy, H1N3      ,       241,            51,             190, 0.21161825726141079  , partial
ccsd(t)_cbs.energy, C5H7N1O5  ,       307,            51,             256, 0.16612377850162866  , partial
ccsd(t)_cbs.energy, C9H5N1O2  ,       319,            51,             268, 0.15987460815047022  , partial
ccsd(t)_cbs.energy, C8H12N4   ,       889,            51,             838, 0.05736782902137233  , partial
ccsd(t)_cbs.energy, C8H10N4   ,      1062,            51,            1011, 0.0480225988700565   , partial
ccsd(t)_cbs.energy, C9H11N3O1 ,      1281,            51,            1230, 0.03981264637002342  , partial
ccsd(t)_cbs.energy, C10H13N1O3,      1464,            51,            1413, 0.03483606557377049  , partial
ccsd(t)_cbs.energy, C2H4O4    ,       187,            50,             137, 0.26737967914438504  , partial
ccsd(t)_cbs.energy, C7H4N2O3  ,       288,            50,             238, 0.1736111111111111   , partial
ccsd(t)_cbs.energy, C6H4O3    ,       320,            50,             270, 0.15625              , partial
ccsd(t)_cbs.energy, C4H4N6O1  ,       385,            50,             335, 0.12987012987012986  , partial
ccsd(t)_cbs.energy, C1H4O3    ,       416,            50,             366, 0.1201923076923077   , partial
ccsd(t)_cbs.energy, C8H13N1O2 ,       869,            50,             819, 0.05753739930955121  , partial
ccsd(t)_cbs.energy, C10H13N3  ,      1837,            50,            1787, 0.027218290691344585 , partial
ccsd(t)_cbs.energy, C3H6O4    ,       382,            49,             333, 0.12827225130890052  , partial
ccsd(t)_cbs.energy, C6H13N1O5 ,       720,            49,             671, 0.06805555555555555  , partial
ccsd(t)_cbs.energy, C6H11N3O3 ,       747,            49,             698, 0.06559571619812583  , partial
ccsd(t)_cbs.energy, C7H14O4   ,       886,            49,             837, 0.055304740406320545 , partial
ccsd(t)_cbs.energy, C8H17N5O3 ,      1070,            49,            1021, 0.04579439252336449  , partial
ccsd(t)_cbs.energy, C8H9N5    ,      1121,            49,            1072, 0.043710972346119537 , partial
ccsd(t)_cbs.energy, C7H12N2O6 ,      1155,            49,            1106, 0.04242424242424243  , partial
ccsd(t)_cbs.energy, C8H9N1O3  ,      2284,            49,            2235, 0.021453590192644482 , partial
ccsd(t)_cbs.energy, H4N4      ,       350,            48,             302, 0.13714285714285715  , partial
ccsd(t)_cbs.energy, C1H8N6    ,       364,            48,             316, 0.13186813186813187  , partial
ccsd(t)_cbs.energy, H2N2O1    ,       372,            48,             324, 0.12903225806451613  , partial
ccsd(t)_cbs.energy, C7H13N3O5 ,      1139,            48,            1091, 0.04214223002633889  , partial
ccsd(t)_cbs.energy, C2H1N3    ,       216,            47,             169, 0.2175925925925926   , partial
ccsd(t)_cbs.energy, C2H7N5O2  ,       298,            47,             251, 0.15771812080536912  , partial
ccsd(t)_cbs.energy, H5N1O3    ,       354,            47,             307, 0.1327683615819209   , partial
ccsd(t)_cbs.energy, C9H9N1    ,       446,            47,             399, 0.10538116591928251  , partial
ccsd(t)_cbs.energy, C8H13N3   ,       528,            47,             481, 0.08901515151515152  , partial
ccsd(t)_cbs.energy, C8H11N5O1 ,       741,            47,             694, 0.06342780026990553  , partial
ccsd(t)_cbs.energy, C7H12N2O1 ,       743,            47,             696, 0.063257065948856    , partial
ccsd(t)_cbs.energy, C7H10N4   ,       777,            47,             730, 0.06048906048906049  , partial
ccsd(t)_cbs.energy, C7H12N4O1 ,       982,            47,             935, 0.04786150712830957  , partial
ccsd(t)_cbs.energy, C8H16N2O3 ,      2227,            47,            2180, 0.021104625056129322 , partial
ccsd(t)_cbs.energy, C8H6N4    ,       306,            46,             260, 0.1503267973856209   , partial
ccsd(t)_cbs.energy, C10H10    ,       392,            46,             346, 0.11734693877551021  , partial
ccsd(t)_cbs.energy, C6H4N4    ,       396,            46,             350, 0.11616161616161616  , partial
ccsd(t)_cbs.energy, C6H5N5    ,       425,            46,             379, 0.10823529411764705  , partial
ccsd(t)_cbs.energy, C6H13N5   ,       572,            46,             526, 0.08041958041958042  , partial
ccsd(t)_cbs.energy, C8H14N4O5 ,       573,            46,             527, 0.08027923211169284  , partial
ccsd(t)_cbs.energy, C7H9N5    ,       789,            46,             743, 0.058301647655259824 , partial
ccsd(t)_cbs.energy, C10H10N2O2,       836,            46,             790, 0.05502392344497608  , partial
ccsd(t)_cbs.energy, C5H11N3O2 ,       864,            46,             818, 0.05324074074074074  , partial
ccsd(t)_cbs.energy, C10H12O2  ,      1811,            46,            1765, 0.025400331308669245 , partial
ccsd(t)_cbs.energy, C6H1N1O1  ,       261,            45,             216, 0.1724137931034483   , partial
ccsd(t)_cbs.energy, C9H5N1O1  ,       284,            45,             239, 0.15845070422535212  , partial
ccsd(t)_cbs.energy, C6H14O2   ,       451,            45,             406, 0.09977827050997783  , partial
ccsd(t)_cbs.energy, C6H12N2O5 ,       568,            45,             523, 0.07922535211267606  , partial
ccsd(t)_cbs.energy, C6H12O6   ,       597,            45,             552, 0.07537688442211055  , partial
ccsd(t)_cbs.energy, C8H12N2O1 ,       839,            45,             794, 0.05363528009535161  , partial
ccsd(t)_cbs.energy, C8H16N2O1 ,       892,            45,             847, 0.05044843049327354  , partial
ccsd(t)_cbs.energy, C9H12N2O2 ,      1249,            45,            1204, 0.036028823058446756 , partial
ccsd(t)_cbs.energy, C9H10N4   ,      1416,            45,            1371, 0.03177966101694915  , partial
ccsd(t)_cbs.energy, C4H5N3O4  ,       333,            44,             289, 0.13213213213213212  , partial
ccsd(t)_cbs.energy, C4H7N1O5  ,       343,            44,             299, 0.1282798833819242   , partial
ccsd(t)_cbs.energy, C2H5N7    ,       366,            44,             322, 0.12021857923497267  , partial
ccsd(t)_cbs.energy, C4H6O5    ,       421,            44,             377, 0.10451306413301663  , partial
ccsd(t)_cbs.energy, C10H16N2O7,       451,            44,             407, 0.0975609756097561   , partial
ccsd(t)_cbs.energy, C11H16N4O5,      1111,            44,            1067, 0.039603960396039604 , partial
ccsd(t)_cbs.energy, C9H12N2   ,      1363,            44,            1319, 0.032281731474688186 , partial
ccsd(t)_cbs.energy, C10H11N3  ,      1619,            44,            1575, 0.027177269919703522 , partial
ccsd(t)_cbs.energy, C3H1N3O3  ,       204,            43,             161, 0.2107843137254902   , partial
ccsd(t)_cbs.energy, C2H2N2    ,       211,            43,             168, 0.2037914691943128   , partial
ccsd(t)_cbs.energy, C5H4O4    ,       243,            43,             200, 0.17695473251028807  , partial
ccsd(t)_cbs.energy, C5H1N1O2  ,       288,            43,             245, 0.14930555555555555  , partial
ccsd(t)_cbs.energy, C2H3N3O4  ,       316,            43,             273, 0.1360759493670886   , partial
ccsd(t)_cbs.energy, H6N4      ,       318,            43,             275, 0.13522012578616352  , partial
ccsd(t)_cbs.energy, C1H8N2O1  ,       353,            43,             310, 0.12181303116147309  , partial
ccsd(t)_cbs.energy, C8H9N3O1  ,       935,            43,             892, 0.045989304812834225 , partial
ccsd(t)_cbs.energy, C9H8N4    ,      1000,            43,             957, 0.043                , partial
ccsd(t)_cbs.energy, C6H12N2O2 ,      1069,            43,            1026, 0.040224508886810104 , partial
ccsd(t)_cbs.energy, C8H14N2O4 ,      1137,            43,            1094, 0.03781882145998241  , partial
ccsd(t)_cbs.energy, C10H16O2  ,      1196,            43,            1153, 0.03595317725752508  , partial
ccsd(t)_cbs.energy, C7H9N3O2  ,      1415,            43,            1372, 0.0303886925795053   , partial
ccsd(t)_cbs.energy, C8H10O3   ,      1487,            43,            1444, 0.028917283120376596 , partial
ccsd(t)_cbs.energy, C7H15N1O4 ,      1513,            43,            1470, 0.028420356906807668 , partial
ccsd(t)_cbs.energy, C11H13N1O1,      2144,            43,            2101, 0.02005597014925373  , partial
ccsd(t)_cbs.energy, C10H10N2O1,      2279,            43,            2236, 0.018867924528301886 , partial
ccsd(t)_cbs.energy, C1H1N1    ,       231,            42,             189, 0.18181818181818182  , partial
ccsd(t)_cbs.energy, H2N4      ,       293,            42,             251, 0.14334470989761092  , partial
ccsd(t)_cbs.energy, C5H7N1O4  ,       320,            42,             278, 0.13125              , partial
ccsd(t)_cbs.energy, C6H7N1O3  ,       324,            42,             282, 0.12962962962962962  , partial
ccsd(t)_cbs.energy, C5H2N2    ,       333,            42,             291, 0.12612612612612611  , partial
ccsd(t)_cbs.energy, C5H4N4O1  ,       380,            42,             338, 0.11052631578947368  , partial
ccsd(t)_cbs.energy, C4H5N1O5  ,       393,            42,             351, 0.10687022900763359  , partial
ccsd(t)_cbs.energy, C7H14O1   ,       935,            42,             893, 0.044919786096256686 , partial
ccsd(t)_cbs.energy, C9H13N1O3 ,      1147,            42,            1105, 0.036617262423714034 , partial
ccsd(t)_cbs.energy, C8H11N1O2 ,      1477,            42,            1435, 0.02843601895734597  , partial
ccsd(t)_cbs.energy, C9H11N1O3 ,      3120,            42,            3078, 0.013461538461538462 , partial
ccsd(t)_cbs.energy, C1H2N2O1  ,       246,            41,             205, 0.16666666666666666  , partial
ccsd(t)_cbs.energy, C4H4N6O2  ,       270,            41,             229, 0.15185185185185185  , partial
ccsd(t)_cbs.energy, C3H7N1O4  ,       272,            41,             231, 0.15073529411764705  , partial
ccsd(t)_cbs.energy, C6H4N6    ,       295,            41,             254, 0.13898305084745763  , partial
ccsd(t)_cbs.energy, C3H6N4O3  ,       304,            41,             263, 0.13486842105263158  , partial
ccsd(t)_cbs.energy, C9H11N1   ,       664,            41,             623, 0.061746987951807226 , partial
ccsd(t)_cbs.energy, C9H15N1O1 ,       706,            41,             665, 0.05807365439093484  , partial
ccsd(t)_cbs.energy, C6H12O5   ,      1240,            41,            1199, 0.03306451612903226  , partial
ccsd(t)_cbs.energy, C6N2      ,       200,            40,             160, 0.2                  , partial
ccsd(t)_cbs.energy, C5N2O1    ,       201,            40,             161, 0.19900497512437812  , partial
ccsd(t)_cbs.energy, C5H5N3O2  ,       294,            40,             254, 0.1360544217687075   , partial
ccsd(t)_cbs.energy, C7H12O4   ,       308,            40,             268, 0.12987012987012986  , partial
ccsd(t)_cbs.energy, C2H4N4O3  ,       348,            40,             308, 0.11494252873563218  , partial
ccsd(t)_cbs.energy, C12H26N4O3,       362,            40,             322, 0.11049723756906077  , partial
ccsd(t)_cbs.energy, C8H16N2O5 ,       510,            40,             470, 0.0784313725490196   , partial
ccsd(t)_cbs.energy, C9H9N1O3  ,       873,            40,             833, 0.045819014891179836 , partial
ccsd(t)_cbs.energy, C10H21N5O4,      1065,            40,            1025, 0.03755868544600939  , partial
ccsd(t)_cbs.energy, C8H13N3O6 ,      1129,            40,            1089, 0.0354295837023915   , partial
ccsd(t)_cbs.energy, C9H13N1O2 ,      1482,            40,            1442, 0.02699055330634278  , partial
ccsd(t)_cbs.energy, C6N4      ,       216,            39,             177, 0.18055555555555555  , partial
ccsd(t)_cbs.energy, C8H12O3   ,       667,            39,             628, 0.05847076461769116  , partial
ccsd(t)_cbs.energy, C9H14O3   ,       898,            39,             859, 0.043429844097995544 , partial
ccsd(t)_cbs.energy, C10H21N3O4,       940,            39,             901, 0.04148936170212766  , partial
ccsd(t)_cbs.energy, C7H14N2O4 ,      1084,            39,            1045, 0.035977859778597784 , partial
ccsd(t)_cbs.energy, C10H16N2O5,      1094,            39,            1055, 0.0356489945155393   , partial
ccsd(t)_cbs.energy, H18O9     ,      1738,            39,            1699, 0.02243958573072497  , partial
ccsd(t)_cbs.energy, C10H9N1O1 ,      3390,            39,            3351, 0.011504424778761062 , partial
ccsd(t)_cbs.energy, C2H6N4O3  ,       206,            38,             168, 0.18446601941747573  , partial
ccsd(t)_cbs.energy, H1N3O1    ,       217,            38,             179, 0.17511520737327188  , partial
ccsd(t)_cbs.energy, C5H12O3   ,       232,            38,             194, 0.16379310344827586  , partial
ccsd(t)_cbs.energy, C14H25N3  ,       571,            38,             533, 0.06654991243432574  , partial
ccsd(t)_cbs.energy, C7H11N5   ,       574,            38,             536, 0.06620209059233449  , partial
ccsd(t)_cbs.energy, C5H11N5O2 ,       644,            38,             606, 0.059006211180124224 , partial
ccsd(t)_cbs.energy, C11H16N4O3,      1071,            38,            1033, 0.035480859010270774 , partial
ccsd(t)_cbs.energy, C10H20N2O4,      1467,            38,            1429, 0.025903203817314247 , partial
ccsd(t)_cbs.energy, C12H12    ,      1515,            38,            1477, 0.025082508250825083 , partial
ccsd(t)_cbs.energy, C9H15N1O2 ,      1609,            38,            1571, 0.023617153511497825 , partial
ccsd(t)_cbs.energy, C4H5N7    ,       270,            37,             233, 0.13703703703703704  , partial
ccsd(t)_cbs.energy, C2H8N2O1  ,       287,            37,             250, 0.1289198606271777   , partial
ccsd(t)_cbs.energy, C10H6O2   ,       294,            37,             257, 0.12585034013605442  , partial
ccsd(t)_cbs.energy, C11H7N1O1 ,       338,            37,             301, 0.10946745562130178  , partial
ccsd(t)_cbs.energy, C7H5N1O2  ,       392,            37,             355, 0.09438775510204081  , partial
ccsd(t)_cbs.energy, C4H11N5O2 ,       436,            37,             399, 0.08486238532110092  , partial
ccsd(t)_cbs.energy, C10H20N2O3,       448,            37,             411, 0.08258928571428571  , partial
ccsd(t)_cbs.energy, C8H12N4O3 ,      1066,            37,            1029, 0.03470919324577861  , partial
ccsd(t)_cbs.energy, C5H7N3O2  ,       174,            36,             138, 0.20689655172413793  , partial
ccsd(t)_cbs.energy, C4H9N5O2  ,       208,            36,             172, 0.17307692307692307  , partial
ccsd(t)_cbs.energy, C6H5N1O4  ,       268,            36,             232, 0.13432835820895522  , partial
ccsd(t)_cbs.energy, C5H8N4O3  ,       300,            36,             264, 0.12                 , partial
ccsd(t)_cbs.energy, C10H18O3  ,       485,            36,             449, 0.07422680412371134  , partial
ccsd(t)_cbs.energy, C1H6O1    ,       554,            36,             518, 0.06498194945848375  , partial
ccsd(t)_cbs.energy, C11H21N3O5,       980,            36,             944, 0.036734693877551024 , partial
ccsd(t)_cbs.energy, C5H12     ,      1017,            36,             981, 0.035398230088495575 , partial
ccsd(t)_cbs.energy, C8H11N1O3 ,      1147,            36,            1111, 0.03138622493461203  , partial
ccsd(t)_cbs.energy, C11H20N2O3,      1390,            36,            1354, 0.025899280575539568 , partial
ccsd(t)_cbs.energy, C5H12N4   ,      2386,            36,            2350, 0.015088013411567477 , partial
ccsd(t)_cbs.energy, C8H4N2O1  ,       260,            35,             225, 0.1346153846153846   , partial
ccsd(t)_cbs.energy, C8H5N1O2  ,       275,            35,             240, 0.12727272727272726  , partial
ccsd(t)_cbs.energy, C5H3N5    ,       276,            35,             241, 0.12681159420289856  , partial
ccsd(t)_cbs.energy, C3H9N1O3  ,       339,            35,             304, 0.10324483775811209  , partial
ccsd(t)_cbs.energy, C7H13N1O2 ,       709,            35,             674, 0.04936530324400564  , partial
ccsd(t)_cbs.energy, C10H16N2  ,       740,            35,             705, 0.0472972972972973   , partial
ccsd(t)_cbs.energy, C8H14N2O3 ,       988,            35,             953, 0.0354251012145749   , partial
ccsd(t)_cbs.energy, C8H16N2   ,       992,            35,             957, 0.03528225806451613  , partial
ccsd(t)_cbs.energy, C9H19N5O4 ,      1003,            35,             968, 0.03489531405782652  , partial
ccsd(t)_cbs.energy, C10H17N3O6,      1102,            35,            1067, 0.03176043557168784  , partial
ccsd(t)_cbs.energy, C11H12O2  ,      1496,            35,            1461, 0.02339572192513369  , partial
ccsd(t)_cbs.energy, H20O10    ,      1782,            35,            1747, 0.01964085297418631  , partial
ccsd(t)_cbs.energy, C10H11N1O1,      2883,            35,            2848, 0.012140131807145335 , partial
ccsd(t)_cbs.energy, C1H6O3    ,       299,            34,             265, 0.11371237458193979  , partial
ccsd(t)_cbs.energy, C8H12O2   ,       569,            34,             535, 0.05975395430579965  , partial
ccsd(t)_cbs.energy, C7H15N1   ,       640,            34,             606, 0.053125             , partial
ccsd(t)_cbs.energy, C8H14N4   ,       720,            34,             686, 0.04722222222222222  , partial
ccsd(t)_cbs.energy, C6H10O5   ,       746,            34,             712, 0.045576407506702415 , partial
ccsd(t)_cbs.energy, C10H10O1  ,       891,            34,             857, 0.038159371492704826 , partial
ccsd(t)_cbs.energy, C8H18N2O1 ,       917,            34,             883, 0.03707742639040349  , partial
ccsd(t)_cbs.energy, C8H12N4O1 ,      1038,            34,            1004, 0.03275529865125241  , partial
ccsd(t)_cbs.energy, C11H11N1O1,      1861,            34,            1827, 0.018269747447608814 , partial
ccsd(t)_cbs.energy, C6H9N5O1  ,       396,            33,             363, 0.08333333333333333  , partial
ccsd(t)_cbs.energy, C10H18N4O5,       536,            33,             503, 0.061567164179104475 , partial
ccsd(t)_cbs.energy, C12H20N2  ,       771,            33,             738, 0.042801556420233464 , partial
ccsd(t)_cbs.energy, C11H23N5O3,       993,            33,             960, 0.03323262839879154  , partial
ccsd(t)_cbs.energy, C3H8      ,      1015,            33,             982, 0.03251231527093596  , partial
ccsd(t)_cbs.energy, C8H15N3O4 ,      1032,            33,             999, 0.03197674418604651  , partial
ccsd(t)_cbs.energy, C9H19N5O3 ,      1130,            33,            1097, 0.02920353982300885  , partial
ccsd(t)_cbs.energy, C11H21N3O4,      1507,            33,            1474, 0.021897810218978103 , partial
ccsd(t)_cbs.energy, C4H1N3O2  ,       164,            32,             132, 0.1951219512195122   , partial
ccsd(t)_cbs.energy, C4H7N5O3  ,       221,            32,             189, 0.14479638009049775  , partial
ccsd(t)_cbs.energy, C2H8N6O1  ,       265,            32,             233, 0.12075471698113208  , partial
ccsd(t)_cbs.energy, C7H4      ,       265,            32,             233, 0.12075471698113208  , partial
ccsd(t)_cbs.energy, H7N3O1    ,       306,            32,             274, 0.10457516339869281  , partial
ccsd(t)_cbs.energy, C4H13N3O1 ,       368,            32,             336, 0.08695652173913043  , partial
ccsd(t)_cbs.energy, C8H12O4   ,       632,            32,             600, 0.05063291139240506  , partial
ccsd(t)_cbs.energy, C11H18N4O3,      1067,            32,            1035, 0.02999062792877226  , partial
ccsd(t)_cbs.energy, C9H14N4O3 ,      1073,            32,            1041, 0.02982292637465051  , partial
ccsd(t)_cbs.energy, C10H16N4O4,      1110,            32,            1078, 0.02882882882882883  , partial
ccsd(t)_cbs.energy, C10H8N2O1 ,      1179,            32,            1147, 0.02714164546225615  , partial
ccsd(t)_cbs.energy, C11H12N2O1,      1254,            32,            1222, 0.025518341307814992 , partial
ccsd(t)_cbs.energy, C10H13N1O1,      2772,            32,            2740, 0.011544011544011544 , partial
ccsd(t)_cbs.energy, C2H7N1O3  ,       142,            31,             111, 0.21830985915492956  , partial
ccsd(t)_cbs.energy, C6H6N6    ,       162,            31,             131, 0.19135802469135801  , partial
ccsd(t)_cbs.energy, C4N2O2    ,       168,            31,             137, 0.18452380952380953  , partial
ccsd(t)_cbs.energy, C4H8N6O1  ,       172,            31,             141, 0.18023255813953487  , partial
ccsd(t)_cbs.energy, C9H6N2    ,       263,            31,             232, 0.11787072243346007  , partial
ccsd(t)_cbs.energy, C8H7N5    ,       274,            31,             243, 0.11313868613138686  , partial
ccsd(t)_cbs.energy, C5H10N4O1 ,       288,            31,             257, 0.1076388888888889   , partial
ccsd(t)_cbs.energy, C5H8O5    ,       338,            31,             307, 0.09171597633136094  , partial
ccsd(t)_cbs.energy, C7H12N4O2 ,       499,            31,             468, 0.06212424849699399  , partial
ccsd(t)_cbs.energy, C6H14     ,       531,            31,             500, 0.0583804143126177   , partial
ccsd(t)_cbs.energy, C8H13N1O3 ,       746,            31,             715, 0.04155495978552279  , partial
ccsd(t)_cbs.energy, C6H13N3O2 ,       842,            31,             811, 0.03681710213776722  , partial
ccsd(t)_cbs.energy, C8H11N5   ,       871,            31,             840, 0.03559127439724455  , partial
ccsd(t)_cbs.energy, C12H9N1O1 ,      1065,            31,            1034, 0.02910798122065728  , partial
ccsd(t)_cbs.energy, C4H9N1O4  ,       227,            30,             197, 0.13215859030837004  , partial
ccsd(t)_cbs.energy, C5H10O4   ,       255,            30,             225, 0.11764705882352941  , partial
ccsd(t)_cbs.energy, C2H9N1O1  ,       279,            30,             249, 0.10752688172043011  , partial
ccsd(t)_cbs.energy, C6H12N4   ,       489,            30,             459, 0.06134969325153374  , partial
ccsd(t)_cbs.energy, C4H13N5O2 ,       508,            30,             478, 0.05905511811023622  , partial
ccsd(t)_cbs.energy, C6H12N4O1 ,       542,            30,             512, 0.055350553505535055 , partial
ccsd(t)_cbs.energy, C7H15N1O1 ,       551,            30,             521, 0.0544464609800363   , partial
ccsd(t)_cbs.energy, C5H12N4O3 ,       579,            30,             549, 0.05181347150259067  , partial
ccsd(t)_cbs.energy, C12H21N5O3,       937,            30,             907, 0.032017075773746    , partial
ccsd(t)_cbs.energy, C12H10O2  ,       968,            30,             938, 0.030991735537190084 , partial
ccsd(t)_cbs.energy, C8H14N2O5 ,      1019,            30,             989, 0.029440628066732092 , partial
ccsd(t)_cbs.energy, C10H17N1  ,      1064,            30,            1034, 0.02819548872180451  , partial
ccsd(t)_cbs.energy, C9H16N2O1 ,      1067,            30,            1037, 0.028116213683223992 , partial
ccsd(t)_cbs.energy, C5H11N3O3 ,      1290,            30,            1260, 0.023255813953488372 , partial
ccsd(t)_cbs.energy, C12H16N2O4,      1474,            30,            1444, 0.0203527815468114   , partial
ccsd(t)_cbs.energy, C6H4O5    ,       123,            29,              94, 0.23577235772357724  , partial
ccsd(t)_cbs.energy, C3H5N5O2  ,       181,            29,             152, 0.16022099447513813  , partial
ccsd(t)_cbs.energy, C4H8N2O4  ,       188,            29,             159, 0.15425531914893617  , partial
ccsd(t)_cbs.energy, C4H9N7    ,       192,            29,             163, 0.15104166666666666  , partial
ccsd(t)_cbs.energy, C4H6N2O4  ,       251,            29,             222, 0.11553784860557768  , partial
ccsd(t)_cbs.energy, C4H4N6    ,       295,            29,             266, 0.09830508474576272  , partial
ccsd(t)_cbs.energy, C7H10O5   ,       295,            29,             266, 0.09830508474576272  , partial
ccsd(t)_cbs.energy, C6H12O4   ,       588,            29,             559, 0.04931972789115646  , partial
ccsd(t)_cbs.energy, C6H12N6O3 ,       645,            29,             616, 0.04496124031007752  , partial
ccsd(t)_cbs.energy, C10H15N1O1,       844,            29,             815, 0.034360189573459717 , partial
ccsd(t)_cbs.energy, C9H19N3O4 ,       946,            29,             917, 0.0306553911205074   , partial
ccsd(t)_cbs.energy, C11H13N3  ,       977,            29,             948, 0.02968270214943705  , partial
ccsd(t)_cbs.energy, C9H13N3   ,       992,            29,             963, 0.029233870967741934 , partial
ccsd(t)_cbs.energy, C11H13N1O2,      1144,            29,            1115, 0.025349650349650348 , partial
ccsd(t)_cbs.energy, C12H20N4O3,      1539,            29,            1510, 0.018843404808317088 , partial
ccsd(t)_cbs.energy, C11H14N2  ,      1730,            29,            1701, 0.01676300578034682  , partial
ccsd(t)_cbs.energy, C8H15N1   ,      2131,            29,            2102, 0.01360863444392304  , partial
ccsd(t)_cbs.energy, N2O2      ,       142,            28,             114, 0.19718309859154928  , partial
ccsd(t)_cbs.energy, C2H7N7    ,       195,            28,             167, 0.14358974358974358  , partial
ccsd(t)_cbs.energy, C8H13N5   ,       533,            28,             505, 0.0525328330206379   , partial
ccsd(t)_cbs.energy, C6H10N2O4 ,       579,            28,             551, 0.04835924006908463  , partial
ccsd(t)_cbs.energy, C13H18N2O4,       959,            28,             931, 0.029197080291970802 , partial
ccsd(t)_cbs.energy, C13H15N3O3,       983,            28,             955, 0.028484231943031537 , partial
ccsd(t)_cbs.energy, C9H9N3    ,      2835,            28,            2807, 0.009876543209876543 , partial
ccsd(t)_cbs.energy, C4H3N5O1  ,       133,            27,             106, 0.20300751879699247  , partial
ccsd(t)_cbs.energy, C2H7N1O2  ,       184,            27,             157, 0.14673913043478262  , partial
ccsd(t)_cbs.energy, C4H10O4   ,       199,            27,             172, 0.135678391959799    , partial
ccsd(t)_cbs.energy, C4H7N3O3  ,       221,            27,             194, 0.12217194570135746  , partial
ccsd(t)_cbs.energy, C6H10N4   ,       255,            27,             228, 0.10588235294117647  , partial
ccsd(t)_cbs.energy, C4H7N5O2  ,       361,            27,             334, 0.07479224376731301  , partial
ccsd(t)_cbs.energy, C8H13N5O1 ,       449,            27,             422, 0.060133630289532294 , partial
ccsd(t)_cbs.energy, C6H11N5   ,       511,            27,             484, 0.05283757338551859  , partial
ccsd(t)_cbs.energy, C10H18O2  ,       694,            27,             667, 0.03890489913544669  , partial
ccsd(t)_cbs.energy, C11H12N2  ,       829,            27,             802, 0.032569360675512665 , partial
ccsd(t)_cbs.energy, C6H10N4O2 ,       948,            27,             921, 0.028481012658227847 , partial
ccsd(t)_cbs.energy, C10H12N2O1,      1359,            27,            1332, 0.019867549668874173 , partial
ccsd(t)_cbs.energy, C12H15N1  ,      2732,            27,            2705, 0.009882869692532943 , partial
ccsd(t)_cbs.energy, C4H1N1O4  ,        96,            26,              70, 0.2708333333333333   , partial
ccsd(t)_cbs.energy, C5H3N1O4  ,       135,            26,             109, 0.1925925925925926   , partial
ccsd(t)_cbs.energy, N4        ,       138,            26,             112, 0.18840579710144928  , partial
ccsd(t)_cbs.energy, C1H6N2O2  ,       154,            26,             128, 0.16883116883116883  , partial
ccsd(t)_cbs.energy, C7H5N5    ,       157,            26,             131, 0.16560509554140126  , partial
ccsd(t)_cbs.energy, C5H9N5    ,       165,            26,             139, 0.15757575757575756  , partial
ccsd(t)_cbs.energy, C5H7N5    ,       221,            26,             195, 0.11764705882352941  , partial
ccsd(t)_cbs.energy, C6H11N5O1 ,       562,            26,             536, 0.046263345195729534 , partial
ccsd(t)_cbs.energy, C9H14N4   ,       695,            26,             669, 0.03741007194244604  , partial
ccsd(t)_cbs.energy, C6H15N3   ,       736,            26,             710, 0.035326086956521736 , partial
ccsd(t)_cbs.energy, C12H15N1O1,       746,            26,             720, 0.03485254691689008  , partial
ccsd(t)_cbs.energy, C7H14N2O1 ,       872,            26,             846, 0.02981651376146789  , partial
ccsd(t)_cbs.energy, C10H19N3O5,      1038,            26,            1012, 0.025048169556840076 , partial
ccsd(t)_cbs.energy, C10H12O3  ,      1076,            26,            1050, 0.024163568773234202 , partial
ccsd(t)_cbs.energy, C9H14N4O4 ,      1090,            26,            1064, 0.023853211009174313 , partial
ccsd(t)_cbs.energy, C8H13N3O1 ,      1157,            26,            1131, 0.02247191011235955  , partial
ccsd(t)_cbs.energy, C12H11N1O1,      1649,            26,            1623, 0.015767131594906003 , partial
ccsd(t)_cbs.energy, C4H3N3O3  ,       138,            25,             113, 0.18115942028985507  , partial
ccsd(t)_cbs.energy, C11H6N2   ,       144,            25,             119, 0.1736111111111111   , partial
ccsd(t)_cbs.energy, C5H4N2O4  ,       153,            25,             128, 0.16339869281045752  , partial
ccsd(t)_cbs.energy, C8H4N2O2  ,       155,            25,             130, 0.16129032258064516  , partial
ccsd(t)_cbs.energy, C7H6N2O3  ,       205,            25,             180, 0.12195121951219512  , partial
ccsd(t)_cbs.energy, C2H8O2    ,       277,            25,             252, 0.09025270758122744  , partial
ccsd(t)_cbs.energy, C6H12N2O6 ,       305,            25,             280, 0.08196721311475409  , partial
ccsd(t)_cbs.energy, C7H14O2   ,       354,            25,             329, 0.07062146892655367  , partial
ccsd(t)_cbs.energy, C6H12N6   ,       394,            25,             369, 0.06345177664974619  , partial
ccsd(t)_cbs.energy, C9H12N4O1 ,       523,            25,             498, 0.04780114722753346  , partial
ccsd(t)_cbs.energy, C11H8N2   ,       547,            25,             522, 0.04570383912248629  , partial
ccsd(t)_cbs.energy, C10H16N2O1,       574,            25,             549, 0.04355400696864112  , partial
ccsd(t)_cbs.energy, C6H16N4O2 ,       586,            25,             561, 0.042662116040955635 , partial
ccsd(t)_cbs.energy, C5H9N5O2  ,       597,            25,             572, 0.04187604690117253  , partial
ccsd(t)_cbs.energy, C10H9N3O1 ,       658,            25,             633, 0.037993920972644375 , partial
ccsd(t)_cbs.energy, C11H23N3O3,       886,            25,             861, 0.028216704288939052 , partial
ccsd(t)_cbs.energy, C11H15N3  ,       986,            25,             961, 0.02535496957403651  , partial
ccsd(t)_cbs.energy, C15H22N2O3,      1259,            25,            1234, 0.019857029388403495 , partial
ccsd(t)_cbs.energy, C7H12N2O2 ,      1371,            25,            1346, 0.01823486506199854  , partial
ccsd(t)_cbs.energy, C6H2O2    ,       132,            24,             108, 0.18181818181818182  , partial
ccsd(t)_cbs.energy, C5H4N4O3  ,       155,            24,             131, 0.15483870967741936  , partial
ccsd(t)_cbs.energy, C6H6N6O1  ,       191,            24,             167, 0.1256544502617801   , partial
ccsd(t)_cbs.energy, C9H8O1    ,       212,            24,             188, 0.11320754716981132  , partial
ccsd(t)_cbs.energy, C4H13N1O2 ,       230,            24,             206, 0.10434782608695652  , partial
ccsd(t)_cbs.energy, C11H8O1   ,       236,            24,             212, 0.1016949152542373   , partial
ccsd(t)_cbs.energy, C2H8      ,       238,            24,             214, 0.10084033613445378  , partial
ccsd(t)_cbs.energy, C6H7N5O2  ,       268,            24,             244, 0.08955223880597014  , partial
ccsd(t)_cbs.energy, C5H10N6   ,       270,            24,             246, 0.08888888888888889  , partial
ccsd(t)_cbs.energy, C9H6O1    ,       288,            24,             264, 0.08333333333333333  , partial
ccsd(t)_cbs.energy, C5H12N6   ,       366,            24,             342, 0.06557377049180328  , partial
ccsd(t)_cbs.energy, C10H22O3  ,       407,            24,             383, 0.05896805896805897  , partial
ccsd(t)_cbs.energy, C9H15N1   ,       421,            24,             397, 0.057007125890736345 , partial
ccsd(t)_cbs.energy, C10H16N2O3,       461,            24,             437, 0.052060737527114966 , partial
ccsd(t)_cbs.energy, C12H14O2  ,       481,            24,             457, 0.0498960498960499   , partial
ccsd(t)_cbs.energy, C13H16N2O5,       923,            24,             899, 0.02600216684723727  , partial
ccsd(t)_cbs.energy, C6H9N3O3  ,      1029,            24,            1005, 0.023323615160349854 , partial
ccsd(t)_cbs.energy, C9H10N2O2 ,      1227,            24,            1203, 0.019559902200488997 , partial
ccsd(t)_cbs.energy, C9H10N2   ,      1401,            24,            1377, 0.017130620985010708 , partial
ccsd(t)_cbs.energy, C3H7N5O4  ,        95,            23,              72, 0.24210526315789474  , partial
ccsd(t)_cbs.energy, C2H1N3O4  ,       104,            23,              81, 0.22115384615384615  , partial
ccsd(t)_cbs.energy, C4H7N3O4  ,       112,            23,              89, 0.20535714285714285  , partial
ccsd(t)_cbs.energy, C5H3N1O5  ,       138,            23,             115, 0.16666666666666666  , partial
ccsd(t)_cbs.energy, H4O4      ,       160,            23,             137, 0.14375              , partial
ccsd(t)_cbs.energy, C6H5N3O3  ,       191,            23,             168, 0.12041884816753927  , partial
ccsd(t)_cbs.energy, C9H7N1O3  ,       264,            23,             241, 0.08712121212121213  , partial
ccsd(t)_cbs.energy, C11H24O3  ,       427,            23,             404, 0.053864168618266976 , partial
ccsd(t)_cbs.energy, C8H16     ,       471,            23,             448, 0.04883227176220807  , partial
ccsd(t)_cbs.energy, C8H17N3   ,       495,            23,             472, 0.046464646464646465 , partial
ccsd(t)_cbs.energy, C6H9N1O5  ,       645,            23,             622, 0.03565891472868217  , partial
ccsd(t)_cbs.energy, C7H14N4O1 ,       830,            23,             807, 0.027710843373493974 , partial
ccsd(t)_cbs.energy, C11H21N3O3,       924,            23,             901, 0.024891774891774892 , partial
ccsd(t)_cbs.energy, C9H14O2   ,      1010,            23,             987, 0.02277227722772277  , partial
ccsd(t)_cbs.energy, C9H14N2O1 ,      1385,            23,            1362, 0.01660649819494585  , partial
ccsd(t)_cbs.energy, C4H9N1O5  ,       141,            22,             119, 0.15602836879432624  , partial
ccsd(t)_cbs.energy, C6H3N5    ,       141,            22,             119, 0.15602836879432624  , partial
ccsd(t)_cbs.energy, C7H5N3O1  ,       154,            22,             132, 0.14285714285714285  , partial
ccsd(t)_cbs.energy, C2H8N2O2  ,       198,            22,             176, 0.1111111111111111   , partial
ccsd(t)_cbs.energy, C9H6N2O2  ,       275,            22,             253, 0.08                 , partial
ccsd(t)_cbs.energy, C10H18O4  ,       408,            22,             386, 0.05392156862745098  , partial
ccsd(t)_cbs.energy, C9H12N4   ,       451,            22,             429, 0.04878048780487805  , partial
ccsd(t)_cbs.energy, C6H15N3O2 ,       507,            22,             485, 0.04339250493096647  , partial
ccsd(t)_cbs.energy, C10H17N1O1,       820,            22,             798, 0.026829268292682926 , partial
ccsd(t)_cbs.energy, C10H17N3O4,       884,            22,             862, 0.024886877828054297 , partial
ccsd(t)_cbs.energy, C11H17N5O4,      1053,            22,            1031, 0.020892687559354226 , partial
ccsd(t)_cbs.energy, C10H14N4O5,      1122,            22,            1100, 0.0196078431372549   , partial
ccsd(t)_cbs.energy, C12H25N3O3,      1139,            22,            1117, 0.019315188762071993 , partial
ccsd(t)_cbs.energy, C9H14     ,      1592,            22,            1570, 0.013819095477386936 , partial
ccsd(t)_cbs.energy, C6H12N4O2 ,      1905,            22,            1883, 0.011548556430446194 , partial
ccsd(t)_cbs.energy, C7H4O2    ,       125,            21,             104, 0.168                , partial
ccsd(t)_cbs.energy, C6H8O6    ,       131,            21,             110, 0.16030534351145037  , partial
ccsd(t)_cbs.energy, C4H8N6O2  ,       140,            21,             119, 0.15                 , partial
ccsd(t)_cbs.energy, C3H10N4O2 ,       142,            21,             121, 0.14788732394366197  , partial
ccsd(t)_cbs.energy, C7H1N1    ,       147,            21,             126, 0.14285714285714285  , partial
ccsd(t)_cbs.energy, H2O4      ,       165,            21,             144, 0.12727272727272726  , partial
ccsd(t)_cbs.energy, C8H15N1O4 ,       246,            21,             225, 0.08536585365853659  , partial
ccsd(t)_cbs.energy, C5H12N4O1 ,       266,            21,             245, 0.07894736842105263  , partial
ccsd(t)_cbs.energy, C5H13N1O2 ,       267,            21,             246, 0.07865168539325842  , partial
ccsd(t)_cbs.energy, C5H11N5O1 ,       288,            21,             267, 0.07291666666666667  , partial
ccsd(t)_cbs.energy, C6H10N4O1 ,       299,            21,             278, 0.07023411371237458  , partial
ccsd(t)_cbs.energy, C7H11N1O4 ,       327,            21,             306, 0.06422018348623854  , partial
ccsd(t)_cbs.energy, C6H17N5O2 ,       339,            21,             318, 0.061946902654867256 , partial
ccsd(t)_cbs.energy, C7H12O6   ,       349,            21,             328, 0.06017191977077364  , partial
ccsd(t)_cbs.energy, C12H24O4  ,       409,            21,             388, 0.05134474327628362  , partial
ccsd(t)_cbs.energy, C10H21N1O2,       431,            21,             410, 0.048723897911832945 , partial
ccsd(t)_cbs.energy, C9H15N3   ,       466,            21,             445, 0.045064377682403435 , partial
ccsd(t)_cbs.energy, C9H19N1O2 ,       504,            21,             483, 0.041666666666666664 , partial
ccsd(t)_cbs.energy, C9H16     ,       512,            21,             491, 0.041015625          , partial
ccsd(t)_cbs.energy, C6H10N2O3 ,       882,            21,             861, 0.023809523809523808 , partial
ccsd(t)_cbs.energy, C12H13N1O1,      1321,            21,            1300, 0.015897047691143074 , partial
ccsd(t)_cbs.energy, C5H7N3O4  ,       129,            20,             109, 0.15503875968992248  , partial
ccsd(t)_cbs.energy, C7H4N2O2  ,       142,            20,             122, 0.14084507042253522  , partial
ccsd(t)_cbs.energy, C8H6N4O1  ,       142,            20,             122, 0.14084507042253522  , partial
ccsd(t)_cbs.energy, C6H7N3O3  ,       170,            20,             150, 0.11764705882352941  , partial
ccsd(t)_cbs.energy, C5H9N3O3  ,       205,            20,             185, 0.0975609756097561   , partial
ccsd(t)_cbs.energy, C12H8     ,       254,            20,             234, 0.07874015748031496  , partial
ccsd(t)_cbs.energy, C9H16O3   ,       398,            20,             378, 0.05025125628140704  , partial
ccsd(t)_cbs.energy, C10H16O1  ,       428,            20,             408, 0.04672897196261682  , partial
ccsd(t)_cbs.energy, C9H21N3   ,       432,            20,             412, 0.046296296296296294 , partial
ccsd(t)_cbs.energy, C7H13N3O1 ,       451,            20,             431, 0.04434589800443459  , partial
ccsd(t)_cbs.energy, C13H17N3O4,       864,            20,             844, 0.023148148148148147 , partial
ccsd(t)_cbs.energy, C9H9N3O1  ,       879,            20,             859, 0.022753128555176336 , partial
ccsd(t)_cbs.energy, C10H11N1  ,       886,            20,             866, 0.022573363431151242 , partial
ccsd(t)_cbs.energy, C7H11N3O2 ,       913,            20,             893, 0.02190580503833516  , partial
ccsd(t)_cbs.energy, C9H17N3O4 ,      1019,            20,             999, 0.019627085377821395 , partial
ccsd(t)_cbs.energy, C10H19N5O5,      1150,            20,            1130, 0.017391304347826087 , partial
ccsd(t)_cbs.energy, C9H18N2O3 ,      1629,            20,            1609, 0.012277470841006752 , partial
ccsd(t)_cbs.energy, C3H1N5O1  ,        65,            19,              46, 0.2923076923076923   , partial
ccsd(t)_cbs.energy, C1H5N1O3  ,       106,            19,              87, 0.1792452830188679   , partial
ccsd(t)_cbs.energy, C5H9N5O1  ,       121,            19,             102, 0.15702479338842976  , partial
ccsd(t)_cbs.energy, C7H3N3    ,       133,            19,             114, 0.14285714285714285  , partial
ccsd(t)_cbs.energy, C3H11N5O1 ,       134,            19,             115, 0.1417910447761194   , partial
ccsd(t)_cbs.energy, C5H2N2O3  ,       137,            19,             118, 0.1386861313868613   , partial
ccsd(t)_cbs.energy, C1H3N1O3  ,       140,            19,             121, 0.1357142857142857   , partial
ccsd(t)_cbs.energy, C8H10N4O3 ,       146,            19,             127, 0.13013698630136986  , partial
ccsd(t)_cbs.energy, C10H6N4   ,       149,            19,             130, 0.12751677852348994  , partial
ccsd(t)_cbs.energy, C2H8O1    ,       188,            19,             169, 0.10106382978723404  , partial
ccsd(t)_cbs.energy, C10H16    ,       219,            19,             200, 0.0867579908675799   , partial
ccsd(t)_cbs.energy, C8H10N6   ,       278,            19,             259, 0.0683453237410072   , partial
ccsd(t)_cbs.energy, C12H26O3  ,       281,            19,             262, 0.06761565836298933  , partial
ccsd(t)_cbs.energy, C8H16O4   ,       288,            19,             269, 0.06597222222222222  , partial
ccsd(t)_cbs.energy, C6H11N3O1 ,       295,            19,             276, 0.06440677966101695  , partial
ccsd(t)_cbs.energy, C7H15N5   ,       350,            19,             331, 0.054285714285714284 , partial
ccsd(t)_cbs.energy, C7H12N4   ,       547,            19,             528, 0.03473491773308958  , partial
ccsd(t)_cbs.energy, C11H12O1  ,       634,            19,             615, 0.02996845425867508  , partial
ccsd(t)_cbs.energy, C6H14N2O3 ,       649,            19,             630, 0.029275808936825885 , partial
ccsd(t)_cbs.energy, C11H14N2O3,       760,            19,             741, 0.025                , partial
ccsd(t)_cbs.energy, C13H18N2O5,       822,            19,             803, 0.023114355231143552 , partial
ccsd(t)_cbs.energy, C11H17N1O2,       845,            19,             826, 0.022485207100591716 , partial
ccsd(t)_cbs.energy, C11H9N1O1 ,       866,            19,             847, 0.021939953810623556 , partial
ccsd(t)_cbs.energy, C8H15N1O3 ,       949,            19,             930, 0.020021074815595362 , partial
ccsd(t)_cbs.energy, C12H14N2  ,      1177,            19,            1158, 0.016142735768903994 , partial
ccsd(t)_cbs.energy, C11H22N2O3,      1214,            19,            1195, 0.015650741350906095 , partial
ccsd(t)_cbs.energy, C13H17N1  ,      2436,            19,            2417, 0.007799671592775041 , partial
ccsd(t)_cbs.energy, C9H9N1O4  ,       111,            18,              93, 0.16216216216216217  , partial
ccsd(t)_cbs.energy, C10H6N2   ,       143,            18,             125, 0.1258741258741259   , partial
ccsd(t)_cbs.energy, C3H10N2O3 ,       152,            18,             134, 0.11842105263157894  , partial
ccsd(t)_cbs.energy, C12H18    ,       312,            18,             294, 0.057692307692307696 , partial
ccsd(t)_cbs.energy, C6H12O3   ,       314,            18,             296, 0.05732484076433121  , partial
ccsd(t)_cbs.energy, C7H14N4   ,       404,            18,             386, 0.04455445544554455  , partial
ccsd(t)_cbs.energy, C9H18N2O1 ,       918,            18,             900, 0.0196078431372549   , partial
ccsd(t)_cbs.energy, C11H22N4O4,       937,            18,             919, 0.0192102454642476   , partial
ccsd(t)_cbs.energy, C10H13N1O2,      1317,            18,            1299, 0.01366742596810934  , partial
ccsd(t)_cbs.energy, C1H3N1O4  ,        69,            17,              52, 0.2463768115942029   , partial
ccsd(t)_cbs.energy, H3N1O4    ,        83,            17,              66, 0.20481927710843373  , partial
ccsd(t)_cbs.energy, C5H2O4    ,        90,            17,              73, 0.18888888888888888  , partial
ccsd(t)_cbs.energy, C6H6N4O3  ,       107,            17,              90, 0.1588785046728972   , partial
ccsd(t)_cbs.energy, C9H5N3O1  ,       138,            17,             121, 0.12318840579710146  , partial
ccsd(t)_cbs.energy, H1N1O3    ,       161,            17,             144, 0.10559006211180125  , partial
ccsd(t)_cbs.energy, C9H13N1   ,       205,            17,             188, 0.08292682926829269  , partial
ccsd(t)_cbs.energy, C6H8N4O3  ,       254,            17,             237, 0.06692913385826772  , partial
ccsd(t)_cbs.energy, C6H13N3O1 ,       343,            17,             326, 0.04956268221574344  , partial
ccsd(t)_cbs.energy, C5H13N5O2 ,       368,            17,             351, 0.04619565217391304  , partial
ccsd(t)_cbs.energy, C13H11N1  ,       370,            17,             353, 0.04594594594594595  , partial
ccsd(t)_cbs.energy, C10H18O1  ,       552,            17,             535, 0.030797101449275364 , partial
ccsd(t)_cbs.energy, C8H16N2O2 ,       768,            17,             751, 0.022135416666666668 , partial
ccsd(t)_cbs.energy, C12H17N1O2,       814,            17,             797, 0.020884520884520884 , partial
ccsd(t)_cbs.energy, C11H8O2   ,       888,            17,             871, 0.019144144144144143 , partial
ccsd(t)_cbs.energy, C12H16N2O5,       889,            17,             872, 0.019122609673790775 , partial
ccsd(t)_cbs.energy, C10H15N3  ,       928,            17,             911, 0.018318965517241378 , partial
ccsd(t)_cbs.energy, C9H14N2O5 ,      1113,            17,            1096, 0.015274034141958671 , partial
ccsd(t)_cbs.energy, C11H15N1O2,      1215,            17,            1198, 0.013991769547325103 , partial
ccsd(t)_cbs.energy, C10H14N2  ,      1237,            17,            1220, 0.0137429264349232   , partial
ccsd(t)_cbs.energy, C4H5N5O3  ,        75,            16,              59, 0.21333333333333335  , partial
ccsd(t)_cbs.energy, C4H6O6    ,        92,            16,              76, 0.17391304347826086  , partial
ccsd(t)_cbs.energy, C6H4N4O1  ,       127,            16,             111, 0.12598425196850394  , partial
ccsd(t)_cbs.energy, C5H4N6    ,       128,            16,             112, 0.125                , partial
ccsd(t)_cbs.energy, C5H6N4O3  ,       144,            16,             128, 0.1111111111111111   , partial
ccsd(t)_cbs.energy, C8H8N6    ,       144,            16,             128, 0.1111111111111111   , partial
ccsd(t)_cbs.energy, C7H4N4O1  ,       162,            16,             146, 0.09876543209876543  , partial
ccsd(t)_cbs.energy, C7H19N3   ,       213,            16,             197, 0.07511737089201878  , partial
ccsd(t)_cbs.energy, C10H22N4  ,       274,            16,             258, 0.058394160583941604 , partial
ccsd(t)_cbs.energy, C7H19N5O2 ,       274,            16,             258, 0.058394160583941604 , partial
ccsd(t)_cbs.energy, C8H18N4   ,       341,            16,             325, 0.0469208211143695   , partial
ccsd(t)_cbs.energy, C8H20N4O2 ,       346,            16,             330, 0.046242774566473986 , partial
ccsd(t)_cbs.energy, C8H11N1O4 ,       363,            16,             347, 0.0440771349862259   , partial
ccsd(t)_cbs.energy, C12H15N3  ,       366,            16,             350, 0.04371584699453552  , partial
ccsd(t)_cbs.energy, C8H17N1O1 ,       385,            16,             369, 0.04155844155844156  , partial
ccsd(t)_cbs.energy, C8H16N4   ,       427,            16,             411, 0.03747072599531616  , partial
ccsd(t)_cbs.energy, C8H14O3   ,       481,            16,             465, 0.033264033264033266 , partial
ccsd(t)_cbs.energy, C11H11N1O2,       495,            16,             479, 0.03232323232323232  , partial
ccsd(t)_cbs.energy, C14H11N1  ,       605,            16,             589, 0.026446280991735537 , partial
ccsd(t)_cbs.energy, C11H14N2O4,       784,            16,             768, 0.02040816326530612  , partial
ccsd(t)_cbs.energy, C10H20N4O4,       863,            16,             847, 0.01853997682502897  , partial
ccsd(t)_cbs.energy, C12H16N2  ,       932,            16,             916, 0.017167381974248927 , partial
ccsd(t)_cbs.energy, H3N3O2    ,        52,            15,              37, 0.28846153846153844  , partial
ccsd(t)_cbs.energy, C5H6N4O2  ,        77,            15,              62, 0.19480519480519481  , partial
ccsd(t)_cbs.energy, C7H4N2    ,        86,            15,              71, 0.1744186046511628   , partial
ccsd(t)_cbs.energy, C7H2O1    ,        89,            15,              74, 0.16853932584269662  , partial
ccsd(t)_cbs.energy, H8N4      ,       104,            15,              89, 0.14423076923076922  , partial
ccsd(t)_cbs.energy, C5H2O2    ,       112,            15,              97, 0.13392857142857142  , partial
ccsd(t)_cbs.energy, C9H5N3    ,       126,            15,             111, 0.11904761904761904  , partial
ccsd(t)_cbs.energy, C10H6     ,       127,            15,             112, 0.11811023622047244  , partial
ccsd(t)_cbs.energy, C11H24O4  ,       135,            15,             120, 0.1111111111111111   , partial
ccsd(t)_cbs.energy, C4H2N2O4  ,       144,            15,             129, 0.10416666666666667  , partial
ccsd(t)_cbs.energy, C3H11N3O1 ,       195,            15,             180, 0.07692307692307693  , partial
ccsd(t)_cbs.energy, C9H18N2   ,       260,            15,             245, 0.057692307692307696 , partial
ccsd(t)_cbs.energy, C10H20N2O1,       301,            15,             286, 0.04983388704318937  , partial
ccsd(t)_cbs.energy, C8H14O4   ,       312,            15,             297, 0.04807692307692308  , partial
ccsd(t)_cbs.energy, C7H8N4O2  ,       366,            15,             351, 0.040983606557377046 , partial
ccsd(t)_cbs.energy, C5H10N4O3 ,       426,            15,             411, 0.035211267605633804 , partial
ccsd(t)_cbs.energy, C10H9N3   ,       500,            15,             485, 0.03                 , partial
ccsd(t)_cbs.energy, C10H21N1O1,       530,            15,             515, 0.02830188679245283  , partial
ccsd(t)_cbs.energy, C8H15N1O1 ,       542,            15,             527, 0.027675276752767528 , partial
ccsd(t)_cbs.energy, C10H14N2O1,       694,            15,             679, 0.021613832853025938 , partial
ccsd(t)_cbs.energy, C6H13N3O3 ,       794,            15,             779, 0.018891687657430732 , partial
ccsd(t)_cbs.energy, C7H15N3O2 ,       796,            15,             781, 0.018844221105527637 , partial
ccsd(t)_cbs.energy, C9H19N3O3 ,       851,            15,             836, 0.01762632197414806  , partial
ccsd(t)_cbs.energy, C12H17N1O1,       882,            15,             867, 0.017006802721088437 , partial
ccsd(t)_cbs.energy, C9H12O3   ,       891,            15,             876, 0.016835016835016835 , partial
ccsd(t)_cbs.energy, C10H18N2O3,       948,            15,             933, 0.015822784810126583 , partial
ccsd(t)_cbs.energy, C10H20N6O4,       973,            15,             958, 0.015416238437821172 , partial
ccsd(t)_cbs.energy, C11H16N2  ,       999,            15,             984, 0.015015015015015015 , partial
ccsd(t)_cbs.energy, C2H3N7    ,        65,            14,              51, 0.2153846153846154   , partial
ccsd(t)_cbs.energy, C3H2N6    ,        76,            14,              62, 0.18421052631578946  , partial
ccsd(t)_cbs.energy, C8H5N1    ,        77,            14,              63, 0.18181818181818182  , partial
ccsd(t)_cbs.energy, C9H6      ,        92,            14,              78, 0.15217391304347827  , partial
ccsd(t)_cbs.energy, C8H7N3O2  ,       131,            14,             117, 0.10687022900763359  , partial
ccsd(t)_cbs.energy, C10H6O3   ,       132,            14,             118, 0.10606060606060606  , partial
ccsd(t)_cbs.energy, C9H18O3   ,       235,            14,             221, 0.059574468085106386 , partial
ccsd(t)_cbs.energy, C5H14N2O2 ,       255,            14,             241, 0.054901960784313725 , partial
ccsd(t)_cbs.energy, C7H18N4O2 ,       373,            14,             359, 0.03753351206434316  , partial
ccsd(t)_cbs.energy, C11H16O2  ,       378,            14,             364, 0.037037037037037035 , partial
ccsd(t)_cbs.energy, C9H17N3   ,       402,            14,             388, 0.03482587064676617  , partial
ccsd(t)_cbs.energy, C9H12O4   ,       406,            14,             392, 0.034482758620689655 , partial
ccsd(t)_cbs.energy, C14H20N2O3,       777,            14,             763, 0.018018018018018018 , partial
ccsd(t)_cbs.energy, C13H15N1  ,       791,            14,             777, 0.017699115044247787 , partial
ccsd(t)_cbs.energy, C14H18N2O3,       808,            14,             794, 0.017326732673267328 , partial
ccsd(t)_cbs.energy, C9H17N1O2 ,       886,            14,             872, 0.01580135440180587  , partial
ccsd(t)_cbs.energy, C14H17N3O3,      1023,            14,            1009, 0.013685239491691105 , partial
ccsd(t)_cbs.energy, C1H4O5    ,        45,            13,              32, 0.28888888888888886  , partial
ccsd(t)_cbs.energy, C2H9N3    ,        64,            13,              51, 0.203125             , partial
ccsd(t)_cbs.energy, C3H10     ,        70,            13,              57, 0.18571428571428572  , partial
ccsd(t)_cbs.energy, C4H8N4O4  ,        83,            13,              70, 0.1566265060240964   , partial
ccsd(t)_cbs.energy, C3H8O4    ,       119,            13,             106, 0.1092436974789916   , partial
ccsd(t)_cbs.energy, C8H4O3    ,       140,            13,             127, 0.09285714285714286  , partial
ccsd(t)_cbs.energy, C3N2O3    ,       143,            13,             130, 0.09090909090909091  , partial
ccsd(t)_cbs.energy, C7H11N5O1 ,       257,            13,             244, 0.05058365758754864  , partial
ccsd(t)_cbs.energy, C10H7N3O1 ,       283,            13,             270, 0.045936395759717315 , partial
ccsd(t)_cbs.energy, C7H10O4   ,       288,            13,             275, 0.04513888888888889  , partial
ccsd(t)_cbs.energy, C9H10N2O3 ,       340,            13,             327, 0.03823529411764706  , partial
ccsd(t)_cbs.energy, C10H18N2  ,       375,            13,             362, 0.034666666666666665 , partial
ccsd(t)_cbs.energy, C10H19N1O1,       483,            13,             470, 0.026915113871635612 , partial
ccsd(t)_cbs.energy, C11H16N2O1,       715,            13,             702, 0.01818181818181818  , partial
ccsd(t)_cbs.energy, C7H15N1O3 ,       716,            13,             703, 0.018156424581005588 , partial
ccsd(t)_cbs.energy, C14H18N2O4,       930,            13,             917, 0.013978494623655914 , partial
ccsd(t)_cbs.energy, H2N2O4    ,        45,            12,              33, 0.26666666666666666  , partial
ccsd(t)_cbs.energy, C6H2N2O1  ,        53,            12,              41, 0.22641509433962265  , partial
ccsd(t)_cbs.energy, C3O5      ,        59,            12,              47, 0.2033898305084746   , partial
ccsd(t)_cbs.energy, C1H6N2O3  ,        64,            12,              52, 0.1875               , partial
ccsd(t)_cbs.energy, C4H7N7O1  ,        74,            12,              62, 0.16216216216216217  , partial
ccsd(t)_cbs.energy, C2H8N2O3  ,        99,            12,              87, 0.12121212121212122  , partial
ccsd(t)_cbs.energy, C11H16N4  ,       109,            12,              97, 0.11009174311926606  , partial
ccsd(t)_cbs.energy, C4H12N2O2 ,       122,            12,             110, 0.09836065573770492  , partial
ccsd(t)_cbs.energy, C5H4N2O3  ,       122,            12,             110, 0.09836065573770492  , partial
ccsd(t)_cbs.energy, C8H4N2    ,       131,            12,             119, 0.0916030534351145   , partial
ccsd(t)_cbs.energy, C9H16N4   ,       139,            12,             127, 0.08633093525179857  , partial
ccsd(t)_cbs.energy, C12H24N2  ,       187,            12,             175, 0.06417112299465241  , partial
ccsd(t)_cbs.energy, C6H14O3   ,       192,            12,             180, 0.0625               , partial
ccsd(t)_cbs.energy, C7H16N2O1 ,       203,            12,             191, 0.059113300492610835 , partial
ccsd(t)_cbs.energy, C7H12O3   ,       220,            12,             208, 0.05454545454545454  , partial
ccsd(t)_cbs.energy, C7H13N5O1 ,       223,            12,             211, 0.053811659192825115 , partial
ccsd(t)_cbs.energy, C8H16O2   ,       239,            12,             227, 0.0502092050209205   , partial
ccsd(t)_cbs.energy, C9H10N4O1 ,       264,            12,             252, 0.045454545454545456 , partial
ccsd(t)_cbs.energy, C9H14O1   ,       270,            12,             258, 0.044444444444444446 , partial
ccsd(t)_cbs.energy, C10H8N2O2 ,       271,            12,             259, 0.04428044280442804  , partial
ccsd(t)_cbs.energy, C9H15N3O1 ,       340,            12,             328, 0.03529411764705882  , partial
ccsd(t)_cbs.energy, C10H15N1  ,       363,            12,             351, 0.03305785123966942  , partial
ccsd(t)_cbs.energy, C11H21N1  ,       365,            12,             353, 0.03287671232876712  , partial
ccsd(t)_cbs.energy, C6H11N3O2 ,       417,            12,             405, 0.02877697841726619  , partial
ccsd(t)_cbs.energy, C12H22O1  ,       430,            12,             418, 0.027906976744186046 , partial
ccsd(t)_cbs.energy, C9H14N2   ,       461,            12,             449, 0.026030368763557483 , partial
ccsd(t)_cbs.energy, C7H16N2O2 ,       499,            12,             487, 0.02404809619238477  , partial
ccsd(t)_cbs.energy, C12H16O2  ,       566,            12,             554, 0.02120141342756184  , partial
ccsd(t)_cbs.energy, C8H17N1O3 ,       577,            12,             565, 0.02079722703639515  , partial
ccsd(t)_cbs.energy, C10H12O4  ,       596,            12,             584, 0.020134228187919462 , partial
ccsd(t)_cbs.energy, C7H16N2   ,       686,            12,             674, 0.01749271137026239  , partial
ccsd(t)_cbs.energy, C8H17N3O3 ,       791,            12,             779, 0.015170670037926675 , partial
ccsd(t)_cbs.energy, C7H14N2O2 ,       843,            12,             831, 0.014234875444839857 , partial
ccsd(t)_cbs.energy, C11H15N1  ,      1135,            12,            1123, 0.010572687224669603 , partial
ccsd(t)_cbs.energy, C11H15N1O1,      2087,            12,            2075, 0.005749880210828941 , partial
ccsd(t)_cbs.energy, C5H6N2O5  ,        34,            11,              23, 0.3235294117647059   , partial
ccsd(t)_cbs.energy, C7H3N1O1  ,        47,            11,              36, 0.23404255319148937  , partial
ccsd(t)_cbs.energy, C8H5N3O1  ,        47,            11,              36, 0.23404255319148937  , partial
ccsd(t)_cbs.energy, C4H6N4O3  ,        53,            11,              42, 0.20754716981132076  , partial
ccsd(t)_cbs.energy, H4N2O3    ,        56,            11,              45, 0.19642857142857142  , partial
ccsd(t)_cbs.energy, C3H3N1O5  ,        57,            11,              46, 0.19298245614035087  , partial
ccsd(t)_cbs.energy, C4H6N6O2  ,        88,            11,              77, 0.125                , partial
ccsd(t)_cbs.energy, C1H9N3    ,        95,            11,              84, 0.11578947368421053  , partial
ccsd(t)_cbs.energy, C9H6N4O1  ,       146,            11,             135, 0.07534246575342465  , partial
ccsd(t)_cbs.energy, C10H14    ,       244,            11,             233, 0.045081967213114756 , partial
ccsd(t)_cbs.energy, C5H14N4   ,       320,            11,             309, 0.034375             , partial
ccsd(t)_cbs.energy, C10H16N2O2,       339,            11,             328, 0.032448377581120944 , partial
ccsd(t)_cbs.energy, C8H15N3   ,       374,            11,             363, 0.029411764705882353 , partial
ccsd(t)_cbs.energy, C8H8N4O1  ,       378,            11,             367, 0.0291005291005291   , partial
ccsd(t)_cbs.energy, C12H8O1   ,       410,            11,             399, 0.026829268292682926 , partial
ccsd(t)_cbs.energy, C9H7N5    ,       420,            11,             409, 0.02619047619047619  , partial
ccsd(t)_cbs.energy, C10H19N1  ,       440,            11,             429, 0.025                , partial
ccsd(t)_cbs.energy, C10H14N4  ,       467,            11,             456, 0.023554603854389723 , partial
ccsd(t)_cbs.energy, C12H14N2O1,       471,            11,             460, 0.02335456475583864  , partial
ccsd(t)_cbs.energy, C6H13N5O1 ,       473,            11,             462, 0.023255813953488372 , partial
ccsd(t)_cbs.energy, C10H20O1  ,       666,            11,             655, 0.016516516516516516 , partial
ccsd(t)_cbs.energy, C12H17N1  ,       893,            11,             882, 0.012318029115341545 , partial
ccsd(t)_cbs.energy, C5H6N6O1  ,        50,            10,              40, 0.2                  , partial
ccsd(t)_cbs.energy, C8H4O1    ,        51,            10,              41, 0.19607843137254902  , partial
ccsd(t)_cbs.energy, C1H3N3O1  ,        62,            10,              52, 0.16129032258064516  , partial
ccsd(t)_cbs.energy, C6H6N2O4  ,        62,            10,              52, 0.16129032258064516  , partial
ccsd(t)_cbs.energy, C3H10O3   ,        65,            10,              55, 0.15384615384615385  , partial
ccsd(t)_cbs.energy, C3H1N1O5  ,        66,            10,              56, 0.15151515151515152  , partial
ccsd(t)_cbs.energy, H3N1O5    ,        71,            10,              61, 0.14084507042253522  , partial
ccsd(t)_cbs.energy, C2H6O4    ,        74,            10,              64, 0.13513513513513514  , partial
ccsd(t)_cbs.energy, C8H2      ,        80,            10,              70, 0.125                , partial
ccsd(t)_cbs.energy, C1H4O4    ,        83,            10,              73, 0.12048192771084337  , partial
ccsd(t)_cbs.energy, C11H6O2   ,       132,            10,             122, 0.07575757575757576  , partial
ccsd(t)_cbs.energy, C8H5N1O1  ,       148,            10,             138, 0.06756756756756757  , partial
ccsd(t)_cbs.energy, C10H9N5   ,       154,            10,             144, 0.06493506493506493  , partial
ccsd(t)_cbs.energy, C6H16N2O4 ,       155,            10,             145, 0.06451612903225806  , partial
ccsd(t)_cbs.energy, C6H9N3O4  ,       217,            10,             207, 0.04608294930875576  , partial
ccsd(t)_cbs.energy, C6H14N4   ,       224,            10,             214, 0.044642857142857144 , partial
ccsd(t)_cbs.energy, C8H16O3   ,       232,            10,             222, 0.04310344827586207  , partial
ccsd(t)_cbs.energy, C8H15N5   ,       289,            10,             279, 0.03460207612456748  , partial
ccsd(t)_cbs.energy, C11H10N2O1,       330,            10,             320, 0.030303030303030304 , partial
ccsd(t)_cbs.energy, C9H8O4    ,       589,            10,             579, 0.01697792869269949  , partial
ccsd(t)_cbs.energy, C12H12N2  ,       599,            10,             589, 0.01669449081803005  , partial
ccsd(t)_cbs.energy, C5H10N4O2 ,       751,            10,             741, 0.013315579227696404 , partial
ccsd(t)_cbs.energy, C12H16N2O3,       755,            10,             745, 0.013245033112582781 , partial
ccsd(t)_cbs.energy, C14H20N2O4,       756,            10,             746, 0.013227513227513227 , partial
ccsd(t)_cbs.energy, C13H13N1  ,       813,            10,             803, 0.012300123001230012 , partial
ccsd(t)_cbs.energy, C7H13N3O2 ,       867,            10,             857, 0.011534025374855825 , partial
ccsd(t)_cbs.energy, C5H12N2O2 ,       880,            10,             870, 0.011363636363636364 , partial
ccsd(t)_cbs.energy, C11H12N2O2,      1314,            10,            1304, 0.0076103500761035   , partial
ccsd(t)_cbs.energy, H5N1O4    ,        27,             9,              18, 0.3333333333333333   , partial
ccsd(t)_cbs.energy, C3H5N7O2  ,        38,             9,              29, 0.23684210526315788  , partial
ccsd(t)_cbs.energy, C2H2N2O5  ,        39,             9,              30, 0.23076923076923078  , partial
ccsd(t)_cbs.energy, C4H8N6    ,        47,             9,              38, 0.19148936170212766  , partial
ccsd(t)_cbs.energy, C2H8O3    ,        51,             9,              42, 0.17647058823529413  , partial
ccsd(t)_cbs.energy, C1H5N1O4  ,        58,             9,              49, 0.15517241379310345  , partial
ccsd(t)_cbs.energy, H1N3O2    ,        67,             9,              58, 0.13432835820895522  , partial
ccsd(t)_cbs.energy, C2H10N4O1 ,        71,             9,              62, 0.1267605633802817   , partial
ccsd(t)_cbs.energy, C4H8N4O3  ,        75,             9,              66, 0.12                 , partial
ccsd(t)_cbs.energy, C12H23N1O1,        78,             9,              69, 0.11538461538461539  , partial
ccsd(t)_cbs.energy, C2H10N2   ,        99,             9,              90, 0.09090909090909091  , partial
ccsd(t)_cbs.energy, C7H10O3   ,       108,             9,              99, 0.08333333333333333  , partial
ccsd(t)_cbs.energy, C8H20N6O1 ,       108,             9,              99, 0.08333333333333333  , partial
ccsd(t)_cbs.energy, C5H3N3O2  ,       123,             9,             114, 0.07317073170731707  , partial
ccsd(t)_cbs.energy, C12H29N5O1,       124,             9,             115, 0.07258064516129033  , partial
ccsd(t)_cbs.energy, C10H21N1O4,       130,             9,             121, 0.06923076923076923  , partial
ccsd(t)_cbs.energy, C12H24O6  ,       130,             9,             121, 0.06923076923076923  , partial
ccsd(t)_cbs.energy, C14H28O3  ,       131,             9,             122, 0.06870229007633588  , partial
ccsd(t)_cbs.energy, C7H12N6   ,       137,             9,             128, 0.06569343065693431  , partial
ccsd(t)_cbs.energy, C2H9N3O2  ,       142,             9,             133, 0.06338028169014084  , partial
ccsd(t)_cbs.energy, C4H13N5   ,       142,             9,             133, 0.06338028169014084  , partial
ccsd(t)_cbs.energy, C7H12O5   ,       152,             9,             143, 0.05921052631578947  , partial
ccsd(t)_cbs.energy, C11H16O1  ,       153,             9,             144, 0.058823529411764705 , partial
ccsd(t)_cbs.energy, C6H14O6   ,       168,             9,             159, 0.05357142857142857  , partial
ccsd(t)_cbs.energy, C8H14O2   ,       196,             9,             187, 0.04591836734693878  , partial
ccsd(t)_cbs.energy, C8H20N4   ,       214,             9,             205, 0.04205607476635514  , partial
ccsd(t)_cbs.energy, C7H17N3O1 ,       226,             9,             217, 0.03982300884955752  , partial
ccsd(t)_cbs.energy, C8H14N2   ,       233,             9,             224, 0.03862660944206009  , partial
ccsd(t)_cbs.energy, C9H9N3O2  ,       240,             9,             231, 0.0375               , partial
ccsd(t)_cbs.energy, C10H14N4O1,       244,             9,             235, 0.036885245901639344 , partial
ccsd(t)_cbs.energy, C8H11N3O2 ,       244,             9,             235, 0.036885245901639344 , partial
ccsd(t)_cbs.energy, C7H11N3O3 ,       278,             9,             269, 0.03237410071942446  , partial
ccsd(t)_cbs.energy, C8H11N5O2 ,       279,             9,             270, 0.03225806451612903  , partial
ccsd(t)_cbs.energy, C7H13N1O4 ,       298,             9,             289, 0.030201342281879196 , partial
ccsd(t)_cbs.energy, C7H16N2O3 ,       321,             9,             312, 0.028037383177570093 , partial
ccsd(t)_cbs.energy, C10H17N1O2,       351,             9,             342, 0.02564102564102564  , partial
ccsd(t)_cbs.energy, C10H15N1O2,       392,             9,             383, 0.02295918367346939  , partial
ccsd(t)_cbs.energy, C7H9N5O1  ,       415,             9,             406, 0.021686746987951807 , partial
ccsd(t)_cbs.energy, C10H20N2  ,       447,             9,             438, 0.020134228187919462 , partial
ccsd(t)_cbs.energy, C9H20N2O1 ,       457,             9,             448, 0.019693654266958426 , partial
ccsd(t)_cbs.energy, C12H18N2  ,       833,             9,             824, 0.010804321728691477 , partial
ccsd(t)_cbs.energy, C11H14O2  ,      1247,             9,            1238, 0.007217321571772253 , partial
ccsd(t)_cbs.energy, C2N4O3    ,        32,             8,              24, 0.25                 , partial
ccsd(t)_cbs.energy, C8H7N1O1  ,        61,             8,              53, 0.13114754098360656  , partial
ccsd(t)_cbs.energy, C5H8N2O5  ,        62,             8,              54, 0.12903225806451613  , partial
ccsd(t)_cbs.energy, C4H6N8    ,        76,             8,              68, 0.10526315789473684  , partial
ccsd(t)_cbs.energy, C14H32N4  ,       106,             8,              98, 0.07547169811320754  , partial
ccsd(t)_cbs.energy, C7H9N1O5  ,       112,             8,             104, 0.07142857142857142  , partial
ccsd(t)_cbs.energy, C2H6O3    ,       117,             8,             109, 0.06837606837606838  , partial
ccsd(t)_cbs.energy, C13H25N3  ,       129,             8,             121, 0.06201550387596899  , partial
ccsd(t)_cbs.energy, C8H12N6O1 ,       129,             8,             121, 0.06201550387596899  , partial
ccsd(t)_cbs.energy, C12H26O7  ,       134,             8,             126, 0.05970149253731343  , partial
ccsd(t)_cbs.energy, C7H15N3O3 ,       138,             8,             130, 0.057971014492753624 , partial
ccsd(t)_cbs.energy, C9H4N2O2  ,       145,             8,             137, 0.05517241379310345  , partial
ccsd(t)_cbs.energy, C5H12N2O3 ,       179,             8,             171, 0.0446927374301676   , partial
ccsd(t)_cbs.energy, C6H14N4O1 ,       187,             8,             179, 0.0427807486631016   , partial
ccsd(t)_cbs.energy, C10H19N1O3,       255,             8,             247, 0.03137254901960784  , partial
ccsd(t)_cbs.energy, C11H14O1  ,       299,             8,             291, 0.026755852842809364 , partial
ccsd(t)_cbs.energy, C10H13N3O1,       332,             8,             324, 0.024096385542168676 , partial
ccsd(t)_cbs.energy, C12H12N2O1,       357,             8,             349, 0.022408963585434174 , partial
ccsd(t)_cbs.energy, C8H15N1O2 ,       396,             8,             388, 0.020202020202020204 , partial
ccsd(t)_cbs.energy, C11H10O2  ,       398,             8,             390, 0.020100502512562814 , partial
ccsd(t)_cbs.energy, C9H11N5   ,       401,             8,             393, 0.0199501246882793   , partial
ccsd(t)_cbs.energy, C11H20O3  ,       405,             8,             397, 0.019753086419753086 , partial
ccsd(t)_cbs.energy, C11H17N3O1,       412,             8,             404, 0.019417475728155338 , partial
ccsd(t)_cbs.energy, C10H15N3O1,       431,             8,             423, 0.018561484918793503 , partial
ccsd(t)_cbs.energy, C9H19N1O3 ,       448,             8,             440, 0.017857142857142856 , partial
ccsd(t)_cbs.energy, C7H14O5   ,       485,             8,             477, 0.016494845360824743 , partial
ccsd(t)_cbs.energy, C8H18N2O2 ,       562,             8,             554, 0.014234875444839857 , partial
ccsd(t)_cbs.energy, C4N4O1    ,        15,             7,               8, 0.4666666666666667   , partial
ccsd(t)_cbs.energy, C3H8N8O1  ,        25,             7,              18, 0.28                 , partial
ccsd(t)_cbs.energy, C3H6N8O1  ,        27,             7,              20, 0.25925925925925924  , partial
ccsd(t)_cbs.energy, H4O6      ,        30,             7,              23, 0.23333333333333334  , partial
ccsd(t)_cbs.energy, C6H3N3    ,        48,             7,              41, 0.14583333333333334  , partial
ccsd(t)_cbs.energy, C5H5N3O4  ,        58,             7,              51, 0.1206896551724138   , partial
ccsd(t)_cbs.energy, C4H6N4O4  ,        66,             7,              59, 0.10606060606060606  , partial
ccsd(t)_cbs.energy, C12H21N3  ,        73,             7,              66, 0.0958904109589041   , partial
ccsd(t)_cbs.energy, C1H7N3O1  ,        80,             7,              73, 0.0875               , partial
ccsd(t)_cbs.energy, C12H25N1O2,       101,             7,              94, 0.06930693069306931  , partial
ccsd(t)_cbs.energy, C4H9N5O1  ,       102,             7,              95, 0.06862745098039216  , partial
ccsd(t)_cbs.energy, C6H15N5   ,       119,             7,             112, 0.058823529411764705 , partial
ccsd(t)_cbs.energy, C9H9N5    ,       119,             7,             112, 0.058823529411764705 , partial
ccsd(t)_cbs.energy, C6H9N5O2  ,       120,             7,             113, 0.058333333333333334 , partial
ccsd(t)_cbs.energy, C7H7N7    ,       121,             7,             114, 0.05785123966942149  , partial
ccsd(t)_cbs.energy, C13H24O1  ,       124,             7,             117, 0.056451612903225805 , partial
ccsd(t)_cbs.energy, C11H11N1O3,       135,             7,             128, 0.05185185185185185  , partial
ccsd(t)_cbs.energy, C6H13N5O2 ,       140,             7,             133, 0.05                 , partial
ccsd(t)_cbs.energy, C12H18O3  ,       143,             7,             136, 0.04895104895104895  , partial
ccsd(t)_cbs.energy, C10H24N2O4,       159,             7,             152, 0.0440251572327044   , partial
ccsd(t)_cbs.energy, C14H23N1O2,       199,             7,             192, 0.035175879396984924 , partial
ccsd(t)_cbs.energy, C10H20N2O2,       201,             7,             194, 0.03482587064676617  , partial
ccsd(t)_cbs.energy, C10H8N4   ,       249,             7,             242, 0.028112449799196786 , partial
ccsd(t)_cbs.energy, C11H13N3O1,       268,             7,             261, 0.026119402985074626 , partial
ccsd(t)_cbs.energy, C11H19N1  ,       301,             7,             294, 0.023255813953488372 , partial
ccsd(t)_cbs.energy, C12H17N3  ,       301,             7,             294, 0.023255813953488372 , partial
ccsd(t)_cbs.energy, C13H21N1O2,       301,             7,             294, 0.023255813953488372 , partial
ccsd(t)_cbs.energy, C14H24N2O1,       332,             7,             325, 0.02108433734939759  , partial
ccsd(t)_cbs.energy, C9H19N1O1 ,       348,             7,             341, 0.020114942528735632 , partial
ccsd(t)_cbs.energy, C8H12N2O3 ,       350,             7,             343, 0.02                 , partial
ccsd(t)_cbs.energy, C10H7N1O3 ,       359,             7,             352, 0.019498607242339833 , partial
ccsd(t)_cbs.energy, C4H12N4O1 ,       391,             7,             384, 0.017902813299232736 , partial
ccsd(t)_cbs.energy, C12H9N3   ,       398,             7,             391, 0.017587939698492462 , partial
ccsd(t)_cbs.energy, C12H18O2  ,       442,             7,             435, 0.01583710407239819  , partial
ccsd(t)_cbs.energy, C10H14O2  ,       594,             7,             587, 0.011784511784511785 , partial
ccsd(t)_cbs.energy, C8H15N3O1 ,       840,             7,             833, 0.008333333333333333 , partial
ccsd(t)_cbs.energy, C4H5N7O1  ,        18,             6,              12, 0.3333333333333333   , partial
ccsd(t)_cbs.energy, C7H8O5    ,        20,             6,              14, 0.3                  , partial
ccsd(t)_cbs.energy, C3H8N2O4  ,        23,             6,              17, 0.2608695652173913   , partial
ccsd(t)_cbs.energy, C2H9N7    ,        29,             6,              23, 0.20689655172413793  , partial
ccsd(t)_cbs.energy, H6N2O3    ,        31,             6,              25, 0.1935483870967742   , partial
ccsd(t)_cbs.energy, C3H7N5O3  ,        32,             6,              26, 0.1875               , partial
ccsd(t)_cbs.energy, C2H5N3O4  ,        33,             6,              27, 0.18181818181818182  , partial
ccsd(t)_cbs.energy, C1H2N2O2  ,        35,             6,              29, 0.17142857142857143  , partial
ccsd(t)_cbs.energy, C5H5N5O2  ,        36,             6,              30, 0.16666666666666666  , partial
ccsd(t)_cbs.energy, H5N3O2    ,        37,             6,              31, 0.16216216216216217  , partial
ccsd(t)_cbs.energy, C2H9N1O3  ,        39,             6,              33, 0.15384615384615385  , partial
ccsd(t)_cbs.energy, C6H5N5O1  ,        42,             6,              36, 0.14285714285714285  , partial
ccsd(t)_cbs.energy, C1H4N4    ,        43,             6,              37, 0.13953488372093023  , partial
ccsd(t)_cbs.energy, C9H4      ,        51,             6,              45, 0.11764705882352941  , partial
ccsd(t)_cbs.energy, C5H15N3   ,        81,             6,              75, 0.07407407407407407  , partial
ccsd(t)_cbs.energy, C5H11N7   ,        89,             6,              83, 0.06741573033707865  , partial
ccsd(t)_cbs.energy, C10H19N1O4,        98,             6,              92, 0.061224489795918366 , partial
ccsd(t)_cbs.energy, C4H9N7O1  ,       106,             6,             100, 0.05660377358490566  , partial
ccsd(t)_cbs.energy, C12H24O1  ,       108,             6,             102, 0.05555555555555555  , partial
ccsd(t)_cbs.energy, C14H10    ,       112,             6,             106, 0.05357142857142857  , partial
ccsd(t)_cbs.energy, C11H13N3O2,       115,             6,             109, 0.05217391304347826  , partial
ccsd(t)_cbs.energy, C10H23N3O2,       117,             6,             111, 0.05128205128205128  , partial
ccsd(t)_cbs.energy, C9H20O5   ,       121,             6,             115, 0.049586776859504134 , partial
ccsd(t)_cbs.energy, C9H11N3O2 ,       131,             6,             125, 0.04580152671755725  , partial
ccsd(t)_cbs.energy, C11H20O4  ,       133,             6,             127, 0.045112781954887216 , partial
ccsd(t)_cbs.energy, C5H14N6O1 ,       136,             6,             130, 0.04411764705882353  , partial
ccsd(t)_cbs.energy, C12H9N1O2 ,       140,             6,             134, 0.04285714285714286  , partial
ccsd(t)_cbs.energy, C7H11N3   ,       147,             6,             141, 0.04081632653061224  , partial
ccsd(t)_cbs.energy, C4H10N6O2 ,       149,             6,             143, 0.040268456375838924 , partial
ccsd(t)_cbs.energy, C11H17N1O1,       174,             6,             168, 0.034482758620689655 , partial
ccsd(t)_cbs.energy, C9H21N3O1 ,       180,             6,             174, 0.03333333333333333  , partial
ccsd(t)_cbs.energy, C15H17N1  ,       195,             6,             189, 0.03076923076923077  , partial
ccsd(t)_cbs.energy, C11H21N3  ,       202,             6,             196, 0.0297029702970297   , partial
ccsd(t)_cbs.energy, C6H16N4O1 ,       204,             6,             198, 0.029411764705882353 , partial
ccsd(t)_cbs.energy, C11H22O3  ,       223,             6,             217, 0.026905829596412557 , partial
ccsd(t)_cbs.energy, C11H18N2O1,       238,             6,             232, 0.025210084033613446 , partial
ccsd(t)_cbs.energy, C5H12N6O1 ,       244,             6,             238, 0.02459016393442623  , partial
ccsd(t)_cbs.energy, C9H14N2O2 ,       309,             6,             303, 0.019417475728155338 , partial
ccsd(t)_cbs.energy, C13H14N2  ,       326,             6,             320, 0.018404907975460124 , partial
ccsd(t)_cbs.energy, C8H9N3O2  ,       378,             6,             372, 0.015873015873015872 , partial
ccsd(t)_cbs.energy, C8H19N3O1 ,       419,             6,             413, 0.014319809069212411 , partial
ccsd(t)_cbs.energy, C11H14N2O1,       561,             6,             555, 0.0106951871657754   , partial
ccsd(t)_cbs.energy, C8H17N3O1 ,       651,             6,             645, 0.009216589861751152 , partial
ccsd(t)_cbs.energy, C11H11N1  ,       811,             6,             805, 0.007398273736128237 , partial
ccsd(t)_cbs.energy, C8H14N2O2 ,       919,             6,             913, 0.006528835690968444 , partial
ccsd(t)_cbs.energy, C12H13N1  ,       986,             6,             980, 0.006085192697768763 , partial
ccsd(t)_cbs.energy, C6H1N1O2  ,        16,             5,              11, 0.3125               , partial
ccsd(t)_cbs.energy, C5H7N7    ,        17,             5,              12, 0.29411764705882354  , partial
ccsd(t)_cbs.energy, C4N2O3    ,        18,             5,              13, 0.2777777777777778   , partial
ccsd(t)_cbs.energy, C2H9N1O2  ,        21,             5,              16, 0.23809523809523808  , partial
ccsd(t)_cbs.energy, C4H8N8    ,        24,             5,              19, 0.20833333333333334  , partial
ccsd(t)_cbs.energy, C3H4N6O3  ,        26,             5,              21, 0.19230769230769232  , partial
ccsd(t)_cbs.energy, C1H7N3O3  ,        27,             5,              22, 0.18518518518518517  , partial
ccsd(t)_cbs.energy, C6H7N1O4  ,        34,             5,              29, 0.14705882352941177  , partial
ccsd(t)_cbs.energy, C3H8N6O2  ,        40,             5,              35, 0.125                , partial
ccsd(t)_cbs.energy, C5H1N3O1  ,        47,             5,              42, 0.10638297872340426  , partial
ccsd(t)_cbs.energy, C1H2O4    ,        49,             5,              44, 0.10204081632653061  , partial
ccsd(t)_cbs.energy, C13H23N3  ,        74,             5,              69, 0.06756756756756757  , partial
ccsd(t)_cbs.energy, C13H27N1O1,        84,             5,              79, 0.05952380952380952  , partial
ccsd(t)_cbs.energy, C10H24N4  ,        86,             5,              81, 0.05813953488372093  , partial
ccsd(t)_cbs.energy, C17H30N2  ,        97,             5,              92, 0.05154639175257732  , partial
ccsd(t)_cbs.energy, C12H24    ,        98,             5,              93, 0.05102040816326531  , partial
ccsd(t)_cbs.energy, C7H15N3O4 ,       109,             5,             104, 0.045871559633027525 , partial
ccsd(t)_cbs.energy, C11H16O4  ,       110,             5,             105, 0.045454545454545456 , partial
ccsd(t)_cbs.energy, C8H17N3O2 ,       116,             5,             111, 0.04310344827586207  , partial
ccsd(t)_cbs.energy, C11H9N3O1 ,       119,             5,             114, 0.04201680672268908  , partial
ccsd(t)_cbs.energy, C7H10N2O4 ,       122,             5,             117, 0.040983606557377046 , partial
ccsd(t)_cbs.energy, C12H18N2O1,       125,             5,             120, 0.04                 , partial
ccsd(t)_cbs.energy, C13H13N1O2,       125,             5,             120, 0.04                 , partial
ccsd(t)_cbs.energy, C14H21N1O2,       125,             5,             120, 0.04                 , partial
ccsd(t)_cbs.energy, C8H17N1O5 ,       125,             5,             120, 0.04                 , partial
ccsd(t)_cbs.energy, C6H10N4O3 ,       127,             5,             122, 0.03937007874015748  , partial
ccsd(t)_cbs.energy, C8H19N3O2 ,       127,             5,             122, 0.03937007874015748  , partial
ccsd(t)_cbs.energy, C9H10N4O2 ,       137,             5,             132, 0.0364963503649635   , partial
ccsd(t)_cbs.energy, C7H16O4   ,       149,             5,             144, 0.03355704697986577  , partial
ccsd(t)_cbs.energy, C9H20N4   ,       151,             5,             146, 0.033112582781456956 , partial
ccsd(t)_cbs.energy, C9H20O3   ,       183,             5,             178, 0.0273224043715847   , partial
ccsd(t)_cbs.energy, C10H12N2O2,       198,             5,             193, 0.025252525252525252 , partial
ccsd(t)_cbs.energy, C12H24N2O1,       201,             5,             196, 0.024875621890547265 , partial
ccsd(t)_cbs.energy, C11H20N4  ,       205,             5,             200, 0.024390243902439025 , partial
ccsd(t)_cbs.energy, C8H17N1O4 ,       209,             5,             204, 0.023923444976076555 , partial
ccsd(t)_cbs.energy, C11H16N2O2,       215,             5,             210, 0.023255813953488372 , partial
ccsd(t)_cbs.energy, C11H17N1O3,       216,             5,             211, 0.023148148148148147 , partial
ccsd(t)_cbs.energy, C12H12O2  ,       235,             5,             230, 0.02127659574468085  , partial
ccsd(t)_cbs.energy, C8H10N2O3 ,       238,             5,             233, 0.02100840336134454  , partial
ccsd(t)_cbs.energy, C13H10N2  ,       267,             5,             262, 0.018726591760299626 , partial
ccsd(t)_cbs.energy, C8H14N4O1 ,       316,             5,             311, 0.015822784810126583 , partial
ccsd(t)_cbs.energy, C12H11N1O2,       332,             5,             327, 0.015060240963855422 , partial
ccsd(t)_cbs.energy, C13H20N2  ,       335,             5,             330, 0.014925373134328358 , partial
ccsd(t)_cbs.energy, C12H11N1  ,       341,             5,             336, 0.01466275659824047  , partial
ccsd(t)_cbs.energy, C13H16N2  ,       355,             5,             350, 0.014084507042253521 , partial
ccsd(t)_cbs.energy, C10H14O3  ,       418,             5,             413, 0.011961722488038277 , partial
ccsd(t)_cbs.energy, C13H15N1O1,       460,             5,             455, 0.010869565217391304 , partial
ccsd(t)_cbs.energy, C13H17N1O1,       552,             5,             547, 0.009057971014492754 , partial
ccsd(t)_cbs.energy, C5H13N3O1 ,       781,             5,             776, 0.006402048655569782 , partial
ccsd(t)_cbs.energy, C11H10O1  ,       803,             5,             798, 0.0062266500622665   , partial
ccsd(t)_cbs.energy, C3H4N6O2  ,        11,             4,               7, 0.36363636363636365  , partial
ccsd(t)_cbs.energy, C3H3N5O4  ,        12,             4,               8, 0.3333333333333333   , partial
ccsd(t)_cbs.energy, C5H3N5O2  ,        12,             4,               8, 0.3333333333333333   , partial
ccsd(t)_cbs.energy, C2N2O5    ,        16,             4,              12, 0.25                 , partial
ccsd(t)_cbs.energy, C5H8N6    ,        19,             4,              15, 0.21052631578947367  , partial
ccsd(t)_cbs.energy, C3H11N1O1 ,        22,             4,              18, 0.18181818181818182  , partial
ccsd(t)_cbs.energy, C1H8N4    ,        25,             4,              21, 0.16                 , partial
ccsd(t)_cbs.energy, C3H10O1   ,        25,             4,              21, 0.16                 , partial
ccsd(t)_cbs.energy, C5H2N4    ,        25,             4,              21, 0.16                 , partial
ccsd(t)_cbs.energy, C2H10N2O1 ,        26,             4,              22, 0.15384615384615385  , partial
ccsd(t)_cbs.energy, C10H8     ,        29,             4,              25, 0.13793103448275862  , partial
ccsd(t)_cbs.energy, H4O5      ,        29,             4,              25, 0.13793103448275862  , partial
ccsd(t)_cbs.energy, C3H11N1   ,        31,             4,              27, 0.12903225806451613  , partial
ccsd(t)_cbs.energy, C3H12N2O2 ,        36,             4,              32, 0.1111111111111111   , partial
ccsd(t)_cbs.energy, C6H7N1O5  ,        36,             4,              32, 0.1111111111111111   , partial
ccsd(t)_cbs.energy, C2H9N3O1  ,        37,             4,              33, 0.10810810810810811  , partial
ccsd(t)_cbs.energy, C3H11N1O2 ,        37,             4,              33, 0.10810810810810811  , partial
ccsd(t)_cbs.energy, C1H5N5O1  ,        42,             4,              38, 0.09523809523809523  , partial
ccsd(t)_cbs.energy, C1H8N4O2  ,        45,             4,              41, 0.08888888888888889  , partial
ccsd(t)_cbs.energy, C4H12N6O2 ,        47,             4,              43, 0.0851063829787234   , partial
ccsd(t)_cbs.energy, C4H12O2   ,        50,             4,              46, 0.08                 , partial
ccsd(t)_cbs.energy, C2H5N1O4  ,        66,             4,              62, 0.06060606060606061  , partial
ccsd(t)_cbs.energy, C11H21N1O1,        80,             4,              76, 0.05                 , partial
ccsd(t)_cbs.energy, C4H11N7O1 ,        82,             4,              78, 0.04878048780487805  , partial
ccsd(t)_cbs.energy, C11H26N4O1,        88,             4,              84, 0.045454545454545456 , partial
ccsd(t)_cbs.energy, C12H26N2O1,        88,             4,              84, 0.045454545454545456 , partial
ccsd(t)_cbs.energy, C12H13N3O1,        94,             4,              90, 0.0425531914893617   , partial
ccsd(t)_cbs.energy, C5H13N5O1 ,       100,             4,              96, 0.04                 , partial
ccsd(t)_cbs.energy, C12H22    ,       102,             4,              98, 0.0392156862745098   , partial
ccsd(t)_cbs.energy, C9H12N2O3 ,       105,             4,             101, 0.0380952380952381   , partial
ccsd(t)_cbs.energy, C12H25N1O1,       107,             4,             103, 0.037383177570093455 , partial
ccsd(t)_cbs.energy, C8H19N1O1 ,       110,             4,             106, 0.03636363636363636  , partial
ccsd(t)_cbs.energy, C12H20N2O1,       112,             4,             108, 0.03571428571428571  , partial
ccsd(t)_cbs.energy, C13H23N1O1,       117,             4,             113, 0.03418803418803419  , partial
ccsd(t)_cbs.energy, C10H17N3  ,       119,             4,             115, 0.03361344537815126  , partial
ccsd(t)_cbs.energy, C6H13N7   ,       119,             4,             115, 0.03361344537815126  , partial
ccsd(t)_cbs.energy, C12H25N1O5,       121,             4,             117, 0.03305785123966942  , partial
ccsd(t)_cbs.energy, C10H12N4  ,       123,             4,             119, 0.032520325203252036 , partial
ccsd(t)_cbs.energy, C10H19N5  ,       125,             4,             121, 0.032                , partial
ccsd(t)_cbs.energy, C10H20O5  ,       125,             4,             121, 0.032                , partial
ccsd(t)_cbs.energy, C12H21N1  ,       126,             4,             122, 0.031746031746031744 , partial
ccsd(t)_cbs.energy, C10H9N1O3 ,       136,             4,             132, 0.029411764705882353 , partial
ccsd(t)_cbs.energy, C8H14N4O2 ,       141,             4,             137, 0.028368794326241134 , partial
ccsd(t)_cbs.energy, C9H17N1O3 ,       144,             4,             140, 0.027777777777777776 , partial
ccsd(t)_cbs.energy, C8H10O4   ,       147,             4,             143, 0.027210884353741496 , partial
ccsd(t)_cbs.energy, C7H9N1O4  ,       151,             4,             147, 0.026490066225165563 , partial
ccsd(t)_cbs.energy, C11H17N1  ,       205,             4,             201, 0.01951219512195122  , partial
ccsd(t)_cbs.energy, C11H18N2  ,       217,             4,             213, 0.018433179723502304 , partial
ccsd(t)_cbs.energy, C13H13N1O1,       222,             4,             218, 0.018018018018018018 , partial
ccsd(t)_cbs.energy, C10H12N4O1,       239,             4,             235, 0.016736401673640166 , partial
ccsd(t)_cbs.energy, C9H19N3   ,       241,             4,             237, 0.016597510373443983 , partial
ccsd(t)_cbs.energy, C11H18O2  ,       244,             4,             240, 0.01639344262295082  , partial
ccsd(t)_cbs.energy, C5H10N6O1 ,       259,             4,             255, 0.015444015444015444 , partial
ccsd(t)_cbs.energy, C9H21N1O2 ,       300,             4,             296, 0.013333333333333334 , partial
ccsd(t)_cbs.energy, C11H20O2  ,       304,             4,             300, 0.013157894736842105 , partial
ccsd(t)_cbs.energy, C14H17N1O1,       332,             4,             328, 0.012048192771084338 , partial
ccsd(t)_cbs.energy, C10H14O4  ,       402,             4,             398, 0.009950248756218905 , partial
ccsd(t)_cbs.energy, C6H5N1O5  ,         7,             3,               4, 0.42857142857142855  , partial
ccsd(t)_cbs.energy, C3H11N3O2 ,         9,             3,               6, 0.3333333333333333   , partial
ccsd(t)_cbs.energy, C3H8N4O5  ,         9,             3,               6, 0.3333333333333333   , partial
ccsd(t)_cbs.energy, C3H12N2   ,        10,             3,               7, 0.3                  , partial
ccsd(t)_cbs.energy, C2H11N3   ,        11,             3,               8, 0.2727272727272727   , partial
ccsd(t)_cbs.energy, C8H3N1    ,        11,             3,               8, 0.2727272727272727   , partial
ccsd(t)_cbs.energy, C3H12N8O1 ,        13,             3,              10, 0.23076923076923078  , partial
ccsd(t)_cbs.energy, C3H8N4O4  ,        14,             3,              11, 0.21428571428571427  , partial
ccsd(t)_cbs.energy, C1H5N7O1  ,        15,             3,              12, 0.2                  , partial
ccsd(t)_cbs.energy, C3H5N5O4  ,        16,             3,              13, 0.1875               , partial
ccsd(t)_cbs.energy, C6H2O3    ,        17,             3,              14, 0.17647058823529413  , partial
ccsd(t)_cbs.energy, C6H3N3O3  ,        17,             3,              14, 0.17647058823529413  , partial
ccsd(t)_cbs.energy, C3H8N4O3  ,        18,             3,              15, 0.16666666666666666  , partial
ccsd(t)_cbs.energy, C4H5N3O5  ,        19,             3,              16, 0.15789473684210525  , partial
ccsd(t)_cbs.energy, C5H1N1O3  ,        20,             3,              17, 0.15                 , partial
ccsd(t)_cbs.energy, C5H9N1O5  ,        20,             3,              17, 0.15                 , partial
ccsd(t)_cbs.energy, C4H13N1O1 ,        24,             3,              21, 0.125                , partial
ccsd(t)_cbs.energy, C3H6N6O2  ,        26,             3,              23, 0.11538461538461539  , partial
ccsd(t)_cbs.energy, C3H10O2   ,        27,             3,              24, 0.1111111111111111   , partial
ccsd(t)_cbs.energy, C4H4N4O4  ,        29,             3,              26, 0.10344827586206896  , partial
ccsd(t)_cbs.energy, C9H18     ,        30,             3,              27, 0.1                  , partial
ccsd(t)_cbs.energy, C2H8O4    ,        33,             3,              30, 0.09090909090909091  , partial
ccsd(t)_cbs.energy, C1H6N2O4  ,        34,             3,              31, 0.08823529411764706  , partial
ccsd(t)_cbs.energy, C3H7N7O2  ,        36,             3,              33, 0.08333333333333333  , partial
ccsd(t)_cbs.energy, C17H36O2  ,        55,             3,              52, 0.05454545454545454  , partial
ccsd(t)_cbs.energy, C7H19N5   ,        59,             3,              56, 0.05084745762711865  , partial
ccsd(t)_cbs.energy, H2O5      ,        59,             3,              56, 0.05084745762711865  , partial
ccsd(t)_cbs.energy, H1N1O4    ,        60,             3,              57, 0.05                 , partial
ccsd(t)_cbs.energy, C5H14N2   ,        73,             3,              70, 0.0410958904109589   , partial
ccsd(t)_cbs.energy, C12H25N1  ,        75,             3,              72, 0.04                 , partial
ccsd(t)_cbs.energy, C6H14N2O4 ,        89,             3,              86, 0.033707865168539325 , partial
ccsd(t)_cbs.energy, C11H21N3O1,        90,             3,              87, 0.03333333333333333  , partial
ccsd(t)_cbs.energy, C12H11N3  ,        90,             3,              87, 0.03333333333333333  , partial
ccsd(t)_cbs.energy, C6H11N5O2 ,        90,             3,              87, 0.03333333333333333  , partial
ccsd(t)_cbs.energy, C7H9N3O3  ,        95,             3,              92, 0.031578947368421054 , partial
ccsd(t)_cbs.energy, C11H14O4  ,        96,             3,              93, 0.03125              , partial
ccsd(t)_cbs.energy, C6H15N1O1 ,        96,             3,              93, 0.03125              , partial
ccsd(t)_cbs.energy, C10H14N2O2,        99,             3,              96, 0.030303030303030304 , partial
ccsd(t)_cbs.energy, C8H15N3O2 ,       104,             3,             101, 0.028846153846153848 , partial
ccsd(t)_cbs.energy, C11H18N2O2,       108,             3,             105, 0.027777777777777776 , partial
ccsd(t)_cbs.energy, C7H14O6   ,       108,             3,             105, 0.027777777777777776 , partial
ccsd(t)_cbs.energy, C12H27N3O3,       110,             3,             107, 0.02727272727272727  , partial
ccsd(t)_cbs.energy, C12H28N4  ,       111,             3,             108, 0.02702702702702703  , partial
ccsd(t)_cbs.energy, C12H9N1   ,       113,             3,             110, 0.02654867256637168  , partial
ccsd(t)_cbs.energy, C13H28N2O1,       115,             3,             112, 0.02608695652173913  , partial
ccsd(t)_cbs.energy, C13H10O2  ,       116,             3,             113, 0.02586206896551724  , partial
ccsd(t)_cbs.energy, C9H23N7   ,       119,             3,             116, 0.025210084033613446 , partial
ccsd(t)_cbs.energy, C11H22O1  ,       129,             3,             126, 0.023255813953488372 , partial
ccsd(t)_cbs.energy, C6H15N3O3 ,       140,             3,             137, 0.02142857142857143  , partial
ccsd(t)_cbs.energy, C7H13N3O3 ,       147,             3,             144, 0.02040816326530612  , partial
ccsd(t)_cbs.energy, C9H21N1O4 ,       154,             3,             151, 0.01948051948051948  , partial
ccsd(t)_cbs.energy, C5H9N3O4  ,       168,             3,             165, 0.017857142857142856 , partial
ccsd(t)_cbs.energy, C10H16N4  ,       178,             3,             175, 0.016853932584269662 , partial
ccsd(t)_cbs.energy, C10H21N1  ,       193,             3,             190, 0.015544041450777202 , partial
ccsd(t)_cbs.energy, C6H9N7    ,       205,             3,             202, 0.014634146341463415 , partial
ccsd(t)_cbs.energy, C10H10N4  ,       206,             3,             203, 0.014563106796116505 , partial
ccsd(t)_cbs.energy, C7H17N3O2 ,       274,             3,             271, 0.010948905109489052 , partial
ccsd(t)_cbs.energy, C10H11N3O1,       275,             3,             272, 0.01090909090909091  , partial
ccsd(t)_cbs.energy, C11H14O3  ,       301,             3,             298, 0.009966777408637873 , partial
ccsd(t)_cbs.energy, C11H17N3  ,       345,             3,             342, 0.008695652173913044 , partial
ccsd(t)_cbs.energy, C9H17N1O1 ,       493,             3,             490, 0.006085192697768763 , partial
ccsd(t)_cbs.energy, C13H19N1  ,       616,             3,             613, 0.00487012987012987  , partial
ccsd(t)_cbs.energy, C1H4N4O4  ,         2,             2,               0, 1.0                  , all
ccsd(t)_cbs.energy, C6H2N6    ,         2,             2,               0, 1.0                  , all
ccsd(t)_cbs.energy, C7H1N3    ,         2,             2,               0, 1.0                  , all
ccsd(t)_cbs.energy, C2H7N7O1  ,         3,             2,               1, 0.6666666666666666   , partial
ccsd(t)_cbs.energy, C3H5N1O5  ,         5,             2,               3, 0.4                  , partial
ccsd(t)_cbs.energy, C10H5N1O1 ,         6,             2,               4, 0.3333333333333333   , partial
ccsd(t)_cbs.energy, C2H3N7O2  ,         6,             2,               4, 0.3333333333333333   , partial
ccsd(t)_cbs.energy, C3H4N4O4  ,         6,             2,               4, 0.3333333333333333   , partial
ccsd(t)_cbs.energy, C2H3N7O3  ,         7,             2,               5, 0.2857142857142857   , partial
ccsd(t)_cbs.energy, C3H5N7O1  ,         7,             2,               5, 0.2857142857142857   , partial
ccsd(t)_cbs.energy, C5H5N1O6  ,         7,             2,               5, 0.2857142857142857   , partial
ccsd(t)_cbs.energy, C3H13N7O2 ,         8,             2,               6, 0.25                 , partial
ccsd(t)_cbs.energy, C3H6N4O4  ,         8,             2,               6, 0.25                 , partial
ccsd(t)_cbs.energy, C3H7N9    ,         8,             2,               6, 0.25                 , partial
ccsd(t)_cbs.energy, C5H4N6O1  ,         8,             2,               6, 0.25                 , partial
ccsd(t)_cbs.energy, C2H7N3O4  ,         9,             2,               7, 0.2222222222222222   , partial
ccsd(t)_cbs.energy, C3H4N4O5  ,        10,             2,               8, 0.2                  , partial
ccsd(t)_cbs.energy, C3H7N7O1  ,        11,             2,               9, 0.18181818181818182  , partial
ccsd(t)_cbs.energy, C4H7N7    ,        11,             2,               9, 0.18181818181818182  , partial
ccsd(t)_cbs.energy, C6H3N5O1  ,        11,             2,               9, 0.18181818181818182  , partial
ccsd(t)_cbs.energy, C6H2N4O2  ,        13,             2,              11, 0.15384615384615385  , partial
ccsd(t)_cbs.energy, C8H4N4    ,        13,             2,              11, 0.15384615384615385  , partial
ccsd(t)_cbs.energy, C11H12    ,        16,             2,              14, 0.125                , partial
ccsd(t)_cbs.energy, C6H4N2O4  ,        17,             2,              15, 0.11764705882352941  , partial
ccsd(t)_cbs.energy, C4H7N3O5  ,        19,             2,              17, 0.10526315789473684  , partial
ccsd(t)_cbs.energy, C4H9N3O5  ,        20,             2,              18, 0.1                  , partial
ccsd(t)_cbs.energy, C3H7N5O2  ,        21,             2,              19, 0.09523809523809523  , partial
ccsd(t)_cbs.energy, C9H7N1    ,        21,             2,              19, 0.09523809523809523  , partial
ccsd(t)_cbs.energy, C1H7N1O3  ,        22,             2,              20, 0.09090909090909091  , partial
ccsd(t)_cbs.energy, C4H12N4O3 ,        22,             2,              20, 0.09090909090909091  , partial
ccsd(t)_cbs.energy, C9H23N3   ,        25,             2,              23, 0.08                 , partial
ccsd(t)_cbs.energy, C4H5N5O2  ,        29,             2,              27, 0.06896551724137931  , partial
ccsd(t)_cbs.energy, C3H8N6O3  ,        34,             2,              32, 0.058823529411764705 , partial
ccsd(t)_cbs.energy, C4H9N3O4  ,        37,             2,              35, 0.05405405405405406  , partial
ccsd(t)_cbs.energy, C4H10N4O4 ,        38,             2,              36, 0.05263157894736842  , partial
ccsd(t)_cbs.energy, C6H16N2   ,        42,             2,              40, 0.047619047619047616 , partial
ccsd(t)_cbs.energy, C14H16O1  ,        46,             2,              44, 0.043478260869565216 , partial
ccsd(t)_cbs.energy, C5H13N3O4 ,        46,             2,              44, 0.043478260869565216 , partial
ccsd(t)_cbs.energy, C4H10N4O3 ,        50,             2,              48, 0.04                 , partial
ccsd(t)_cbs.energy, C7H16O1   ,        50,             2,              48, 0.04                 , partial
ccsd(t)_cbs.energy, C12H16O1  ,        61,             2,              59, 0.03278688524590164  , partial
ccsd(t)_cbs.energy, C13H20O1  ,        67,             2,              65, 0.029850746268656716 , partial
ccsd(t)_cbs.energy, C4H12O3   ,        74,             2,              72, 0.02702702702702703  , partial
ccsd(t)_cbs.energy, C14H22N2  ,        83,             2,              81, 0.024096385542168676 , partial
ccsd(t)_cbs.energy, C12H23N3  ,        84,             2,              82, 0.023809523809523808 , partial
ccsd(t)_cbs.energy, C14H23N1  ,        88,             2,              86, 0.022727272727272728 , partial
ccsd(t)_cbs.energy, C14H22O1  ,        89,             2,              87, 0.02247191011235955  , partial
ccsd(t)_cbs.energy, C3H12N6   ,        91,             2,              89, 0.02197802197802198  , partial
ccsd(t)_cbs.energy, C12H22N4O1,        95,             2,              93, 0.021052631578947368 , partial
ccsd(t)_cbs.energy, C13H20N2O1,        95,             2,              93, 0.021052631578947368 , partial
ccsd(t)_cbs.energy, C5H11N3O4 ,        96,             2,              94, 0.020833333333333332 , partial
ccsd(t)_cbs.energy, C5H14N4O2 ,        99,             2,              97, 0.020202020202020204 , partial
ccsd(t)_cbs.energy, C11H20O1  ,       100,             2,              98, 0.02                 , partial
ccsd(t)_cbs.energy, C13H16O1  ,       104,             2,             102, 0.019230769230769232 , partial
ccsd(t)_cbs.energy, C8H16O1   ,       106,             2,             104, 0.018867924528301886 , partial
ccsd(t)_cbs.energy, C14H12    ,       107,             2,             105, 0.018691588785046728 , partial
ccsd(t)_cbs.energy, C9H13N5   ,       109,             2,             107, 0.01834862385321101  , partial
ccsd(t)_cbs.energy, C12H8N2   ,       112,             2,             110, 0.017857142857142856 , partial
ccsd(t)_cbs.energy, C11H25N1O2,       113,             2,             111, 0.017699115044247787 , partial
ccsd(t)_cbs.energy, C10H20N4  ,       114,             2,             112, 0.017543859649122806 , partial
ccsd(t)_cbs.energy, C11H9N1O2 ,       114,             2,             112, 0.017543859649122806 , partial
ccsd(t)_cbs.energy, C5H14N4O1 ,       115,             2,             113, 0.017391304347826087 , partial
ccsd(t)_cbs.energy, C9H18N2O2 ,       115,             2,             113, 0.017391304347826087 , partial
ccsd(t)_cbs.energy, C14H13N1  ,       116,             2,             114, 0.017241379310344827 , partial
ccsd(t)_cbs.energy, C9H14N6   ,       125,             2,             123, 0.016                , partial
ccsd(t)_cbs.energy, C8H9N1O4  ,       127,             2,             125, 0.015748031496062992 , partial
ccsd(t)_cbs.energy, C7H16O3   ,       138,             2,             136, 0.014492753623188406 , partial
ccsd(t)_cbs.energy, C14H28O4  ,       140,             2,             138, 0.014285714285714285 , partial
ccsd(t)_cbs.energy, C7H18N2O2 ,       155,             2,             153, 0.012903225806451613 , partial
ccsd(t)_cbs.energy, C7H17N5   ,       163,             2,             161, 0.012269938650306749 , partial
ccsd(t)_cbs.energy, C6H14N6   ,       171,             2,             169, 0.011695906432748537 , partial
ccsd(t)_cbs.energy, C10H20O2  ,       182,             2,             180, 0.01098901098901099  , partial
ccsd(t)_cbs.energy, C13H18O2  ,       185,             2,             183, 0.010810810810810811 , partial
ccsd(t)_cbs.energy, C10H15N1O3,       190,             2,             188, 0.010526315789473684 , partial
ccsd(t)_cbs.energy, C12H10O1  ,       198,             2,             196, 0.010101010101010102 , partial
ccsd(t)_cbs.energy, C10H11N1O3,       209,             2,             207, 0.009569377990430622 , partial
ccsd(t)_cbs.energy, C11H10    ,       210,             2,             208, 0.009523809523809525 , partial
ccsd(t)_cbs.energy, C14H17N1  ,       219,             2,             217, 0.0091324200913242   , partial
ccsd(t)_cbs.energy, C11H11N3  ,       252,             2,             250, 0.007936507936507936 , partial
ccsd(t)_cbs.energy, C7H16N4O1 ,       479,             2,             477, 0.0041753653444676405, partial
ccsd(t)_cbs.energy, C12H12O1  ,       669,             2,             667, 0.0029895366218236174, partial
ccsd(t)_cbs.energy, C1H5N3O5  ,         1,             1,               0, 1.0                  , all
ccsd(t)_cbs.energy, C2H10N4O3 ,         1,             1,               0, 1.0                  , all
ccsd(t)_cbs.energy, C2H10N6O1 ,         1,             1,               0, 1.0                  , all
ccsd(t)_cbs.energy, C2H11N5O1 ,         1,             1,               0, 1.0                  , all
ccsd(t)_cbs.energy, C2H5N1O5  ,         1,             1,               0, 1.0                  , all
ccsd(t)_cbs.energy, C3H13N3   ,         1,             1,               0, 1.0                  , all
ccsd(t)_cbs.energy, C3H2N4O3  ,         1,             1,               0, 1.0                  , all
ccsd(t)_cbs.energy, C3H4N6O1  ,         1,             1,               0, 1.0                  , all
ccsd(t)_cbs.energy, C3H6N8O3  ,         1,             1,               0, 1.0                  , all
ccsd(t)_cbs.energy, C4H3N3O4  ,         1,             1,               0, 1.0                  , all
ccsd(t)_cbs.energy, C4H4N8    ,         1,             1,               0, 1.0                  , all
ccsd(t)_cbs.energy, C6H17N1   ,         1,             1,               0, 1.0                  , all
ccsd(t)_cbs.energy, C6H1N3O3  ,         1,             1,               0, 1.0                  , all
ccsd(t)_cbs.energy, C6H2N2O3  ,         1,             1,               0, 1.0                  , all
ccsd(t)_cbs.energy, C9H2N2O1  ,         1,             1,               0, 1.0                  , all
ccsd(t)_cbs.energy, C9H3N1O2  ,         1,             1,               0, 1.0                  , all
ccsd(t)_cbs.energy, C9H4O3    ,         1,             1,               0, 1.0                  , all
ccsd(t)_cbs.energy, H4N4O1    ,         1,             1,               0, 1.0                  , all
ccsd(t)_cbs.energy, C1H6N6O1  ,         2,             1,               1, 0.5                  , partial
ccsd(t)_cbs.energy, C2H3N3O5  ,         2,             1,               1, 0.5                  , partial
ccsd(t)_cbs.energy, C2H4N2O5  ,         2,             1,               1, 0.5                  , partial
ccsd(t)_cbs.energy, C3H12N4   ,         2,             1,               1, 0.5                  , partial
ccsd(t)_cbs.energy, C3H4N4O3  ,         2,             1,               1, 0.5                  , partial
ccsd(t)_cbs.energy, C4H13N3   ,         2,             1,               1, 0.5                  , partial
ccsd(t)_cbs.energy, C4H2O5    ,         2,             1,               1, 0.5                  , partial
ccsd(t)_cbs.energy, C4H4N2O6  ,         2,             1,               1, 0.5                  , partial
ccsd(t)_cbs.energy, C4H6N4O5  ,         2,             1,               1, 0.5                  , partial
ccsd(t)_cbs.energy, C1H6N2O5  ,         3,             1,               2, 0.3333333333333333   , partial
ccsd(t)_cbs.energy, C2H6N2O4  ,         3,             1,               2, 0.3333333333333333   , partial
ccsd(t)_cbs.energy, C3H9N3O5  ,         3,             1,               2, 0.3333333333333333   , partial
ccsd(t)_cbs.energy, C4H8N2O6  ,         3,             1,               2, 0.3333333333333333   , partial
ccsd(t)_cbs.energy, C6H6O5    ,         3,             1,               2, 0.3333333333333333   , partial
ccsd(t)_cbs.energy, C8H3N1O3  ,         3,             1,               2, 0.3333333333333333   , partial
ccsd(t)_cbs.energy, H5N3O3    ,         3,             1,               2, 0.3333333333333333   , partial
ccsd(t)_cbs.energy, C10H6O1   ,         4,             1,               3, 0.25                 , partial
ccsd(t)_cbs.energy, C3H4N8O1  ,         4,             1,               3, 0.25                 , partial
ccsd(t)_cbs.energy, C5H1N5O2  ,         4,             1,               3, 0.25                 , partial
ccsd(t)_cbs.energy, C5H3N3O4  ,         4,             1,               3, 0.25                 , partial
ccsd(t)_cbs.energy, C7H7N3O3  ,         4,             1,               3, 0.25                 , partial
ccsd(t)_cbs.energy, C3H12N4O1 ,         5,             1,               4, 0.2                  , partial
ccsd(t)_cbs.energy, C3H7N1O5  ,         5,             1,               4, 0.2                  , partial
ccsd(t)_cbs.energy, C5H3N7    ,         5,             1,               4, 0.2                  , partial
ccsd(t)_cbs.energy, C2H8N4O3  ,         6,             1,               5, 0.16666666666666666  , partial
ccsd(t)_cbs.energy, C2H8N8O2  ,         6,             1,               5, 0.16666666666666666  , partial
ccsd(t)_cbs.energy, C3H6N4O5  ,         6,             1,               5, 0.16666666666666666  , partial
ccsd(t)_cbs.energy, C3H9N3O4  ,         6,             1,               5, 0.16666666666666666  , partial
ccsd(t)_cbs.energy, C2H4O5    ,         7,             1,               6, 0.14285714285714285  , partial
ccsd(t)_cbs.energy, C3H10N6O1 ,         7,             1,               6, 0.14285714285714285  , partial
ccsd(t)_cbs.energy, C5H14O1   ,         7,             1,               6, 0.14285714285714285  , partial
ccsd(t)_cbs.energy, C5H5N1O5  ,         7,             1,               6, 0.14285714285714285  , partial
ccsd(t)_cbs.energy, C6H3N3O2  ,         7,             1,               6, 0.14285714285714285  , partial
ccsd(t)_cbs.energy, C8H3N3O1  ,         7,             1,               6, 0.14285714285714285  , partial
ccsd(t)_cbs.energy, C2H7N7O3  ,         8,             1,               7, 0.125                , partial
ccsd(t)_cbs.energy, C3H3N5O3  ,         8,             1,               7, 0.125                , partial
ccsd(t)_cbs.energy, C4H5N5O1  ,         9,             1,               8, 0.1111111111111111   , partial
ccsd(t)_cbs.energy, C4H6N2O5  ,         9,             1,               8, 0.1111111111111111   , partial
ccsd(t)_cbs.energy, C5H2N6O1  ,         9,             1,               8, 0.1111111111111111   , partial
ccsd(t)_cbs.energy, C3H10N4O3 ,        10,             1,               9, 0.1                  , partial
ccsd(t)_cbs.energy, C3H12N6O2 ,        10,             1,               9, 0.1                  , partial
ccsd(t)_cbs.energy, C4H4N4O2  ,        10,             1,               9, 0.1                  , partial
ccsd(t)_cbs.energy, C3H11N5O3 ,        11,             1,              10, 0.09090909090909091  , partial
ccsd(t)_cbs.energy, C4H10N2O4 ,        11,             1,              10, 0.09090909090909091  , partial
ccsd(t)_cbs.energy, C4H10N6   ,        11,             1,              10, 0.09090909090909091  , partial
ccsd(t)_cbs.energy, C5H12N2O5 ,        12,             1,              11, 0.08333333333333333  , partial
ccsd(t)_cbs.energy, C9H4N2O1  ,        13,             1,              12, 0.07692307692307693  , partial
ccsd(t)_cbs.energy, C2H7N1O4  ,        15,             1,              14, 0.06666666666666667  , partial
ccsd(t)_cbs.energy, C1H8N4O1  ,        16,             1,              15, 0.0625               , partial
ccsd(t)_cbs.energy, C3H9N5O3  ,        16,             1,              15, 0.0625               , partial
ccsd(t)_cbs.energy, C1H3N3O2  ,        17,             1,              16, 0.058823529411764705 , partial
ccsd(t)_cbs.energy, C6H18N4O2 ,        18,             1,              17, 0.05555555555555555  , partial
ccsd(t)_cbs.energy, C2H4N8O2  ,        19,             1,              18, 0.05263157894736842  , partial
ccsd(t)_cbs.energy, C4H11N7   ,        20,             1,              19, 0.05                 , partial
ccsd(t)_cbs.energy, C7H3N3O2  ,        20,             1,              19, 0.05                 , partial
ccsd(t)_cbs.energy, C1H7N3O2  ,        32,             1,              31, 0.03125              , partial
ccsd(t)_cbs.energy, C1H9N5O1  ,        33,             1,              32, 0.030303030303030304 , partial
ccsd(t)_cbs.energy, C1H3N3O3  ,        42,             1,              41, 0.023809523809523808 , partial
ccsd(t)_cbs.energy, C4H11N5O3 ,        45,             1,              44, 0.022222222222222223 , partial
ccsd(t)_cbs.energy, C9H18O2   ,        51,             1,              50, 0.0196078431372549   , partial
ccsd(t)_cbs.energy, C11H22N2  ,        58,             1,              57, 0.017241379310344827 , partial
ccsd(t)_cbs.energy, C10H14O1  ,        60,             1,              59, 0.016666666666666666 , partial
ccsd(t)_cbs.energy, C4H10N6O1 ,        67,             1,              66, 0.014925373134328358 , partial
ccsd(t)_cbs.energy, C12H24N2O2,        77,             1,              76, 0.012987012987012988 , partial
ccsd(t)_cbs.energy, C9H22N4   ,        83,             1,              82, 0.012048192771084338 , partial
ccsd(t)_cbs.energy, C13H25N1  ,        97,             1,              96, 0.010309278350515464 , partial
ccsd(t)_cbs.energy, C13H14O1  ,       106,             1,             105, 0.009433962264150943 , partial
ccsd(t)_cbs.energy, C7H10N4O2 ,       107,             1,             106, 0.009345794392523364 , partial
ccsd(t)_cbs.energy, C9H16O2   ,       109,             1,             108, 0.009174311926605505 , partial
ccsd(t)_cbs.energy, C11H19N1O1,       114,             1,             113, 0.008771929824561403 , partial
ccsd(t)_cbs.energy, C12H15N1O2,       115,             1,             114, 0.008695652173913044 , partial
ccsd(t)_cbs.energy, C15H20N2  ,       115,             1,             114, 0.008695652173913044 , partial
ccsd(t)_cbs.energy, C11H23N1  ,       118,             1,             117, 0.00847457627118644  , partial
ccsd(t)_cbs.energy, C14H18N2  ,       120,             1,             119, 0.008333333333333333 , partial
ccsd(t)_cbs.energy, C12H18N2O2,       128,             1,             127, 0.0078125            , partial
ccsd(t)_cbs.energy, C12H14    ,       129,             1,             128, 0.007751937984496124 , partial
ccsd(t)_cbs.energy, C12H19N3O1,       132,             1,             131, 0.007575757575757576 , partial
ccsd(t)_cbs.energy, C7H14O3   ,       175,             1,             174, 0.005714285714285714 , partial
ccsd(t)_cbs.energy, C10H18N2O1,       183,             1,             182, 0.00546448087431694  , partial
ccsd(t)_cbs.energy, C8H17N1   ,       191,             1,             190, 0.005235602094240838 , partial
ccsd(t)_cbs.energy, C7H15N1O5 ,       217,             1,             216, 0.004608294930875576 , partial
ccsd(t)_cbs.energy, C9H13N3O2 ,       228,             1,             227, 0.0043859649122807015, partial
ccsd(t)_cbs.energy, C8H18N2   ,       230,             1,             229, 0.004347826086956522 , partial
ccsd(t)_cbs.energy, C11H20N2O1,       231,             1,             230, 0.004329004329004329 , partial
ccsd(t)_cbs.energy, C11H14N2O2,       250,             1,             249, 0.004                , partial
ccsd(t)_cbs.energy, C7H13N5   ,       256,             1,             255, 0.00390625           , partial
ccsd(t)_cbs.energy, C13H12O1  ,       293,             1,             292, 0.0034129692832764505, partial
ccsd(t)_cbs.energy, C13H20O2  ,       384,             1,             383, 0.0026041666666666665, partial
