system,system_domain,n_atoms,n_configs,train_configs,val_configs,test_id_configs,test_ood_configs,train_dft_available,val_dft_available,test_id_dft_available,test_ood_dft_available,train_cc_available,val_cc_available,test_id_cc_available,test_ood_cc_available
C10H10,seen,20,392,235,79,78,0,148,54,46,0,29,9,8,0
C10H10N2,seen,22,5024,3014,1005,1005,0,1972,659,641,0,128,42,44,0
C10H10N2O1,test_ood,23,2279,0,0,0,2279,0,0,0,2065,0,0,0,43
C10H10N2O2,seen,24,836,502,167,167,0,306,100,98,0,26,11,9,0
C10H10N4,seen,24,206,124,41,41,0,118,39,41,0,1,0,2,0
C10H10N4O1,seen,25,6,4,1,1,0,0,0,0,0,0,0,0,0
C10H10N4O2,test_ood,26,1,0,0,0,1,0,0,0,0,0,0,0,0
C10H10O1,seen,21,891,535,178,178,0,428,151,159,0,28,3,3,0
C10H10O2,seen,22,2457,1474,492,491,0,1368,451,443,0,32,7,14,0
C10H10O3,seen,23,1332,799,267,266,0,493,157,171,0,39,19,18,0
C10H10O4,seen,24,2,1,1,0,0,0,0,0,0,0,0,0,0
C10H10O5,seen,25,3,2,1,0,0,0,0,0,0,0,0,0,0
C10H11N1,test_ood,22,886,0,0,0,886,0,0,0,870,0,0,0,20
C10H11N1O1,test_ood,23,2883,0,0,0,2883,0,0,0,2599,0,0,0,35
C10H11N1O2,test_ood,24,1781,0,0,0,1781,0,0,0,1473,0,0,0,66
C10H11N1O3,seen,25,209,125,42,42,0,118,42,40,0,0,1,1,0
C10H11N3,seen,24,1619,971,324,324,0,958,318,319,0,31,9,4,0
C10H11N3O1,seen,25,275,165,55,55,0,163,55,53,0,2,1,0,0
C10H11N3O2,test_ood,26,140,0,0,0,140,0,0,0,137,0,0,0,0
C10H11N5,test_ood,26,1,0,0,0,1,0,0,0,0,0,0,0,0
C10H12,seen,22,254,152,51,51,0,147,51,51,0,0,0,0,0
C10H12N2,seen,24,1178,707,236,235,0,536,173,169,0,47,17,12,0
C10H12N2O1,seen,25,1359,815,272,272,0,805,264,269,0,13,3,11,0
C10H12N2O2,seen,26,198,119,40,39,0,111,36,36,0,2,2,1,0
C10H12N2O3,seen,27,3,2,1,0,0,0,0,0,0,0,0,0,0
C10H12N2O4,seen,28,2,1,1,0,0,0,0,0,0,0,0,0,0
C10H12N4,test_ood,26,123,0,0,0,123,0,0,0,118,0,0,0,4
C10H12N4O1,test_ood,27,239,0,0,0,239,0,0,0,229,0,0,0,4
C10H12N4O2,test_ood,28,3,0,0,0,3,0,0,0,0,0,0,0,0
C10H12N6,test_ood,28,1,0,0,0,1,0,0,0,0,0,0,0,0
C10H12O1,test_ood,23,1213,0,0,0,1213,0,0,0,880,0,0,0,57
C10H12O2,test_ood,24,1811,0,0,0,1811,0,0,0,1369,0,0,0,46
C10H12O3,test_ood,25,1076,0,0,0,1076,0,0,0,1065,0,0,0,26
C10H12O4,test_ood,26,596,0,0,0,596,0,0,0,581,0,0,0,12
C10H13N1,test_ood,24,2540,0,0,0,2540,0,0,0,1765,0,0,0,101
C10H13N1O1,seen,25,2772,1663,555,554,0,1641,551,546,0,21,5,6,0
C10H13N1O2,seen,26,1317,790,264,263,0,786,260,258,0,9,3,6,0
C10H13N1O3,seen,27,1464,878,293,293,0,863,283,286,0,27,12,12,0
C10H13N1O4,test_ood,28,2,0,0,0,2,0,0,0,0,0,0,0,0
C10H13N3,seen,26,1837,1102,368,367,0,1091,361,363,0,36,7,7,0
C10H13N3O1,seen,27,332,199,67,66,0,198,66,61,0,4,3,1,0
C10H13N3O2,seen,28,125,75,25,25,0,74,23,22,0,0,0,0,0
C10H13N5,seen,28,146,88,29,29,0,83,28,28,0,0,0,0,0
C10H13N5O1,test_ood,29,1,0,0,0,1,0,0,0,0,0,0,0,0
C10H14,seen,24,244,146,49,49,0,60,23,17,0,4,5,2,0
C10H14N2,seen,26,1237,742,248,247,0,728,242,246,0,9,3,5,0
C10H14N2O1,seen,27,694,416,139,139,0,408,134,136,0,10,2,3,0
C10H14N2O2,test_ood,28,99,0,0,0,99,0,0,0,96,0,0,0,3
C10H14N2O3,seen,29,11,7,2,2,0,0,0,0,0,0,0,0,0
C10H14N2O4,test_ood,30,3,0,0,0,3,0,0,0,0,0,0,0,0
C10H14N4,seen,28,467,280,94,93,0,274,92,92,0,4,2,5,0
C10H14N4O1,seen,29,244,146,49,49,0,141,49,47,0,8,0,1,0
C10H14N4O2,test_ood,30,2,0,0,0,2,0,0,0,0,0,0,0,0
C10H14N4O3,test_ood,31,1,0,0,0,1,0,0,0,0,0,0,0,0
C10H14N4O5,test_ood,33,1122,0,0,0,1122,0,0,0,1082,0,0,0,22
C10H14N6,test_ood,30,1,0,0,0,1,0,0,0,0,0,0,0,0
C10H14O1,test_ood,25,60,0,0,0,60,0,0,0,60,0,0,0,1
C10H14O2,seen,26,594,356,119,119,0,349,119,117,0,1,2,4,0
C10H14O3,test_ood,27,418,0,0,0,418,0,0,0,412,0,0,0,5
C10H14O4,seen,28,402,241,81,80,0,240,80,78,0,3,0,1,0
C10H14O5,seen,29,2,1,1,0,0,0,0,0,0,0,0,0,0
C10H15N1,seen,26,363,218,73,72,0,218,72,71,0,9,1,2,0
C10H15N1O1,test_ood,27,844,0,0,0,844,0,0,0,838,0,0,0,29
C10H15N1O2,test_ood,28,392,0,0,0,392,0,0,0,382,0,0,0,9
C10H15N1O3,seen,29,190,114,38,38,0,109,37,35,0,0,1,1,0
C10H15N1O4,seen,30,3,2,1,0,0,0,0,0,0,0,0,0,0
C10H15N3,seen,28,928,557,186,185,0,546,185,182,0,13,2,2,0
C10H15N3O1,seen,29,431,259,86,86,0,249,80,86,0,6,2,0,0
C10H15N3O2,seen,30,4,2,1,1,0,0,0,0,0,0,0,0,0
C10H15N5,test_ood,30,2,0,0,0,2,0,0,0,0,0,0,0,0
C10H15N5O1,test_ood,31,2,0,0,0,2,0,0,0,0,0,0,0,0
C10H15N5O4,seen,34,1119,671,224,224,0,652,210,217,0,33,8,12,0
C10H15N5O5,test_ood,35,1,0,0,0,1,0,0,0,0,0,0,0,0
C10H16,seen,26,219,131,44,44,0,130,43,43,0,10,2,7,0
C10H16N2,seen,28,740,444,148,148,0,430,147,145,0,23,4,8,0
C10H16N2O1,seen,29,574,344,115,115,0,338,115,114,0,14,9,2,0
C10H16N2O2,test_ood,30,339,0,0,0,339,0,0,0,326,0,0,0,11
C10H16N2O3,seen,31,461,277,92,92,0,263,87,90,0,14,3,7,0
C10H16N2O4,seen,32,1,1,0,0,0,0,0,0,0,0,0,0,0
C10H16N2O5,test_ood,33,1094,0,0,0,1094,0,0,0,1054,0,0,0,39
C10H16N2O7,seen,35,451,271,90,90,0,238,77,82,0,31,5,8,0
C10H16N4,seen,30,178,107,36,35,0,106,36,35,0,1,1,1,0
C10H16N4O1,seen,31,1,1,0,0,0,0,0,0,0,0,0,0,0
C10H16N4O2,test_ood,32,1,0,0,0,1,0,0,0,0,0,0,0,0
C10H16N4O4,seen,34,1110,666,222,222,0,640,213,217,0,21,7,4,0
C10H16N6,test_ood,32,113,0,0,0,113,0,0,0,109,0,0,0,0
C10H16O1,seen,27,428,257,86,85,0,249,82,84,0,13,4,3,0
C10H16O2,test_ood,28,1196,0,0,0,1196,0,0,0,1179,0,0,0,43
C10H16O3,seen,29,3,2,1,0,0,0,0,0,0,0,0,0,0
C10H16O4,seen,30,3,2,1,0,0,0,0,0,0,0,0,0,0
C10H16O5,seen,31,2,1,1,0,0,0,0,0,0,0,0,0,0
C10H17N1,seen,28,1064,638,213,213,0,634,211,212,0,19,4,7,0
C10H17N1O1,test_ood,29,820,0,0,0,820,0,0,0,783,0,0,0,22
C10H17N1O2,test_ood,30,351,0,0,0,351,0,0,0,341,0,0,0,9
C10H17N1O3,test_ood,31,3,0,0,0,3,0,0,0,0,0,0,0,0
C10H17N1O4,seen,32,3,2,1,0,0,0,0,0,0,0,0,0,0
C10H17N1O5,test_ood,33,1,0,0,0,1,0,0,0,0,0,0,0,0
C10H17N3,seen,30,119,71,24,24,0,69,24,23,0,3,0,1,0
C10H17N3O1,test_ood,31,5,0,0,0,5,0,0,0,0,0,0,0,0
C10H17N3O2,seen,32,1,1,0,0,0,0,0,0,0,0,0,0,0
C10H17N3O3,test_ood,33,1,0,0,0,1,0,0,0,0,0,0,0,0
C10H17N3O4,seen,34,884,530,177,177,0,499,171,174,0,11,3,8,0
C10H17N3O6,test_ood,36,1102,0,0,0,1102,0,0,0,1062,0,0,0,35
C10H17N5,seen,32,1,1,0,0,0,0,0,0,0,0,0,0,0
C10H17N5O1,test_ood,33,1,0,0,0,1,0,0,0,0,0,0,0,0
C10H18,seen,28,6,4,1,1,0,4,1,1,0,0,0,0,0
C10H18N2,test_ood,30,375,0,0,0,375,0,0,0,369,0,0,0,13
C10H18N2O1,seen,31,183,110,37,36,0,109,36,35,0,1,0,0,0
C10H18N2O2,test_ood,32,3,0,0,0,3,0,0,0,0,0,0,0,0
C10H18N2O3,seen,33,948,569,190,189,0,545,178,183,0,6,3,6,0
C10H18N2O5,seen,35,2494,1496,499,499,0,1423,476,475,0,48,20,18,0
C10H18N4,seen,32,1,1,0,0,0,0,0,0,0,0,0,0,0
C10H18N4O1,test_ood,33,4,0,0,0,4,0,0,0,0,0,0,0,0
C10H18N4O5,seen,37,536,322,107,107,0,310,106,100,0,18,10,5,0
C10H18N6O3,test_ood,37,1,0,0,0,1,0,0,0,0,0,0,0,0
C10H18O1,seen,29,552,331,111,110,0,329,109,109,0,13,1,3,0
C10H18O2,test_ood,30,694,0,0,0,694,0,0,0,679,0,0,0,27
C10H18O3,test_ood,31,485,0,0,0,485,0,0,0,478,0,0,0,36
C10H18O4,seen,32,408,245,82,81,0,244,78,80,0,9,6,7,0
C10H19N1,test_ood,30,440,0,0,0,440,0,0,0,431,0,0,0,11
C10H19N1O1,test_ood,31,483,0,0,0,483,0,0,0,479,0,0,0,13
C10H19N1O2,test_ood,32,244,0,0,0,244,0,0,0,234,0,0,0,0
C10H19N1O3,seen,33,255,153,51,51,0,147,51,51,0,5,2,1,0
C10H19N1O4,seen,34,98,59,20,19,0,58,20,19,0,4,0,2,0
C10H19N3,seen,32,228,137,46,45,0,133,46,45,0,0,0,0,0
C10H19N3O1,seen,33,1,1,0,0,0,0,0,0,0,0,0,0,0
C10H19N3O2,test_ood,34,2,0,0,0,2,0,0,0,0,0,0,0,0
C10H19N3O3,test_ood,35,1,0,0,0,1,0,0,0,0,0,0,0,0
C10H19N3O4,seen,36,2452,1471,491,490,0,1403,461,468,0,44,11,14,0
C10H19N3O5,test_ood,37,1038,0,0,0,1038,0,0,0,998,0,0,0,26
C10H19N5,seen,34,125,75,25,25,0,74,25,25,0,1,2,1,0
C10H19N5O5,test_ood,39,1150,0,0,0,1150,0,0,0,1110,0,0,0,20
C10H20,seen,30,3,2,1,0,0,2,1,0,0,0,0,0,0
C10H20N2,test_ood,32,447,0,0,0,447,0,0,0,439,0,0,0,9
C10H20N2O1,test_ood,33,301,0,0,0,301,0,0,0,289,0,0,0,15
C10H20N2O2,seen,34,201,121,40,40,0,117,39,39,0,2,3,2,0
C10H20N2O3,seen,35,448,269,90,89,0,255,85,87,0,19,6,12,0
C10H20N2O4,test_ood,36,1467,0,0,0,1467,0,0,0,1387,0,0,0,38
C10H20N4,seen,34,114,68,23,23,0,68,22,23,0,1,0,1,0
C10H20N4O4,test_ood,38,863,0,0,0,863,0,0,0,795,0,0,0,16
C10H20N6O4,seen,40,973,584,195,194,0,559,188,186,0,9,2,4,0
C10H20O1,seen,31,666,400,133,133,0,392,130,131,0,7,2,2,0
C10H20O2,test_ood,32,182,0,0,0,182,0,0,0,182,0,0,0,2
C10H20O3,test_ood,33,1,0,0,0,1,0,0,0,0,0,0,0,0
C10H20O4,test_ood,34,1,0,0,0,1,0,0,0,0,0,0,0,0
C10H20O5,test_ood,35,125,0,0,0,125,0,0,0,120,0,0,0,4
C10H20O6,seen,36,1,1,0,0,0,0,0,0,0,0,0,0,0
C10H21N1,test_ood,32,193,0,0,0,193,0,0,0,192,0,0,0,3
C10H21N1O1,test_ood,33,530,0,0,0,530,0,0,0,525,0,0,0,15
C10H21N1O2,seen,34,431,259,86,86,0,257,84,84,0,15,2,4,0
C10H21N1O4,seen,36,130,78,26,26,0,76,26,25,0,6,0,3,0
C10H21N3O1,seen,35,111,67,22,22,0,63,20,21,0,0,0,0,0
C10H21N3O3,seen,37,1,1,0,0,0,0,0,0,0,0,0,0,0
C10H21N3O4,test_ood,38,940,0,0,0,940,0,0,0,900,0,0,0,39
C10H21N5O1,seen,37,1,1,0,0,0,0,0,0,0,0,0,0,0
C10H21N5O4,seen,40,1065,639,213,213,0,615,205,205,0,31,5,4,0
C10H22N2,test_ood,34,109,0,0,0,109,0,0,0,107,0,0,0,0
C10H22N2O1,seen,35,1,1,0,0,0,0,0,0,0,0,0,0,0
C10H22N2O3,test_ood,37,1,0,0,0,1,0,0,0,0,0,0,0,0
C10H22N2O4,seen,38,1,1,0,0,0,0,0,0,0,0,0,0,0
C10H22N4,seen,36,274,164,55,55,0,163,55,55,0,8,4,4,0
C10H22N4O2,test_ood,38,1,0,0,0,1,0,0,0,0,0,0,0,0
C10H22O1,test_ood,33,3,0,0,0,3,0,0,0,3,0,0,0,0
C10H22O2,seen,34,24,14,5,5,0,14,5,5,0,0,0,0,0
C10H22O3,test_ood,35,407,0,0,0,407,0,0,0,405,0,0,0,24
C10H22O6,seen,38,137,82,28,27,0,81,26,25,0,0,0,0,0
C10H23N1,seen,34,12,7,3,2,0,7,3,2,0,0,0,0,0
C10H23N1O1,seen,35,54,32,11,11,0,32,11,11,0,0,0,0,0
C10H23N1O3,test_ood,37,1,0,0,0,1,0,0,0,0,0,0,0,0
C10H23N3O1,test_ood,37,1,0,0,0,1,0,0,0,0,0,0,0,0
C10H23N3O2,test_ood,38,117,0,0,0,117,0,0,0,116,0,0,0,6
C10H24N2,seen,36,25,15,5,5,0,15,5,5,0,0,0,0,0
C10H24N2O1,seen,37,2,1,1,0,0,0,0,0,0,0,0,0,0
C10H24N2O2,seen,38,1,1,0,0,0,0,0,0,0,0,0,0,0
C10H24N2O4,test_ood,40,159,0,0,0,159,0,0,0,155,0,0,0,7
C10H24N4,test_ood,38,86,0,0,0,86,0,0,0,85,0,0,0,5
C10H24N4O1,seen,39,1,1,0,0,0,0,0,0,0,0,0,0,0
C10H24O2,seen,36,3,2,1,0,0,2,1,0,0,0,0,0,0
C10H25N1,test_ood,36,2,0,0,0,2,0,0,0,2,0,0,0,0
C10H25N1O1,seen,37,3,2,1,0,0,2,1,0,0,0,0,0,0
C10H25N3,test_ood,38,1,0,0,0,1,0,0,0,0,0,0,0,0
C10H25N3O1,seen,39,1,1,0,0,0,0,0,0,0,0,0,0,0
C10H25N3O3,seen,41,1,1,0,0,0,0,0,0,0,0,0,0,0
C10H26N2,seen,38,4,2,1,1,0,2,1,1,0,0,0,0,0
C10H26N2O6,seen,44,1,1,0,0,0,0,0,0,0,0,0,0,0
C10H26N4,test_ood,40,1,0,0,0,1,0,0,0,0,0,0,0,0
C10H26N4O2,seen,42,1,1,0,0,0,0,0,0,0,0,0,0,0
C10H26N6,seen,42,1,1,0,0,0,0,0,0,0,0,0,0,0
C10H3N1O1,test_ood,15,3,0,0,0,3,0,0,0,3,0,0,0,0
C10H4N2,test_ood,16,4,0,0,0,4,0,0,0,4,0,0,0,0
C10H5N1,seen,16,2,1,1,0,0,1,1,0,0,0,0,0,0
C10H5N1O1,seen,17,6,4,1,1,0,4,1,1,0,2,0,0,0
C10H6,seen,16,127,76,26,25,0,75,25,24,0,12,1,2,0
C10H6N2,seen,18,143,86,29,28,0,86,29,28,0,11,2,5,0
C10H6N4,test_ood,20,149,0,0,0,149,0,0,0,146,0,0,0,19
C10H6O1,test_ood,17,4,0,0,0,4,0,0,0,4,0,0,0,1
C10H6O2,seen,18,294,176,59,59,0,174,57,58,0,20,12,5,0
C10H6O3,seen,19,132,79,27,26,0,79,27,26,0,7,3,4,0
C10H7N1,test_ood,18,4,0,0,0,4,0,0,0,4,0,0,0,0
C10H7N1O1,seen,19,705,423,141,141,0,333,110,114,0,44,12,15,0
C10H7N1O2,seen,20,1076,646,215,215,0,557,182,182,0,74,29,26,0
C10H7N1O3,test_ood,21,359,0,0,0,359,0,0,0,353,0,0,0,7
C10H7N3,test_ood,20,481,0,0,0,481,0,0,0,475,0,0,0,70
C10H7N3O1,test_ood,21,283,0,0,0,283,0,0,0,279,0,0,0,13
C10H8,test_ood,18,29,0,0,0,29,0,0,0,28,0,0,0,4
C10H8N2,seen,20,3745,2247,749,749,0,521,168,167,0,224,63,72,0
C10H8N2O1,test_ood,21,1179,0,0,0,1179,0,0,0,1030,0,0,0,32
C10H8N2O2,seen,22,271,163,54,54,0,160,53,52,0,8,2,2,0
C10H8N4,seen,22,249,149,50,50,0,148,49,48,0,5,1,1,0
C10H8O1,seen,19,1809,1085,362,362,0,136,48,41,0,87,19,28,0
C10H8O2,seen,20,3039,1823,608,608,0,1704,569,565,0,213,64,72,0
C10H8O3,seen,21,1391,835,278,278,0,748,252,236,0,30,15,10,0
C10H9N1,test_ood,20,3177,0,0,0,3177,0,0,0,1160,0,0,0,256
C10H9N1O1,test_ood,21,3390,0,0,0,3390,0,0,0,3353,0,0,0,39
C10H9N1O2,test_ood,22,2466,0,0,0,2466,0,0,0,1659,0,0,0,113
C10H9N1O3,seen,23,136,82,27,27,0,81,27,27,0,1,3,0,0
C10H9N3,test_ood,22,500,0,0,0,500,0,0,0,494,0,0,0,15
C10H9N3O1,seen,23,658,395,132,131,0,392,132,128,0,14,6,5,0
C10H9N5,seen,24,154,92,31,31,0,89,31,30,0,6,2,2,0
C10H9N5O1,test_ood,25,1,0,0,0,1,0,0,0,0,0,0,0,0
C11H10,test_ood,21,210,0,0,0,210,0,0,0,210,0,0,0,2
C11H10N2,test_ood,23,1583,0,0,0,1583,0,0,0,1254,0,0,0,55
C11H10N2O1,seen,24,330,198,66,66,0,196,65,65,0,4,4,2,0
C11H10N2O2,seen,25,2,1,1,0,0,0,0,0,0,0,0,0,0
C11H10N4,test_ood,25,1,0,0,0,1,0,0,0,0,0,0,0,0
C11H10O1,seen,22,803,482,161,160,0,479,160,160,0,5,0,0,0
C11H10O2,seen,23,398,239,80,79,0,238,80,79,0,5,0,3,0
C11H10O3,test_ood,24,245,0,0,0,245,0,0,0,242,0,0,0,0
C11H10O4,seen,25,2,1,1,0,0,0,0,0,0,0,0,0,0
C11H10O7,test_ood,28,1,0,0,0,1,0,0,0,0,0,0,0,0
C11H11N1,test_ood,23,811,0,0,0,811,0,0,0,807,0,0,0,6
C11H11N1O1,test_ood,24,1861,0,0,0,1861,0,0,0,1695,0,0,0,34
C11H11N1O2,seen,25,495,297,99,99,0,291,98,97,0,8,1,7,0
C11H11N1O3,seen,26,135,81,27,27,0,79,26,26,0,3,4,0,0
C11H11N3,test_ood,25,252,0,0,0,252,0,0,0,248,0,0,0,2
C11H11N3O1,seen,26,104,62,21,21,0,62,21,21,0,0,0,0,0
C11H11N3O2,test_ood,27,2,0,0,0,2,0,0,0,0,0,0,0,0
C11H12,test_ood,23,16,0,0,0,16,0,0,0,16,0,0,0,2
C11H12N2,seen,25,829,497,166,166,0,494,165,162,0,21,5,1,0
C11H12N2O1,seen,26,1254,752,251,251,0,737,250,248,0,23,1,8,0
C11H12N2O2,test_ood,27,1314,0,0,0,1314,0,0,0,1292,0,0,0,10
C11H12N4,seen,27,1,1,0,0,0,0,0,0,0,0,0,0,0
C11H12N4O2,test_ood,29,1,0,0,0,1,0,0,0,0,0,0,0,0
C11H12O1,test_ood,24,634,0,0,0,634,0,0,0,486,0,0,0,19
C11H12O2,seen,25,1496,898,299,299,0,893,295,298,0,17,10,8,0
C11H12O3,test_ood,26,99,0,0,0,99,0,0,0,98,0,0,0,0
C11H12O4,seen,27,1,1,0,0,0,0,0,0,0,0,0,0,0
C11H13N1,seen,25,2050,1230,410,410,0,1212,404,405,0,44,12,13,0
C11H13N1O1,seen,26,2144,1286,429,429,0,1269,424,416,0,25,7,11,0
C11H13N1O2,seen,27,1144,686,229,229,0,680,226,227,0,19,6,4,0
C11H13N1O3,seen,28,2,1,1,0,0,0,0,0,0,0,0,0,0
C11H13N1O4,test_ood,29,4,0,0,0,4,0,0,0,0,0,0,0,0
C11H13N3,seen,27,977,586,196,195,0,573,194,192,0,15,9,5,0
C11H13N3O1,test_ood,28,268,0,0,0,268,0,0,0,263,0,0,0,7
C11H13N3O2,test_ood,29,115,0,0,0,115,0,0,0,108,0,0,0,6
C11H13N5O1,test_ood,30,1,0,0,0,1,0,0,0,0,0,0,0,0
C11H14,test_ood,25,17,0,0,0,17,0,0,0,17,0,0,0,0
C11H14N2,seen,27,1730,1038,346,346,0,1029,345,342,0,17,5,7,0
C11H14N2O1,test_ood,28,561,0,0,0,561,0,0,0,551,0,0,0,6
C11H14N2O2,seen,29,250,150,50,50,0,149,48,49,0,0,0,1,0
C11H14N2O3,seen,30,760,456,152,152,0,430,144,145,0,9,3,7,0
C11H14N2O4,test_ood,31,784,0,0,0,784,0,0,0,744,0,0,0,16
C11H14N4,seen,29,4,2,1,1,0,0,0,0,0,0,0,0,0
C11H14N4O1,seen,30,2,1,1,0,0,0,0,0,0,0,0,0,0
C11H14N4O2,test_ood,31,1,0,0,0,1,0,0,0,0,0,0,0,0
C11H14N4O3,test_ood,32,2,0,0,0,2,0,0,0,0,0,0,0,0
C11H14O1,test_ood,26,299,0,0,0,299,0,0,0,298,0,0,0,8
C11H14O2,test_ood,27,1247,0,0,0,1247,0,0,0,1228,0,0,0,9
C11H14O3,seen,28,301,181,60,60,0,178,60,59,0,1,0,2,0
C11H14O4,seen,29,96,58,19,19,0,55,18,19,0,2,1,0,0
C11H15N1,seen,27,1135,681,227,227,0,674,227,225,0,5,2,5,0
C11H15N1O1,test_ood,28,2087,0,0,0,2087,0,0,0,2067,0,0,0,12
C11H15N1O2,seen,29,1215,729,243,243,0,714,238,237,0,8,4,5,0
C11H15N1O3,seen,30,2,1,1,0,0,0,0,0,0,0,0,0,0
C11H15N1O4,seen,31,2,1,1,0,0,0,0,0,0,0,0,0,0
C11H15N1O5,seen,32,1,1,0,0,0,0,0,0,0,0,0,0,0
C11H15N3,seen,29,986,592,197,197,0,582,193,194,0,17,5,3,0
C11H15N3O1,seen,30,6,4,1,1,0,0,0,0,0,0,0,0,0
C11H15N3O2,test_ood,31,2,0,0,0,2,0,0,0,0,0,0,0,0
C11H15N3O3,seen,32,1,1,0,0,0,0,0,0,0,0,0,0,0
C11H15N5O1,seen,32,1,1,0,0,0,0,0,0,0,0,0,0,0
C11H16,seen,27,18,11,4,3,0,11,4,3,0,0,0,0,0
C11H16N2,test_ood,29,999,0,0,0,999,0,0,0,992,0,0,0,15
C11H16N2O1,test_ood,30,715,0,0,0,715,0,0,0,695,0,0,0,13
C11H16N2O2,seen,31,215,129,43,43,0,125,41,42,0,3,0,2,0
C11H16N2O3,seen,32,2,1,1,0,0,0,0,0,0,0,0,0,0
C11H16N4,seen,31,109,65,22,22,0,62,22,21,0,8,2,2,0
C11H16N4O2,seen,33,1,1,0,0,0,0,0,0,0,0,0,0,0
C11H16N4O3,seen,34,1071,643,214,214,0,624,205,201,0,22,7,9,0
C11H16N4O5,test_ood,36,1111,0,0,0,1111,0,0,0,1071,0,0,0,44
C11H16O1,test_ood,28,153,0,0,0,153,0,0,0,152,0,0,0,9
C11H16O2,seen,29,378,227,76,75,0,225,76,75,0,7,3,4,0
C11H16O3,seen,30,95,57,19,19,0,54,19,19,0,0,0,0,0
C11H16O4,test_ood,31,110,0,0,0,110,0,0,0,108,0,0,0,5
C11H17N1,test_ood,29,205,0,0,0,205,0,0,0,205,0,0,0,4
C11H17N1O1,test_ood,30,174,0,0,0,174,0,0,0,172,0,0,0,6
C11H17N1O2,test_ood,31,845,0,0,0,845,0,0,0,833,0,0,0,19
C11H17N1O3,seen,32,216,130,43,43,0,125,43,43,0,4,0,1,0
C11H17N1O4,test_ood,33,2,0,0,0,2,0,0,0,0,0,0,0,0
C11H17N3,seen,31,345,207,69,69,0,199,66,68,0,2,0,1,0
C11H17N3O1,test_ood,32,412,0,0,0,412,0,0,0,403,0,0,0,8
C11H17N3O2,test_ood,33,3,0,0,0,3,0,0,0,0,0,0,0,0
C11H17N3O6,seen,37,1,1,0,0,0,0,0,0,0,0,0,0,0
C11H17N5O4,seen,37,1053,632,211,210,0,609,205,199,0,12,4,6,0
C11H17N9O2,seen,39,1,1,0,0,0,0,0,0,0,0,0,0,0
C11H18,seen,29,133,80,27,26,0,80,27,25,0,0,0,0,0
C11H18N2,seen,31,217,130,44,43,0,126,43,41,0,4,0,0,0
C11H18N2O1,test_ood,32,238,0,0,0,238,0,0,0,234,0,0,0,6
C11H18N2O2,test_ood,33,108,0,0,0,108,0,0,0,102,0,0,0,3
C11H18N2O3,seen,34,1,1,0,0,0,0,0,0,0,0,0,0,0
C11H18N4,seen,33,2,1,1,0,0,0,0,0,0,0,0,0,0
C11H18N4O1,test_ood,34,1,0,0,0,1,0,0,0,0,0,0,0,0
C11H18N4O3,test_ood,36,1067,0,0,0,1067,0,0,0,1027,0,0,0,32
C11H18N4O4,seen,37,1,1,0,0,0,0,0,0,0,0,0,0,0
C11H18O1,seen,30,139,83,28,28,0,83,28,28,0,0,0,0,0
C11H18O2,test_ood,31,244,0,0,0,244,0,0,0,240,0,0,0,4
C11H18O3,seen,32,3,2,1,0,0,0,0,0,0,0,0,0,0
C11H18O4,test_ood,33,2,0,0,0,2,0,0,0,0,0,0,0,0
C11H19N1,seen,31,301,181,60,60,0,179,59,60,0,5,0,2,0
C11H19N1O1,seen,32,114,68,23,23,0,68,23,22,0,0,0,1,0
C11H19N1O2,test_ood,33,112,0,0,0,112,0,0,0,108,0,0,0,0
C11H19N1O3,test_ood,34,2,0,0,0,2,0,0,0,0,0,0,0,0
C11H19N3,seen,33,2,1,1,0,0,0,0,0,0,0,0,0,0
C11H19N3O1,test_ood,34,6,0,0,0,6,0,0,0,0,0,0,0,0
C11H20,seen,31,17,10,4,3,0,10,4,3,0,0,0,0,0
C11H20N2,seen,33,85,51,17,17,0,51,16,17,0,0,0,0,0
C11H20N2O1,test_ood,34,231,0,0,0,231,0,0,0,225,0,0,0,1
C11H20N2O2,seen,35,1,1,0,0,0,0,0,0,0,0,0,0,0
C11H20N2O3,seen,36,1390,834,278,278,0,781,265,262,0,26,7,3,0
C11H20N2O5,test_ood,38,1574,0,0,0,1574,0,0,0,1494,0,0,0,62
C11H20N4,seen,35,205,123,41,41,0,121,39,38,0,3,0,2,0
C11H20N6O4,seen,41,1,1,0,0,0,0,0,0,0,0,0,0,0
C11H20O1,seen,32,100,60,20,20,0,60,20,20,0,1,0,1,0
C11H20O2,seen,33,304,182,61,61,0,176,60,60,0,3,1,0,0
C11H20O3,test_ood,34,405,0,0,0,405,0,0,0,403,0,0,0,8
C11H20O4,seen,35,133,80,27,26,0,79,27,26,0,3,2,1,0
C11H21N1,seen,33,365,219,73,73,0,216,72,72,0,9,0,3,0
C11H21N1O1,test_ood,34,80,0,0,0,80,0,0,0,79,0,0,0,4
C11H21N1O2,test_ood,35,2,0,0,0,2,0,0,0,0,0,0,0,0
C11H21N3,test_ood,35,202,0,0,0,202,0,0,0,199,0,0,0,6
C11H21N3O1,seen,36,90,54,18,18,0,54,18,18,0,2,0,1,0
C11H21N3O3,test_ood,38,924,0,0,0,924,0,0,0,884,0,0,0,23
C11H21N3O4,seen,39,1507,904,302,301,0,855,285,287,0,19,9,5,0
C11H21N3O5,seen,40,980,588,196,196,0,563,188,189,0,20,9,7,0
C11H21N5O3,seen,40,1077,646,216,215,0,620,207,210,0,35,13,9,0
C11H21N5O5,test_ood,42,1085,0,0,0,1085,0,0,0,1045,0,0,0,0
C11H22,test_ood,33,7,0,0,0,7,0,0,0,7,0,0,0,0
C11H22N2,seen,35,58,35,12,11,0,35,12,11,0,1,0,0,0
C11H22N2O1,test_ood,36,1,0,0,0,1,0,0,0,0,0,0,0,0
C11H22N2O3,test_ood,38,1214,0,0,0,1214,0,0,0,1134,0,0,0,19
C11H22N4O1,seen,38,1,1,0,0,0,0,0,0,0,0,0,0,0
C11H22N4O4,test_ood,41,937,0,0,0,937,0,0,0,897,0,0,0,18
C11H22N6O4,seen,43,1061,637,212,212,0,617,199,205,0,0,0,0,0
C11H22O1,seen,34,129,77,26,26,0,77,26,26,0,2,0,1,0
C11H22O2,seen,35,1,1,0,0,0,0,0,0,0,0,0,0,0
C11H22O3,seen,36,223,134,45,44,0,132,44,44,0,4,2,0,0
C11H22O4,seen,37,2,1,1,0,0,0,0,0,0,0,0,0,0
C11H23N1,seen,35,118,71,24,23,0,71,24,23,0,0,1,0,0
C11H23N1O1,test_ood,36,73,0,0,0,73,0,0,0,71,0,0,0,0
C11H23N3O3,test_ood,40,886,0,0,0,886,0,0,0,846,0,0,0,25
C11H23N5O3,seen,42,993,596,199,198,0,568,187,192,0,18,5,10,0
C11H24,test_ood,35,4,0,0,0,4,0,0,0,4,0,0,0,0
C11H24N2,test_ood,37,1,0,0,0,1,0,0,0,0,0,0,0,0
C11H24N2O3,seen,40,1,1,0,0,0,0,0,0,0,0,0,0,0
C11H24N4,seen,39,1,1,0,0,0,0,0,0,0,0,0,0,0
C11H24N4O1,seen,40,2,1,1,0,0,0,0,0,0,0,0,0,0
C11H24O1,seen,36,8,5,2,1,0,5,2,1,0,0,0,0,0
C11H24O3,test_ood,38,427,0,0,0,427,0,0,0,419,0,0,0,23
C11H24O4,test_ood,39,135,0,0,0,135,0,0,0,131,0,0,0,15
C11H25N1,seen,37,11,7,2,2,0,7,2,2,0,0,0,0,0
C11H25N1O2,seen,39,113,68,23,22,0,68,23,22,0,0,0,2,0
C11H25N3O1,seen,40,1,1,0,0,0,0,0,0,0,0,0,0,0
C11H26N4O1,seen,42,88,53,18,17,0,19,8,6,0,4,0,0,0
C11H27N1,test_ood,39,1,0,0,0,1,0,0,0,1,0,0,0,0
C11H3N1,test_ood,15,2,0,0,0,2,0,0,0,2,0,0,0,0
C11H4O1,seen,16,1,1,0,0,0,1,0,0,0,0,0,0,0
C11H5N1,seen,17,4,2,1,1,0,2,1,1,0,0,0,0,0
C11H6,test_ood,17,1,0,0,0,1,0,0,0,1,0,0,0,0
C11H6N2,test_ood,19,144,0,0,0,144,0,0,0,143,0,0,0,25
C11H6O1,seen,18,5,3,1,1,0,3,1,1,0,0,0,0,0
C11H6O2,test_ood,19,132,0,0,0,132,0,0,0,132,0,0,0,10
C11H7N1,test_ood,19,15,0,0,0,15,0,0,0,15,0,0,0,0
C11H7N1O1,seen,20,338,203,68,67,0,201,67,65,0,23,8,6,0
C11H8,test_ood,19,4,0,0,0,4,0,0,0,4,0,0,0,0
C11H8N2,test_ood,21,547,0,0,0,547,0,0,0,544,0,0,0,25
C11H8N2O2,seen,23,2,1,1,0,0,0,0,0,0,0,0,0,0
C11H8N4,test_ood,23,1,0,0,0,1,0,0,0,0,0,0,0,0
C11H8O1,seen,20,236,142,47,47,0,142,47,47,0,12,7,5,0
C11H8O2,test_ood,21,888,0,0,0,888,0,0,0,886,0,0,0,17
C11H8O3,seen,22,2,1,1,0,0,0,0,0,0,0,0,0,0
C11H9N1,test_ood,21,328,0,0,0,328,0,0,0,327,0,0,0,0
C11H9N1O1,test_ood,22,866,0,0,0,866,0,0,0,714,0,0,0,19
C11H9N1O2,test_ood,23,114,0,0,0,114,0,0,0,114,0,0,0,2
C11H9N1O3,test_ood,24,2,0,0,0,2,0,0,0,0,0,0,0,0
C11H9N3,seen,23,152,91,31,30,0,91,31,30,0,0,0,0,0
C11H9N3O1,seen,24,119,71,24,24,0,71,24,24,0,2,2,1,0
C12H10,test_ood,22,1431,0,0,0,1431,0,0,0,135,0,0,0,122
C12H10N2,test_ood,24,1425,0,0,0,1425,0,0,0,1261,0,0,0,79
C12H10N2O1,seen,25,1,1,0,0,0,0,0,0,0,0,0,0,0
C12H10O1,seen,23,198,119,40,39,0,117,38,39,0,1,1,0,0
C12H10O2,seen,24,968,581,194,193,0,489,165,169,0,22,7,1,0
C12H10O3,seen,25,133,80,27,26,0,77,27,25,0,0,0,0,0
C12H11N1,seen,24,341,205,68,68,0,204,68,68,0,1,1,3,0
C12H11N1O1,test_ood,25,1649,0,0,0,1649,0,0,0,1634,0,0,0,26
C12H11N1O2,test_ood,26,332,0,0,0,332,0,0,0,330,0,0,0,5
C12H11N1O3,seen,27,1,1,0,0,0,0,0,0,0,0,0,0,0
C12H11N3,seen,26,90,54,18,18,0,53,18,18,0,1,1,1,0
C12H12,seen,24,1515,909,303,303,0,709,239,237,0,26,8,4,0
C12H12N2,seen,26,599,359,120,120,0,354,118,117,0,6,3,1,0
C12H12N2O1,seen,27,357,214,72,71,0,207,68,70,0,3,1,4,0
C12H12N2O2,test_ood,28,2,0,0,0,2,0,0,0,0,0,0,0,0
C12H12N4,seen,28,2,1,1,0,0,0,0,0,0,0,0,0,0
C12H12O1,seen,25,669,401,134,134,0,396,131,134,0,2,0,0,0
C12H12O2,test_ood,26,235,0,0,0,235,0,0,0,233,0,0,0,5
C12H13N1,seen,26,986,592,197,197,0,587,194,195,0,3,1,2,0
C12H13N1O1,seen,27,1321,793,264,264,0,783,262,260,0,12,2,7,0
C12H13N1O2,seen,28,128,77,26,25,0,73,25,23,0,0,0,0,0
C12H13N1O3,seen,29,2,1,1,0,0,0,0,0,0,0,0,0,0
C12H13N3,seen,28,74,44,15,15,0,41,14,13,0,0,0,0,0
C12H13N3O1,seen,29,94,56,19,19,0,54,16,18,0,4,0,0,0
C12H13N3O2,seen,30,1,1,0,0,0,0,0,0,0,0,0,0,0
C12H14,test_ood,26,129,0,0,0,129,0,0,0,126,0,0,0,1
C12H14N12O1,test_ood,39,1,0,0,0,1,0,0,0,0,0,0,0,0
C12H14N2,seen,28,1177,706,236,235,0,702,234,232,0,12,5,2,0
C12H14N2O1,seen,29,471,283,94,94,0,277,91,92,0,9,1,1,0
C12H14N2O2,seen,30,4,2,1,1,0,0,0,0,0,0,0,0,0
C12H14N2O8,test_ood,36,1,0,0,0,1,0,0,0,0,0,0,0,0
C12H14N4,seen,30,1,1,0,0,0,0,0,0,0,0,0,0,0
C12H14N4O5,seen,35,1,1,0,0,0,0,0,0,0,0,0,0,0
C12H14N8O1,seen,35,1,1,0,0,0,0,0,0,0,0,0,0,0
C12H14O1,test_ood,27,126,0,0,0,126,0,0,0,126,0,0,0,0
C12H14O2,test_ood,28,481,0,0,0,481,0,0,0,473,0,0,0,24
C12H14O3,test_ood,29,2,0,0,0,2,0,0,0,0,0,0,0,0
C12H15N1,seen,28,2732,1639,547,546,0,1615,540,539,0,15,5,7,0
C12H15N1O1,seen,29,746,448,149,149,0,432,146,149,0,13,5,8,0
C12H15N1O2,test_ood,30,115,0,0,0,115,0,0,0,109,0,0,0,1
C12H15N1O3,seen,31,3,2,1,0,0,0,0,0,0,0,0,0,0
C12H15N3,seen,30,366,220,73,73,0,219,71,71,0,10,2,4,0
C12H15N3O1,test_ood,31,2,0,0,0,2,0,0,0,0,0,0,0,0
C12H16,seen,28,34,20,7,7,0,20,7,7,0,0,0,0,0
C12H16N2,test_ood,30,932,0,0,0,932,0,0,0,912,0,0,0,16
C12H16N2O1,seen,31,282,169,57,56,0,164,56,54,0,0,0,0,0
C12H16N2O2,test_ood,32,3,0,0,0,3,0,0,0,0,0,0,0,0
C12H16N2O3,seen,33,755,453,151,151,0,431,143,139,0,7,3,0,0
C12H16N2O4,test_ood,34,1474,0,0,0,1474,0,0,0,1394,0,0,0,30
C12H16N2O5,seen,35,889,533,178,178,0,511,170,168,0,9,6,2,0
C12H16N4,seen,32,2,1,1,0,0,0,0,0,0,0,0,0,0
C12H16N4O1,test_ood,33,2,0,0,0,2,0,0,0,0,0,0,0,0
C12H16N6O3,test_ood,37,573,0,0,0,573,0,0,0,553,0,0,0,0
C12H16O1,seen,29,61,37,12,12,0,37,12,12,0,2,0,0,0
C12H16O2,seen,30,566,340,113,113,0,334,112,111,0,7,2,3,0
C12H16O3,seen,31,96,58,19,19,0,57,19,17,0,0,0,0,0
C12H16O4,seen,32,1,1,0,0,0,0,0,0,0,0,0,0,0
C12H17N1,test_ood,30,893,0,0,0,893,0,0,0,889,0,0,0,11
C12H17N1O1,seen,31,882,529,177,176,0,518,170,169,0,9,3,3,0
C12H17N1O2,test_ood,32,814,0,0,0,814,0,0,0,809,0,0,0,17
C12H17N1O3,seen,33,1,1,0,0,0,0,0,0,0,0,0,0,0
C12H17N3,test_ood,32,301,0,0,0,301,0,0,0,292,0,0,0,7
C12H17N3O1,test_ood,33,3,0,0,0,3,0,0,0,0,0,0,0,0
C12H17N5,test_ood,34,3,0,0,0,3,0,0,0,0,0,0,0,0
C12H17N5O4,test_ood,38,1,0,0,0,1,0,0,0,0,0,0,0,0
C12H18,seen,30,312,187,63,62,0,182,63,61,0,12,4,2,0
C12H18N2,seen,32,833,500,167,166,0,495,162,162,0,6,1,2,0
C12H18N2O1,seen,33,125,75,25,25,0,68,23,23,0,4,0,1,0
C12H18N2O2,test_ood,34,128,0,0,0,128,0,0,0,125,0,0,0,1
C12H18N2O4,seen,36,1,1,0,0,0,0,0,0,0,0,0,0,0
C12H18N4,seen,34,2,1,1,0,0,0,0,0,0,0,0,0,0
C12H18N4O3,seen,37,1,1,0,0,0,0,0,0,0,0,0,0,0
C12H18N8O2,seen,40,1,1,0,0,0,0,0,0,0,0,0,0,0
C12H18O1,seen,31,1,1,0,0,0,0,0,0,0,0,0,0,0
C12H18O2,seen,32,442,265,89,88,0,264,88,88,0,4,0,3,0
C12H18O3,test_ood,33,143,0,0,0,143,0,0,0,141,0,0,0,7
C12H19N1O1,test_ood,33,2,0,0,0,2,0,0,0,0,0,0,0,0
C12H19N1O2,test_ood,34,212,0,0,0,212,0,0,0,205,0,0,0,0
C12H19N1O3,seen,35,1,1,0,0,0,0,0,0,0,0,0,0,0
C12H19N3,seen,34,3,2,1,0,0,0,0,0,0,0,0,0,0
C12H19N3O1,seen,35,132,79,27,26,0,77,26,26,0,0,1,0,0
C12H19N3O7,seen,41,1,1,0,0,0,0,0,0,0,0,0,0,0
C12H20,test_ood,32,31,0,0,0,31,0,0,0,31,0,0,0,0
C12H20N2,seen,34,771,463,154,154,0,443,145,143,0,18,6,9,0
C12H20N2O1,test_ood,35,112,0,0,0,112,0,0,0,108,0,0,0,4
C12H20N2O2,test_ood,36,2,0,0,0,2,0,0,0,0,0,0,0,0
C12H20N4,seen,36,2,1,1,0,0,0,0,0,0,0,0,0,0
C12H20N4O3,test_ood,39,1539,0,0,0,1539,0,0,0,1459,0,0,0,29
C12H20N4O6,test_ood,42,1,0,0,0,1,0,0,0,0,0,0,0,0
C12H20N6O1,seen,39,1,1,0,0,0,0,0,0,0,0,0,0,0
C12H20O1,test_ood,33,77,0,0,0,77,0,0,0,77,0,0,0,0
C12H21N1,seen,34,126,76,25,25,0,74,25,23,0,2,0,2,0
C12H21N1O2,seen,36,1,1,0,0,0,0,0,0,0,0,0,0,0
C12H21N3,test_ood,36,73,0,0,0,73,0,0,0,70,0,0,0,7
C12H21N3O1,seen,37,1,1,0,0,0,0,0,0,0,0,0,0,0
C12H21N3O2,seen,38,2,1,1,0,0,0,0,0,0,0,0,0,0
C12H21N5O3,seen,41,937,562,188,187,0,539,180,178,0,16,6,8,0
C12H21N7O3,seen,43,1167,700,234,233,0,676,228,223,0,0,0,0,0
C12H22,seen,34,102,61,21,20,0,58,21,19,0,3,0,1,0
C12H22N2,test_ood,36,1,0,0,0,1,0,0,0,0,0,0,0,0
C12H22N2O1,seen,37,91,55,18,18,0,54,17,17,0,0,0,0,0
C12H22N4O1,seen,39,95,57,19,19,0,56,19,18,0,2,0,0,0
C12H22O1,seen,35,430,258,86,86,0,257,84,85,0,8,2,2,0
C12H22O2,test_ood,36,90,0,0,0,90,0,0,0,85,0,0,0,0
C12H22O3,seen,37,1,1,0,0,0,0,0,0,0,0,0,0,0
C12H22O4,seen,38,1,1,0,0,0,0,0,0,0,0,0,0,0
C12H23N1O1,seen,37,78,47,16,15,0,47,16,15,0,6,1,2,0
C12H23N1O4,test_ood,40,1,0,0,0,1,0,0,0,0,0,0,0,0
C12H23N3,test_ood,38,84,0,0,0,84,0,0,0,82,0,0,0,2
C12H23N5O3,test_ood,43,1,0,0,0,1,0,0,0,0,0,0,0,0
C12H23N7O3,seen,45,1,1,0,0,0,0,0,0,0,0,0,0,0
C12H24,seen,36,98,59,20,19,0,59,20,19,0,3,1,1,0
C12H24N2,seen,38,187,112,38,37,0,107,33,34,0,5,1,6,0
C12H24N2O1,seen,39,201,121,40,40,0,116,39,40,0,3,0,2,0
C12H24N2O2,test_ood,40,77,0,0,0,77,0,0,0,74,0,0,0,1
C12H24N2O3,test_ood,41,1323,0,0,0,1323,0,0,0,1243,0,0,0,97
C12H24N4,seen,40,2,1,1,0,0,0,0,0,0,0,0,0,0
C12H24O1,seen,37,108,65,22,21,0,65,21,21,0,3,1,2,0
C12H24O3,seen,39,1,1,0,0,0,0,0,0,0,0,0,0,0
C12H24O4,test_ood,40,409,0,0,0,409,0,0,0,407,0,0,0,21
C12H24O6,test_ood,42,130,0,0,0,130,0,0,0,130,0,0,0,9
C12H25N1,seen,38,75,45,15,15,0,45,15,15,0,2,0,1,0
C12H25N1O1,test_ood,39,107,0,0,0,107,0,0,0,105,0,0,0,4
C12H25N1O2,test_ood,40,101,0,0,0,101,0,0,0,101,0,0,0,7
C12H25N1O5,test_ood,43,121,0,0,0,121,0,0,0,121,0,0,0,4
C12H25N3O1,seen,41,3,2,1,0,0,0,0,0,0,0,0,0,0
C12H25N3O3,seen,43,1139,683,228,228,0,640,218,201,0,11,6,5,0
C12H25N5O3,test_ood,45,1679,0,0,0,1679,0,0,0,1599,0,0,0,81
C12H26,seen,38,1,1,0,0,0,1,0,0,0,0,0,0,0
C12H26N2O1,seen,41,88,53,18,17,0,51,18,17,0,3,1,0,0
C12H26N2O2,test_ood,42,1,0,0,0,1,0,0,0,0,0,0,0,0
C12H26N2O3,seen,43,1,1,0,0,0,0,0,0,0,0,0,0,0
C12H26N4,test_ood,42,1,0,0,0,1,0,0,0,0,0,0,0,0
C12H26N4O1,test_ood,43,1,0,0,0,1,0,0,0,0,0,0,0,0
C12H26N4O3,seen,45,362,217,73,72,0,208,64,70,0,25,5,10,0
C12H26N6O3,seen,47,1045,627,209,209,0,602,201,202,0,0,0,0,0
C12H26N8O3,seen,49,540,324,108,108,0,309,105,106,0,0,0,0,0
C12H26O3,seen,41,281,169,56,56,0,168,54,54,0,13,3,3,0
C12H26O7,seen,45,134,80,27,27,0,79,25,25,0,5,1,2,0
C12H27N1O8,seen,48,3,2,1,0,0,0,0,0,0,0,0,0,0
C12H27N3,seen,42,57,34,12,11,0,33,12,11,0,0,0,0,0
C12H27N3O1,test_ood,43,4,0,0,0,4,0,0,0,0,0,0,0,0
C12H27N3O2,test_ood,44,2,0,0,0,2,0,0,0,0,0,0,0,0
C12H27N3O3,test_ood,45,110,0,0,0,110,0,0,0,109,0,0,0,3
C12H27N5,test_ood,44,1,0,0,0,1,0,0,0,0,0,0,0,0
C12H28N4,seen,44,111,67,22,22,0,21,9,7,0,2,0,1,0
C12H28N4O1,seen,45,105,63,21,21,0,63,21,21,0,0,0,0,0
C12H28O3,seen,43,1,1,0,0,0,0,0,0,0,0,0,0,0
C12H29N1O4,test_ood,46,2,0,0,0,2,0,0,0,0,0,0,0,0
C12H29N5O1,test_ood,47,124,0,0,0,124,0,0,0,121,0,0,0,9
C12H30N6O2,test_ood,50,1,0,0,0,1,0,0,0,0,0,0,0,0
C12H31N5O2,seen,50,1,1,0,0,0,0,0,0,0,0,0,0,0
C12H6,seen,18,3,2,1,0,0,2,1,0,0,0,0,0,0
C12H8,seen,20,254,152,51,51,0,150,51,48,0,10,7,3,0
C12H8N2,test_ood,22,112,0,0,0,112,0,0,0,112,0,0,0,2
C12H8N2O1,seen,23,1,1,0,0,0,0,0,0,0,0,0,0,0
C12H8O1,seen,21,410,246,82,82,0,245,82,82,0,9,1,1,0
C12H8O2,test_ood,22,117,0,0,0,117,0,0,0,117,0,0,0,0
C12H9N1,test_ood,22,113,0,0,0,113,0,0,0,110,0,0,0,3
C12H9N1O1,test_ood,23,1065,0,0,0,1065,0,0,0,1055,0,0,0,31
C12H9N1O2,test_ood,24,140,0,0,0,140,0,0,0,139,0,0,0,6
C12H9N3,seen,24,398,239,80,79,0,235,78,78,0,4,2,1,0
C13H10,test_ood,23,240,0,0,0,240,0,0,0,237,0,0,0,0
C13H10N2,seen,25,267,160,54,53,0,159,51,53,0,3,1,1,0
C13H10O1,test_ood,24,253,0,0,0,253,0,0,0,249,0,0,0,0
C13H10O2,test_ood,25,116,0,0,0,116,0,0,0,116,0,0,0,3
C13H11N1,test_ood,25,370,0,0,0,370,0,0,0,365,0,0,0,17
C13H11N1O2,seen,27,1,1,0,0,0,0,0,0,0,0,0,0,0
C13H12N2O1,seen,28,3,2,1,0,0,0,0,0,0,0,0,0,0
C13H12O1,test_ood,26,293,0,0,0,293,0,0,0,289,0,0,0,1
C13H12O2,seen,27,210,126,42,42,0,124,39,42,0,0,0,0,0
C13H13N1,test_ood,27,813,0,0,0,813,0,0,0,805,0,0,0,10
C13H13N1O1,seen,28,222,133,45,44,0,129,45,42,0,3,0,1,0
C13H13N1O2,test_ood,29,125,0,0,0,125,0,0,0,123,0,0,0,5
C13H13N1O3,test_ood,30,2,0,0,0,2,0,0,0,0,0,0,0,0
C13H13N3,seen,29,1,1,0,0,0,0,0,0,0,0,0,0,0
C13H14N2,seen,29,326,196,65,65,0,196,65,63,0,4,1,1,0
C13H14N2O1,test_ood,30,1,0,0,0,1,0,0,0,0,0,0,0,0
C13H14N2O6,test_ood,35,1,0,0,0,1,0,0,0,0,0,0,0,0
C13H14O1,test_ood,28,106,0,0,0,106,0,0,0,103,0,0,0,1
C13H14O2,seen,29,119,71,24,24,0,69,24,22,0,0,0,0,0
C13H15N1,seen,29,791,475,158,158,0,466,154,157,0,6,6,2,0
C13H15N1O1,seen,30,460,276,92,92,0,276,91,92,0,1,1,3,0
C13H15N3,seen,31,1,1,0,0,0,0,0,0,0,0,0,0,0
C13H15N3O3,test_ood,34,983,0,0,0,983,0,0,0,943,0,0,0,28
C13H15N3O6,test_ood,37,1,0,0,0,1,0,0,0,0,0,0,0,0
C13H15N5O5,seen,38,1,1,0,0,0,0,0,0,0,0,0,0,0
C13H16N2,seen,31,355,213,71,71,0,206,68,70,0,4,1,0,0
C13H16N2O1,seen,32,1,1,0,0,0,0,0,0,0,0,0,0,0
C13H16N2O5,seen,36,923,554,185,184,0,533,174,176,0,20,1,3,0
C13H16N2O6,seen,37,930,558,186,186,0,528,179,183,0,0,0,0,0
C13H16N4O5,test_ood,38,1,0,0,0,1,0,0,0,0,0,0,0,0
C13H16O1,seen,30,104,62,21,21,0,62,21,21,0,2,0,0,0
C13H16O2,seen,31,3,2,1,0,0,0,0,0,0,0,0,0,0
C13H17N1,seen,31,2436,1462,487,487,0,1430,479,473,0,14,3,2,0
C13H17N1O1,seen,32,552,331,111,110,0,328,111,109,0,2,2,1,0
C13H17N1O2,seen,33,4,2,1,1,0,0,0,0,0,0,0,0,0
C13H17N1O3,test_ood,34,1,0,0,0,1,0,0,0,0,0,0,0,0
C13H17N3,seen,33,114,68,23,23,0,66,22,19,0,0,0,0,0
C13H17N3O1,seen,34,2,1,1,0,0,0,0,0,0,0,0,0,0
C13H17N3O4,test_ood,37,864,0,0,0,864,0,0,0,672,0,0,0,20
C13H17N3O5,test_ood,38,826,0,0,0,826,0,0,0,786,0,0,0,0
C13H17N7O1,test_ood,38,1,0,0,0,1,0,0,0,0,0,0,0,0
C13H18N2,seen,33,2,1,1,0,0,0,0,0,0,0,0,0,0
C13H18N2O1,seen,34,4,2,1,1,0,0,0,0,0,0,0,0,0
C13H18N2O4,seen,37,959,575,192,192,0,551,184,184,0,14,6,8,0
C13H18N2O5,seen,38,822,493,165,164,0,469,155,158,0,12,2,5,0
C13H18N4,test_ood,35,1,0,0,0,1,0,0,0,0,0,0,0,0
C13H18N8O2,seen,41,1,1,0,0,0,0,0,0,0,0,0,0,0
C13H18O2,seen,33,185,111,37,37,0,109,37,35,0,1,1,0,0
C13H19N1,seen,33,616,370,123,123,0,366,122,120,0,3,0,0,0
C13H19N1O1,seen,34,317,190,64,63,0,183,62,63,0,0,0,0,0
C13H19N1O3,seen,36,1,1,0,0,0,0,0,0,0,0,0,0,0
C13H19N3,seen,35,1,1,0,0,0,0,0,0,0,0,0,0,0
C13H19N3O1,test_ood,36,2,0,0,0,2,0,0,0,0,0,0,0,0
C13H20N2,test_ood,35,335,0,0,0,335,0,0,0,325,0,0,0,5
C13H20N2O1,test_ood,36,95,0,0,0,95,0,0,0,92,0,0,0,2
C13H20N2O2,seen,37,1,1,0,0,0,0,0,0,0,0,0,0,0
C13H20O1,test_ood,34,67,0,0,0,67,0,0,0,66,0,0,0,2
C13H20O2,test_ood,35,384,0,0,0,384,0,0,0,383,0,0,0,1
C13H21N1O1,test_ood,36,2,0,0,0,2,0,0,0,0,0,0,0,0
C13H21N1O2,seen,37,301,181,60,60,0,180,59,57,0,6,1,0,0
C13H21N1O3,test_ood,38,129,0,0,0,129,0,0,0,128,0,0,0,0
C13H21N1O4,seen,39,1,1,0,0,0,0,0,0,0,0,0,0,0
C13H21N3,test_ood,37,2,0,0,0,2,0,0,0,0,0,0,0,0
C13H21N3O1,seen,38,2,1,1,0,0,0,0,0,0,0,0,0,0
C13H21N3O6,test_ood,43,1,0,0,0,1,0,0,0,0,0,0,0,0
C13H21N9O1,test_ood,44,1,0,0,0,1,0,0,0,0,0,0,0,0
C13H22,test_ood,35,1,0,0,0,1,0,0,0,0,0,0,0,0
C13H22N2O1,seen,38,113,68,23,22,0,68,23,20,0,0,0,0,0
C13H22N2O4,test_ood,41,2,0,0,0,2,0,0,0,0,0,0,0,0
C13H23N1O1,test_ood,38,117,0,0,0,117,0,0,0,113,0,0,0,4
C13H23N3,test_ood,39,74,0,0,0,74,0,0,0,73,0,0,0,5
C13H24N2,seen,39,3,2,1,0,0,0,0,0,0,0,0,0,0
C13H24N2O1,test_ood,40,1,0,0,0,1,0,0,0,0,0,0,0,0
C13H24N2O2,seen,41,1,1,0,0,0,0,0,0,0,0,0,0,0
C13H24N2O4,seen,43,1,1,0,0,0,0,0,0,0,0,0,0,0
C13H24N4,test_ood,41,2,0,0,0,2,0,0,0,0,0,0,0,0
C13H24O1,seen,38,124,74,25,25,0,73,24,23,0,3,4,0,0
C13H24O2,seen,39,1,1,0,0,0,0,0,0,0,0,0,0,0
C13H25N1,seen,39,97,58,20,19,0,56,19,19,0,0,0,1,0
C13H25N3,seen,41,129,77,26,26,0,76,26,26,0,6,2,0,0
C13H25N3O1,seen,42,1,1,0,0,0,0,0,0,0,0,0,0,0
C13H26N4,test_ood,43,1,0,0,0,1,0,0,0,0,0,0,0,0
C13H26O1,seen,40,1,1,0,0,0,0,0,0,0,0,0,0,0
C13H26O2,test_ood,41,1,0,0,0,1,0,0,0,0,0,0,0,0
C13H27N1O1,test_ood,42,84,0,0,0,84,0,0,0,83,0,0,0,5
C13H27N3O1,seen,44,1,1,0,0,0,0,0,0,0,0,0,0,0
C13H28N2,seen,43,1,1,0,0,0,0,0,0,0,0,0,0,0
C13H28N2O1,seen,44,115,69,23,23,0,69,23,23,0,1,1,1,0
C13H30O4,seen,47,1,1,0,0,0,0,0,0,0,0,0,0,0
C13H9N1,seen,23,112,67,23,22,0,65,22,22,0,0,0,0,0
C14H10,seen,24,112,67,23,22,0,67,22,21,0,5,0,1,0
C14H11N1,seen,26,605,363,121,121,0,359,121,119,0,8,5,3,0
C14H11N3,test_ood,28,2,0,0,0,2,0,0,0,0,0,0,0,0
C14H12,seen,26,107,64,22,21,0,64,22,21,0,1,1,0,0
C14H12N2,seen,28,1,1,0,0,0,0,0,0,0,0,0,0,0
C14H12O2,seen,28,1,1,0,0,0,0,0,0,0,0,0,0,0
C14H13N1,seen,28,116,70,23,23,0,69,23,22,0,2,0,0,0
C14H13N1O1,seen,29,1,1,0,0,0,0,0,0,0,0,0,0,0
C14H13N1O2,seen,30,1,1,0,0,0,0,0,0,0,0,0,0,0
C14H14N2,seen,30,5,3,1,1,0,0,0,0,0,0,0,0,0
C14H14N6O3,seen,37,1,1,0,0,0,0,0,0,0,0,0,0,0
C14H14O2,seen,30,1,1,0,0,0,0,0,0,0,0,0,0,0
C14H15N1,seen,30,115,69,23,23,0,68,23,23,0,0,0,0,0
C14H16N2O1,seen,33,1,1,0,0,0,0,0,0,0,0,0,0,0
C14H16N2O5,test_ood,37,1,0,0,0,1,0,0,0,0,0,0,0,0
C14H16N4O1,seen,35,1,1,0,0,0,0,0,0,0,0,0,0,0
C14H16O1,test_ood,31,46,0,0,0,46,0,0,0,44,0,0,0,2
C14H17N1,seen,32,219,131,44,44,0,130,43,44,0,1,1,0,0
C14H17N1O1,test_ood,33,332,0,0,0,332,0,0,0,332,0,0,0,4
C14H17N1O2,seen,34,1,1,0,0,0,0,0,0,0,0,0,0,0
C14H17N3,test_ood,34,1,0,0,0,1,0,0,0,0,0,0,0,0
C14H17N3O3,test_ood,37,1023,0,0,0,1023,0,0,0,983,0,0,0,14
C14H17N3O4,seen,38,1016,610,203,203,0,581,196,199,0,0,0,0,0
C14H17N3O7,seen,41,1,1,0,0,0,0,0,0,0,0,0,0,0
C14H17N7O3,seen,41,1,1,0,0,0,0,0,0,0,0,0,0,0
C14H18N2,seen,34,120,72,24,24,0,70,24,21,0,1,0,0,0
C14H18N2O3,seen,37,808,485,162,161,0,458,156,154,0,8,3,3,0
C14H18N2O4,seen,38,930,558,186,186,0,533,178,179,0,5,5,3,0
C14H18N2O5,seen,39,915,549,183,183,0,526,174,175,0,0,0,0,0
C14H18N2O6,test_ood,40,919,0,0,0,919,0,0,0,879,0,0,0,0
C14H19N1,seen,34,1,1,0,0,0,0,0,0,0,0,0,0,0
C14H19N1O1,seen,35,3,2,1,0,0,0,0,0,0,0,0,0,0
C14H19N3,seen,36,1,1,0,0,0,0,0,0,0,0,0,0,0
C14H19N3O4,test_ood,40,856,0,0,0,856,0,0,0,816,0,0,0,0
C14H19N3O5,test_ood,41,933,0,0,0,933,0,0,0,893,0,0,0,0
C14H19N3O6,seen,42,1,1,0,0,0,0,0,0,0,0,0,0,0
C14H20,test_ood,34,1,0,0,0,1,0,0,0,0,0,0,0,0
C14H20N2,test_ood,36,111,0,0,0,111,0,0,0,49,0,0,0,0
C14H20N2O1,seen,37,1,1,0,0,0,0,0,0,0,0,0,0,0
C14H20N2O3,seen,39,777,466,156,155,0,440,148,149,0,9,3,2,0
C14H20N2O4,test_ood,40,756,0,0,0,756,0,0,0,716,0,0,0,10
C14H20N4O6,test_ood,44,1,0,0,0,1,0,0,0,0,0,0,0,0
C14H21N1,test_ood,36,145,0,0,0,145,0,0,0,139,0,0,0,0
C14H21N1O1,test_ood,37,1,0,0,0,1,0,0,0,0,0,0,0,0
C14H21N1O2,seen,38,125,75,25,25,0,73,23,25,0,3,1,1,0
C14H21N5O3,seen,43,1,1,0,0,0,0,0,0,0,0,0,0,0
C14H22N2,seen,38,83,50,17,16,0,49,17,16,0,2,0,0,0
C14H22N2O1,seen,39,93,56,19,18,0,22,6,3,0,0,0,0,0
C14H22N2O2,seen,40,1,1,0,0,0,0,0,0,0,0,0,0,0
C14H22N6O2,seen,44,2,1,1,0,0,0,0,0,0,0,0,0,0
C14H22O1,seen,37,89,53,18,18,0,53,17,17,0,0,2,0,0
C14H22O2,seen,38,104,62,21,21,0,62,21,21,0,0,0,0,0
C14H23N1,seen,38,88,53,18,17,0,53,18,17,0,1,1,0,0
C14H23N1O1,seen,39,1,1,0,0,0,0,0,0,0,0,0,0,0
C14H23N1O2,seen,40,199,119,40,40,0,117,40,40,0,4,0,3,0
C14H23N1O3,test_ood,41,1,0,0,0,1,0,0,0,0,0,0,0,0
C14H23N3,seen,40,2,1,1,0,0,0,0,0,0,0,0,0,0
C14H23N3O4,seen,44,1,1,0,0,0,0,0,0,0,0,0,0,0
C14H24N2,seen,40,1,1,0,0,0,0,0,0,0,0,0,0,0
C14H24N2O1,test_ood,41,332,0,0,0,332,0,0,0,326,0,0,0,7
C14H24N6O3,seen,47,1,1,0,0,0,0,0,0,0,0,0,0,0
C14H24O1,seen,39,1,1,0,0,0,0,0,0,0,0,0,0,0
C14H25N1O4,seen,44,1,1,0,0,0,0,0,0,0,0,0,0,0
C14H25N3,test_ood,42,571,0,0,0,571,0,0,0,553,0,0,0,38
C14H25N3O2,test_ood,44,2,0,0,0,2,0,0,0,0,0,0,0,0
C14H26N2,seen,42,2,1,1,0,0,0,0,0,0,0,0,0,0
C14H26N2O2,seen,44,2,1,1,0,0,0,0,0,0,0,0,0,0
C14H27N3O1,seen,45,2,1,1,0,0,0,0,0,0,0,0,0,0
C14H27N3O2,seen,46,1,1,0,0,0,0,0,0,0,0,0,0,0
C14H27N3O8,test_ood,52,1,0,0,0,1,0,0,0,0,0,0,0,0
C14H28N4,seen,46,2,1,1,0,0,0,0,0,0,0,0,0,0
C14H28O3,seen,45,131,79,26,26,0,78,26,26,0,6,2,1,0
C14H28O4,seen,46,140,84,28,28,0,83,28,28,0,1,0,1,0
C14H28O7,test_ood,49,1,0,0,0,1,0,0,0,0,0,0,0,0
C14H29N1,test_ood,44,3,0,0,0,3,0,0,0,0,0,0,0,0
C14H32N4,test_ood,50,106,0,0,0,106,0,0,0,105,0,0,0,8
C14H34N4O2,seen,54,1,1,0,0,0,0,0,0,0,0,0,0,0
C15H16N4O4,seen,39,1,1,0,0,0,0,0,0,0,0,0,0,0
C15H17N1,seen,33,195,117,39,39,0,113,39,38,0,3,2,1,0
C15H17N3O5,test_ood,40,1103,0,0,0,1103,0,0,0,1063,0,0,0,0
C15H17N5O3,test_ood,40,1,0,0,0,1,0,0,0,0,0,0,0,0
C15H18N4O2,seen,39,1,1,0,0,0,0,0,0,0,0,0,0,0
C15H18N4O3,seen,40,975,585,195,195,0,567,182,185,0,0,0,0,0
C15H18N4O4,seen,41,1703,1022,341,340,0,969,332,322,0,0,0,0,0
C15H19N1,test_ood,35,107,0,0,0,107,0,0,0,106,0,0,0,0
C15H19N1O8,seen,43,1,1,0,0,0,0,0,0,0,0,0,0,0
C15H19N3O4,seen,41,1063,638,213,212,0,610,208,204,0,0,0,0,0
C15H19N3O5,seen,42,1,1,0,0,0,0,0,0,0,0,0,0,0
C15H20N2,test_ood,37,115,0,0,0,115,0,0,0,114,0,0,0,1
C15H20N2O4,test_ood,41,1,0,0,0,1,0,0,0,0,0,0,0,0
C15H21N3O4,test_ood,43,1,0,0,0,1,0,0,0,0,0,0,0,0
C15H21N5O4,seen,45,1,1,0,0,0,0,0,0,0,0,0,0,0
C15H22N2O1,test_ood,40,2,0,0,0,2,0,0,0,0,0,0,0,0
C15H22N2O3,test_ood,42,1259,0,0,0,1259,0,0,0,1179,0,0,0,25
C15H22N2O4,seen,43,1325,795,265,265,0,750,251,244,0,0,0,0,0
C15H23N1,seen,39,72,43,15,14,0,43,15,12,0,0,0,0,0
C15H23N3O3,seen,44,820,492,164,164,0,464,157,159,0,0,0,0,0
C15H23N3O4,seen,45,700,420,140,140,0,399,132,129,0,0,0,0,0
C15H23N5O3,seen,46,837,502,168,167,0,476,162,159,0,0,0,0,0
C15H23N5O4,test_ood,47,989,0,0,0,989,0,0,0,949,0,0,0,0
C15H25N1O7,test_ood,48,1,0,0,0,1,0,0,0,0,0,0,0,0
C15H27N7O2,seen,51,1,1,0,0,0,0,0,0,0,0,0,0,0
C15H28N2O8,seen,53,1,1,0,0,0,0,0,0,0,0,0,0,0
C15H29N3,seen,47,4,2,1,1,0,0,0,0,0,0,0,0,0
C15H30N4,seen,49,2,1,1,0,0,0,0,0,0,0,0,0,0
C16H17N7O1,seen,41,1,1,0,0,0,0,0,0,0,0,0,0,0
C16H19N1O3,seen,39,1,1,0,0,0,0,0,0,0,0,0,0,0
C16H19N3O3,test_ood,41,1023,0,0,0,1023,0,0,0,982,0,0,0,0
C16H19N3O5,seen,43,1135,681,227,227,0,657,218,220,0,0,0,0,0
C16H20N4O3,seen,43,1,1,0,0,0,0,0,0,0,0,0,0,0
C16H20N4O4,seen,44,996,598,199,199,0,576,189,191,0,0,0,0,0
C16H21N1,seen,38,1,1,0,0,0,0,0,0,0,0,0,0,0
C16H21N3O3,test_ood,43,836,0,0,0,836,0,0,0,796,0,0,0,0
C16H22N4O3,seen,45,1,1,0,0,0,0,0,0,0,0,0,0,0
C16H23N5O3,seen,47,1,1,0,0,0,0,0,0,0,0,0,0,0
C16H23N5O4,test_ood,48,1,0,0,0,1,0,0,0,0,0,0,0,0
C16H24N6O5,test_ood,51,1,0,0,0,1,0,0,0,0,0,0,0,0
C16H25N5O5,seen,51,1,1,0,0,0,0,0,0,0,0,0,0,0
C16H26N2O3,test_ood,47,1,0,0,0,1,0,0,0,0,0,0,0,0
C16H27N3,seen,46,1,1,0,0,0,0,0,0,0,0,0,0,0
C16H31N3,test_ood,50,2,0,0,0,2,0,0,0,0,0,0,0,0
C17H17N1O6,seen,41,1,1,0,0,0,0,0,0,0,0,0,0,0
C17H19N5O3,seen,44,918,551,184,183,0,531,171,176,0,0,0,0,0
C17H20N6O3,seen,46,1,1,0,0,0,0,0,0,0,0,0,0,0
C17H20N8,test_ood,45,1,0,0,0,1,0,0,0,0,0,0,0,0
C17H21N5O1,seen,44,1,1,0,0,0,0,0,0,0,0,0,0,0
C17H22N4O4,seen,47,1,1,0,0,0,0,0,0,0,0,0,0,0
C17H22N6O1,seen,46,1,1,0,0,0,0,0,0,0,0,0,0,0
C17H23N3O3,test_ood,46,1720,0,0,0,1720,0,0,0,1640,0,0,0,0
C17H23N3O5,test_ood,48,1,0,0,0,1,0,0,0,0,0,0,0,0
C17H24N4O3,test_ood,48,803,0,0,0,803,0,0,0,763,0,0,0,0
C17H24N6O3,seen,50,1127,676,226,225,0,655,213,219,0,0,0,0,0
C17H27N5O3,test_ood,52,1,0,0,0,1,0,0,0,0,0,0,0,0
C17H30N2,seen,49,97,58,20,19,0,58,19,19,0,3,0,2,0
C17H33N3O4,test_ood,57,1,0,0,0,1,0,0,0,0,0,0,0,0
C17H36O2,seen,55,55,33,11,11,0,31,10,10,0,3,0,0,0
C18H14N2O4,seen,38,1,1,0,0,0,0,0,0,0,0,0,0,0
C18H16N4O1,seen,39,1,1,0,0,0,0,0,0,0,0,0,0,0
C18H18N2O3,seen,41,1,1,0,0,0,0,0,0,0,0,0,0,0
C18H19N1O5,test_ood,43,1,0,0,0,1,0,0,0,0,0,0,0,0
C18H19N3O4,seen,44,2,1,1,0,0,0,0,0,0,0,0,0,0
C18H20N2O3,seen,43,443,266,89,88,0,249,87,87,0,0,0,0,0
C18H20N2O4,seen,44,735,441,147,147,0,417,136,142,0,0,0,0,0
C18H20N2O5,seen,45,472,283,95,94,0,209,72,75,0,0,0,0,0
C18H24N4O1,seen,47,1,1,0,0,0,0,0,0,0,0,0,0,0
C18H25N3O1,test_ood,47,1,0,0,0,1,0,0,0,0,0,0,0,0
C18H27N3O2,seen,50,1,1,0,0,0,0,0,0,0,0,0,0,0
C18H27N3O6,seen,54,1,1,0,0,0,0,0,0,0,0,0,0,0
C19H19N5O1,test_ood,44,1,0,0,0,1,0,0,0,0,0,0,0,0
C19H20N4O2,test_ood,45,1,0,0,0,1,0,0,0,0,0,0,0,0
C19H23N3O2,test_ood,47,1,0,0,0,1,0,0,0,0,0,0,0,0
C19H25N5,seen,49,1,1,0,0,0,0,0,0,0,0,0,0,0
C19H31N5O3,seen,58,1,1,0,0,0,0,0,0,0,0,0,0,0
C19H33N3O3,test_ood,58,1,0,0,0,1,0,0,0,0,0,0,0,0
C19H36N4O3,seen,62,1,1,0,0,0,0,0,0,0,0,0,0,0
C1H1N1,test_ood,3,231,0,0,0,231,0,0,0,228,0,0,0,42
C1H1N1O1,seen,4,229,137,46,46,0,134,46,45,0,26,11,16,0
C1H1N3O1,test_ood,6,2561,0,0,0,2561,0,0,0,2560,0,0,0,558
C1H1N3O2,seen,7,5099,3059,1020,1020,0,3049,1019,1019,0,648,218,214,0
C1H1N3O3,seen,8,1571,943,314,314,0,933,312,314,0,191,82,74,0
C1H1N5O2,seen,9,492,295,99,98,0,291,98,98,0,55,22,18,0
C1H2N2,seen,5,458,275,92,91,0,266,90,90,0,51,15,18,0
C1H2N2O1,test_ood,6,246,0,0,0,246,0,0,0,167,0,0,0,41
C1H2N2O2,seen,7,35,21,7,7,0,21,7,7,0,3,1,2,0
C1H2N2O4,test_ood,9,10,0,0,0,10,0,0,0,10,0,0,0,0
C1H2N2O5,test_ood,10,2,0,0,0,2,0,0,0,2,0,0,0,0
C1H2N4,test_ood,7,2831,0,0,0,2831,0,0,0,2828,0,0,0,549
C1H2N4O1,test_ood,8,12268,0,0,0,12268,0,0,0,12237,0,0,0,2408
C1H2N4O2,seen,9,4478,2687,896,895,0,2674,886,891,0,317,109,113,0
C1H2N4O3,seen,10,1810,1086,362,362,0,1057,358,353,0,196,51,59,0
C1H2O1,seen,4,1206,724,241,241,0,721,241,241,0,111,33,23,0
C1H2O2,seen,5,2287,1372,458,457,0,1367,458,456,0,247,82,75,0
C1H2O3,test_ood,6,2771,0,0,0,2771,0,0,0,2759,0,0,0,606
C1H2O4,seen,7,49,29,10,10,0,29,10,10,0,4,0,1,0
C1H3N1O1,seen,6,4148,2489,830,829,0,2483,827,829,0,349,122,131,0
C1H3N1O2,seen,7,3276,1966,655,655,0,1880,630,624,0,284,100,79,0
C1H3N1O3,seen,8,140,84,28,28,0,84,28,28,0,10,5,4,0
C1H3N1O4,seen,9,69,41,14,14,0,41,14,14,0,11,3,3,0
C1H3N3O1,seen,8,62,37,13,12,0,37,13,12,0,7,2,1,0
C1H3N3O2,test_ood,9,17,0,0,0,17,0,0,0,17,0,0,0,1
C1H3N3O3,seen,10,42,25,9,8,0,25,9,8,0,1,0,0,0
C1H3N5,test_ood,9,5453,0,0,0,5453,0,0,0,5441,0,0,0,950
C1H3N5O1,seen,10,4954,2972,991,991,0,2955,986,989,0,327,115,107,0
C1H3N5O2,seen,11,4630,2778,926,926,0,2724,910,910,0,358,99,118,0
C1H3N5O3,test_ood,12,1,0,0,0,1,0,0,0,1,0,0,0,0
C1H3N7,test_ood,11,1,0,0,0,1,0,0,0,1,0,0,0,0
C1H4,seen,5,1376,826,275,275,0,825,275,273,0,112,33,28,0
C1H4N2,test_ood,7,5717,0,0,0,5717,0,0,0,5582,0,0,0,732
C1H4N2O1,seen,8,8361,5017,1672,1672,0,4876,1617,1627,0,521,163,159,0
C1H4N2O2,seen,9,7786,4672,1557,1557,0,4588,1512,1531,0,635,211,201,0
C1H4N2O3,seen,10,1703,1022,341,340,0,1020,339,337,0,157,53,58,0
C1H4N4,seen,9,43,26,9,8,0,26,9,8,0,4,0,2,0
C1H4N4O1,seen,10,519,311,104,104,0,309,104,102,0,47,12,23,0
C1H4N4O2,test_ood,11,670,0,0,0,670,0,0,0,381,0,0,0,92
C1H4N4O3,test_ood,12,5,0,0,0,5,0,0,0,5,0,0,0,0
C1H4N4O4,test_ood,13,2,0,0,0,2,0,0,0,2,0,0,0,2
C1H4N6,test_ood,11,1808,0,0,0,1808,0,0,0,1805,0,0,0,262
C1H4N6O1,test_ood,12,4745,0,0,0,4745,0,0,0,4661,0,0,0,610
C1H4N6O2,test_ood,13,1,0,0,0,1,0,0,0,0,0,0,0,0
C1H4O1,seen,6,1684,1010,337,337,0,1008,336,337,0,123,45,39,0
C1H4O2,seen,7,756,454,151,151,0,130,44,42,0,39,15,19,0
C1H4O3,test_ood,8,416,0,0,0,416,0,0,0,244,0,0,0,50
C1H4O4,test_ood,9,83,0,0,0,83,0,0,0,83,0,0,0,10
C1H4O5,test_ood,10,45,0,0,0,45,0,0,0,45,0,0,0,13
C1H5N1,test_ood,7,2127,0,0,0,2127,0,0,0,2124,0,0,0,312
C1H5N1O1,seen,8,1289,773,258,258,0,282,84,84,0,90,27,30,0
C1H5N1O2,seen,9,744,446,149,149,0,212,71,78,0,49,11,18,0
C1H5N1O3,seen,10,106,64,21,21,0,64,21,20,0,12,5,2,0
C1H5N1O4,seen,11,58,35,12,11,0,35,12,11,0,8,0,1,0
C1H5N3,seen,9,5554,3332,1111,1111,0,3304,1104,1101,0,319,89,107,0
C1H5N3O1,seen,10,10568,6341,2114,2113,0,6324,2111,2109,0,699,219,224,0
C1H5N3O2,test_ood,11,2538,0,0,0,2538,0,0,0,2530,0,0,0,362
C1H5N3O3,seen,12,433,260,87,86,0,256,86,85,0,40,11,11,0
C1H5N3O5,test_ood,14,1,0,0,0,1,0,0,0,1,0,0,0,1
C1H5N5O1,seen,12,42,25,9,8,0,25,9,8,0,2,1,1,0
C1H5N5O2,seen,13,2,1,1,0,0,0,1,0,0,0,0,0,0
C1H5N5O3,test_ood,14,2,0,0,0,2,0,0,0,1,0,0,0,0
C1H5N7,test_ood,13,1186,0,0,0,1186,0,0,0,1164,0,0,0,140
C1H5N7O1,test_ood,14,15,0,0,0,15,0,0,0,14,0,0,0,3
C1H6N2,seen,9,600,360,120,120,0,147,48,45,0,44,15,24,0
C1H6N2O1,test_ood,10,755,0,0,0,755,0,0,0,401,0,0,0,110
C1H6N2O2,seen,11,154,92,31,31,0,92,31,31,0,13,8,5,0
C1H6N2O3,test_ood,12,64,0,0,0,64,0,0,0,63,0,0,0,12
C1H6N2O4,seen,13,34,20,7,7,0,19,7,7,0,3,0,0,0
C1H6N2O5,seen,14,3,2,1,0,0,2,1,0,0,1,0,0,0
C1H6N4,test_ood,11,5295,0,0,0,5295,0,0,0,5284,0,0,0,752
C1H6N4O1,seen,12,1603,962,321,320,0,955,317,319,0,130,41,39,0
C1H6N4O2,test_ood,13,854,0,0,0,854,0,0,0,843,0,0,0,102
C1H6N4O3,seen,14,1,1,0,0,0,0,0,0,0,0,0,0,0
C1H6N4O4,test_ood,15,1,0,0,0,1,0,0,0,0,0,0,0,0
C1H6N6O1,test_ood,14,2,0,0,0,2,0,0,0,1,0,0,0,1
C1H6O1,seen,8,554,332,111,111,0,36,8,12,0,27,5,4,0
C1H6O2,test_ood,9,744,0,0,0,744,0,0,0,101,0,0,0,70
C1H6O3,seen,10,299,179,60,60,0,69,22,22,0,22,6,6,0
C1H6O4,seen,11,22,13,5,4,0,13,5,4,0,0,0,0,0
C1H7N1,test_ood,9,806,0,0,0,806,0,0,0,53,0,0,0,85
C1H7N1O1,seen,10,1294,776,259,259,0,92,34,28,0,86,31,25,0
C1H7N1O2,seen,11,477,286,96,95,0,75,29,38,0,35,9,10,0
C1H7N1O3,seen,12,22,13,5,4,0,13,5,4,0,2,0,0,0
C1H7N3,seen,11,288,173,58,57,0,118,28,40,0,34,8,11,0
C1H7N3O1,seen,12,80,48,16,16,0,48,16,16,0,4,2,1,0
C1H7N3O2,test_ood,13,32,0,0,0,32,0,0,0,32,0,0,0,1
C1H7N3O3,test_ood,14,27,0,0,0,27,0,0,0,27,0,0,0,5
C1H7N5,test_ood,13,868,0,0,0,868,0,0,0,862,0,0,0,116
C1H7N5O1,seen,14,532,319,107,106,0,316,106,104,0,34,9,11,0
C1H7N5O2,test_ood,15,2,0,0,0,2,0,0,0,2,0,0,0,0
C1H8N2,seen,11,562,337,113,112,0,69,20,26,0,39,8,14,0
C1H8N2O1,seen,12,353,212,71,70,0,57,23,16,0,23,8,12,0
C1H8N4,test_ood,13,25,0,0,0,25,0,0,0,25,0,0,0,4
C1H8N4O1,seen,14,16,10,3,3,0,10,3,3,0,1,0,0,0
C1H8N4O2,seen,15,45,27,9,9,0,27,9,9,0,4,0,0,0
C1H8N4O3,test_ood,16,1,0,0,0,1,0,0,0,1,0,0,0,0
C1H8N4O4,test_ood,17,2,0,0,0,2,0,0,0,2,0,0,0,0
C1H8N6,seen,15,364,218,73,73,0,216,73,72,0,32,9,7,0
C1H8N6O1,test_ood,16,3,0,0,0,3,0,0,0,2,0,0,0,0
C1H9N3,seen,13,95,57,19,19,0,15,3,7,0,10,1,0,0
C1H9N5O1,seen,16,33,20,7,6,0,19,7,6,0,0,0,1,0
C1H9N5O2,seen,17,1,1,0,0,0,1,0,0,0,0,0,0,0
C1N2O3,seen,6,592,355,119,118,0,354,119,118,0,78,28,19,0
C1N4O3,test_ood,8,676,0,0,0,676,0,0,0,671,0,0,0,103
C1O1,test_ood,2,457,0,0,0,457,0,0,0,455,0,0,0,95
C1O2,seen,3,531,319,106,106,0,319,106,106,0,71,32,31,0
C20H21N3O3,seen,47,995,597,199,199,0,569,195,191,0,0,0,0,0
C20H21N3O4,seen,48,919,551,184,184,0,525,179,175,0,0,0,0,0
C20H23N3,seen,46,1,1,0,0,0,0,0,0,0,0,0,0,0
C20H28N2O1,seen,51,1,1,0,0,0,0,0,0,0,0,0,0,0
C20H28N4O2,test_ood,54,1,0,0,0,1,0,0,0,0,0,0,0,0
C20H38O4,seen,62,1,1,0,0,0,0,0,0,0,0,0,0,0
C21H27N1O1,test_ood,50,1,0,0,0,1,0,0,0,0,0,0,0,0
C21H27N5O2,seen,55,1,1,0,0,0,0,0,0,0,0,0,0,0
C21H35N5O2,seen,63,1,1,0,0,0,0,0,0,0,0,0,0,0
C22H22N4O3,seen,51,549,329,110,110,0,317,105,107,0,0,0,0,0
C22H26N2O2,seen,52,1,1,0,0,0,0,0,0,0,0,0,0,0
C22H27N1O2,test_ood,52,1,0,0,0,1,0,0,0,0,0,0,0,0
C22H27N5O1,seen,55,1,1,0,0,0,0,0,0,0,0,0,0,0
C22H29N3O1,seen,55,1,1,0,0,0,0,0,0,0,0,0,0,0
C24H25N5O1,seen,55,1,1,0,0,0,0,0,0,0,0,0,0,0
C2H10N2,test_ood,14,99,0,0,0,99,0,0,0,56,0,0,0,9
C2H10N2O1,seen,15,26,16,5,5,0,16,5,5,0,3,0,1,0
C2H10N4,seen,16,1,1,0,0,0,1,0,0,0,0,0,0,0
C2H10N4O1,seen,17,71,43,14,14,0,42,14,14,0,5,3,1,0
C2H10N4O2,test_ood,18,2,0,0,0,2,0,0,0,2,0,0,0,0
C2H10N4O3,test_ood,19,1,0,0,0,1,0,0,0,1,0,0,0,1
C2H10N6,test_ood,18,505,0,0,0,505,0,0,0,485,0,0,0,75
C2H10N6O1,seen,19,1,1,0,0,0,1,0,0,0,1,0,0,0
C2H10N6O3,seen,21,1,1,0,0,0,1,0,0,0,0,0,0,0
C2H11N3,test_ood,16,11,0,0,0,11,0,0,0,11,0,0,0,3
C2H11N5,seen,18,1,1,0,0,0,1,0,0,0,0,0,0,0
C2H11N5O1,test_ood,19,1,0,0,0,1,0,0,0,1,0,0,0,1
C2H1N1O1,seen,5,1357,814,272,271,0,814,272,271,0,104,47,41,0
C2H1N1O2,test_ood,6,1984,0,0,0,1984,0,0,0,1983,0,0,0,372
C2H1N1O3,seen,7,588,353,118,117,0,353,118,117,0,68,14,25,0
C2H1N1O4,seen,8,1120,672,224,224,0,668,224,224,0,88,37,43,0
C2H1N1O5,seen,9,501,301,100,100,0,294,97,99,0,36,12,17,0
C2H1N3,test_ood,6,216,0,0,0,216,0,0,0,213,0,0,0,47
C2H1N3O2,test_ood,8,3373,0,0,0,3373,0,0,0,3365,0,0,0,708
C2H1N3O3,seen,9,6242,3745,1249,1248,0,3698,1231,1233,0,688,199,215,0
C2H1N3O4,test_ood,10,104,0,0,0,104,0,0,0,89,0,0,0,23
C2H1N5,seen,8,686,412,137,137,0,408,136,137,0,62,20,18,0
C2H1N5O1,seen,9,5490,3294,1098,1098,0,3197,1064,1070,0,659,218,242,0
C2H1N5O2,test_ood,10,242,0,0,0,242,0,0,0,214,0,0,0,55
C2H1N5O5,test_ood,13,1,0,0,0,1,0,0,0,1,0,0,0,0
C2H2,seen,4,1706,1024,341,341,0,1023,340,340,0,245,94,85,0
C2H2N2,seen,6,211,127,42,42,0,88,30,32,0,24,6,13,0
C2H2N2O1,seen,7,7866,4720,1573,1573,0,4717,1572,1572,0,807,246,292,0
C2H2N2O2,test_ood,8,9575,0,0,0,9575,0,0,0,9547,0,0,0,1402
C2H2N2O3,seen,9,7368,4421,1474,1473,0,4398,1462,1467,0,520,212,189,0
C2H2N2O4,test_ood,10,5500,0,0,0,5500,0,0,0,5426,0,0,0,642
C2H2N2O5,test_ood,11,39,0,0,0,39,0,0,0,34,0,0,0,9
C2H2N4,seen,8,2161,1297,432,432,0,1294,431,430,0,293,69,90,0
C2H2N4O1,seen,9,6470,3882,1294,1294,0,3866,1287,1292,0,626,217,218,0
C2H2N4O2,test_ood,10,20035,0,0,0,20035,0,0,0,19682,0,0,0,2422
C2H2N4O3,seen,11,396,238,79,79,0,194,73,71,0,41,8,20,0
C2H2N6,test_ood,10,5593,0,0,0,5593,0,0,0,5506,0,0,0,632
C2H2N6O1,test_ood,11,292,0,0,0,292,0,0,0,249,0,0,0,53
C2H2N6O3,test_ood,13,3,0,0,0,3,0,0,0,3,0,0,0,0
C2H2N6O4,seen,14,3,2,1,0,0,2,1,0,0,0,0,0,0
C2H2O2,seen,6,1991,1195,398,398,0,1191,398,396,0,170,59,52,0
C2H2O3,seen,7,1385,831,277,277,0,757,242,239,0,98,27,31,0
C2H2O4,seen,8,1205,723,241,241,0,723,239,240,0,163,42,40,0
C2H3N1,seen,6,1133,680,227,226,0,679,227,226,0,77,17,15,0
C2H3N1O1,seen,7,1774,1064,355,355,0,981,329,336,0,161,46,47,0
C2H3N1O2,test_ood,8,7819,0,0,0,7819,0,0,0,7811,0,0,0,1201
C2H3N1O3,seen,9,8528,5117,1706,1705,0,5096,1700,1702,0,841,293,254,0
C2H3N1O4,test_ood,10,648,0,0,0,648,0,0,0,635,0,0,0,105
C2H3N3,seen,8,4529,2717,906,906,0,2714,906,905,0,288,96,104,0
C2H3N3O1,seen,9,14783,8870,2957,2956,0,8838,2942,2944,0,1462,490,507,0
C2H3N3O2,seen,10,18663,11198,3733,3732,0,11136,3708,3711,0,1166,384,394,0
C2H3N3O3,seen,11,17418,10451,3484,3483,0,10248,3422,3415,0,1239,402,420,0
C2H3N3O4,seen,12,316,190,63,63,0,164,54,55,0,35,5,3,0
C2H3N3O5,seen,13,2,1,1,0,0,1,1,0,0,1,0,0,0
C2H3N5,test_ood,10,3627,0,0,0,3627,0,0,0,3609,0,0,0,590
C2H3N5O1,seen,11,23881,14329,4776,4776,0,14126,4704,4706,0,1674,523,559,0
C2H3N5O2,seen,12,1018,611,204,203,0,524,166,173,0,87,37,35,0
C2H3N7,seen,12,65,39,13,13,0,36,12,8,0,7,3,4,0
C2H3N7O1,seen,13,1,1,0,0,0,1,0,0,0,0,0,0,0
C2H3N7O2,seen,14,6,4,1,1,0,4,1,1,0,2,0,0,0
C2H3N7O3,seen,15,7,4,2,1,0,4,2,1,0,2,0,0,0
C2H4,seen,6,1957,1174,392,391,0,1171,392,391,0,50,16,30,0
C2H4N2,test_ood,8,3620,0,0,0,3620,0,0,0,3470,0,0,0,882
C2H4N2O1,seen,9,6679,4007,1336,1336,0,3998,1333,1333,0,453,142,161,0
C2H4N2O2,seen,10,18912,11347,3783,3782,0,11220,3738,3754,0,1322,463,434,0
C2H4N2O3,test_ood,11,6013,0,0,0,6013,0,0,0,5953,0,0,0,683
C2H4N2O4,test_ood,12,2896,0,0,0,2896,0,0,0,2816,0,0,0,403
C2H4N2O5,seen,13,2,1,1,0,0,1,1,0,0,1,0,0,0
C2H4N4,seen,10,7956,4774,1591,1591,0,4666,1565,1557,0,634,254,222,0
C2H4N4O1,seen,11,19114,11468,3823,3823,0,11295,3781,3767,0,1158,385,359,0
C2H4N4O2,seen,12,25513,15308,5103,5102,0,15013,5015,4998,0,1673,607,632,0
C2H4N4O3,test_ood,13,348,0,0,0,348,0,0,0,303,0,0,0,40
C2H4N4O4,seen,14,1,1,0,0,0,1,0,0,0,0,0,0,0
C2H4N6,seen,12,11378,6827,2276,2275,0,6704,2228,2228,0,858,297,262,0
C2H4N6O1,seen,13,1141,685,228,228,0,597,191,200,0,94,39,40,0
C2H4N8O1,seen,15,1,1,0,0,0,1,0,0,0,0,0,0,0
C2H4N8O2,seen,16,19,11,4,4,0,11,4,4,0,1,0,0,0
C2H4O1,seen,7,5839,3503,1168,1168,0,3219,1083,1079,0,520,166,179,0
C2H4O2,seen,8,4980,2988,996,996,0,2755,934,921,0,363,115,137,0
C2H4O3,seen,9,3132,1879,627,626,0,1588,532,541,0,304,106,122,0
C2H4O4,seen,10,187,112,38,37,0,110,38,37,0,29,11,10,0
C2H4O5,seen,11,7,4,2,1,0,4,2,1,0,1,0,0,0
C2H5N1,seen,8,2903,1742,581,580,0,1490,501,507,0,217,69,65,0
C2H5N1O1,test_ood,9,6593,0,0,0,6593,0,0,0,6162,0,0,0,641
C2H5N1O2,seen,10,14294,8576,2859,2859,0,8199,2734,2736,0,803,248,276,0
C2H5N1O3,test_ood,11,2044,0,0,0,2044,0,0,0,1742,0,0,0,277
C2H5N1O4,test_ood,12,66,0,0,0,66,0,0,0,64,0,0,0,4
C2H5N1O5,seen,13,1,1,0,0,0,1,0,0,0,1,0,0,0
C2H5N1O6,seen,14,1,1,0,0,0,1,0,0,0,0,0,0,0
C2H5N3,seen,10,4972,2983,995,994,0,2979,994,993,0,381,101,109,0
C2H5N3O1,seen,11,14300,8580,2860,2860,0,8544,2851,2843,0,1065,329,340,0
C2H5N3O2,seen,12,9413,5648,1883,1882,0,5600,1868,1851,0,574,185,203,0
C2H5N3O3,seen,13,8185,4911,1637,1637,0,4809,1610,1614,0,575,196,186,0
C2H5N3O4,seen,14,33,20,7,6,0,19,6,6,0,4,1,1,0
C2H5N3O5,test_ood,15,1,0,0,0,1,0,0,0,0,0,0,0,0
C2H5N5,seen,12,7397,4438,1480,1479,0,4337,1437,1444,0,424,129,135,0
C2H5N5O1,seen,13,18896,11338,3779,3779,0,11079,3713,3700,0,1271,379,414,0
C2H5N5O2,seen,14,521,313,104,104,0,282,96,89,0,61,16,21,0
C2H5N5O3,seen,15,487,292,98,97,0,281,94,95,0,31,11,13,0
C2H5N5O4,test_ood,16,2,0,0,0,2,0,0,0,2,0,0,0,0
C2H5N5O5,test_ood,17,1,0,0,0,1,0,0,0,1,0,0,0,0
C2H5N7,seen,14,366,220,73,73,0,192,60,62,0,25,12,7,0
C2H5N9,test_ood,16,1,0,0,0,1,0,0,0,1,0,0,0,0
C2H5N9O1,seen,17,4,2,1,1,0,2,1,1,0,0,0,0,0
C2H6,seen,8,1836,1102,367,367,0,1014,330,348,0,167,50,63,0
C2H6N10,seen,18,1,1,0,0,0,1,0,0,0,0,0,0,0
C2H6N2,test_ood,10,7243,0,0,0,7243,0,0,0,6894,0,0,0,395
C2H6N2O1,test_ood,11,24612,0,0,0,24612,0,0,0,24428,0,0,0,1999
C2H6N2O2,seen,12,6185,3711,1237,1237,0,3521,1171,1167,0,463,126,157,0
C2H6N2O3,seen,13,1273,764,255,254,0,750,251,251,0,103,30,20,0
C2H6N2O4,test_ood,14,3,0,0,0,3,0,0,0,3,0,0,0,1
C2H6N2O5,seen,15,5,3,1,1,0,1,1,0,0,0,0,0,0
C2H6N2O6,seen,16,1,1,0,0,0,0,0,0,0,0,0,0,0
C2H6N4,test_ood,12,7072,0,0,0,7072,0,0,0,7032,0,0,0,862
C2H6N4O1,seen,13,7908,4745,1582,1581,0,4714,1563,1558,0,524,161,166,0
C2H6N4O2,test_ood,14,13995,0,0,0,13995,0,0,0,13663,0,0,0,1596
C2H6N4O3,test_ood,15,206,0,0,0,206,0,0,0,177,0,0,0,38
C2H6N4O4,test_ood,16,2,0,0,0,2,0,0,0,0,0,0,0,0
C2H6N6,seen,14,6373,3824,1275,1274,0,3737,1245,1240,0,438,143,164,0
C2H6N6O1,seen,15,417,250,84,83,0,218,77,74,0,36,11,10,0
C2H6N6O2,seen,16,3,2,1,0,0,2,1,0,0,0,0,0,0
C2H6N6O3,seen,17,7,4,2,1,0,4,2,1,0,0,0,0,0
C2H6N6O4,seen,18,1,1,0,0,0,1,0,0,0,0,0,0,0
C2H6O1,test_ood,9,3031,0,0,0,3031,0,0,0,2575,0,0,0,191
C2H6O2,seen,10,3961,2377,792,792,0,1195,398,380,0,211,71,52,0
C2H6O3,seen,11,117,70,24,23,0,70,24,23,0,6,0,2,0
C2H6O4,test_ood,12,74,0,0,0,74,0,0,0,74,0,0,0,10
C2H7N1,seen,10,3604,2162,721,721,0,1733,592,589,0,122,37,45,0
C2H7N1O1,seen,11,2207,1324,442,441,0,1051,351,353,0,82,31,24,0
C2H7N1O2,test_ood,12,184,0,0,0,184,0,0,0,184,0,0,0,27
C2H7N1O3,seen,13,142,85,29,28,0,85,29,28,0,17,7,7,0
C2H7N1O4,seen,14,15,9,3,3,0,9,3,3,0,1,0,0,0
C2H7N1O5,seen,15,1,1,0,0,0,1,0,0,0,0,0,0,0
C2H7N3,test_ood,12,12022,0,0,0,12022,0,0,0,12005,0,0,0,772
C2H7N3O1,seen,13,9491,5695,1898,1898,0,5663,1891,1889,0,632,218,234,0
C2H7N3O2,test_ood,14,3384,0,0,0,3384,0,0,0,3208,0,0,0,426
C2H7N3O3,seen,15,469,281,94,94,0,270,89,89,0,36,10,12,0
C2H7N3O4,seen,16,9,5,2,2,0,1,0,2,0,1,1,0,0
C2H7N3O5,seen,17,1,1,0,0,0,0,0,0,0,0,0,0,0
C2H7N5,seen,14,3602,2161,721,720,0,2133,703,710,0,248,81,102,0
C2H7N5O1,seen,15,9763,5858,1953,1952,0,5716,1892,1904,0,639,227,229,0
C2H7N5O2,seen,16,298,179,60,59,0,161,52,48,0,30,6,11,0
C2H7N5O3,seen,17,1,1,0,0,0,0,0,0,0,0,0,0,0
C2H7N5O4,seen,18,3,2,1,0,0,0,0,0,0,0,0,0,0
C2H7N7,seen,16,195,117,39,39,0,104,30,36,0,17,2,9,0
C2H7N7O1,seen,17,3,2,1,0,0,2,1,0,0,2,0,0,0
C2H7N7O2,test_ood,18,7,0,0,0,7,0,0,0,7,0,0,0,0
C2H7N7O3,seen,19,8,5,2,1,0,5,2,1,0,1,0,0,0
C2H8,seen,10,238,143,48,47,0,18,14,8,0,14,7,3,0
C2H8N2,test_ood,12,1882,0,0,0,1882,0,0,0,1363,0,0,0,132
C2H8N2O1,seen,13,287,172,58,57,0,84,30,29,0,26,8,3,0
C2H8N2O2,seen,14,198,119,40,39,0,118,40,39,0,17,3,2,0
C2H8N2O3,seen,15,99,59,20,20,0,58,19,18,0,6,3,3,0
C2H8N2O4,seen,16,1,1,0,0,0,0,0,0,0,0,0,0,0
C2H8N4,seen,14,4081,2449,816,816,0,2433,811,809,0,219,77,93,0
C2H8N4O1,test_ood,15,1921,0,0,0,1921,0,0,0,1893,0,0,0,224
C2H8N4O2,test_ood,16,2272,0,0,0,2272,0,0,0,2209,0,0,0,311
C2H8N4O3,test_ood,17,6,0,0,0,6,0,0,0,4,0,0,0,1
C2H8N4O4,seen,18,1,1,0,0,0,0,0,0,0,0,0,0,0
C2H8N4O5,test_ood,19,1,0,0,0,1,0,0,0,1,0,0,0,0
C2H8N6,seen,16,4974,2984,995,995,0,2894,966,973,0,356,125,113,0
C2H8N6O1,test_ood,17,265,0,0,0,265,0,0,0,221,0,0,0,32
C2H8N6O2,test_ood,18,1,0,0,0,1,0,0,0,0,0,0,0,0
C2H8N6O3,test_ood,19,2,0,0,0,2,0,0,0,0,0,0,0,0
C2H8N8,seen,18,1,1,0,0,0,1,0,0,0,0,0,0,0
C2H8N8O1,seen,19,5,3,1,1,0,3,1,1,0,0,0,0,0
C2H8N8O2,seen,20,6,4,1,1,0,4,1,1,0,1,0,0,0
C2H8O1,seen,11,188,113,38,37,0,43,15,17,0,9,5,5,0
C2H8O2,seen,12,277,166,56,55,0,77,33,30,0,15,3,7,0
C2H8O3,seen,13,51,31,10,10,0,31,10,10,0,6,0,3,0
C2H8O4,seen,14,33,20,7,6,0,20,7,6,0,2,0,1,0
C2H9N1,test_ood,12,441,0,0,0,441,0,0,0,107,0,0,0,54
C2H9N1O1,seen,13,279,167,56,56,0,57,18,19,0,17,7,6,0
C2H9N1O2,seen,14,21,13,4,4,0,13,4,4,0,3,0,2,0
C2H9N1O3,test_ood,15,39,0,0,0,39,0,0,0,39,0,0,0,6
C2H9N3,seen,14,64,38,13,13,0,38,13,13,0,10,1,2,0
C2H9N3O1,test_ood,15,37,0,0,0,37,0,0,0,37,0,0,0,4
C2H9N3O2,test_ood,16,142,0,0,0,142,0,0,0,138,0,0,0,9
C2H9N3O3,test_ood,17,1,0,0,0,1,0,0,0,0,0,0,0,0
C2H9N5,test_ood,16,858,0,0,0,858,0,0,0,848,0,0,0,96
C2H9N5O1,seen,17,1386,832,277,277,0,804,263,268,0,100,22,27,0
C2H9N5O2,test_ood,18,4,0,0,0,4,0,0,0,4,0,0,0,0
C2H9N5O3,seen,19,2,1,1,0,0,1,1,0,0,0,0,0,0
C2H9N5O4,seen,20,2,1,1,0,0,1,1,0,0,0,0,0,0
C2H9N7,test_ood,18,29,0,0,0,29,0,0,0,26,0,0,0,6
C2H9N7O3,seen,21,1,1,0,0,0,0,0,0,0,0,0,0,0
C2H9N9O1,seen,21,1,1,0,0,0,1,0,0,0,0,0,0,0
C2N2,seen,4,1006,604,201,201,0,604,201,201,0,101,41,40,0
C2N2O4,seen,8,617,370,124,123,0,366,122,120,0,79,23,20,0
C2N2O5,test_ood,9,16,0,0,0,16,0,0,0,13,0,0,0,4
C2N4O1,test_ood,7,647,0,0,0,647,0,0,0,644,0,0,0,103
C2N4O2,test_ood,8,687,0,0,0,687,0,0,0,672,0,0,0,134
C2N4O3,seen,9,32,19,7,6,0,16,5,4,0,4,1,3,0
C2N6O1,test_ood,9,13,0,0,0,13,0,0,0,11,0,0,0,0
C3H10,test_ood,13,70,0,0,0,70,0,0,0,37,0,0,0,13
C3H10N2,seen,15,2504,1502,501,501,0,1498,500,498,0,79,26,23,0
C3H10N2O1,test_ood,16,981,0,0,0,981,0,0,0,833,0,0,0,77
C3H10N2O2,seen,17,911,547,182,182,0,545,180,181,0,63,20,23,0
C3H10N2O3,test_ood,18,152,0,0,0,152,0,0,0,150,0,0,0,18
C3H10N2O4,test_ood,19,3,0,0,0,3,0,0,0,3,0,0,0,0
C3H10N2O5,test_ood,20,1,0,0,0,1,0,0,0,0,0,0,0,0
C3H10N4,seen,17,1721,1033,344,344,0,1005,336,332,0,114,34,31,0
C3H10N4O1,seen,18,3251,1951,650,650,0,1893,633,636,0,209,65,77,0
C3H10N4O2,test_ood,19,142,0,0,0,142,0,0,0,116,0,0,0,21
C3H10N4O3,seen,20,10,6,2,2,0,3,1,2,0,0,0,1,0
C3H10N4O4,seen,21,4,2,1,1,0,1,1,0,0,0,0,0,0
C3H10N4O5,test_ood,22,2,0,0,0,2,0,0,0,1,0,0,0,0
C3H10N6,seen,19,433,260,87,86,0,218,74,79,0,32,13,11,0
C3H10N6O1,test_ood,20,7,0,0,0,7,0,0,0,7,0,0,0,1
C3H10N6O2,seen,21,5,3,1,1,0,3,1,1,0,0,0,0,0
C3H10N6O3,test_ood,22,17,0,0,0,17,0,0,0,15,0,0,0,0
C3H10N8,seen,21,4,2,1,1,0,2,1,1,0,0,0,0,0
C3H10N8O1,test_ood,22,29,0,0,0,29,0,0,0,29,0,0,0,0
C3H10O1,seen,14,25,15,5,5,0,11,4,3,0,2,1,1,0
C3H10O2,seen,15,27,16,6,5,0,16,6,5,0,2,0,1,0
C3H10O3,seen,16,65,39,13,13,0,39,13,13,0,5,3,2,0
C3H10O4,seen,17,7,4,2,1,0,4,2,1,0,0,0,0,0
C3H11N1,test_ood,15,31,0,0,0,31,0,0,0,25,0,0,0,4
C3H11N1O1,test_ood,16,22,0,0,0,22,0,0,0,22,0,0,0,4
C3H11N1O2,seen,17,37,22,8,7,0,22,8,7,0,1,2,1,0
C3H11N1O3,seen,18,21,13,4,4,0,13,4,4,0,0,0,0,0
C3H11N1O4,test_ood,19,1,0,0,0,1,0,0,0,1,0,0,0,0
C3H11N3,seen,17,1081,649,216,216,0,630,206,211,0,98,29,26,0
C3H11N3O1,test_ood,18,195,0,0,0,195,0,0,0,195,0,0,0,15
C3H11N3O2,seen,19,9,5,2,2,0,5,2,2,0,2,0,1,0
C3H11N3O3,seen,20,7,4,2,1,0,2,1,1,0,0,0,0,0
C3H11N3O4,seen,21,1,1,0,0,0,0,0,0,0,0,0,0,0
C3H11N5,seen,19,1064,638,213,213,0,614,202,202,0,74,25,22,0
C3H11N5O1,seen,20,134,80,27,27,0,66,23,24,0,10,5,4,0
C3H11N5O2,test_ood,21,7,0,0,0,7,0,0,0,7,0,0,0,0
C3H11N5O3,seen,22,11,7,2,2,0,5,2,0,0,1,0,0,0
C3H11N5O4,test_ood,23,2,0,0,0,2,0,0,0,1,0,0,0,0
C3H11N7,test_ood,21,2,0,0,0,2,0,0,0,2,0,0,0,0
C3H11N7O1,seen,22,5,3,1,1,0,3,1,1,0,0,0,0,0
C3H11N7O2,test_ood,23,3,0,0,0,3,0,0,0,3,0,0,0,0
C3H11N9,test_ood,23,3,0,0,0,3,0,0,0,3,0,0,0,0
C3H12N2,seen,17,10,6,2,2,0,6,2,2,0,2,1,0,0
C3H12N2O1,seen,18,32,19,7,6,0,19,7,6,0,0,0,0,0
C3H12N2O2,seen,19,36,22,7,7,0,22,7,7,0,2,2,0,0
C3H12N2O3,test_ood,20,3,0,0,0,3,0,0,0,2,0,0,0,0
C3H12N4,seen,19,2,1,1,0,0,1,1,0,0,1,0,0,0
C3H12N4O1,seen,20,5,3,1,1,0,3,1,1,0,1,0,0,0
C3H12N4O2,test_ood,21,4,0,0,0,4,0,0,0,2,0,0,0,0
C3H12N4O3,seen,22,2,1,1,0,0,0,0,0,0,0,0,0,0
C3H12N4O4,seen,23,1,1,0,0,0,0,0,0,0,0,0,0,0
C3H12N6,seen,21,91,55,18,18,0,49,14,13,0,2,0,0,0
C3H12N6O1,test_ood,22,4,0,0,0,4,0,0,0,4,0,0,0,0
C3H12N6O2,seen,23,10,6,2,2,0,5,2,2,0,1,0,0,0
C3H12N6O3,test_ood,24,5,0,0,0,5,0,0,0,4,0,0,0,0
C3H12N8O1,seen,24,13,8,3,2,0,8,3,2,0,2,1,0,0
C3H13N3,test_ood,19,1,0,0,0,1,0,0,0,1,0,0,0,1
C3H13N3O1,test_ood,20,3,0,0,0,3,0,0,0,3,0,0,0,0
C3H13N3O2,seen,21,2,1,1,0,0,1,0,0,0,0,0,0,0
C3H13N3O3,seen,22,1,1,0,0,0,0,0,0,0,0,0,0,0
C3H13N5O2,seen,23,1,1,0,0,0,0,0,0,0,0,0,0,0
C3H13N7,seen,23,2,1,1,0,0,1,1,0,0,0,0,0,0
C3H13N7O1,seen,24,5,3,1,1,0,3,1,1,0,0,0,0,0
C3H13N7O2,seen,25,8,5,2,1,0,4,2,1,0,1,0,1,0
C3H13N9,test_ood,25,2,0,0,0,2,0,0,0,2,0,0,0,0
C3H14N4O1,seen,22,1,1,0,0,0,0,0,0,0,0,0,0,0
C3H14N8,test_ood,25,2,0,0,0,2,0,0,0,2,0,0,0,0
C3H14N8O1,test_ood,26,2,0,0,0,2,0,0,0,2,0,0,0,0
C3H15N9,seen,27,2,1,1,0,0,1,1,0,0,0,0,0,0
C3H1N1,test_ood,5,1251,0,0,0,1251,0,0,0,1248,0,0,0,241
C3H1N1O2,test_ood,7,1073,0,0,0,1073,0,0,0,1067,0,0,0,165
C3H1N1O3,seen,8,1428,857,286,285,0,857,286,285,0,152,52,50,0
C3H1N1O4,seen,9,715,429,143,143,0,420,142,142,0,94,32,21,0
C3H1N1O5,seen,10,66,40,13,13,0,37,13,10,0,8,2,0,0
C3H1N3O1,seen,8,2697,1618,540,539,0,1610,539,538,0,226,66,96,0
C3H1N3O2,seen,9,2569,1541,514,514,0,1511,503,503,0,228,71,74,0
C3H1N3O3,test_ood,10,204,0,0,0,204,0,0,0,177,0,0,0,43
C3H1N5,test_ood,9,537,0,0,0,537,0,0,0,527,0,0,0,101
C3H1N5O1,test_ood,10,65,0,0,0,65,0,0,0,57,0,0,0,19
C3H2N2,test_ood,7,1140,0,0,0,1140,0,0,0,1140,0,0,0,204
C3H2N2O1,test_ood,8,3312,0,0,0,3312,0,0,0,3303,0,0,0,729
C3H2N2O2,test_ood,9,9799,0,0,0,9799,0,0,0,9760,0,0,0,986
C3H2N2O3,test_ood,10,16886,0,0,0,16886,0,0,0,16644,0,0,0,2139
C3H2N2O4,seen,11,382,229,77,76,0,188,69,67,0,38,16,15,0
C3H2N2O5,seen,12,1,1,0,0,0,1,0,0,0,0,0,0,0
C3H2N4,seen,9,1444,866,289,289,0,859,288,288,0,98,38,37,0
C3H2N4O1,seen,10,20758,12455,4152,4151,0,12223,4071,4063,0,1762,583,606,0
C3H2N4O2,test_ood,11,1364,0,0,0,1364,0,0,0,1166,0,0,0,271
C3H2N4O3,seen,12,1,1,0,0,0,1,0,0,0,1,0,0,0
C3H2N4O5,seen,14,1,1,0,0,0,1,0,0,0,0,0,0,0
C3H2N6,test_ood,11,76,0,0,0,76,0,0,0,58,0,0,0,14
C3H2N6O1,test_ood,12,1,0,0,0,1,0,0,0,1,0,0,0,0
C3H2N6O3,test_ood,14,1,0,0,0,1,0,0,0,1,0,0,0,0
C3H2O1,test_ood,6,1223,0,0,0,1223,0,0,0,1222,0,0,0,253
C3H2O2,seen,7,982,589,197,196,0,589,197,196,0,68,24,28,0
C3H2O3,test_ood,8,1516,0,0,0,1516,0,0,0,1511,0,0,0,273
C3H2O4,seen,9,1330,798,266,266,0,790,265,263,0,111,43,29,0
C3H2O5,seen,10,1002,601,201,200,0,587,198,197,0,114,31,24,0
C3H3N1,seen,7,1307,784,262,261,0,784,262,260,0,51,19,17,0
C3H3N1O1,seen,8,8542,5125,1709,1708,0,5115,1706,1705,0,627,205,234,0
C3H3N1O2,test_ood,9,9039,0,0,0,9039,0,0,0,9004,0,0,0,1142
C3H3N1O3,seen,10,8757,5254,1752,1751,0,5228,1746,1743,0,520,181,156,0
C3H3N1O4,seen,11,8343,5006,1669,1668,0,4931,1644,1637,0,540,188,214,0
C3H3N1O5,seen,12,57,34,12,11,0,33,11,10,0,6,1,4,0
C3H3N3,seen,9,5141,3085,1028,1028,0,3080,1027,1024,0,430,142,166,0
C3H3N3O1,test_ood,10,14963,0,0,0,14963,0,0,0,14882,0,0,0,1775
C3H3N3O2,test_ood,11,41575,0,0,0,41575,0,0,0,40912,0,0,0,4779
C3H3N3O3,seen,12,1723,1034,345,344,0,894,303,301,0,134,45,55,0
C3H3N3O5,seen,14,1,1,0,0,0,1,0,0,0,0,0,0,0
C3H3N5,test_ood,11,17543,0,0,0,17543,0,0,0,17129,0,0,0,2167
C3H3N5O1,seen,12,2202,1321,441,440,0,1128,373,393,0,186,73,69,0
C3H3N5O2,test_ood,13,3,0,0,0,3,0,0,0,3,0,0,0,0
C3H3N5O3,test_ood,14,8,0,0,0,8,0,0,0,8,0,0,0,1
C3H3N5O4,seen,15,12,7,3,2,0,7,3,2,0,3,1,0,0
C3H3N7O2,seen,15,1,1,0,0,0,1,0,0,0,0,0,0,0
C3H4,seen,7,1699,1019,340,340,0,1017,335,339,0,95,31,27,0
C3H4N2,seen,9,10260,6156,2052,2052,0,6149,2047,2051,0,695,251,221,0
C3H4N2O1,seen,10,20433,12260,4087,4086,0,12123,4050,4044,0,1373,441,478,0
C3H4N2O2,seen,11,23456,14074,4691,4691,0,13898,4633,4625,0,1351,467,466,0
C3H4N2O3,seen,12,29125,17475,5825,5825,0,17055,5673,5696,0,2003,642,682,0
C3H4N2O4,seen,13,519,311,104,104,0,265,87,95,0,50,19,15,0
C3H4N4,seen,11,12148,7289,2430,2429,0,7088,2355,2330,0,822,274,249,0
C3H4N4O1,seen,12,49667,29800,9934,9933,0,29179,9721,9706,0,3249,1138,1128,0
C3H4N4O2,test_ood,13,2757,0,0,0,2757,0,0,0,2415,0,0,0,369
C3H4N4O3,seen,14,2,1,1,0,0,1,1,0,0,0,1,0,0
C3H4N4O4,seen,15,6,4,1,1,0,4,1,1,0,2,0,0,0
C3H4N4O5,seen,16,10,6,2,2,0,6,2,2,0,1,1,0,0
C3H4N6,test_ood,13,1483,0,0,0,1483,0,0,0,1290,0,0,0,245
C3H4N6O1,seen,14,1,1,0,0,0,1,0,0,0,1,0,0,0
C3H4N6O2,seen,15,11,7,2,2,0,7,2,2,0,2,1,1,0
C3H4N6O3,seen,16,26,16,5,5,0,16,5,5,0,3,1,1,0
C3H4N8,test_ood,15,2,0,0,0,2,0,0,0,2,0,0,0,0
C3H4N8O1,seen,16,4,2,1,1,0,2,1,1,0,1,0,0,0
C3H4O1,seen,8,3141,1885,628,628,0,1746,580,589,0,130,45,29,0
C3H4O2,test_ood,9,10807,0,0,0,10807,0,0,0,10217,0,0,0,1070
C3H4O3,seen,10,5157,3094,1032,1031,0,3002,995,998,0,464,171,164,0
C3H4O4,seen,11,1142,685,229,228,0,683,227,224,0,91,30,42,0
C3H4O5,test_ood,12,650,0,0,0,650,0,0,0,644,0,0,0,92
C3H4O6,seen,13,1,1,0,0,0,1,0,0,0,0,0,0,0
C3H5N1,test_ood,9,2605,0,0,0,2605,0,0,0,2604,0,0,0,132
C3H5N1O1,test_ood,10,18157,0,0,0,18157,0,0,0,18147,0,0,0,1760
C3H5N1O2,seen,11,14898,8939,2980,2979,0,8471,2833,2798,0,967,313,305,0
C3H5N1O3,seen,12,7914,4748,1583,1583,0,4719,1572,1577,0,602,235,197,0
C3H5N1O4,seen,13,5203,3122,1041,1040,0,2884,968,967,0,377,115,106,0
C3H5N1O5,seen,14,5,3,1,1,0,3,1,1,0,0,1,1,0
C3H5N3,seen,11,11893,7136,2379,2378,0,7020,2348,2340,0,696,216,231,0
C3H5N3O1,seen,12,28478,17087,5696,5695,0,16813,5605,5602,0,1463,499,471,0
C3H5N3O2,seen,13,49066,29440,9813,9813,0,28695,9568,9563,0,3286,1142,1113,0
C3H5N3O3,seen,14,1786,1072,357,357,0,951,313,307,0,140,41,52,0
C3H5N3O4,seen,15,3,2,1,0,0,2,1,0,0,0,0,0,0
C3H5N3O5,seen,16,1,1,0,0,0,1,0,0,0,0,0,0,0
C3H5N5,test_ood,13,20073,0,0,0,20073,0,0,0,19676,0,0,0,2124
C3H5N5O1,seen,14,3114,1868,623,623,0,1626,552,533,0,240,85,87,0
C3H5N5O2,seen,15,181,109,36,36,0,102,35,35,0,17,6,6,0
C3H5N5O3,seen,16,10,6,2,2,0,6,2,2,0,0,0,0,0
C3H5N5O4,seen,17,16,10,3,3,0,10,3,3,0,2,0,1,0
C3H5N7,seen,15,1,1,0,0,0,1,0,0,0,0,0,0,0
C3H5N7O1,test_ood,16,7,0,0,0,7,0,0,0,7,0,0,0,2
C3H5N7O2,seen,17,38,23,8,7,0,23,8,7,0,7,2,0,0
C3H5N9,seen,17,3,2,1,0,0,2,1,0,0,0,0,0,0
C3H6,test_ood,9,3834,0,0,0,3834,0,0,0,3692,0,0,0,249
C3H6N2,test_ood,11,18038,0,0,0,18038,0,0,0,18004,0,0,0,1675
C3H6N2O1,test_ood,12,22560,0,0,0,22560,0,0,0,22430,0,0,0,1988
C3H6N2O2,seen,13,17227,10336,3446,3445,0,9803,3291,3278,0,955,306,311,0
C3H6N2O3,test_ood,14,14247,0,0,0,14247,0,0,0,13798,0,0,0,1568
C3H6N2O4,test_ood,15,785,0,0,0,785,0,0,0,576,0,0,0,111
C3H6N2O5,seen,16,2,1,1,0,0,1,0,0,0,0,0,0,0
C3H6N4,test_ood,13,14442,0,0,0,14442,0,0,0,14015,0,0,0,1236
C3H6N4O1,seen,14,39067,23440,7814,7813,0,22789,7607,7605,0,2526,829,816,0
C3H6N4O2,seen,15,3080,1848,616,616,0,1640,554,541,0,264,82,89,0
C3H6N4O3,seen,16,304,182,61,61,0,169,59,58,0,27,6,8,0
C3H6N4O4,test_ood,17,8,0,0,0,8,0,0,0,8,0,0,0,2
C3H6N4O5,seen,18,6,4,1,1,0,4,1,1,0,1,0,0,0
C3H6N6,seen,15,1602,961,321,320,0,826,286,274,0,116,40,42,0
C3H6N6O1,test_ood,16,4,0,0,0,4,0,0,0,3,0,0,0,0
C3H6N6O2,test_ood,17,26,0,0,0,26,0,0,0,26,0,0,0,3
C3H6N6O3,seen,18,676,406,135,135,0,390,130,125,0,68,24,18,0
C3H6N8,test_ood,17,5,0,0,0,5,0,0,0,5,0,0,0,0
C3H6N8O1,test_ood,18,27,0,0,0,27,0,0,0,27,0,0,0,7
C3H6N8O3,seen,20,1,1,0,0,0,0,0,0,0,1,0,0,0
C3H6O1,test_ood,10,9811,0,0,0,9811,0,0,0,9682,0,0,0,589
C3H6O2,seen,11,15053,9032,3011,3010,0,8062,2712,2690,0,816,282,290,0
C3H6O3,test_ood,12,6074,0,0,0,6074,0,0,0,5485,0,0,0,825
C3H6O4,seen,13,382,229,77,76,0,224,77,76,0,29,12,8,0
C3H6O5,seen,14,2,1,1,0,0,0,1,0,0,0,0,0,0
C3H7N1,seen,11,7573,4544,1515,1514,0,4500,1507,1504,0,204,64,63,0
C3H7N1O1,seen,12,18211,10927,3642,3642,0,9715,3237,3292,0,834,273,265,0
C3H7N1O2,test_ood,13,13017,0,0,0,13017,0,0,0,11803,0,0,0,1260
C3H7N1O3,seen,14,3540,2124,708,708,0,2025,669,668,0,255,60,75,0
C3H7N1O4,test_ood,15,272,0,0,0,272,0,0,0,261,0,0,0,41
C3H7N1O5,seen,16,5,3,1,1,0,3,1,1,0,1,0,0,0
C3H7N3,test_ood,13,14293,0,0,0,14293,0,0,0,14225,0,0,0,1246
C3H7N3O1,seen,14,11770,7062,2354,2354,0,6905,2299,2301,0,632,209,195,0
C3H7N3O2,seen,15,26429,15857,5286,5286,0,15283,5094,5072,0,1733,541,567,0
C3H7N3O3,test_ood,16,1649,0,0,0,1649,0,0,0,1514,0,0,0,237
C3H7N3O4,seen,17,836,502,167,167,0,398,135,127,0,75,30,25,0
C3H7N3O6,test_ood,19,2,0,0,0,2,0,0,0,2,0,0,0,0
C3H7N5,test_ood,15,15339,0,0,0,15339,0,0,0,14686,0,0,0,1727
C3H7N5O1,seen,16,2743,1646,549,548,0,1418,472,483,0,222,92,67,0
C3H7N5O2,seen,17,21,13,4,4,0,13,4,4,0,2,0,0,0
C3H7N5O3,seen,18,32,19,7,6,0,18,7,6,0,3,3,0,0
C3H7N5O4,seen,19,95,57,19,19,0,54,19,19,0,15,3,5,0
C3H7N7,seen,17,27,16,6,5,0,14,4,4,0,0,0,0,0
C3H7N7O1,seen,18,11,7,2,2,0,7,2,2,0,2,0,0,0
C3H7N7O2,seen,19,36,22,7,7,0,22,7,7,0,0,3,0,0
C3H7N9,seen,19,8,5,2,1,0,5,2,1,0,1,1,0,0
C3H8,test_ood,11,1015,0,0,0,1015,0,0,0,919,0,0,0,33
C3H8N2,seen,13,15313,9188,3063,3062,0,9174,3055,3052,0,486,134,138,0
C3H8N2O1,seen,14,16354,9812,3271,3271,0,9401,3136,3146,0,897,289,295,0
C3H8N2O2,seen,15,6193,3716,1239,1238,0,3260,1073,1089,0,364,98,132,0
C3H8N2O3,test_ood,16,2347,0,0,0,2347,0,0,0,2297,0,0,0,290
C3H8N2O4,seen,17,23,14,5,4,0,10,3,3,0,4,0,2,0
C3H8N2O5,seen,18,2,1,1,0,0,1,1,0,0,0,0,0,0
C3H8N4,seen,15,7576,4546,1515,1515,0,4503,1500,1503,0,377,138,139,0
C3H8N4O1,test_ood,16,18471,0,0,0,18471,0,0,0,17920,0,0,0,1979
C3H8N4O2,test_ood,17,1510,0,0,0,1510,0,0,0,1331,0,0,0,198
C3H8N4O3,seen,18,18,11,4,3,0,11,3,2,0,3,0,0,0
C3H8N4O4,test_ood,19,14,0,0,0,14,0,0,0,12,0,0,0,3
C3H8N4O5,seen,20,9,5,2,2,0,4,1,0,0,2,1,0,0
C3H8N6,seen,17,1128,677,226,225,0,591,192,189,0,86,28,26,0
C3H8N6O1,seen,18,12,7,3,2,0,6,3,2,0,0,0,0,0
C3H8N6O2,seen,19,40,24,8,8,0,23,8,8,0,4,1,0,0
C3H8N6O3,test_ood,20,34,0,0,0,34,0,0,0,34,0,0,0,2
C3H8N6O4,test_ood,21,4,0,0,0,4,0,0,0,0,0,0,0,0
C3H8N8,seen,19,1,1,0,0,0,1,0,0,0,0,0,0,0
C3H8N8O1,test_ood,20,25,0,0,0,25,0,0,0,25,0,0,0,7
C3H8O1,seen,12,3409,2045,682,682,0,1795,599,596,0,97,37,32,0
C3H8O2,test_ood,13,4972,0,0,0,4972,0,0,0,4815,0,0,0,362
C3H8O3,seen,14,1430,858,286,286,0,855,284,285,0,110,40,34,0
C3H8O4,seen,15,119,71,24,24,0,71,24,24,0,7,5,1,0
C3H8O6,seen,17,1,1,0,0,0,1,0,0,0,0,0,0,0
C3H9N1,test_ood,13,4301,0,0,0,4301,0,0,0,3995,0,0,0,176
C3H9N1O1,seen,14,5104,3062,1021,1021,0,2769,915,923,0,176,69,63,0
C3H9N1O2,seen,15,1077,646,216,215,0,551,189,185,0,63,25,27,0
C3H9N1O3,seen,16,339,203,68,68,0,203,68,68,0,15,11,9,0
C3H9N1O4,seen,17,7,4,2,1,0,4,2,1,0,0,0,0,0
C3H9N1O5,seen,18,2,1,1,0,0,1,1,0,0,0,0,0,0
C3H9N3,test_ood,15,7873,0,0,0,7873,0,0,0,7817,0,0,0,559
C3H9N3O1,seen,16,4470,2682,894,894,0,2652,886,883,0,260,77,77,0
C3H9N3O2,seen,17,3895,2337,779,779,0,2284,756,759,0,257,81,78,0
C3H9N3O3,test_ood,18,632,0,0,0,632,0,0,0,619,0,0,0,67
C3H9N3O4,test_ood,19,6,0,0,0,6,0,0,0,4,0,0,0,1
C3H9N3O5,seen,20,3,2,1,0,0,1,0,0,0,1,0,0,0
C3H9N3O6,seen,21,1,1,0,0,0,0,0,0,0,0,0,0,0
C3H9N5,test_ood,17,7580,0,0,0,7580,0,0,0,7370,0,0,0,796
C3H9N5O1,seen,18,1198,719,240,239,0,627,207,206,0,83,32,31,0
C3H9N5O2,test_ood,19,529,0,0,0,529,0,0,0,510,0,0,0,60
C3H9N5O3,test_ood,20,16,0,0,0,16,0,0,0,13,0,0,0,1
C3H9N5O4,seen,21,8,5,2,1,0,5,2,1,0,0,0,0,0
C3H9N7,test_ood,19,1,0,0,0,1,0,0,0,1,0,0,0,0
C3H9N7O1,test_ood,20,14,0,0,0,14,0,0,0,14,0,0,0,0
C3H9N7O2,seen,21,43,26,9,8,0,26,9,8,0,0,0,0,0
C3H9N7O3,test_ood,22,1,0,0,0,1,0,0,0,0,0,0,0,0
C3H9N9,test_ood,21,14,0,0,0,14,0,0,0,14,0,0,0,0
C3N2O1,test_ood,6,644,0,0,0,644,0,0,0,641,0,0,0,101
C3N2O3,seen,8,143,86,29,28,0,86,28,28,0,7,3,3,0
C3O5,test_ood,8,59,0,0,0,59,0,0,0,56,0,0,0,12
C4H10,test_ood,14,2345,0,0,0,2345,0,0,0,725,0,0,0,142
C4H10N2,test_ood,16,12396,0,0,0,12396,0,0,0,12296,0,0,0,802
C4H10N2O1,test_ood,17,5204,0,0,0,5204,0,0,0,5044,0,0,0,418
C4H10N2O2,test_ood,18,6243,0,0,0,6243,0,0,0,5511,0,0,0,684
C4H10N2O3,test_ood,19,1133,0,0,0,1133,0,0,0,669,0,0,0,146
C4H10N2O4,test_ood,20,11,0,0,0,11,0,0,0,10,0,0,0,1
C4H10N2O5,seen,21,2,1,1,0,0,0,0,0,0,0,0,0,0
C4H10N2O6,test_ood,22,2,0,0,0,2,0,0,0,2,0,0,0,0
C4H10N4,test_ood,18,13067,0,0,0,13067,0,0,0,12619,0,0,0,1445
C4H10N4O1,seen,19,3867,2320,774,773,0,1871,630,643,0,297,108,87,0
C4H10N4O2,test_ood,20,615,0,0,0,615,0,0,0,603,0,0,0,76
C4H10N4O3,test_ood,21,50,0,0,0,50,0,0,0,45,0,0,0,2
C4H10N4O4,test_ood,22,38,0,0,0,38,0,0,0,36,0,0,0,2
C4H10N6,seen,20,11,7,2,2,0,6,1,2,0,0,1,0,0
C4H10N6O1,test_ood,21,67,0,0,0,67,0,0,0,67,0,0,0,1
C4H10N6O2,seen,22,149,89,30,30,0,89,30,28,0,3,1,2,0
C4H10N6O3,seen,23,1,1,0,0,0,0,0,0,0,0,0,0,0
C4H10N8,seen,22,39,23,8,8,0,23,8,8,0,0,0,0,0
C4H10N8O1,test_ood,23,1,0,0,0,1,0,0,0,0,0,0,0,0
C4H10O1,seen,15,4716,2830,943,943,0,2663,901,895,0,82,32,31,0
C4H10O2,seen,16,3711,2227,742,742,0,1884,620,642,0,202,62,75,0
C4H10O3,test_ood,17,787,0,0,0,787,0,0,0,784,0,0,0,102
C4H10O4,test_ood,18,199,0,0,0,199,0,0,0,198,0,0,0,27
C4H10O5,seen,19,2,1,1,0,0,1,1,0,0,0,0,0,0
C4H11N1,seen,16,5506,3304,1101,1101,0,3298,1098,1099,0,108,27,31,0
C4H11N1O1,seen,17,4856,2914,971,971,0,2897,967,964,0,208,72,79,0
C4H11N1O2,seen,18,965,579,193,193,0,494,161,161,0,57,18,17,0
C4H11N1O3,seen,19,472,283,95,94,0,193,63,69,0,42,13,16,0
C4H11N1O4,test_ood,20,8,0,0,0,8,0,0,0,8,0,0,0,0
C4H11N1O5,test_ood,21,1,0,0,0,1,0,0,0,0,0,0,0,0
C4H11N1O6,test_ood,22,3,0,0,0,3,0,0,0,0,0,0,0,0
C4H11N3,test_ood,18,1258,0,0,0,1258,0,0,0,1227,0,0,0,131
C4H11N3O1,test_ood,19,3411,0,0,0,3411,0,0,0,3301,0,0,0,331
C4H11N3O2,seen,20,1300,780,260,260,0,740,248,239,0,79,34,26,0
C4H11N3O3,seen,21,24,14,5,5,0,9,4,5,0,0,0,0,0
C4H11N3O4,test_ood,22,15,0,0,0,15,0,0,0,9,0,0,0,0
C4H11N3O5,test_ood,23,3,0,0,0,3,0,0,0,2,0,0,0,0
C4H11N5,seen,20,1137,682,228,227,0,603,205,195,0,82,31,31,0
C4H11N5O1,seen,21,34,20,7,7,0,19,7,7,0,0,0,0,0
C4H11N5O2,test_ood,22,436,0,0,0,436,0,0,0,145,0,0,0,37
C4H11N5O3,seen,23,45,27,9,9,0,27,7,8,0,1,0,0,0
C4H11N7,test_ood,22,20,0,0,0,20,0,0,0,19,0,0,0,1
C4H11N7O1,test_ood,23,82,0,0,0,82,0,0,0,82,0,0,0,4
C4H11N7O5,test_ood,27,1,0,0,0,1,0,0,0,0,0,0,0,0
C4H12,test_ood,16,6,0,0,0,6,0,0,0,6,0,0,0,0
C4H12N2,test_ood,18,2710,0,0,0,2710,0,0,0,2688,0,0,0,168
C4H12N2O1,seen,19,494,296,99,99,0,213,68,69,0,33,17,14,0
C4H12N2O2,seen,20,122,73,25,24,0,73,24,23,0,7,1,4,0
C4H12N2O3,seen,21,11,7,2,2,0,6,1,2,0,0,0,0,0
C4H12N2O4,seen,22,1,1,0,0,0,0,0,0,0,0,0,0,0
C4H12N2O5,seen,23,1,1,0,0,0,1,0,0,0,0,0,0,0
C4H12N2O6,test_ood,24,1,0,0,0,1,0,0,0,0,0,0,0,0
C4H12N4,test_ood,20,4005,0,0,0,4005,0,0,0,3884,0,0,0,440
C4H12N4O1,test_ood,21,391,0,0,0,391,0,0,0,340,0,0,0,7
C4H12N4O2,seen,22,21,13,4,4,0,13,4,3,0,0,0,0,0
C4H12N4O3,seen,23,22,13,5,4,0,11,4,4,0,2,0,0,0
C4H12N4O4,test_ood,24,16,0,0,0,16,0,0,0,14,0,0,0,0
C4H12N6,test_ood,22,76,0,0,0,76,0,0,0,75,0,0,0,0
C4H12N6O1,seen,23,38,23,8,7,0,23,8,7,0,0,0,0,0
C4H12N6O2,test_ood,24,47,0,0,0,47,0,0,0,46,0,0,0,4
C4H12N8,seen,24,26,16,5,5,0,16,5,5,0,0,0,0,0
C4H12N8O1,seen,25,1,1,0,0,0,0,0,0,0,0,0,0,0
C4H12O1,test_ood,17,2,0,0,0,2,0,0,0,2,0,0,0,0
C4H12O2,test_ood,18,50,0,0,0,50,0,0,0,50,0,0,0,4
C4H12O3,seen,19,74,44,15,15,0,44,15,15,0,2,0,0,0
C4H12O4,seen,20,1,1,0,0,0,1,0,0,0,0,0,0,0
C4H12O5,test_ood,21,1,0,0,0,1,0,0,0,1,0,0,0,0
C4H13N1,test_ood,18,2,0,0,0,2,0,0,0,2,0,0,0,0
C4H13N1O1,test_ood,19,24,0,0,0,24,0,0,0,24,0,0,0,3
C4H13N1O2,seen,20,230,138,46,46,0,137,46,45,0,15,5,4,0
C4H13N1O4,test_ood,22,1,0,0,0,1,0,0,0,1,0,0,0,0
C4H13N3,test_ood,20,2,0,0,0,2,0,0,0,2,0,0,0,1
C4H13N3O1,seen,21,368,221,74,73,0,215,73,72,0,19,9,4,0
C4H13N3O2,seen,22,4,2,1,1,0,1,1,1,0,0,0,0,0
C4H13N3O3,test_ood,23,7,0,0,0,7,0,0,0,5,0,0,0,0
C4H13N3O4,seen,24,1,1,0,0,0,1,0,0,0,0,0,0,0
C4H13N5,seen,22,142,85,29,28,0,76,24,26,0,4,2,3,0
C4H13N5O1,seen,23,12,7,3,2,0,7,3,2,0,0,0,0,0
C4H13N5O2,test_ood,24,508,0,0,0,508,0,0,0,496,0,0,0,30
C4H13N5O3,seen,25,35,21,7,7,0,21,7,7,0,0,0,0,0
C4H13N7,seen,24,15,9,3,3,0,9,3,3,0,0,0,0,0
C4H13N7O1,seen,25,21,13,4,4,0,13,4,4,0,0,0,0,0
C4H14N2,seen,20,1,1,0,0,0,1,0,0,0,0,0,0,0
C4H14N2O1,seen,21,115,69,23,23,0,69,23,23,0,0,0,0,0
C4H14N2O2,seen,22,2,1,1,0,0,0,1,0,0,0,0,0,0
C4H14N4,seen,22,3,2,1,0,0,2,1,0,0,0,0,0,0
C4H14N4O1,seen,23,1,1,0,0,0,1,0,0,0,0,0,0,0
C4H14N4O2,test_ood,24,6,0,0,0,6,0,0,0,2,0,0,0,0
C4H14N4O3,seen,25,3,2,1,0,0,0,1,0,0,0,0,0,0
C4H14N6,seen,24,6,4,1,1,0,4,1,1,0,0,0,0,0
C4H14N6O1,test_ood,25,19,0,0,0,19,0,0,0,18,0,0,0,0
C4H14N6O2,seen,26,30,18,6,6,0,17,6,4,0,0,0,0,0
C4H14N6O3,test_ood,27,1,0,0,0,1,0,0,0,0,0,0,0,0
C4H14N8,seen,26,7,4,2,1,0,4,2,1,0,0,0,0,0
C4H15N3,seen,22,2,1,1,0,0,1,1,0,0,0,0,0,0
C4H15N3O1,seen,23,1,1,0,0,0,1,0,0,0,0,0,0,0
C4H15N5,test_ood,24,1,0,0,0,1,0,0,0,1,0,0,0,0
C4H15N5O2,seen,26,2,1,1,0,0,1,1,0,0,0,0,0,0
C4H15N5O3,test_ood,27,1,0,0,0,1,0,0,0,1,0,0,0,0
C4H15N5O4,test_ood,28,3,0,0,0,3,0,0,0,0,0,0,0,0
C4H15N7,seen,26,2,1,1,0,0,1,0,0,0,0,0,0,0
C4H15N7O1,seen,27,15,9,3,3,0,9,3,3,0,0,0,0,0
C4H16N4,test_ood,24,2,0,0,0,2,0,0,0,1,0,0,0,0
C4H16N6O1,seen,27,1,1,0,0,0,1,0,0,0,0,0,0,0
C4H16N8,seen,28,4,2,1,1,0,2,1,1,0,0,0,0,0
C4H17N7O2,test_ood,30,1,0,0,0,1,0,0,0,0,0,0,0,0
C4H1N1O1,test_ood,7,1030,0,0,0,1030,0,0,0,1021,0,0,0,127
C4H1N1O2,seen,8,480,288,96,96,0,282,95,93,0,37,10,10,0
C4H1N1O3,seen,9,1020,612,204,204,0,602,203,204,0,121,45,30,0
C4H1N1O4,seen,10,96,58,19,19,0,50,16,17,0,15,6,5,0
C4H1N3,seen,8,367,220,74,73,0,220,74,73,0,43,10,11,0
C4H1N3O1,seen,9,1009,605,202,202,0,592,201,197,0,119,40,39,0
C4H1N3O2,seen,10,164,98,33,33,0,85,25,32,0,17,7,8,0
C4H2,test_ood,6,1495,0,0,0,1495,0,0,0,1495,0,0,0,255
C4H2N2,test_ood,8,1425,0,0,0,1425,0,0,0,1418,0,0,0,219
C4H2N2O1,seen,9,4884,2930,977,977,0,2918,973,972,0,342,123,111,0
C4H2N2O2,test_ood,10,9159,0,0,0,9159,0,0,0,9008,0,0,0,1567
C4H2N2O3,seen,11,584,350,117,117,0,304,97,104,0,79,23,23,0
C4H2N2O4,seen,12,144,86,29,29,0,0,0,0,0,8,6,1,0
C4H2N4,test_ood,10,4005,0,0,0,4005,0,0,0,3948,0,0,0,715
C4H2N4O1,seen,11,330,198,66,66,0,168,57,59,0,46,19,20,0
C4H2N4O2,test_ood,12,1,0,0,0,1,0,0,0,1,0,0,0,0
C4H2N4O4,test_ood,14,2,0,0,0,2,0,0,0,2,0,0,0,0
C4H2N6O2,seen,14,2,1,1,0,0,1,1,0,0,0,0,0,0
C4H2O2,seen,8,656,394,131,131,0,390,131,129,0,61,19,20,0
C4H2O3,test_ood,9,1132,0,0,0,1132,0,0,0,1119,0,0,0,175
C4H2O4,seen,10,1360,816,272,272,0,800,266,268,0,95,33,43,0
C4H2O5,seen,11,2,1,1,0,0,1,1,0,0,1,0,0,0
C4H3N1,seen,8,2134,1280,427,427,0,1280,427,427,0,153,62,45,0
C4H3N1O1,test_ood,9,4504,0,0,0,4504,0,0,0,4489,0,0,0,741
C4H3N1O2,test_ood,10,10109,0,0,0,10109,0,0,0,9766,0,0,0,1057
C4H3N1O3,test_ood,11,14461,0,0,0,14461,0,0,0,14226,0,0,0,1740
C4H3N1O4,seen,12,586,352,117,117,0,320,108,105,0,74,27,16,0
C4H3N3,seen,10,3602,2161,721,720,0,2146,716,717,0,242,71,75,0
C4H3N3O1,seen,11,24905,14943,4981,4981,0,14663,4895,4870,0,1766,556,584,0
C4H3N3O2,test_ood,12,2716,0,0,0,2716,0,0,0,2369,0,0,0,371
C4H3N3O3,test_ood,13,138,0,0,0,138,0,0,0,137,0,0,0,25
C4H3N3O4,seen,14,1,1,0,0,0,1,0,0,0,1,0,0,0
C4H3N3O5,seen,15,3,2,1,0,0,2,1,0,0,0,0,0,0
C4H3N5,seen,12,503,302,101,100,0,269,90,85,0,58,16,18,0
C4H3N5O1,test_ood,13,133,0,0,0,133,0,0,0,132,0,0,0,27
C4H3N5O3,seen,15,1,1,0,0,0,1,0,0,0,0,0,0,0
C4H4,seen,8,1781,1069,356,356,0,1049,354,351,0,135,46,52,0
C4H4N2,seen,10,5157,3094,1032,1031,0,3089,1030,1026,0,391,147,110,0
C4H4N2O1,test_ood,11,20922,0,0,0,20922,0,0,0,20801,0,0,0,2030
C4H4N2O2,test_ood,12,46225,0,0,0,46225,0,0,0,44471,0,0,0,5033
C4H4N2O3,test_ood,13,2036,0,0,0,2036,0,0,0,1780,0,0,0,267
C4H4N2O4,seen,14,418,251,84,83,0,77,32,20,0,33,10,10,0
C4H4N2O6,test_ood,16,2,0,0,0,2,0,0,0,1,0,0,0,1
C4H4N4,seen,12,21007,12604,4202,4201,0,12368,4113,4123,0,1603,513,550,0
C4H4N4O1,test_ood,13,4685,0,0,0,4685,0,0,0,3855,0,0,0,617
C4H4N4O2,test_ood,14,10,0,0,0,10,0,0,0,10,0,0,0,1
C4H4N4O3,seen,15,798,479,160,159,0,292,113,96,0,62,22,27,0
C4H4N4O4,seen,16,29,17,6,6,0,17,6,6,0,2,1,0,0
C4H4N6,test_ood,14,295,0,0,0,295,0,0,0,150,0,0,0,29
C4H4N6O1,test_ood,15,385,0,0,0,385,0,0,0,380,0,0,0,50
C4H4N6O2,test_ood,16,270,0,0,0,270,0,0,0,268,0,0,0,41
C4H4N8,test_ood,16,1,0,0,0,1,0,0,0,1,0,0,0,1
C4H4O1,seen,9,3756,2254,751,751,0,2251,751,751,0,224,78,74,0
C4H4O2,seen,10,7545,4527,1509,1509,0,4486,1497,1499,0,504,173,180,0
C4H4O3,seen,11,4054,2432,811,811,0,2423,810,809,0,230,83,73,0
C4H4O4,test_ood,12,6361,0,0,0,6361,0,0,0,5769,0,0,0,749
C4H4O5,seen,13,730,438,146,146,0,337,113,116,0,58,15,19,0
C4H4O6,test_ood,14,515,0,0,0,515,0,0,0,499,0,0,0,104
C4H5N1,seen,10,6534,3920,1307,1307,0,3918,1307,1305,0,240,91,81,0
C4H5N1O1,seen,11,15878,9527,3176,3175,0,9489,3158,3164,0,921,299,308,0
C4H5N1O2,seen,12,20032,12019,4007,4006,0,11954,3987,3976,0,1072,371,377,0
C4H5N1O3,test_ood,13,21793,0,0,0,21793,0,0,0,21196,0,0,0,2340
C4H5N1O4,seen,14,682,409,137,136,0,365,128,118,0,58,23,16,0
C4H5N1O5,seen,15,393,236,79,78,0,60,21,22,0,28,9,5,0
C4H5N3,seen,12,18065,10839,3613,3613,0,10604,3524,3536,0,886,301,298,0
C4H5N3O1,test_ood,13,59141,0,0,0,59141,0,0,0,57807,0,0,0,6346
C4H5N3O2,seen,14,4989,2993,998,998,0,2334,774,766,0,353,123,122,0
C4H5N3O3,seen,15,640,384,128,128,0,198,72,76,0,50,14,12,0
C4H5N3O4,test_ood,16,333,0,0,0,333,0,0,0,153,0,0,0,44
C4H5N3O5,seen,17,19,11,4,4,0,11,4,4,0,2,0,1,0
C4H5N5,seen,14,2419,1451,484,484,0,1237,423,410,0,213,69,79,0
C4H5N5O1,test_ood,15,9,0,0,0,9,0,0,0,9,0,0,0,1
C4H5N5O2,seen,16,29,17,6,6,0,17,6,6,0,1,1,0,0
C4H5N5O3,seen,17,75,45,15,15,0,45,15,15,0,8,2,6,0
C4H5N7,seen,16,270,162,54,54,0,160,54,54,0,20,10,7,0
C4H5N7O1,seen,17,18,11,4,3,0,11,4,3,0,4,1,1,0
C4H6,test_ood,10,3209,0,0,0,3209,0,0,0,3034,0,0,0,132
C4H6N2,test_ood,12,18679,0,0,0,18679,0,0,0,18147,0,0,0,1687
C4H6N2O1,test_ood,13,30892,0,0,0,30892,0,0,0,30375,0,0,0,2599
C4H6N2O2,seen,14,51684,31010,10337,10337,0,30306,10106,10104,0,3370,1172,1083,0
C4H6N2O3,seen,15,3029,1817,606,606,0,1615,536,548,0,256,76,68,0
C4H6N2O4,seen,16,251,151,50,50,0,148,48,49,0,22,4,3,0
C4H6N2O5,seen,17,9,5,2,2,0,5,2,2,0,1,0,0,0
C4H6N2O6,test_ood,18,5,0,0,0,5,0,0,0,5,0,0,0,0
C4H6N4,test_ood,14,34606,0,0,0,34606,0,0,0,33835,0,0,0,3714
C4H6N4O1,test_ood,15,5933,0,0,0,5933,0,0,0,4799,0,0,0,720
C4H6N4O2,seen,16,784,470,157,157,0,459,156,155,0,71,20,26,0
C4H6N4O3,seen,17,53,32,11,10,0,32,11,10,0,5,3,3,0
C4H6N4O4,test_ood,18,66,0,0,0,66,0,0,0,64,0,0,0,7
C4H6N4O5,test_ood,19,2,0,0,0,2,0,0,0,0,0,0,0,1
C4H6N6,test_ood,16,5,0,0,0,5,0,0,0,5,0,0,0,0
C4H6N6O1,seen,17,676,406,135,135,0,397,132,130,0,68,21,21,0
C4H6N6O2,test_ood,18,88,0,0,0,88,0,0,0,86,0,0,0,11
C4H6N8,seen,18,76,46,15,15,0,46,15,15,0,5,2,1,0
C4H6N8O1,test_ood,19,1,0,0,0,1,0,0,0,0,0,0,0,0
C4H6O1,seen,11,14809,8885,2962,2962,0,8705,2904,2896,0,619,226,204,0
C4H6O2,test_ood,12,18814,0,0,0,18814,0,0,0,17860,0,0,0,1964
C4H6O3,seen,13,6638,3983,1328,1327,0,3397,1122,1150,0,380,144,134,0
C4H6O4,seen,14,4572,2743,915,914,0,2527,854,828,0,283,105,108,0
C4H6O5,test_ood,15,421,0,0,0,421,0,0,0,130,0,0,0,44
C4H6O6,seen,16,92,55,19,18,0,54,19,18,0,8,5,3,0
C4H6O8,seen,18,1,1,0,0,0,0,0,0,0,0,0,0,0
C4H7N1,seen,12,7893,4736,1579,1578,0,4648,1544,1547,0,236,86,62,0
C4H7N1O1,test_ood,13,21695,0,0,0,21695,0,0,0,20984,0,0,0,1940
C4H7N1O2,test_ood,14,11331,0,0,0,11331,0,0,0,10388,0,0,0,1199
C4H7N1O3,seen,15,11249,6749,2250,2250,0,6509,2173,2154,0,704,237,240,0
C4H7N1O4,seen,16,2108,1265,422,421,0,1070,362,346,0,160,56,49,0
C4H7N1O5,test_ood,17,343,0,0,0,343,0,0,0,192,0,0,0,44
C4H7N1O6,test_ood,18,2,0,0,0,2,0,0,0,0,0,0,0,0
C4H7N1O7,seen,19,1,1,0,0,0,0,0,0,0,0,0,0,0
C4H7N3,test_ood,14,18239,0,0,0,18239,0,0,0,17639,0,0,0,1544
C4H7N3O1,seen,15,51694,31016,10339,10339,0,30002,9984,9995,0,3222,1123,1047,0
C4H7N3O2,seen,16,6046,3628,1209,1209,0,3162,1059,1076,0,429,128,158,0
C4H7N3O3,test_ood,17,221,0,0,0,221,0,0,0,76,0,0,0,27
C4H7N3O4,test_ood,18,112,0,0,0,112,0,0,0,106,0,0,0,23
C4H7N3O5,seen,19,19,11,4,4,0,11,4,4,0,2,0,0,0
C4H7N5,test_ood,16,3067,0,0,0,3067,0,0,0,2693,0,0,0,398
C4H7N5O1,seen,17,436,262,87,87,0,66,20,20,0,38,10,9,0
C4H7N5O2,test_ood,18,361,0,0,0,361,0,0,0,212,0,0,0,27
C4H7N5O3,test_ood,19,221,0,0,0,221,0,0,0,219,0,0,0,32
C4H7N7,seen,18,11,7,2,2,0,7,2,2,0,0,2,0,0
C4H7N7O1,test_ood,19,74,0,0,0,74,0,0,0,72,0,0,0,12
C4H7N7O2,seen,20,1,1,0,0,0,0,0,0,0,0,0,0,0
C4H7N9,seen,20,1,1,0,0,0,0,0,0,0,0,0,0,0
C4H8,seen,12,4718,2831,944,943,0,2812,934,936,0,236,100,90,0
C4H8N2,test_ood,14,21177,0,0,0,21177,0,0,0,20752,0,0,0,1820
C4H8N2O1,test_ood,15,16775,0,0,0,16775,0,0,0,15862,0,0,0,1502
C4H8N2O2,seen,16,24553,14732,4911,4910,0,13823,4605,4597,0,1568,509,506,0
C4H8N2O3,test_ood,17,3307,0,0,0,3307,0,0,0,3023,0,0,0,414
C4H8N2O4,seen,18,188,113,38,37,0,106,36,36,0,20,4,5,0
C4H8N2O5,test_ood,19,5,0,0,0,5,0,0,0,4,0,0,0,0
C4H8N2O6,test_ood,20,3,0,0,0,3,0,0,0,2,0,0,0,1
C4H8N4,test_ood,16,28090,0,0,0,28090,0,0,0,27166,0,0,0,2975
C4H8N4O1,seen,17,6419,3851,1284,1284,0,3366,1134,1115,0,508,162,135,0
C4H8N4O2,test_ood,18,972,0,0,0,972,0,0,0,791,0,0,0,142
C4H8N4O3,seen,19,75,45,15,15,0,44,13,15,0,5,0,4,0
C4H8N4O4,seen,20,83,50,17,16,0,50,17,15,0,8,1,4,0
C4H8N6,seen,18,47,28,10,9,0,27,10,9,0,3,4,2,0
C4H8N6O1,seen,19,172,103,35,34,0,101,35,32,0,21,3,7,0
C4H8N6O2,test_ood,20,140,0,0,0,140,0,0,0,138,0,0,0,21
C4H8N6O3,seen,21,1,1,0,0,0,0,0,0,0,0,0,0,0
C4H8N8,seen,20,24,14,5,5,0,14,4,5,0,2,2,1,0
C4H8N8O1,seen,21,1,1,0,0,0,0,0,0,0,0,0,0,0
C4H8O1,test_ood,13,21172,0,0,0,21172,0,0,0,21004,0,0,0,1259
C4H8O2,seen,14,14713,8828,2943,2942,0,7970,2665,2625,0,810,256,254,0
C4H8O3,test_ood,15,3546,0,0,0,3546,0,0,0,2662,0,0,0,381
C4H8O4,test_ood,16,1802,0,0,0,1802,0,0,0,1753,0,0,0,238
C4H8O5,seen,17,4,2,1,1,0,2,1,1,0,0,0,0,0
C4H9N1,test_ood,14,19184,0,0,0,19184,0,0,0,19156,0,0,0,725
C4H9N1O1,test_ood,15,20499,0,0,0,20499,0,0,0,17520,0,0,0,1500
C4H9N1O2,seen,16,4397,2638,880,879,0,2171,699,714,0,281,95,92,0
C4H9N1O3,seen,17,4829,2897,966,966,0,2575,866,858,0,344,91,102,0
C4H9N1O4,test_ood,18,227,0,0,0,227,0,0,0,222,0,0,0,30
C4H9N1O5,seen,19,141,85,28,28,0,84,28,28,0,14,5,3,0
C4H9N1O6,seen,20,2,1,1,0,0,0,0,0,0,0,0,0,0
C4H9N3,seen,16,8177,4906,1636,1635,0,4767,1578,1589,0,455,144,133,0
C4H9N3O1,seen,17,17991,10795,3598,3598,0,10396,3456,3474,0,1159,402,417,0
C4H9N3O2,seen,18,2808,1685,562,561,0,1439,483,491,0,198,66,85,0
C4H9N3O3,test_ood,19,448,0,0,0,448,0,0,0,443,0,0,0,68
C4H9N3O4,seen,20,37,22,8,7,0,21,8,7,0,1,1,0,0
C4H9N3O5,seen,21,20,12,4,4,0,11,4,4,0,1,0,1,0
C4H9N5,seen,18,3087,1852,618,617,0,1530,512,505,0,230,64,66,0
C4H9N5O1,seen,19,102,61,21,20,0,59,20,19,0,5,1,1,0
C4H9N5O2,test_ood,20,208,0,0,0,208,0,0,0,204,0,0,0,36
C4H9N5O3,seen,21,148,89,30,29,0,88,30,29,0,0,0,0,0
C4H9N7,test_ood,20,192,0,0,0,192,0,0,0,186,0,0,0,29
C4H9N7O1,seen,21,106,64,21,21,0,63,20,21,0,3,2,1,0
C4N2,seen,6,698,419,140,139,0,419,139,138,0,82,21,23,0
C4N2O2,test_ood,8,168,0,0,0,168,0,0,0,160,0,0,0,31
C4N2O3,seen,9,18,11,4,3,0,8,4,2,0,3,2,0,0
C4N4,test_ood,8,2,0,0,0,2,0,0,0,2,0,0,0,0
C4N4O1,test_ood,9,15,0,0,0,15,0,0,0,14,0,0,0,7
C5H10,test_ood,15,10268,0,0,0,10268,0,0,0,7628,0,0,0,530
C5H10N2,seen,17,9771,5863,1954,1954,0,5814,1930,1934,0,563,181,180,0
C5H10N2O1,test_ood,18,21481,0,0,0,21481,0,0,0,20505,0,0,0,2437
C5H10N2O2,seen,19,4872,2923,975,974,0,2202,740,713,0,335,121,129,0
C5H10N2O3,test_ood,20,2842,0,0,0,2842,0,0,0,2774,0,0,0,328
C5H10N2O4,seen,21,1400,840,280,280,0,811,271,273,0,71,17,17,0
C5H10N2O5,seen,22,34,20,7,7,0,20,6,7,0,0,0,0,0
C5H10N4,test_ood,19,6187,0,0,0,6187,0,0,0,5373,0,0,0,818
C5H10N4O1,seen,20,288,173,58,57,0,171,55,54,0,19,5,7,0
C5H10N4O2,seen,21,751,451,150,150,0,442,143,147,0,5,3,2,0
C5H10N4O3,test_ood,22,426,0,0,0,426,0,0,0,421,0,0,0,15
C5H10N4O4,seen,23,2,1,1,0,0,0,0,0,0,0,0,0,0
C5H10N6,seen,21,270,162,54,54,0,157,54,54,0,14,7,3,0
C5H10N6O1,seen,22,259,155,52,52,0,155,51,51,0,2,1,1,0
C5H10N6O2,test_ood,23,6,0,0,0,6,0,0,0,0,0,0,0,0
C5H10O1,test_ood,16,14465,0,0,0,14465,0,0,0,14058,0,0,0,967
C5H10O2,seen,17,1887,1132,378,377,0,927,317,313,0,116,30,39,0
C5H10O3,seen,18,3301,1981,660,660,0,1598,536,523,0,224,76,78,0
C5H10O4,seen,19,255,153,51,51,0,153,51,51,0,16,7,7,0
C5H10O5,test_ood,20,985,0,0,0,985,0,0,0,505,0,0,0,117
C5H10O6,seen,21,1,1,0,0,0,0,0,0,0,0,0,0,0
C5H11N1,test_ood,17,14074,0,0,0,14074,0,0,0,13959,0,0,0,729
C5H11N1O1,seen,18,4064,2438,813,813,0,821,256,282,0,234,82,76,0
C5H11N1O2,test_ood,19,6893,0,0,0,6893,0,0,0,5501,0,0,0,766
C5H11N1O3,test_ood,20,611,0,0,0,611,0,0,0,142,0,0,0,80
C5H11N1O4,seen,21,801,481,160,160,0,282,96,90,0,38,10,5,0
C5H11N1O5,test_ood,22,8,0,0,0,8,0,0,0,7,0,0,0,0
C5H11N1O6,seen,23,2,1,1,0,0,1,1,0,0,0,0,0,0
C5H11N3,seen,19,13479,8087,2696,2696,0,7774,2578,2558,0,936,308,325,0
C5H11N3O1,seen,20,4209,2525,842,842,0,2106,702,704,0,292,96,99,0
C5H11N3O2,test_ood,21,864,0,0,0,864,0,0,0,712,0,0,0,46
C5H11N3O3,seen,22,1290,774,258,258,0,659,227,227,0,23,2,5,0
C5H11N3O4,seen,23,96,58,19,19,0,57,19,18,0,2,0,0,0
C5H11N3O5,seen,24,1,1,0,0,0,0,0,0,0,0,0,0,0
C5H11N5,test_ood,21,947,0,0,0,947,0,0,0,912,0,0,0,53
C5H11N5O1,seen,22,288,173,58,57,0,170,57,57,0,13,6,2,0
C5H11N5O2,seen,23,644,386,129,129,0,379,126,128,0,21,8,9,0
C5H11N5O3,seen,24,4,2,1,1,0,0,0,0,0,0,0,0,0
C5H11N7,seen,23,89,53,18,18,0,53,18,18,0,4,2,0,0
C5H11N7O1,test_ood,24,1,0,0,0,1,0,0,0,0,0,0,0,0
C5H11N7O2,seen,25,1,1,0,0,0,0,0,0,0,0,0,0,0
C5H12,seen,17,1017,610,204,203,0,609,204,203,0,23,4,9,0
C5H12N2,test_ood,19,779,0,0,0,779,0,0,0,753,0,0,0,78
C5H12N2O1,seen,20,4868,2921,974,973,0,2824,944,939,0,317,95,103,0
C5H12N2O2,seen,21,880,528,176,176,0,475,162,159,0,7,0,3,0
C5H12N2O3,test_ood,22,179,0,0,0,179,0,0,0,171,0,0,0,8
C5H12N2O4,seen,23,36,22,7,7,0,22,7,7,0,0,0,0,0
C5H12N2O5,test_ood,24,12,0,0,0,12,0,0,0,12,0,0,0,1
C5H12N4,seen,21,2386,1432,477,477,0,1252,407,433,0,20,7,9,0
C5H12N4O1,seen,22,266,160,53,53,0,83,22,21,0,13,2,6,0
C5H12N4O2,test_ood,23,1038,0,0,0,1038,0,0,0,743,0,0,0,69
C5H12N4O3,seen,24,579,347,116,116,0,338,112,113,0,20,5,5,0
C5H12N4O4,seen,25,3,2,1,0,0,0,0,0,0,0,0,0,0
C5H12N6,test_ood,23,366,0,0,0,366,0,0,0,184,0,0,0,24
C5H12N6O1,seen,24,244,146,49,49,0,145,49,48,0,5,1,0,0
C5H12N6O2,seen,25,1,1,0,0,0,0,0,0,0,0,0,0,0
C5H12N6O3,seen,26,1,1,0,0,0,0,0,0,0,0,0,0,0
C5H12O1,seen,18,2458,1475,492,491,0,1468,488,484,0,121,25,37,0
C5H12O2,seen,19,1621,973,324,324,0,560,183,171,0,102,25,24,0
C5H12O3,seen,20,232,139,47,46,0,138,47,45,0,24,7,7,0
C5H12O4,test_ood,21,109,0,0,0,109,0,0,0,107,0,0,0,0
C5H12O5,seen,22,2,1,1,0,0,0,1,0,0,0,0,0,0
C5H12O6,test_ood,23,2,0,0,0,2,0,0,0,0,0,0,0,0
C5H13N1,seen,19,3376,2026,675,675,0,1841,606,613,0,114,43,39,0
C5H13N1O1,seen,20,557,334,112,111,0,247,86,80,0,37,6,13,0
C5H13N1O2,seen,21,267,160,54,53,0,151,50,53,0,13,4,4,0
C5H13N1O3,test_ood,22,5,0,0,0,5,0,0,0,5,0,0,0,0
C5H13N1O4,seen,23,4,2,1,1,0,2,1,1,0,0,0,0,0
C5H13N1O5,seen,24,4,2,1,1,0,0,0,1,0,0,0,0,0
C5H13N1O6,test_ood,25,3,0,0,0,3,0,0,0,0,0,0,0,0
C5H13N3,seen,21,2363,1418,473,472,0,1352,465,458,0,38,19,16,0
C5H13N3O1,test_ood,22,781,0,0,0,781,0,0,0,672,0,0,0,5
C5H13N3O2,seen,23,59,35,12,12,0,31,12,12,0,0,0,0,0
C5H13N3O3,seen,24,65,39,13,13,0,37,13,13,0,0,0,0,0
C5H13N3O4,seen,25,46,28,9,9,0,21,5,7,0,1,0,1,0
C5H13N3O5,seen,26,2,1,1,0,0,0,0,0,0,0,0,0,0
C5H13N5,test_ood,23,21,0,0,0,21,0,0,0,21,0,0,0,0
C5H13N5O1,test_ood,24,100,0,0,0,100,0,0,0,98,0,0,0,4
C5H13N5O2,seen,25,368,221,74,73,0,211,73,70,0,9,3,5,0
C5H13N5O3,test_ood,26,5,0,0,0,5,0,0,0,0,0,0,0,0
C5H13N5O4,seen,27,1,1,0,0,0,0,0,0,0,0,0,0,0
C5H13N7,seen,25,96,58,19,19,0,57,19,19,0,0,0,0,0
C5H13N7O2,test_ood,27,1,0,0,0,1,0,0,0,0,0,0,0,0
C5H14N2,test_ood,21,73,0,0,0,73,0,0,0,73,0,0,0,3
C5H14N2O1,test_ood,22,4,0,0,0,4,0,0,0,4,0,0,0,0
C5H14N2O2,seen,23,255,153,51,51,0,146,51,50,0,8,4,2,0
C5H14N2O3,seen,24,8,5,2,1,0,4,2,0,0,0,0,0,0
C5H14N2O4,seen,25,3,2,1,0,0,0,1,0,0,0,0,0,0
C5H14N2O5,test_ood,26,2,0,0,0,2,0,0,0,1,0,0,0,0
C5H14N4,test_ood,23,320,0,0,0,320,0,0,0,283,0,0,0,11
C5H14N4O1,seen,24,115,69,23,23,0,67,22,20,0,1,0,1,0
C5H14N4O2,seen,25,99,59,20,20,0,57,20,18,0,2,0,0,0
C5H14N4O3,test_ood,26,66,0,0,0,66,0,0,0,61,0,0,0,0
C5H14N4O4,test_ood,27,1,0,0,0,1,0,0,0,0,0,0,0,0
C5H14N6,seen,25,34,20,7,7,0,19,7,7,0,0,0,0,0
C5H14N6O1,test_ood,26,136,0,0,0,136,0,0,0,135,0,0,0,6
C5H14N6O2,seen,27,1,1,0,0,0,0,0,0,0,0,0,0,0
C5H14N6O3,seen,28,4,2,1,1,0,0,0,0,0,0,0,0,0
C5H14O1,test_ood,20,7,0,0,0,7,0,0,0,7,0,0,0,1
C5H14O2,seen,21,93,56,19,18,0,56,19,18,0,0,0,0,0
C5H14O3,seen,22,1,1,0,0,0,1,0,0,0,0,0,0,0
C5H14O4,seen,23,1,1,0,0,0,1,0,0,0,0,0,0,0
C5H15N1O1,seen,22,122,73,25,24,0,73,25,24,0,0,0,0,0
C5H15N1O2,test_ood,23,3,0,0,0,3,0,0,0,3,0,0,0,0
C5H15N3,seen,23,81,49,16,16,0,49,16,16,0,3,2,1,0
C5H15N3O1,test_ood,24,11,0,0,0,11,0,0,0,9,0,0,0,0
C5H15N3O2,test_ood,25,13,0,0,0,13,0,0,0,11,0,0,0,0
C5H15N3O3,test_ood,26,10,0,0,0,10,0,0,0,7,0,0,0,0
C5H15N3O4,seen,27,3,2,1,0,0,2,1,0,0,0,0,0,0
C5H15N5,test_ood,25,14,0,0,0,14,0,0,0,14,0,0,0,0
C5H15N5O1,test_ood,26,52,0,0,0,52,0,0,0,51,0,0,0,0
C5H15N5O2,seen,27,57,34,12,11,0,33,12,11,0,0,0,0,0
C5H15N5O3,test_ood,28,7,0,0,0,7,0,0,0,0,0,0,0,0
C5H15N7,seen,27,52,31,11,10,0,29,11,10,0,0,0,0,0
C5H15N7O2,seen,29,1,1,0,0,0,0,0,0,0,0,0,0,0
C5H16N2,test_ood,23,1,0,0,0,1,0,0,0,1,0,0,0,0
C5H16N2O1,test_ood,24,2,0,0,0,2,0,0,0,2,0,0,0,0
C5H16N2O2,test_ood,25,1,0,0,0,1,0,0,0,1,0,0,0,0
C5H16N4,test_ood,25,1,0,0,0,1,0,0,0,1,0,0,0,0
C5H16N4O1,test_ood,26,7,0,0,0,7,0,0,0,7,0,0,0,0
C5H16N4O2,seen,27,8,5,2,1,0,4,2,1,0,0,0,0,0
C5H16N4O3,test_ood,28,5,0,0,0,5,0,0,0,5,0,0,0,0
C5H16N6,test_ood,27,19,0,0,0,19,0,0,0,19,0,0,0,0
C5H16N6O1,seen,28,44,26,9,9,0,26,9,9,0,0,0,0,0
C5H16N6O2,seen,29,1,1,0,0,0,0,0,0,0,0,0,0,0
C5H16N6O3,test_ood,30,2,0,0,0,2,0,0,0,0,0,0,0,0
C5H17N5O1,test_ood,28,5,0,0,0,5,0,0,0,4,0,0,0,0
C5H17N5O2,seen,29,9,5,2,2,0,4,2,1,0,0,0,0,0
C5H17N7,test_ood,29,17,0,0,0,17,0,0,0,17,0,0,0,0
C5H18N4O2,seen,29,1,1,0,0,0,0,0,0,0,0,0,0,0
C5H18N6,seen,29,3,2,1,0,0,2,1,0,0,0,0,0,0
C5H18N6O1,seen,30,6,4,1,1,0,4,1,1,0,0,0,0,0
C5H18N6O2,test_ood,31,1,0,0,0,1,0,0,0,0,0,0,0,0
C5H1N1,seen,7,515,309,103,103,0,303,102,103,0,51,12,18,0
C5H1N1O2,seen,9,288,173,58,57,0,171,57,56,0,27,7,9,0
C5H1N1O3,test_ood,10,20,0,0,0,20,0,0,0,18,0,0,0,3
C5H1N3O1,seen,10,47,28,10,9,0,25,7,9,0,5,0,0,0
C5H1N5O2,seen,13,4,2,1,1,0,2,1,1,0,1,0,0,0
C5H2N2,seen,9,333,200,67,66,0,200,67,66,0,29,8,5,0
C5H2N2O1,seen,10,2635,1581,527,527,0,1556,513,523,0,222,81,89,0
C5H2N2O2,seen,11,299,179,60,60,0,163,53,56,0,33,12,11,0
C5H2N2O3,test_ood,12,137,0,0,0,137,0,0,0,136,0,0,0,19
C5H2N2O4,test_ood,13,1,0,0,0,1,0,0,0,1,0,0,0,0
C5H2N4,seen,11,25,15,5,5,0,14,4,4,0,2,1,1,0
C5H2N4O1,seen,12,1,1,0,0,0,1,0,0,0,0,0,0,0
C5H2N4O2,seen,13,1,1,0,0,0,1,0,0,0,0,0,0,0
C5H2N4O3,seen,14,3,2,1,0,0,2,1,0,0,0,0,0,0
C5H2N6,seen,13,2,1,1,0,0,1,1,0,0,0,0,0,0
C5H2N6O1,test_ood,14,9,0,0,0,9,0,0,0,9,0,0,0,1
C5H2O1,seen,8,664,398,133,133,0,397,133,133,0,78,29,33,0
C5H2O2,seen,9,112,67,23,22,0,66,23,22,0,10,1,4,0
C5H2O3,seen,10,757,454,152,151,0,444,149,147,0,84,28,26,0
C5H2O4,test_ood,11,90,0,0,0,90,0,0,0,72,0,0,0,17
C5H3N1,seen,9,1248,749,250,249,0,748,247,245,0,121,37,34,0
C5H3N1O1,test_ood,10,3014,0,0,0,3014,0,0,0,2994,0,0,0,330
C5H3N1O2,test_ood,11,8925,0,0,0,8925,0,0,0,8748,0,0,0,1109
C5H3N1O3,seen,12,806,484,161,161,0,404,134,142,0,53,16,20,0
C5H3N1O4,seen,13,135,81,27,27,0,81,27,27,0,15,8,3,0
C5H3N1O5,test_ood,14,138,0,0,0,138,0,0,0,137,0,0,0,23
C5H3N3,test_ood,11,6041,0,0,0,6041,0,0,0,5932,0,0,0,946
C5H3N3O1,test_ood,12,822,0,0,0,822,0,0,0,692,0,0,0,128
C5H3N3O2,seen,13,123,74,25,24,0,72,25,24,0,7,1,1,0
C5H3N3O3,test_ood,14,1,0,0,0,1,0,0,0,1,0,0,0,0
C5H3N3O4,test_ood,15,4,0,0,0,4,0,0,0,4,0,0,0,1
C5H3N5,seen,13,276,166,55,55,0,82,26,27,0,21,7,7,0
C5H3N5O1,seen,14,1,1,0,0,0,1,0,0,0,0,0,0,0
C5H3N5O2,seen,15,12,7,3,2,0,7,3,2,0,2,1,1,0
C5H3N7,seen,15,5,3,1,1,0,3,1,1,0,0,0,1,0
C5H4,seen,9,1882,1129,377,376,0,1129,377,376,0,88,35,36,0
C5H4N2,seen,11,3460,2076,692,692,0,2060,684,688,0,227,67,70,0
C5H4N2O1,seen,12,21971,13183,4394,4394,0,12847,4290,4272,0,1532,520,535,0
C5H4N2O2,seen,13,3239,1943,648,648,0,1627,540,552,0,309,86,103,0
C5H4N2O3,seen,14,122,73,25,24,0,71,25,24,0,6,4,2,0
C5H4N2O4,seen,15,153,92,31,30,0,92,31,30,0,9,11,5,0
C5H4N2O5,seen,16,4,2,1,1,0,2,1,1,0,0,0,0,0
C5H4N4,seen,13,1162,697,233,232,0,619,206,210,0,99,31,40,0
C5H4N4O1,test_ood,14,380,0,0,0,380,0,0,0,379,0,0,0,42
C5H4N4O2,test_ood,15,724,0,0,0,724,0,0,0,432,0,0,0,84
C5H4N4O3,seen,16,155,93,31,31,0,93,30,31,0,12,2,10,0
C5H4N6,seen,15,128,77,26,25,0,77,26,25,0,14,2,0,0
C5H4N6O1,test_ood,16,8,0,0,0,8,0,0,0,8,0,0,0,2
C5H4O1,test_ood,10,2758,0,0,0,2758,0,0,0,2729,0,0,0,389
C5H4O2,seen,11,3878,2327,776,775,0,2312,771,767,0,255,102,90,0
C5H4O3,seen,12,7052,4231,1411,1410,0,4150,1386,1392,0,569,194,193,0
C5H4O4,test_ood,13,243,0,0,0,243,0,0,0,211,0,0,0,43
C5H5N1,test_ood,11,2994,0,0,0,2994,0,0,0,2979,0,0,0,280
C5H5N1O1,seen,12,11560,6936,2312,2312,0,6900,2303,2296,0,776,252,258,0
C5H5N1O2,seen,13,31683,19010,6337,6336,0,16978,5663,5685,0,1987,667,685,0
C5H5N1O3,test_ood,14,1914,0,0,0,1914,0,0,0,1407,0,0,0,231
C5H5N1O4,seen,15,3,2,1,0,0,2,1,0,0,0,0,0,0
C5H5N1O5,test_ood,16,7,0,0,0,7,0,0,0,7,0,0,0,1
C5H5N1O6,seen,17,7,4,2,1,0,4,2,1,0,2,0,0,0
C5H5N3,seen,13,17159,10295,3432,3432,0,10089,3356,3360,0,1162,394,406,0
C5H5N3O1,test_ood,14,4164,0,0,0,4164,0,0,0,3517,0,0,0,527
C5H5N3O2,seen,15,294,176,59,59,0,89,31,27,0,24,7,9,0
C5H5N3O3,seen,16,447,268,90,89,0,176,67,57,0,37,12,7,0
C5H5N3O4,seen,17,58,35,12,11,0,35,12,11,0,6,0,1,0
C5H5N5,seen,15,1248,749,250,249,0,654,219,211,0,104,29,40,0
C5H5N5O1,seen,16,871,523,174,174,0,431,146,148,0,69,25,22,0
C5H5N5O2,seen,17,36,22,7,7,0,22,7,7,0,4,1,1,0
C5H5N7,seen,17,5,3,1,1,0,3,1,1,0,0,0,0,0
C5H6,seen,11,5693,3416,1139,1138,0,3412,1138,1135,0,112,41,38,0
C5H6N2,seen,13,11808,7085,2362,2361,0,7030,2347,2345,0,604,203,211,0
C5H6N2O1,test_ood,14,47308,0,0,0,47308,0,0,0,44848,0,0,0,4936
C5H6N2O2,seen,15,7903,4742,1581,1580,0,2903,1006,1010,0,546,175,183,0
C5H6N2O3,test_ood,16,486,0,0,0,486,0,0,0,346,0,0,0,60
C5H6N2O4,seen,17,392,235,79,78,0,232,78,77,0,35,8,9,0
C5H6N2O5,test_ood,18,34,0,0,0,34,0,0,0,34,0,0,0,11
C5H6N4,seen,15,3689,2213,738,738,0,1765,588,606,0,290,92,100,0
C5H6N4O1,seen,16,1074,644,215,215,0,458,161,158,0,87,28,27,0
C5H6N4O2,seen,17,77,46,16,15,0,46,16,15,0,8,3,4,0
C5H6N4O3,seen,18,144,86,29,29,0,86,29,29,0,13,1,2,0
C5H6N4O4,seen,19,1,1,0,0,0,0,0,0,0,0,0,0,0
C5H6N6,test_ood,17,1143,0,0,0,1143,0,0,0,809,0,0,0,152
C5H6N6O1,seen,18,50,30,10,10,0,30,10,10,0,5,2,3,0
C5H6O1,test_ood,12,12595,0,0,0,12595,0,0,0,12521,0,0,0,1169
C5H6O2,test_ood,13,10438,0,0,0,10438,0,0,0,10206,0,0,0,1014
C5H6O3,test_ood,14,16434,0,0,0,16434,0,0,0,15937,0,0,0,1816
C5H6O4,seen,15,1483,890,297,296,0,619,214,208,0,103,38,47,0
C5H6O5,test_ood,16,1,0,0,0,1,0,0,0,1,0,0,0,0
C5H7N1,seen,13,11722,7033,2345,2344,0,6738,2256,2251,0,648,228,219,0
C5H7N1O1,seen,14,12962,7777,2593,2592,0,7534,2518,2529,0,674,236,230,0
C5H7N1O2,seen,15,35724,21434,7145,7145,0,20344,6770,6762,0,2338,789,781,0
C5H7N1O3,seen,16,2716,1630,543,543,0,1294,432,432,0,213,75,76,0
C5H7N1O4,seen,17,320,192,64,64,0,105,36,31,0,24,9,9,0
C5H7N1O5,test_ood,18,307,0,0,0,307,0,0,0,302,0,0,0,51
C5H7N1O6,test_ood,19,6,0,0,0,6,0,0,0,6,0,0,0,0
C5H7N3,seen,15,35739,21443,7148,7148,0,20725,6922,6919,0,2316,782,785,0
C5H7N3O1,seen,16,9155,5493,1831,1831,0,3708,1260,1207,0,603,206,218,0
C5H7N3O2,seen,17,174,104,35,35,0,101,34,33,0,21,9,6,0
C5H7N3O3,seen,18,489,293,98,98,0,209,66,65,0,37,7,13,0
C5H7N3O4,seen,19,129,77,26,26,0,77,26,25,0,14,3,3,0
C5H7N3O5,seen,20,1,1,0,0,0,0,0,0,0,0,0,0,0
C5H7N5,seen,17,221,133,44,44,0,128,43,41,0,18,4,4,0
C5H7N5O1,test_ood,18,751,0,0,0,751,0,0,0,725,0,0,0,113
C5H7N5O2,seen,19,826,496,165,165,0,483,160,163,0,80,28,19,0
C5H7N5O3,seen,20,1,1,0,0,0,0,0,0,0,0,0,0,0
C5H7N7,test_ood,19,17,0,0,0,17,0,0,0,17,0,0,0,5
C5H8,seen,13,7614,4568,1523,1523,0,4392,1465,1456,0,179,64,78,0
C5H8N2,seen,15,15950,9570,3190,3190,0,9146,3038,3045,0,823,259,271,0
C5H8N2O1,test_ood,16,52532,0,0,0,52532,0,0,0,50590,0,0,0,5632
C5H8N2O2,seen,17,7740,4644,1548,1548,0,3957,1335,1321,0,569,209,194,0
C5H8N2O3,seen,18,409,245,82,82,0,141,57,55,0,38,11,13,0
C5H8N2O4,seen,19,449,269,90,90,0,258,88,86,0,49,13,8,0
C5H8N2O5,seen,20,62,37,13,12,0,36,13,12,0,6,1,1,0
C5H8N4,test_ood,17,5399,0,0,0,5399,0,0,0,4516,0,0,0,625
C5H8N4O1,test_ood,18,554,0,0,0,554,0,0,0,250,0,0,0,78
C5H8N4O2,seen,19,1335,801,267,267,0,530,178,170,0,98,37,33,0
C5H8N4O3,seen,20,300,180,60,60,0,180,60,60,0,24,6,6,0
C5H8N4O4,seen,21,2,1,1,0,0,0,0,0,0,0,0,0,0
C5H8N6,test_ood,19,19,0,0,0,19,0,0,0,19,0,0,0,4
C5H8N6O1,seen,20,379,227,76,76,0,224,75,75,0,35,15,18,0
C5H8N6O2,seen,21,2,1,1,0,0,0,0,0,0,0,0,0,0
C5H8N6O3,seen,22,3,2,1,0,0,0,0,0,0,0,0,0,0
C5H8O1,seen,14,18667,11200,3734,3733,0,10943,3646,3638,0,840,292,272,0
C5H8O2,test_ood,15,10453,0,0,0,10453,0,0,0,8959,0,0,0,1111
C5H8O3,test_ood,16,14729,0,0,0,14729,0,0,0,13397,0,0,0,1560
C5H8O4,test_ood,17,1211,0,0,0,1211,0,0,0,1147,0,0,0,184
C5H8O5,test_ood,18,338,0,0,0,338,0,0,0,46,0,0,0,31
C5H8O6,seen,19,7,4,2,1,0,2,1,0,0,0,0,0,0
C5H8O7,test_ood,20,1,0,0,0,1,0,0,0,1,0,0,0,0
C5H9N1,test_ood,15,14763,0,0,0,14763,0,0,0,14640,0,0,0,1125
C5H9N1O1,seen,16,11268,6761,2254,2253,0,6627,2205,2216,0,681,231,248,0
C5H9N1O2,test_ood,17,21579,0,0,0,21579,0,0,0,20446,0,0,0,2336
C5H9N1O3,seen,18,1361,817,272,272,0,492,166,179,0,109,38,42,0
C5H9N1O4,seen,19,1889,1133,378,378,0,1031,340,342,0,165,57,47,0
C5H9N1O5,seen,20,20,12,4,4,0,12,4,4,0,1,1,1,0
C5H9N1O6,seen,21,14,8,3,3,0,5,3,2,0,0,0,0,0
C5H9N3,seen,17,34409,20645,6882,6882,0,19997,6652,6669,0,2204,755,723,0
C5H9N3O1,test_ood,18,9178,0,0,0,9178,0,0,0,7775,0,0,0,1087
C5H9N3O2,seen,19,472,283,95,94,0,203,62,60,0,38,9,16,0
C5H9N3O3,seen,20,205,123,41,41,0,119,41,39,0,13,6,1,0
C5H9N3O4,test_ood,21,168,0,0,0,168,0,0,0,162,0,0,0,3
C5H9N5,test_ood,19,165,0,0,0,165,0,0,0,20,0,0,0,26
C5H9N5O1,seen,20,121,73,24,24,0,71,24,24,0,9,5,5,0
C5H9N5O2,test_ood,21,597,0,0,0,597,0,0,0,588,0,0,0,25
C5H9N5O3,seen,22,3,2,1,0,0,0,0,0,0,0,0,0,0
C5H9N5O4,test_ood,23,1,0,0,0,1,0,0,0,0,0,0,0,0
C5H9N7,test_ood,21,58,0,0,0,58,0,0,0,56,0,0,0,0
C5N2O1,seen,8,201,121,40,40,0,121,40,40,0,24,7,9,0
C6H10,seen,16,7826,4696,1565,1565,0,4564,1529,1514,0,413,124,121,0
C6H10N2,test_ood,18,32396,0,0,0,32396,0,0,0,31423,0,0,0,3471
C6H10N2O1,seen,19,11886,7132,2377,2377,0,5942,1981,2000,0,895,277,288,0
C6H10N2O2,seen,20,1517,910,304,303,0,584,198,202,0,103,31,25,0
C6H10N2O3,test_ood,21,882,0,0,0,882,0,0,0,720,0,0,0,21
C6H10N2O4,seen,22,579,347,116,116,0,343,115,114,0,13,9,6,0
C6H10N2O5,test_ood,23,1391,0,0,0,1391,0,0,0,1205,0,0,0,133
C6H10N4,seen,20,255,153,51,51,0,153,49,50,0,18,2,7,0
C6H10N4O1,seen,21,299,179,60,60,0,175,60,60,0,12,5,4,0
C6H10N4O2,seen,22,948,569,190,189,0,568,189,184,0,12,6,9,0
C6H10N4O3,seen,23,127,76,26,25,0,76,26,22,0,4,0,1,0
C6H10N6,seen,22,543,326,109,108,0,210,62,86,0,36,7,15,0
C6H10N6O1,seen,23,3,2,1,0,0,0,0,0,0,0,0,0,0
C6H10N6O2,seen,24,1,1,0,0,0,0,0,0,0,0,0,0,0
C6H10N6O3,test_ood,25,1,0,0,0,1,0,0,0,0,0,0,0,0
C6H10O1,seen,17,5082,3049,1017,1016,0,3030,1015,1005,0,317,108,92,0
C6H10O2,test_ood,18,18028,0,0,0,18028,0,0,0,16381,0,0,0,2024
C6H10O3,seen,19,2777,1666,556,555,0,1194,405,378,0,204,71,75,0
C6H10O4,seen,20,2669,1601,534,534,0,1413,467,469,0,159,62,56,0
C6H10O5,test_ood,21,746,0,0,0,746,0,0,0,733,0,0,0,34
C6H10O6,test_ood,22,8,0,0,0,8,0,0,0,7,0,0,0,0
C6H11N1,seen,18,9129,5477,1826,1826,0,5267,1748,1751,0,517,191,170,0
C6H11N1O1,seen,19,20711,12427,4142,4142,0,11857,3940,3939,0,1432,444,483,0
C6H11N1O2,seen,20,2953,1772,591,590,0,1423,497,485,0,205,77,74,0
C6H11N1O3,test_ood,21,760,0,0,0,760,0,0,0,330,0,0,0,58
C6H11N1O4,seen,22,931,559,186,186,0,108,36,58,0,48,15,15,0
C6H11N1O5,seen,23,54,32,11,11,0,31,10,10,0,0,0,0,0
C6H11N1O6,seen,24,1,1,0,0,0,0,0,0,0,0,0,0,0
C6H11N3,test_ood,20,8761,0,0,0,8761,0,0,0,7454,0,0,0,1059
C6H11N3O1,test_ood,21,295,0,0,0,295,0,0,0,292,0,0,0,19
C6H11N3O2,seen,22,417,250,84,83,0,245,83,82,0,7,1,4,0
C6H11N3O3,test_ood,23,747,0,0,0,747,0,0,0,738,0,0,0,49
C6H11N3O4,test_ood,24,1394,0,0,0,1394,0,0,0,1201,0,0,0,71
C6H11N5,test_ood,22,511,0,0,0,511,0,0,0,509,0,0,0,27
C6H11N5O1,test_ood,23,562,0,0,0,562,0,0,0,414,0,0,0,26
C6H11N5O2,seen,24,90,54,18,18,0,52,16,18,0,2,1,0,0
C6H11N5O3,seen,25,2,1,1,0,0,0,0,0,0,0,0,0,0
C6H11N7,test_ood,24,1,0,0,0,1,0,0,0,0,0,0,0,0
C6H11N7O1,test_ood,25,1,0,0,0,1,0,0,0,0,0,0,0,0
C6H11N9O4,seen,30,1,1,0,0,0,0,0,0,0,0,0,0,0
C6H12,test_ood,18,7001,0,0,0,7001,0,0,0,4649,0,0,0,466
C6H12N2,seen,20,17520,10512,3504,3504,0,10094,3366,3382,0,1157,370,383,0
C6H12N2O1,seen,21,6066,3640,1213,1213,0,3095,1046,1041,0,68,35,21,0
C6H12N2O2,test_ood,22,1069,0,0,0,1069,0,0,0,905,0,0,0,43
C6H12N2O3,test_ood,23,1364,0,0,0,1364,0,0,0,1045,0,0,0,68
C6H12N2O4,test_ood,24,2515,0,0,0,2515,0,0,0,2411,0,0,0,111
C6H12N2O5,seen,25,568,341,114,113,0,322,112,110,0,25,9,11,0
C6H12N2O6,test_ood,26,305,0,0,0,305,0,0,0,295,0,0,0,25
C6H12N4,seen,22,489,293,98,98,0,288,98,91,0,13,7,10,0
C6H12N4O1,seen,23,542,325,109,108,0,323,108,106,0,18,5,7,0
C6H12N4O2,seen,24,1905,1143,381,381,0,1129,373,371,0,17,3,2,0
C6H12N4O3,test_ood,25,3,0,0,0,3,0,0,0,0,0,0,0,0
C6H12N4O4,seen,26,3,2,1,0,0,0,0,0,0,0,0,0,0
C6H12N4O6,test_ood,28,1,0,0,0,1,0,0,0,0,0,0,0,0
C6H12N6,seen,24,394,236,79,79,0,234,78,79,0,14,6,5,0
C6H12N6O1,test_ood,25,4,0,0,0,4,0,0,0,0,0,0,0,0
C6H12N6O3,seen,27,645,387,129,129,0,366,121,123,0,19,5,5,0
C6H12O1,seen,19,1358,815,272,271,0,199,77,77,0,88,30,27,0
C6H12O2,seen,20,1966,1180,393,393,0,1059,361,349,0,125,41,36,0
C6H12O3,seen,21,314,188,63,63,0,183,62,61,0,7,7,4,0
C6H12O4,seen,22,588,353,118,117,0,251,77,79,0,21,3,5,0
C6H12O5,seen,23,1240,744,248,248,0,643,220,210,0,24,6,11,0
C6H12O6,test_ood,24,597,0,0,0,597,0,0,0,587,0,0,0,45
C6H13N1,test_ood,20,544,0,0,0,544,0,0,0,520,0,0,0,54
C6H13N1O1,seen,21,1309,785,262,262,0,674,216,219,0,26,11,16,0
C6H13N1O2,seen,22,3615,2169,723,723,0,1797,605,598,0,98,27,27,0
C6H13N1O3,test_ood,23,1788,0,0,0,1788,0,0,0,1200,0,0,0,97
C6H13N1O4,test_ood,24,4857,0,0,0,4857,0,0,0,3926,0,0,0,173
C6H13N1O5,seen,25,720,432,144,144,0,430,144,142,0,32,6,11,0
C6H13N1O7,seen,27,1,1,0,0,0,0,0,0,0,0,0,0,0
C6H13N3,seen,22,4681,2809,936,936,0,2374,756,780,0,52,17,21,0
C6H13N3O1,test_ood,23,343,0,0,0,343,0,0,0,193,0,0,0,17
C6H13N3O2,test_ood,24,842,0,0,0,842,0,0,0,681,0,0,0,31
C6H13N3O3,test_ood,25,794,0,0,0,794,0,0,0,790,0,0,0,15
C6H13N3O4,seen,26,2,1,1,0,0,0,0,0,0,0,0,0,0
C6H13N3O7,seen,29,2,1,1,0,0,0,0,0,0,0,0,0,0
C6H13N5,test_ood,24,572,0,0,0,572,0,0,0,284,0,0,0,46
C6H13N5O1,test_ood,25,473,0,0,0,473,0,0,0,471,0,0,0,11
C6H13N5O2,test_ood,26,140,0,0,0,140,0,0,0,134,0,0,0,7
C6H13N5O3,seen,27,2,1,1,0,0,0,0,0,0,0,0,0,0
C6H13N5O4,test_ood,28,1,0,0,0,1,0,0,0,0,0,0,0,0
C6H13N7,seen,26,119,71,24,24,0,70,23,23,0,3,1,0,0
C6H13N7O4,seen,30,1,1,0,0,0,0,0,0,0,0,0,0,0
C6H14,seen,20,531,319,106,106,0,318,105,104,0,17,7,7,0
C6H14N2,seen,22,1813,1088,363,362,0,1052,346,345,0,40,9,9,0
C6H14N2O1,test_ood,23,2290,0,0,0,2290,0,0,0,1863,0,0,0,69
C6H14N2O2,seen,24,2025,1215,405,405,0,1113,365,372,0,41,12,17,0
C6H14N2O3,test_ood,25,649,0,0,0,649,0,0,0,646,0,0,0,19
C6H14N2O4,test_ood,26,89,0,0,0,89,0,0,0,87,0,0,0,3
C6H14N2O5,test_ood,27,6,0,0,0,6,0,0,0,0,0,0,0,0
C6H14N2O6,test_ood,28,2,0,0,0,2,0,0,0,0,0,0,0,0
C6H14N4,test_ood,24,224,0,0,0,224,0,0,0,221,0,0,0,10
C6H14N4O1,seen,25,187,112,38,37,0,112,38,37,0,6,2,0,0
C6H14N4O2,seen,26,2309,1385,462,462,0,1369,452,456,0,55,11,13,0
C6H14N4O3,seen,27,6,4,1,1,0,0,0,0,0,0,0,0,0
C6H14N4O4,seen,28,3,2,1,0,0,0,0,0,0,0,0,0,0
C6H14N4O6,seen,30,1,1,0,0,0,0,0,0,0,0,0,0,0
C6H14N6,test_ood,26,171,0,0,0,171,0,0,0,170,0,0,0,2
C6H14N6O1,seen,27,3,2,1,0,0,0,0,0,0,0,0,0,0
C6H14N6O2,seen,28,5,3,1,1,0,0,0,0,0,0,0,0,0
C6H14N6O3,test_ood,29,1,0,0,0,1,0,0,0,0,0,0,0,0
C6H14N6O4,test_ood,30,2,0,0,0,2,0,0,0,0,0,0,0,0
C6H14N6O5,seen,31,1,1,0,0,0,0,0,0,0,0,0,0,0
C6H14N8O3,seen,31,1,1,0,0,0,0,0,0,0,0,0,0,0
C6H14O1,test_ood,21,97,0,0,0,97,0,0,0,97,0,0,0,0
C6H14O2,seen,22,451,271,90,90,0,159,53,54,0,24,14,7,0
C6H14O3,test_ood,23,192,0,0,0,192,0,0,0,189,0,0,0,12
C6H14O4,seen,24,4,2,1,1,0,2,1,1,0,0,0,0,0
C6H14O5,test_ood,25,3,0,0,0,3,0,0,0,2,0,0,0,0
C6H14O6,test_ood,26,168,0,0,0,168,0,0,0,162,0,0,0,9
C6H14O7,seen,27,5,3,1,1,0,0,0,0,0,0,0,0,0
C6H15N1,test_ood,22,1,0,0,0,1,0,0,0,1,0,0,0,0
C6H15N1O1,test_ood,23,96,0,0,0,96,0,0,0,95,0,0,0,3
C6H15N1O2,test_ood,24,12,0,0,0,12,0,0,0,8,0,0,0,0
C6H15N1O3,seen,25,8,5,2,1,0,5,2,1,0,0,0,0,0
C6H15N1O4,test_ood,26,11,0,0,0,11,0,0,0,4,0,0,0,0
C6H15N1O5,test_ood,27,8,0,0,0,8,0,0,0,2,0,0,0,0
C6H15N1O6,seen,28,7,4,2,1,0,0,0,0,0,0,0,0,0
C6H15N3,test_ood,24,736,0,0,0,736,0,0,0,522,0,0,0,26
C6H15N3O1,seen,25,43,26,9,8,0,26,9,8,0,0,0,0,0
C6H15N3O2,test_ood,26,507,0,0,0,507,0,0,0,503,0,0,0,22
C6H15N3O3,test_ood,27,140,0,0,0,140,0,0,0,135,0,0,0,3
C6H15N3O4,test_ood,28,7,0,0,0,7,0,0,0,0,0,0,0,0
C6H15N3O5,seen,29,1,1,0,0,0,0,0,0,0,0,0,0,0
C6H15N5,seen,26,119,71,24,24,0,70,23,24,0,5,1,1,0
C6H15N5O1,test_ood,27,304,0,0,0,304,0,0,0,301,0,0,0,0
C6H15N5O2,seen,28,8,5,2,1,0,0,0,0,0,0,0,0,0
C6H15N5O3,seen,29,4,2,1,1,0,0,0,0,0,0,0,0,0
C6H15N7,seen,28,2,1,1,0,0,0,0,0,0,0,0,0,0
C6H15N7O1,seen,29,2,1,1,0,0,0,0,0,0,0,0,0,0
C6H15N7O3,seen,31,5,3,1,1,0,0,0,0,0,0,0,0,0
C6H15N7O4,seen,32,2,1,1,0,0,0,0,0,0,0,0,0,0
C6H16N2,seen,24,42,25,9,8,0,25,9,8,0,1,1,0,0
C6H16N2O1,seen,25,24,14,5,5,0,14,5,5,0,0,0,0,0
C6H16N2O2,test_ood,26,135,0,0,0,135,0,0,0,131,0,0,0,0
C6H16N2O3,seen,27,25,15,5,5,0,15,4,5,0,0,0,0,0
C6H16N2O4,test_ood,28,155,0,0,0,155,0,0,0,149,0,0,0,10
C6H16N2O5,test_ood,29,2,0,0,0,2,0,0,0,0,0,0,0,0
C6H16N4,test_ood,26,17,0,0,0,17,0,0,0,16,0,0,0,0
C6H16N4O1,test_ood,27,204,0,0,0,204,0,0,0,202,0,0,0,6
C6H16N4O2,test_ood,28,586,0,0,0,586,0,0,0,581,0,0,0,25
C6H16N4O3,seen,29,6,4,1,1,0,0,0,0,0,0,0,0,0
C6H16N4O4,seen,30,5,3,1,1,0,0,0,0,0,0,0,0,0
C6H16N6,test_ood,28,95,0,0,0,95,0,0,0,95,0,0,0,0
C6H16N6O2,seen,30,7,4,2,1,0,0,0,0,0,0,0,0,0
C6H16N8,test_ood,30,1,0,0,0,1,0,0,0,0,0,0,0,0
C6H16N8O3,seen,33,2,1,1,0,0,0,0,0,0,0,0,0,0
C6H16O1,test_ood,23,30,0,0,0,30,0,0,0,30,0,0,0,0
C6H16O4,test_ood,26,1,0,0,0,1,0,0,0,1,0,0,0,0
C6H17N1,seen,24,1,1,0,0,0,1,0,0,0,1,0,0,0
C6H17N1O1,test_ood,25,1,0,0,0,1,0,0,0,1,0,0,0,0
C6H17N1O3,seen,27,2,1,1,0,0,1,1,0,0,0,0,0,0
C6H17N1O4,seen,28,2,1,1,0,0,1,1,0,0,0,0,0,0
C6H17N3,test_ood,26,18,0,0,0,18,0,0,0,17,0,0,0,0
C6H17N3O1,test_ood,27,17,0,0,0,17,0,0,0,17,0,0,0,0
C6H17N3O2,test_ood,28,30,0,0,0,30,0,0,0,25,0,0,0,0
C6H17N3O3,test_ood,29,28,0,0,0,28,0,0,0,26,0,0,0,0
C6H17N3O4,test_ood,30,3,0,0,0,3,0,0,0,0,0,0,0,0
C6H17N5,seen,28,32,19,7,6,0,19,7,6,0,0,0,0,0
C6H17N5O1,test_ood,29,106,0,0,0,106,0,0,0,106,0,0,0,0
C6H17N5O2,seen,30,339,203,68,68,0,195,66,66,0,12,5,4,0
C6H17N7O2,seen,32,1,1,0,0,0,0,0,0,0,0,0,0,0
C6H18N2O2,seen,28,3,2,1,0,0,2,0,0,0,0,0,0,0
C6H18N2O3,seen,29,2,1,1,0,0,0,1,0,0,0,0,0,0
C6H18N2O4,seen,30,1,1,0,0,0,1,0,0,0,0,0,0,0
C6H18N2O5,test_ood,31,1,0,0,0,1,0,0,0,0,0,0,0,0
C6H18N4,seen,28,2,1,1,0,0,1,1,0,0,0,0,0,0
C6H18N4O1,seen,29,17,10,4,3,0,10,4,3,0,0,0,0,0
C6H18N4O2,seen,30,18,11,4,3,0,10,3,1,0,1,0,0,0
C6H18N4O3,seen,31,5,3,1,1,0,0,0,0,0,0,0,0,0
C6H18N4O4,seen,32,1,1,0,0,0,0,0,0,0,0,0,0,0
C6H18N6,seen,30,40,24,8,8,0,23,8,8,0,0,0,0,0
C6H18N6O2,seen,32,2,1,1,0,0,0,0,0,0,0,0,0,0
C6H19N3,test_ood,28,1,0,0,0,1,0,0,0,1,0,0,0,0
C6H19N3O1,seen,29,1,1,0,0,0,1,0,0,0,0,0,0,0
C6H19N3O2,seen,30,2,1,1,0,0,1,0,0,0,0,0,0,0
C6H19N3O3,test_ood,31,1,0,0,0,1,0,0,0,0,0,0,0,0
C6H19N5,seen,30,5,3,1,1,0,3,1,1,0,0,0,0,0
C6H19N5O1,test_ood,31,11,0,0,0,11,0,0,0,11,0,0,0,0
C6H19N5O2,seen,32,1,1,0,0,0,0,0,0,0,0,0,0,0
C6H19N5O4,seen,34,1,1,0,0,0,0,0,0,0,0,0,0,0
C6H19N7O2,seen,34,1,1,0,0,0,0,0,0,0,0,0,0,0
C6H1N1O1,test_ood,9,261,0,0,0,261,0,0,0,258,0,0,0,45
C6H1N1O2,seen,10,16,10,3,3,0,7,3,3,0,5,0,0,0
C6H1N3O1,test_ood,11,1,0,0,0,1,0,0,0,1,0,0,0,0
C6H1N3O3,seen,13,1,1,0,0,0,1,0,0,0,1,0,0,0
C6H2,seen,8,369,221,74,74,0,218,74,73,0,52,17,17,0
C6H20N6,seen,32,5,3,1,1,0,3,1,1,0,0,0,0,0
C6H20N6O2,seen,34,2,1,1,0,0,0,0,0,0,0,0,0,0
C6H20N6O3,seen,35,1,1,0,0,0,0,0,0,0,0,0,0,0
C6H21N7O2,seen,36,2,1,1,0,0,0,0,0,0,0,0,0,0
C6H2N2,seen,10,382,229,77,76,0,227,77,76,0,38,16,12,0
C6H2N2O1,test_ood,11,53,0,0,0,53,0,0,0,48,0,0,0,12
C6H2N2O2,test_ood,12,1,0,0,0,1,0,0,0,1,0,0,0,0
C6H2N2O3,seen,13,1,1,0,0,0,1,0,0,0,1,0,0,0
C6H2N4O2,test_ood,14,13,0,0,0,13,0,0,0,13,0,0,0,2
C6H2N6,seen,14,2,1,1,0,0,1,1,0,0,1,1,0,0
C6H2O2,seen,10,132,79,27,26,0,78,27,25,0,14,4,6,0
C6H2O3,seen,11,17,10,4,3,0,10,3,2,0,1,1,1,0
C6H3N1,seen,10,369,221,74,74,0,217,71,73,0,31,13,16,0
C6H3N1O1,test_ood,11,3046,0,0,0,3046,0,0,0,2988,0,0,0,413
C6H3N1O2,seen,12,308,185,62,61,0,162,53,53,0,35,12,13,0
C6H3N1O3,seen,13,1,1,0,0,0,1,0,0,0,0,0,0,0
C6H3N3,test_ood,12,48,0,0,0,48,0,0,0,37,0,0,0,7
C6H3N3O1,seen,13,3,2,1,0,0,2,1,0,0,0,0,0,0
C6H3N3O2,test_ood,14,7,0,0,0,7,0,0,0,7,0,0,0,1
C6H3N3O3,seen,15,17,10,4,3,0,10,4,3,0,1,2,0,0
C6H3N5,seen,14,141,85,28,28,0,84,28,28,0,13,5,4,0
C6H3N5O1,test_ood,15,11,0,0,0,11,0,0,0,11,0,0,0,2
C6H4,test_ood,10,1170,0,0,0,1170,0,0,0,1160,0,0,0,196
C6H4N2,seen,12,4011,2407,802,802,0,2366,789,784,0,327,118,103,0
C6H4N2O1,seen,13,940,564,188,188,0,504,168,156,0,75,28,20,0
C6H4N2O2,test_ood,14,551,0,0,0,551,0,0,0,403,0,0,0,80
C6H4N2O3,seen,15,5,3,1,1,0,3,1,1,0,0,0,0,0
C6H4N2O4,test_ood,16,17,0,0,0,17,0,0,0,14,0,0,0,2
C6H4N4,seen,14,396,238,79,79,0,235,77,79,0,25,13,8,0
C6H4N4O1,test_ood,15,127,0,0,0,127,0,0,0,127,0,0,0,16
C6H4N4O2,seen,16,571,343,114,114,0,338,113,113,0,50,13,19,0
C6H4N6,seen,16,295,177,59,59,0,175,58,59,0,30,6,5,0
C6H4N6O2,seen,18,1,1,0,0,0,0,0,0,0,0,0,0,0
C6H4O1,seen,11,654,392,131,131,0,391,130,131,0,40,12,22,0
C6H4O2,seen,12,3207,1924,642,641,0,1897,633,633,0,277,93,73,0
C6H4O3,seen,13,320,192,64,64,0,157,54,50,0,30,8,12,0
C6H4O4,seen,14,561,337,112,112,0,142,49,42,0,37,14,11,0
C6H4O5,seen,15,123,74,25,24,0,74,25,24,0,14,9,6,0
C6H5N1,seen,12,1158,695,232,231,0,692,231,229,0,60,25,22,0
C6H5N1O1,seen,13,11091,6655,2218,2218,0,6363,2123,2113,0,694,259,262,0
C6H5N1O2,test_ood,14,2673,0,0,0,2673,0,0,0,1764,0,0,0,327
C6H5N1O3,test_ood,15,2259,0,0,0,2259,0,0,0,1654,0,0,0,271
C6H5N1O4,seen,16,268,161,54,53,0,161,54,53,0,22,7,7,0
C6H5N1O5,test_ood,17,7,0,0,0,7,0,0,0,7,0,0,0,3
C6H5N3,seen,14,2083,1250,417,416,0,1162,396,381,0,186,60,56,0
C6H5N3O1,test_ood,15,1387,0,0,0,1387,0,0,0,1076,0,0,0,148
C6H5N3O2,seen,16,410,246,82,82,0,245,82,82,0,34,12,10,0
C6H5N3O3,test_ood,17,191,0,0,0,191,0,0,0,189,0,0,0,23
C6H5N5,test_ood,16,425,0,0,0,425,0,0,0,134,0,0,0,46
C6H5N5O1,test_ood,17,42,0,0,0,42,0,0,0,41,0,0,0,6
C6H5N5O3,seen,19,2,1,1,0,0,0,0,0,0,0,0,0,0
C6H5N7,test_ood,18,1,0,0,0,1,0,0,0,0,0,0,0,0
C6H6,test_ood,12,2836,0,0,0,2836,0,0,0,2811,0,0,0,300
C6H6N2,test_ood,14,13406,0,0,0,13406,0,0,0,13146,0,0,0,1560
C6H6N2O1,test_ood,15,5039,0,0,0,5039,0,0,0,3817,0,0,0,634
C6H6N2O2,seen,16,3623,2174,725,724,0,1883,618,629,0,247,93,98,0
C6H6N2O3,seen,17,450,270,90,90,0,267,88,90,0,33,10,11,0
C6H6N2O4,seen,18,62,37,13,12,0,37,12,12,0,3,3,4,0
C6H6N4,test_ood,16,1510,0,0,0,1510,0,0,0,1062,0,0,0,171
C6H6N4O1,seen,17,1568,941,314,313,0,731,248,248,0,129,44,44,0
C6H6N4O2,seen,18,495,297,99,99,0,294,99,99,0,53,15,13,0
C6H6N4O3,seen,19,107,64,22,21,0,63,20,21,0,7,4,6,0
C6H6N4O4,seen,20,1,1,0,0,0,0,0,0,0,0,0,0,0
C6H6N6,seen,18,162,97,33,32,0,96,33,32,0,22,5,4,0
C6H6N6O1,test_ood,19,191,0,0,0,191,0,0,0,185,0,0,0,24
C6H6O1,seen,13,5198,3119,1040,1039,0,3010,1005,1002,0,292,106,116,0
C6H6O2,test_ood,14,21003,0,0,0,21003,0,0,0,18996,0,0,0,2325
C6H6O3,test_ood,15,2507,0,0,0,2507,0,0,0,1889,0,0,0,292
C6H6O4,seen,16,809,485,162,162,0,391,129,131,0,76,10,22,0
C6H6O5,seen,17,3,2,1,0,0,1,1,0,0,0,1,0,0
C6H6O6,test_ood,18,2,0,0,0,2,0,0,0,1,0,0,0,0
C6H6O7,seen,19,2,1,1,0,0,0,0,0,0,0,0,0,0
C6H7N1,seen,14,2962,1777,593,592,0,1670,568,556,0,156,54,58,0
C6H7N1O1,seen,15,30990,18594,6198,6198,0,16707,5591,5600,0,1961,636,615,0
C6H7N1O2,seen,16,8185,4911,1637,1637,0,2636,902,902,0,534,183,191,0
C6H7N1O3,seen,17,324,194,65,65,0,104,33,30,0,23,8,11,0
C6H7N1O4,seen,18,34,20,7,7,0,19,4,7,0,2,3,0,0
C6H7N1O5,seen,19,36,22,7,7,0,21,7,7,0,3,0,1,0
C6H7N1O6,seen,20,1,1,0,0,0,0,0,0,0,0,0,0,0
C6H7N3,test_ood,16,2882,0,0,0,2882,0,0,0,2500,0,0,0,373
C6H7N3O1,seen,17,3886,2332,777,777,0,382,132,122,0,185,51,57,0
C6H7N3O2,test_ood,18,1117,0,0,0,1117,0,0,0,1102,0,0,0,134
C6H7N3O3,test_ood,19,170,0,0,0,170,0,0,0,168,0,0,0,20
C6H7N3O4,seen,20,1,1,0,0,0,0,0,0,0,0,0,0,0
C6H7N3O5,test_ood,21,1,0,0,0,1,0,0,0,0,0,0,0,0
C6H7N5,test_ood,18,1547,0,0,0,1547,0,0,0,1031,0,0,0,165
C6H7N5O1,seen,19,1053,632,211,210,0,524,188,180,0,91,27,28,0
C6H7N5O2,test_ood,20,268,0,0,0,268,0,0,0,258,0,0,0,24
C6H8,seen,14,7747,4648,1550,1549,0,4610,1543,1536,0,373,147,118,0
C6H8N2,seen,16,26351,15811,5270,5270,0,15401,5144,5157,0,1593,563,527,0
C6H8N2O1,seen,17,12994,7796,2599,2599,0,4217,1385,1385,0,849,297,259,0
C6H8N2O2,seen,18,1156,694,231,231,0,431,134,131,0,90,37,29,0
C6H8N2O3,seen,19,848,509,170,169,0,501,166,166,0,78,27,33,0
C6H8N2O4,seen,20,379,227,76,76,0,224,75,75,0,33,16,14,0
C6H8N2O5,seen,21,2,1,1,0,0,0,0,0,0,0,0,0,0
C6H8N4,test_ood,18,673,0,0,0,673,0,0,0,229,0,0,0,106
C6H8N4O1,seen,19,911,547,182,182,0,376,118,117,0,80,22,31,0
C6H8N4O2,seen,20,763,458,153,152,0,445,150,150,0,64,23,19,0
C6H8N4O3,test_ood,21,254,0,0,0,254,0,0,0,247,0,0,0,17
C6H8N6,seen,20,576,346,115,115,0,344,113,115,0,41,11,13,0
C6H8N6O1,test_ood,21,4,0,0,0,4,0,0,0,0,0,0,0,0
C6H8N6O2,seen,22,2,1,1,0,0,0,0,0,0,0,0,0,0
C6H8N8,seen,22,1,1,0,0,0,0,0,0,0,0,0,0,0
C6H8O1,seen,15,9709,5825,1942,1942,0,5441,1811,1822,0,530,171,188,0
C6H8O2,seen,16,30436,18262,6087,6087,0,17778,5937,5941,0,2053,704,692,0
C6H8O3,seen,17,2685,1611,537,537,0,1281,451,448,0,224,60,63,0
C6H8O4,test_ood,18,661,0,0,0,661,0,0,0,217,0,0,0,67
C6H8O5,seen,19,11,7,2,2,0,6,1,2,0,0,0,0,0
C6H8O6,seen,20,131,79,26,26,0,79,26,25,0,11,5,5,0
C6H9N1,seen,16,9656,5794,1931,1931,0,5747,1910,1912,0,528,186,176,0
C6H9N1O1,seen,17,45000,27000,9000,9000,0,26125,8745,8705,0,2933,932,968,0
C6H9N1O2,seen,18,7640,4584,1528,1528,0,3381,1149,1149,0,523,174,181,0
C6H9N1O3,seen,19,849,509,170,170,0,172,51,42,0,55,19,18,0
C6H9N1O4,seen,20,795,477,159,159,0,299,103,101,0,57,20,25,0
C6H9N1O5,test_ood,21,645,0,0,0,645,0,0,0,635,0,0,0,23
C6H9N1O6,test_ood,22,1,0,0,0,1,0,0,0,0,0,0,0,0
C6H9N3,seen,18,7162,4297,1433,1432,0,3502,1175,1143,0,490,166,176,0
C6H9N3O1,test_ood,19,1503,0,0,0,1503,0,0,0,62,0,0,0,144
C6H9N3O2,seen,20,2112,1267,423,422,0,1248,418,416,0,131,37,37,0
C6H9N3O3,seen,21,1029,617,206,206,0,607,204,202,0,14,7,3,0
C6H9N3O4,test_ood,22,217,0,0,0,217,0,0,0,208,0,0,0,10
C6H9N5,seen,20,592,355,119,118,0,348,117,117,0,45,21,15,0
C6H9N5O1,seen,21,396,238,79,79,0,233,76,77,0,23,5,5,0
C6H9N5O2,test_ood,22,120,0,0,0,120,0,0,0,113,0,0,0,7
C6H9N5O3,test_ood,23,3,0,0,0,3,0,0,0,0,0,0,0,0
C6H9N7,test_ood,22,205,0,0,0,205,0,0,0,201,0,0,0,3
C6H9N7O1,seen,23,1,1,0,0,0,0,0,0,0,0,0,0,0
C6N2,seen,8,200,120,40,40,0,114,38,40,0,18,12,10,0
C6N4,seen,10,216,130,43,43,0,124,43,43,0,25,5,9,0
C7H10,test_ood,17,2835,0,0,0,2835,0,0,0,2804,0,0,0,296
C7H10N2,seen,19,6616,3970,1323,1323,0,3328,1074,1077,0,492,164,145,0
C7H10N2O1,test_ood,20,500,0,0,0,500,0,0,0,491,0,0,0,64
C7H10N2O2,test_ood,21,1915,0,0,0,1915,0,0,0,1894,0,0,0,84
C7H10N2O3,seen,22,1722,1033,345,344,0,926,313,299,0,57,17,17,0
C7H10N2O4,seen,23,122,73,25,24,0,69,23,22,0,2,1,2,0
C7H10N2O5,seen,24,1,1,0,0,0,0,0,0,0,0,0,0,0
C7H10N4,test_ood,21,777,0,0,0,777,0,0,0,621,0,0,0,47
C7H10N4O1,seen,22,1243,746,249,248,0,739,243,248,0,27,13,14,0
C7H10N4O2,seen,23,107,64,22,21,0,57,22,18,0,1,0,0,0
C7H10N4O3,seen,24,1,1,0,0,0,0,0,0,0,0,0,0,0
C7H10N6,seen,23,204,122,41,41,0,122,41,40,0,0,0,0,0
C7H10O1,seen,18,18165,10899,3633,3633,0,10600,3534,3520,0,1242,414,428,0
C7H10O2,seen,19,4949,2969,990,990,0,2439,813,823,0,377,116,123,0
C7H10O3,seen,20,108,65,22,21,0,64,21,19,0,8,1,0,0
C7H10O4,test_ood,21,288,0,0,0,288,0,0,0,285,0,0,0,13
C7H10O5,seen,22,295,177,59,59,0,174,59,57,0,18,6,5,0
C7H10O6,seen,23,1,1,0,0,0,0,0,0,0,0,0,0,0
C7H11N1,test_ood,19,21491,0,0,0,21491,0,0,0,20903,0,0,0,2258
C7H11N1O1,seen,20,10614,6368,2123,2123,0,5399,1809,1793,0,730,255,277,0
C7H11N1O2,test_ood,21,1453,0,0,0,1453,0,0,0,1011,0,0,0,79
C7H11N1O3,seen,22,1683,1010,337,336,0,896,295,301,0,52,16,20,0
C7H11N1O4,test_ood,23,327,0,0,0,327,0,0,0,320,0,0,0,21
C7H11N1O5,seen,24,5,3,1,1,0,0,0,0,0,0,0,0,0
C7H11N3,test_ood,21,147,0,0,0,147,0,0,0,147,0,0,0,6
C7H11N3O1,seen,22,827,496,166,165,0,380,131,126,0,45,8,10,0
C7H11N3O2,seen,23,913,548,183,182,0,538,181,179,0,14,3,3,0
C7H11N3O3,seen,24,278,167,56,55,0,156,55,52,0,6,1,2,0
C7H11N3O4,test_ood,25,4,0,0,0,4,0,0,0,0,0,0,0,0
C7H11N5,seen,23,574,344,115,115,0,250,84,91,0,23,10,5,0
C7H11N5O1,seen,24,257,154,52,51,0,147,51,51,0,9,4,0,0
C7H11N5O2,seen,25,7,4,2,1,0,0,0,0,0,0,0,0,0
C7H11N5O3,seen,26,1,1,0,0,0,0,0,0,0,0,0,0,0
C7H11N7O1,test_ood,26,4,0,0,0,4,0,0,0,0,0,0,0,0
C7H12,seen,19,1655,993,331,331,0,986,329,330,0,106,36,32,0
C7H12N2,test_ood,21,10277,0,0,0,10277,0,0,0,8900,0,0,0,146
C7H12N2O1,seen,22,743,446,149,148,0,251,84,73,0,27,12,8,0
C7H12N2O2,seen,23,1371,823,274,274,0,723,237,235,0,10,9,6,0
C7H12N2O3,test_ood,24,1858,0,0,0,1858,0,0,0,1632,0,0,0,76
C7H12N2O4,test_ood,25,5,0,0,0,5,0,0,0,0,0,0,0,0
C7H12N2O5,seen,26,2036,1222,407,407,0,1175,391,388,0,99,29,31,0
C7H12N2O6,seen,27,1155,693,231,231,0,670,222,223,0,30,10,9,0
C7H12N4,seen,23,547,328,110,109,0,325,109,109,0,15,2,2,0
C7H12N4O1,seen,24,982,589,197,196,0,423,130,135,0,26,10,11,0
C7H12N4O2,test_ood,25,499,0,0,0,499,0,0,0,485,0,0,0,31
C7H12N4O3,test_ood,26,2,0,0,0,2,0,0,0,0,0,0,0,0
C7H12N6,seen,25,137,82,28,27,0,79,28,27,0,5,3,1,0
C7H12N6O1,test_ood,26,5,0,0,0,5,0,0,0,0,0,0,0,0
C7H12N6O2,test_ood,27,3,0,0,0,3,0,0,0,0,0,0,0,0
C7H12O1,test_ood,20,5773,0,0,0,5773,0,0,0,5540,0,0,0,650
C7H12O2,seen,21,2102,1261,421,420,0,1016,352,337,0,31,9,14,0
C7H12O3,seen,22,220,132,44,44,0,128,43,44,0,6,4,2,0
C7H12O4,test_ood,23,308,0,0,0,308,0,0,0,126,0,0,0,40
C7H12O5,test_ood,24,152,0,0,0,152,0,0,0,149,0,0,0,9
C7H12O6,seen,25,349,209,70,70,0,203,65,67,0,13,1,7,0
C7H12O7,seen,26,1,1,0,0,0,0,0,0,0,0,0,0,0
C7H13N1,test_ood,21,8079,0,0,0,8079,0,0,0,7782,0,0,0,306
C7H13N1O1,seen,22,4052,2431,811,810,0,2134,695,703,0,56,15,13,0
C7H13N1O2,test_ood,23,709,0,0,0,709,0,0,0,558,0,0,0,35
C7H13N1O3,seen,24,1213,728,243,242,0,271,88,85,0,46,23,14,0
C7H13N1O4,seen,25,298,179,60,59,0,173,59,57,0,2,4,3,0
C7H13N1O5,seen,26,4,2,1,1,0,0,0,0,0,0,0,0,0
C7H13N3,seen,23,1399,839,280,280,0,821,273,272,0,64,14,13,0
C7H13N3O1,seen,24,451,271,90,90,0,191,51,63,0,8,7,5,0
C7H13N3O2,test_ood,25,867,0,0,0,867,0,0,0,857,0,0,0,10
C7H13N3O3,seen,26,147,88,30,29,0,81,28,29,0,2,1,0,0
C7H13N3O4,seen,27,1910,1146,382,382,0,1098,356,370,0,47,13,24,0
C7H13N3O5,test_ood,28,1139,0,0,0,1139,0,0,0,1098,0,0,0,48
C7H13N5,test_ood,25,256,0,0,0,256,0,0,0,256,0,0,0,1
C7H13N5O1,seen,26,223,134,45,44,0,130,44,43,0,7,3,2,0
C7H13N5O2,seen,27,1,1,0,0,0,0,0,0,0,0,0,0,0
C7H14,test_ood,21,25,0,0,0,25,0,0,0,24,0,0,0,0
C7H14N2,seen,23,4672,2803,935,934,0,2495,839,832,0,66,18,23,0
C7H14N2O1,test_ood,24,872,0,0,0,872,0,0,0,710,0,0,0,26
C7H14N2O2,seen,25,843,506,169,168,0,499,166,167,0,7,1,4,0
C7H14N2O3,seen,26,1946,1168,389,389,0,1131,379,381,0,37,15,14,0
C7H14N2O4,seen,27,1084,650,217,217,0,618,214,210,0,24,9,6,0
C7H14N2O5,test_ood,28,1164,0,0,0,1164,0,0,0,1124,0,0,0,56
C7H14N2O6,seen,29,2,1,1,0,0,0,0,0,0,0,0,0,0
C7H14N4,test_ood,25,404,0,0,0,404,0,0,0,396,0,0,0,18
C7H14N4O1,test_ood,26,830,0,0,0,830,0,0,0,826,0,0,0,23
C7H14N4O2,seen,27,4,2,1,1,0,0,0,0,0,0,0,0,0
C7H14N4O3,seen,28,4,2,1,1,0,0,0,0,0,0,0,0,0
C7H14N4O4,seen,29,2,1,1,0,0,0,0,0,0,0,0,0,0
C7H14N6O1,seen,28,2,1,1,0,0,0,0,0,0,0,0,0,0
C7H14N6O4,test_ood,31,1,0,0,0,1,0,0,0,0,0,0,0,0
C7H14O1,test_ood,22,935,0,0,0,935,0,0,0,902,0,0,0,42
C7H14O2,seen,23,354,212,71,71,0,56,22,16,0,14,3,8,0
C7H14O3,test_ood,24,175,0,0,0,175,0,0,0,175,0,0,0,1
C7H14O4,seen,25,886,532,177,177,0,517,175,168,0,27,9,13,0
C7H14O5,test_ood,26,485,0,0,0,485,0,0,0,480,0,0,0,8
C7H14O6,test_ood,27,108,0,0,0,108,0,0,0,103,0,0,0,3
C7H14O7,test_ood,28,2,0,0,0,2,0,0,0,0,0,0,0,0
C7H15N1,seen,23,640,384,128,128,0,359,124,121,0,23,6,5,0
C7H15N1O1,seen,24,551,331,110,110,0,191,69,59,0,20,4,6,0
C7H15N1O2,seen,25,58,35,12,11,0,35,12,11,0,0,0,0,0
C7H15N1O3,seen,26,716,430,143,143,0,422,139,142,0,8,2,3,0
C7H15N1O4,seen,27,1513,908,303,302,0,900,301,300,0,23,12,8,0
C7H15N1O5,test_ood,28,217,0,0,0,217,0,0,0,212,0,0,0,1
C7H15N3,test_ood,25,41,0,0,0,41,0,0,0,40,0,0,0,0
C7H15N3O1,test_ood,26,230,0,0,0,230,0,0,0,228,0,0,0,0
C7H15N3O2,seen,27,796,478,159,159,0,471,157,158,0,12,1,2,0
C7H15N3O3,seen,28,138,83,28,27,0,81,26,26,0,6,2,0,0
C7H15N3O4,test_ood,29,109,0,0,0,109,0,0,0,106,0,0,0,5
C7H15N3O5,seen,30,1,1,0,0,0,0,0,0,0,0,0,0,0
C7H15N5,test_ood,27,350,0,0,0,350,0,0,0,350,0,0,0,19
C7H15N5O1,test_ood,28,3,0,0,0,3,0,0,0,0,0,0,0,0
C7H15N5O2,seen,29,5,3,1,1,0,0,0,0,0,0,0,0,0
C7H15N5O3,test_ood,30,5,0,0,0,5,0,0,0,0,0,0,0,0
C7H15N7O1,test_ood,30,1,0,0,0,1,0,0,0,0,0,0,0,0
C7H16N2,seen,25,686,412,137,137,0,372,121,120,0,7,3,2,0
C7H16N2O1,seen,26,203,122,41,40,0,120,41,40,0,6,3,3,0
C7H16N2O2,test_ood,27,499,0,0,0,499,0,0,0,487,0,0,0,12
C7H16N2O3,seen,28,321,193,64,64,0,193,63,64,0,6,1,2,0
C7H16N2O4,seen,29,4,2,1,1,0,0,0,0,0,0,0,0,0
C7H16N2O5,test_ood,30,1,0,0,0,1,0,0,0,0,0,0,0,0
C7H16N2O7,seen,32,1,1,0,0,0,0,0,0,0,0,0,0,0
C7H16N4,seen,27,99,59,20,20,0,57,18,20,0,0,0,0,0
C7H16N4O1,test_ood,28,479,0,0,0,479,0,0,0,479,0,0,0,2
C7H16N4O2,seen,29,5,3,1,1,0,0,0,0,0,0,0,0,0
C7H16N6O2,test_ood,31,4,0,0,0,4,0,0,0,0,0,0,0,0
C7H16N6O3,test_ood,32,1,0,0,0,1,0,0,0,0,0,0,0,0
C7H16O1,seen,24,50,30,10,10,0,29,9,10,0,1,1,0,0
C7H16O2,test_ood,25,7,0,0,0,7,0,0,0,7,0,0,0,0
C7H16O3,seen,26,138,83,28,27,0,83,27,27,0,2,0,0,0
C7H16O4,test_ood,27,149,0,0,0,149,0,0,0,148,0,0,0,5
C7H16O5,test_ood,28,8,0,0,0,8,0,0,0,5,0,0,0,0
C7H16O6,test_ood,29,2,0,0,0,2,0,0,0,0,0,0,0,0
C7H17N1,test_ood,25,1,0,0,0,1,0,0,0,1,0,0,0,0
C7H17N1O1,seen,26,83,50,17,16,0,49,17,15,0,0,0,0,0
C7H17N1O2,seen,27,17,10,4,3,0,10,4,3,0,0,0,0,0
C7H17N1O3,test_ood,28,32,0,0,0,32,0,0,0,32,0,0,0,0
C7H17N1O4,seen,29,25,15,5,5,0,11,5,5,0,0,0,0,0
C7H17N1O5,seen,30,4,2,1,1,0,0,0,0,0,0,0,0,0
C7H17N1O6,seen,31,1,1,0,0,0,0,0,0,0,0,0,0,0
C7H17N3,seen,27,28,17,6,5,0,14,6,5,0,0,0,0,0
C7H17N3O1,test_ood,28,226,0,0,0,226,0,0,0,223,0,0,0,9
C7H17N3O2,seen,29,274,164,55,55,0,164,55,54,0,2,1,0,0
C7H17N3O4,seen,31,1,1,0,0,0,0,0,0,0,0,0,0,0
C7H17N5,seen,29,163,98,33,32,0,98,32,32,0,2,0,0,0
C7H17N5O2,test_ood,31,85,0,0,0,85,0,0,0,80,0,0,0,0
C7H17N7O3,test_ood,34,1,0,0,0,1,0,0,0,0,0,0,0,0
C7H18N2,test_ood,27,15,0,0,0,15,0,0,0,14,0,0,0,0
C7H18N2O1,seen,28,29,17,6,6,0,16,6,6,0,0,0,0,0
C7H18N2O2,seen,29,155,93,31,31,0,90,30,30,0,1,0,1,0
C7H18N2O3,seen,30,44,26,9,9,0,26,9,8,0,0,0,0,0
C7H18N2O4,test_ood,31,107,0,0,0,107,0,0,0,105,0,0,0,0
C7H18N4,seen,29,55,33,11,11,0,32,11,11,0,0,0,0,0
C7H18N4O1,test_ood,30,222,0,0,0,222,0,0,0,221,0,0,0,0
C7H18N4O2,seen,31,373,224,75,74,0,217,73,73,0,6,3,5,0
C7H18N4O3,seen,32,2,1,1,0,0,0,0,0,0,0,0,0,0
C7H18N6,seen,31,1,1,0,0,0,0,0,0,0,0,0,0,0
C7H18O2,test_ood,27,1,0,0,0,1,0,0,0,1,0,0,0,0
C7H19N1O2,seen,29,3,2,1,0,0,2,1,0,0,0,0,0,0
C7H19N1O3,seen,30,6,4,1,1,0,4,1,1,0,0,0,0,0
C7H19N1O4,seen,31,4,2,1,1,0,1,0,1,0,0,0,0,0
C7H19N3,test_ood,29,213,0,0,0,213,0,0,0,207,0,0,0,16
C7H19N3O1,seen,30,39,23,8,8,0,23,8,8,0,0,0,0,0
C7H19N3O2,seen,31,49,29,10,10,0,29,10,10,0,0,0,0,0
C7H19N3O3,seen,32,1,1,0,0,0,0,0,0,0,0,0,0,0
C7H19N5,seen,31,59,35,12,12,0,35,12,12,0,3,0,0,0
C7H19N5O2,seen,33,274,164,55,55,0,159,54,55,0,3,6,7,0
C7H19N5O3,seen,34,2,1,1,0,0,0,0,0,0,0,0,0,0
C7H1N1,seen,9,147,88,30,29,0,86,28,29,0,10,6,5,0
C7H1N3,seen,11,2,1,1,0,0,1,1,0,0,1,1,0,0
C7H20N2,test_ood,29,1,0,0,0,1,0,0,0,1,0,0,0,0
C7H20N2O1,seen,30,2,1,1,0,0,1,1,0,0,0,0,0,0
C7H20N2O2,test_ood,31,3,0,0,0,3,0,0,0,3,0,0,0,0
C7H20N2O3,seen,32,1,1,0,0,0,1,0,0,0,0,0,0,0
C7H20N4,test_ood,31,9,0,0,0,9,0,0,0,9,0,0,0,0
C7H20N4O1,test_ood,32,49,0,0,0,49,0,0,0,48,0,0,0,0
C7H20N6O3,seen,36,1,1,0,0,0,0,0,0,0,0,0,0,0
C7H21N3O1,seen,32,3,2,1,0,0,2,1,0,0,0,0,0,0
C7H21N3O2,test_ood,33,3,0,0,0,3,0,0,0,3,0,0,0,0
C7H21N5,seen,33,15,9,3,3,0,9,3,3,0,0,0,0,0
C7H21N5O2,seen,35,2,1,1,0,0,0,0,0,0,0,0,0,0
C7H22N4O1,seen,34,1,1,0,0,0,0,0,0,0,0,0,0,0
C7H22N6O2,seen,37,3,2,1,0,0,0,0,0,0,0,0,0,0
C7H2N2,seen,11,17,10,4,3,0,9,4,2,0,0,0,0,0
C7H2N2O2,test_ood,13,2,0,0,0,2,0,0,0,2,0,0,0,0
C7H2N2O3,seen,14,1,1,0,0,0,1,0,0,0,0,0,0,0
C7H2N4O1,seen,14,3,2,1,0,0,2,1,0,0,0,0,0,0
C7H2O1,test_ood,10,89,0,0,0,89,0,0,0,86,0,0,0,15
C7H3N1,seen,11,752,451,151,150,0,445,144,147,0,63,26,26,0
C7H3N1O1,seen,12,47,28,10,9,0,27,10,6,0,6,4,1,0
C7H3N1O2,seen,13,1,1,0,0,0,1,0,0,0,0,0,0,0
C7H3N1O3,seen,14,3,2,1,0,0,2,1,0,0,0,0,0,0
C7H3N1O4,seen,15,1,1,0,0,0,1,0,0,0,0,0,0,0
C7H3N3,seen,13,133,80,27,26,0,80,27,26,0,9,6,4,0
C7H3N3O1,seen,14,6,4,1,1,0,4,1,1,0,0,0,0,0
C7H3N3O2,test_ood,15,20,0,0,0,20,0,0,0,20,0,0,0,1
C7H3N5,test_ood,15,2,0,0,0,2,0,0,0,1,0,0,0,0
C7H4,seen,11,265,159,53,53,0,158,52,52,0,21,5,6,0
C7H4N2,seen,13,86,52,17,17,0,46,14,16,0,10,3,2,0
C7H4N2O1,seen,14,7,4,2,1,0,4,2,1,0,0,0,0,0
C7H4N2O2,seen,15,142,85,29,28,0,81,29,28,0,13,2,5,0
C7H4N2O3,test_ood,16,288,0,0,0,288,0,0,0,287,0,0,0,50
C7H4N4,seen,15,643,386,129,128,0,304,92,98,0,57,14,11,0
C7H4N4O1,seen,16,162,97,33,32,0,96,31,31,0,10,3,3,0
C7H4O1,seen,12,1316,790,263,263,0,778,258,261,0,75,28,28,0
C7H4O2,seen,13,125,75,25,25,0,69,20,22,0,16,2,3,0
C7H4O3,test_ood,14,2,0,0,0,2,0,0,0,2,0,0,0,0
C7H5N1,test_ood,13,1447,0,0,0,1447,0,0,0,1414,0,0,0,134
C7H5N1O1,test_ood,14,1327,0,0,0,1327,0,0,0,1215,0,0,0,144
C7H5N1O2,test_ood,15,392,0,0,0,392,0,0,0,388,0,0,0,37
C7H5N1O3,seen,16,704,422,141,141,0,304,113,99,0,55,20,18,0
C7H5N1O4,seen,17,974,584,195,195,0,404,145,132,0,77,30,21,0
C7H5N3,seen,15,3,2,1,0,0,2,1,0,0,0,0,0,0
C7H5N3O1,seen,16,154,92,31,31,0,89,31,31,0,16,4,2,0
C7H5N3O2,test_ood,17,1161,0,0,0,1161,0,0,0,1003,0,0,0,129
C7H5N5,seen,17,157,94,32,31,0,94,32,31,0,12,8,6,0
C7H6,seen,13,696,418,139,139,0,418,139,139,0,32,11,12,0
C7H6N2,seen,15,1103,662,221,220,0,602,203,199,0,86,23,29,0
C7H6N2O1,seen,16,593,356,119,118,0,352,117,117,0,50,22,18,0
C7H6N2O2,test_ood,17,1097,0,0,0,1097,0,0,0,1089,0,0,0,167
C7H6N2O3,seen,18,205,123,41,41,0,123,41,40,0,15,5,5,0
C7H6N4,seen,17,1321,793,264,264,0,697,233,234,0,104,29,38,0
C7H6N4O1,test_ood,18,711,0,0,0,711,0,0,0,707,0,0,0,84
C7H6N4O2,seen,19,483,290,97,96,0,201,61,68,0,49,13,7,0
C7H6N4O3,test_ood,20,3,0,0,0,3,0,0,0,0,0,0,0,0
C7H6N6,test_ood,19,1,0,0,0,1,0,0,0,0,0,0,0,0
C7H6O1,test_ood,14,5146,0,0,0,5146,0,0,0,5031,0,0,0,628
C7H6O2,seen,15,1554,932,311,311,0,689,224,240,0,102,36,39,0
C7H6O3,seen,16,1235,741,247,247,0,736,244,243,0,108,31,33,0
C7H6O4,seen,17,1844,1106,369,369,0,916,306,313,0,124,50,48,0
C7H6O5,test_ood,18,2,0,0,0,2,0,0,0,2,0,0,0,0
C7H7N1,test_ood,15,5248,0,0,0,5248,0,0,0,5143,0,0,0,661
C7H7N1O1,test_ood,16,3762,0,0,0,3762,0,0,0,2008,0,0,0,352
C7H7N1O2,test_ood,17,1527,0,0,0,1527,0,0,0,463,0,0,0,172
C7H7N1O3,test_ood,18,4452,0,0,0,4452,0,0,0,3090,0,0,0,557
C7H7N1O4,seen,19,1709,1025,342,342,0,485,171,186,0,125,42,25,0
C7H7N1O5,test_ood,20,2,0,0,0,2,0,0,0,0,0,0,0,0
C7H7N3,seen,17,626,376,125,125,0,280,87,92,0,42,14,20,0
C7H7N3O1,test_ood,18,1695,0,0,0,1695,0,0,0,1665,0,0,0,196
C7H7N3O2,test_ood,19,1122,0,0,0,1122,0,0,0,964,0,0,0,129
C7H7N3O3,seen,20,4,2,1,1,0,0,0,0,0,0,0,1,0
C7H7N3O4,seen,21,2,1,1,0,0,0,0,0,0,0,0,0,0
C7H7N5,test_ood,19,443,0,0,0,443,0,0,0,295,0,0,0,53
C7H7N5O1,seen,20,1,1,0,0,0,0,0,0,0,0,0,0,0
C7H7N7,seen,21,121,73,24,24,0,72,22,23,0,4,1,2,0
C7H8,test_ood,15,1968,0,0,0,1968,0,0,0,1950,0,0,0,165
C7H8N2,seen,17,2383,1430,477,476,0,1151,389,377,0,154,72,56,0
C7H8N2O1,test_ood,18,2862,0,0,0,2862,0,0,0,409,0,0,0,251
C7H8N2O2,seen,19,5098,3059,1020,1019,0,2279,790,765,0,345,103,109,0
C7H8N2O3,test_ood,20,1332,0,0,0,1332,0,0,0,1322,0,0,0,147
C7H8N2O4,seen,21,5,3,1,1,0,0,0,0,0,0,0,0,0
C7H8N4,seen,19,1738,1043,348,347,0,865,272,296,0,142,38,44,0
C7H8N4O1,seen,20,953,572,191,190,0,486,160,152,0,70,24,30,0
C7H8N4O2,seen,21,366,220,73,73,0,217,73,70,0,10,0,5,0
C7H8N4O3,seen,22,1,1,0,0,0,0,0,0,0,0,0,0,0
C7H8N4O4,seen,23,1,1,0,0,0,0,0,0,0,0,0,0,0
C7H8N6,test_ood,21,2,0,0,0,2,0,0,0,0,0,0,0,0
C7H8N6O2,seen,23,1,1,0,0,0,0,0,0,0,0,0,0,0
C7H8O1,test_ood,16,17017,0,0,0,17017,0,0,0,14660,0,0,0,1760
C7H8O2,test_ood,17,4455,0,0,0,4455,0,0,0,3518,0,0,0,567
C7H8O3,seen,18,385,231,77,77,0,222,73,74,0,35,12,10,0
C7H8O4,seen,19,2129,1277,426,426,0,890,296,292,0,110,56,58,0
C7H8O5,seen,20,20,12,4,4,0,9,4,4,0,4,0,2,0
C7H8O6,test_ood,21,1,0,0,0,1,0,0,0,0,0,0,0,0
C7H9N1,seen,17,18484,11090,3697,3697,0,9719,3239,3246,0,1202,392,407,0
C7H9N1O1,seen,18,9382,5629,1877,1876,0,3696,1204,1246,0,605,206,204,0
C7H9N1O2,seen,19,1911,1147,382,382,0,790,269,272,0,142,45,49,0
C7H9N1O3,test_ood,20,1035,0,0,0,1035,0,0,0,874,0,0,0,131
C7H9N1O4,seen,21,151,91,30,30,0,85,29,27,0,4,0,0,0
C7H9N1O5,test_ood,22,112,0,0,0,112,0,0,0,105,0,0,0,8
C7H9N3,test_ood,19,1387,0,0,0,1387,0,0,0,616,0,0,0,175
C7H9N3O1,test_ood,20,735,0,0,0,735,0,0,0,575,0,0,0,96
C7H9N3O2,seen,21,1415,849,283,283,0,838,281,281,0,29,8,6,0
C7H9N3O3,seen,22,95,57,19,19,0,54,16,18,0,1,2,0,0
C7H9N3O4,seen,23,1,1,0,0,0,0,0,0,0,0,0,0,0
C7H9N5,test_ood,21,789,0,0,0,789,0,0,0,779,0,0,0,46
C7H9N5O1,seen,22,415,249,83,83,0,247,80,82,0,5,0,4,0
C7H9N5O2,test_ood,23,4,0,0,0,4,0,0,0,0,0,0,0,0
C7H9N5O3,seen,24,1,1,0,0,0,0,0,0,0,0,0,0,0
C7H9N7O1,seen,24,1,1,0,0,0,0,0,0,0,0,0,0,0
C8H10,seen,18,7544,4526,1509,1509,0,3533,1197,1207,0,501,169,150,0
C8H10N2,test_ood,20,477,0,0,0,477,0,0,0,477,0,0,0,56
C8H10N2O1,seen,21,1700,1020,340,340,0,721,243,233,0,72,25,15,0
C8H10N2O2,test_ood,22,1840,0,0,0,1840,0,0,0,1797,0,0,0,85
C8H10N2O3,test_ood,23,238,0,0,0,238,0,0,0,231,0,0,0,5
C8H10N2O4,seen,24,6,4,1,1,0,0,0,0,0,0,0,0,0
C8H10N4,test_ood,22,1062,0,0,0,1062,0,0,0,1050,0,0,0,51
C8H10N4O1,test_ood,23,1297,0,0,0,1297,0,0,0,845,0,0,0,67
C8H10N4O2,seen,24,5,3,1,1,0,0,0,0,0,0,0,0,0
C8H10N4O3,seen,25,146,88,29,29,0,85,28,29,0,14,2,3,0
C8H10N6,seen,24,278,167,56,55,0,167,56,55,0,13,2,4,0
C8H10N6O1,test_ood,25,2,0,0,0,2,0,0,0,0,0,0,0,0
C8H10O1,seen,19,4533,2720,907,906,0,1934,662,629,0,301,124,106,0
C8H10O2,seen,20,1227,736,246,245,0,728,244,242,0,81,31,33,0
C8H10O3,test_ood,21,1487,0,0,0,1487,0,0,0,1468,0,0,0,43
C8H10O4,seen,22,147,88,30,29,0,84,29,28,0,2,1,1,0
C8H10O5,seen,23,3,2,1,0,0,0,0,0,0,0,0,0,0
C8H10O6,test_ood,24,1,0,0,0,1,0,0,0,0,0,0,0,0
C8H11N1,seen,20,5337,3202,1068,1067,0,2539,884,873,0,382,130,133,0
C8H11N1O1,seen,21,1036,622,207,207,0,379,127,123,0,29,21,14,0
C8H11N1O2,seen,22,1477,886,296,295,0,867,293,294,0,22,15,5,0
C8H11N1O3,seen,23,1147,688,230,229,0,675,227,228,0,18,9,9,0
C8H11N1O4,test_ood,24,363,0,0,0,363,0,0,0,340,0,0,0,16
C8H11N1O5,seen,25,2,1,1,0,0,0,0,0,0,0,0,0,0
C8H11N3,seen,22,1158,695,232,231,0,601,192,193,0,40,14,14,0
C8H11N3O1,test_ood,23,1087,0,0,0,1087,0,0,0,931,0,0,0,53
C8H11N3O2,test_ood,24,244,0,0,0,244,0,0,0,237,0,0,0,9
C8H11N3O3,test_ood,25,4,0,0,0,4,0,0,0,0,0,0,0,0
C8H11N5,seen,24,871,523,174,174,0,425,140,149,0,18,10,3,0
C8H11N5O1,test_ood,25,741,0,0,0,741,0,0,0,713,0,0,0,47
C8H11N5O2,test_ood,26,279,0,0,0,279,0,0,0,273,0,0,0,9
C8H11N7O1,seen,27,1,1,0,0,0,0,0,0,0,0,0,0,0
C8H12,seen,20,6094,3656,1219,1219,0,3529,1181,1181,0,371,113,117,0
C8H12N2,test_ood,22,1484,0,0,0,1484,0,0,0,1195,0,0,0,75
C8H12N2O1,seen,23,839,503,168,168,0,401,125,129,0,26,11,8,0
C8H12N2O2,seen,24,2998,1799,600,599,0,1390,467,478,0,98,30,17,0
C8H12N2O3,seen,25,350,210,70,70,0,202,66,67,0,6,1,0,0
C8H12N2O4,test_ood,26,7,0,0,0,7,0,0,0,0,0,0,0,0
C8H12N2O7,seen,29,556,334,111,111,0,318,109,109,0,39,16,12,0
C8H12N4,seen,24,889,533,178,178,0,368,114,115,0,30,8,13,0
C8H12N4O1,test_ood,25,1038,0,0,0,1038,0,0,0,1017,0,0,0,34
C8H12N4O2,seen,26,9,5,2,2,0,0,0,0,0,0,0,0,0
C8H12N4O3,test_ood,27,1066,0,0,0,1066,0,0,0,1026,0,0,0,37
C8H12N6,test_ood,26,3,0,0,0,3,0,0,0,0,0,0,0,0
C8H12N6O1,test_ood,27,129,0,0,0,129,0,0,0,127,0,0,0,8
C8H12N6O2,seen,28,1,1,0,0,0,0,0,0,0,0,0,0,0
C8H12N6O3,seen,29,1,1,0,0,0,0,0,0,0,0,0,0,0
C8H12O1,test_ood,21,4016,0,0,0,4016,0,0,0,3449,0,0,0,78
C8H12O2,seen,22,569,341,114,114,0,180,61,54,0,23,7,4,0
C8H12O3,seen,23,667,400,134,133,0,395,134,128,0,23,8,8,0
C8H12O4,test_ood,24,632,0,0,0,632,0,0,0,441,0,0,0,32
C8H13N1,seen,22,5850,3510,1170,1170,0,3032,1007,1017,0,60,18,17,0
C8H13N1O1,seen,23,497,298,100,99,0,44,8,13,0,36,13,8,0
C8H13N1O2,seen,24,869,521,174,174,0,330,106,104,0,26,12,12,0
C8H13N1O3,test_ood,25,746,0,0,0,746,0,0,0,735,0,0,0,31
C8H13N1O5,seen,27,1,1,0,0,0,0,0,0,0,0,0,0,0
C8H13N3,seen,24,528,317,106,105,0,130,35,32,0,27,8,12,0
C8H13N3O1,test_ood,25,1157,0,0,0,1157,0,0,0,1147,0,0,0,26
C8H13N3O2,test_ood,26,4,0,0,0,4,0,0,0,0,0,0,0,0
C8H13N3O3,seen,27,6,4,1,1,0,0,0,0,0,0,0,0,0
C8H13N3O6,seen,30,1129,677,226,226,0,661,215,213,0,25,7,8,0
C8H13N5,seen,26,533,320,107,106,0,313,103,101,0,16,6,6,0
C8H13N5O1,seen,27,449,269,90,90,0,258,86,90,0,12,7,8,0
C8H13N5O2,test_ood,28,3,0,0,0,3,0,0,0,0,0,0,0,0
C8H13N5O3,seen,29,1,1,0,0,0,0,0,0,0,0,0,0,0
C8H13N7,test_ood,28,1,0,0,0,1,0,0,0,0,0,0,0,0
C8H13N7O2,seen,30,1,1,0,0,0,0,0,0,0,0,0,0,0
C8H14,test_ood,22,1432,0,0,0,1432,0,0,0,1380,0,0,0,57
C8H14N2,test_ood,24,233,0,0,0,233,0,0,0,232,0,0,0,9
C8H14N2O1,seen,25,308,185,62,61,0,182,60,60,0,0,0,0,0
C8H14N2O2,seen,26,919,551,184,184,0,547,182,183,0,4,0,2,0
C8H14N2O3,seen,27,988,593,198,197,0,571,186,184,0,24,7,4,0
C8H14N2O4,test_ood,28,1137,0,0,0,1137,0,0,0,1092,0,0,0,43
C8H14N2O5,test_ood,29,1019,0,0,0,1019,0,0,0,979,0,0,0,30
C8H14N2O6,test_ood,30,2020,0,0,0,2020,0,0,0,1939,0,0,0,114
C8H14N4,seen,26,720,432,144,144,0,429,143,143,0,16,9,9,0
C8H14N4O1,seen,27,316,190,63,63,0,185,62,63,0,4,1,0,0
C8H14N4O2,test_ood,28,141,0,0,0,141,0,0,0,132,0,0,0,4
C8H14N4O3,seen,29,2,1,1,0,0,0,0,0,0,0,0,0,0
C8H14N4O5,seen,31,573,344,115,114,0,331,112,110,0,32,6,8,0
C8H14N6,seen,28,1,1,0,0,0,0,0,0,0,0,0,0,0
C8H14N6O1,seen,29,3,2,1,0,0,0,0,0,0,0,0,0,0
C8H14N6O3,seen,31,1,1,0,0,0,0,0,0,0,0,0,0,0
C8H14O1,seen,23,1608,965,322,321,0,687,218,228,0,35,11,7,0
C8H14O2,seen,24,196,118,39,39,0,27,13,12,0,5,2,2,0
C8H14O3,test_ood,25,481,0,0,0,481,0,0,0,473,0,0,0,16
C8H14O4,seen,26,312,187,63,62,0,186,63,60,0,10,2,3,0
C8H14O5,seen,27,2,1,1,0,0,0,0,0,0,0,0,0,0
C8H15N1,seen,24,2131,1279,426,426,0,1108,372,381,0,18,6,5,0
C8H15N1O1,test_ood,25,542,0,0,0,542,0,0,0,533,0,0,0,15
C8H15N1O2,test_ood,26,396,0,0,0,396,0,0,0,389,0,0,0,8
C8H15N1O3,test_ood,27,949,0,0,0,949,0,0,0,937,0,0,0,19
C8H15N1O4,test_ood,28,246,0,0,0,246,0,0,0,237,0,0,0,21
C8H15N1O5,test_ood,29,1,0,0,0,1,0,0,0,0,0,0,0,0
C8H15N3,test_ood,26,374,0,0,0,374,0,0,0,370,0,0,0,11
C8H15N3O1,seen,27,840,504,168,168,0,501,168,167,0,2,2,3,0
C8H15N3O2,test_ood,28,104,0,0,0,104,0,0,0,101,0,0,0,3
C8H15N3O3,seen,29,3,2,1,0,0,0,0,0,0,0,0,0,0
C8H15N3O4,seen,30,1032,619,207,206,0,596,198,196,0,20,7,6,0
C8H15N3O5,test_ood,31,1855,0,0,0,1855,0,0,0,1775,0,0,0,66
C8H15N5,test_ood,28,289,0,0,0,289,0,0,0,285,0,0,0,10
C8H15N5O1,test_ood,29,1,0,0,0,1,0,0,0,0,0,0,0,0
C8H15N5O2,seen,30,3,2,1,0,0,0,0,0,0,0,0,0,0
C8H16,seen,24,471,283,94,94,0,278,93,91,0,13,8,2,0
C8H16N2,seen,26,992,595,199,198,0,578,191,193,0,20,7,8,0
C8H16N2O1,test_ood,27,892,0,0,0,892,0,0,0,869,0,0,0,45
C8H16N2O2,seen,28,768,461,154,153,0,458,154,152,0,8,2,7,0
C8H16N2O3,seen,29,2227,1336,446,445,0,1255,422,424,0,26,7,14,0
C8H16N2O4,test_ood,30,1255,0,0,0,1255,0,0,0,1208,0,0,0,68
C8H16N2O5,test_ood,31,510,0,0,0,510,0,0,0,489,0,0,0,40
C8H16N4,test_ood,28,427,0,0,0,427,0,0,0,425,0,0,0,16
C8H16N4O2,test_ood,30,6,0,0,0,6,0,0,0,0,0,0,0,0
C8H16N6,seen,30,2,1,1,0,0,0,0,0,0,0,0,0,0
C8H16N6O1,test_ood,31,1,0,0,0,1,0,0,0,0,0,0,0,0
C8H16N6O2,seen,32,1,1,0,0,0,0,0,0,0,0,0,0,0
C8H16O1,seen,25,106,64,21,21,0,54,19,19,0,1,1,0,0
C8H16O2,seen,26,239,143,48,48,0,140,47,47,0,9,0,3,0
C8H16O3,seen,27,232,139,47,46,0,139,46,46,0,3,5,2,0
C8H16O4,test_ood,28,288,0,0,0,288,0,0,0,283,0,0,0,19
C8H16O5,seen,29,117,70,24,23,0,69,22,22,0,0,0,0,0
C8H16O6,seen,30,1,1,0,0,0,0,0,0,0,0,0,0,0
C8H16O7,seen,31,1,1,0,0,0,0,0,0,0,0,0,0,0
C8H17N1,test_ood,26,191,0,0,0,191,0,0,0,166,0,0,0,1
C8H17N1O1,seen,27,385,231,77,77,0,227,76,76,0,8,4,4,0
C8H17N1O2,test_ood,28,124,0,0,0,124,0,0,0,121,0,0,0,0
C8H17N1O3,test_ood,29,577,0,0,0,577,0,0,0,570,0,0,0,12
C8H17N1O4,seen,30,209,125,42,42,0,125,42,42,0,2,1,2,0
C8H17N1O5,seen,31,125,75,25,25,0,75,25,25,0,4,1,0,0
C8H17N3,seen,28,495,297,99,99,0,290,97,94,0,15,3,5,0
C8H17N3O1,test_ood,29,651,0,0,0,651,0,0,0,642,0,0,0,6
C8H17N3O2,seen,30,116,70,23,23,0,68,23,23,0,3,0,2,0
C8H17N3O3,seen,31,791,475,158,158,0,450,149,151,0,5,4,3,0
C8H17N3O5,test_ood,33,1,0,0,0,1,0,0,0,0,0,0,0,0
C8H17N5,seen,30,1,1,0,0,0,0,0,0,0,0,0,0,0
C8H17N5O1,test_ood,31,4,0,0,0,4,0,0,0,0,0,0,0,0
C8H17N5O2,test_ood,32,2,0,0,0,2,0,0,0,0,0,0,0,0
C8H17N5O3,seen,33,1070,642,214,214,0,614,210,206,0,31,8,10,0
C8H17N7,seen,32,2,1,1,0,0,0,0,0,0,0,0,0,0
C8H18N2,test_ood,28,230,0,0,0,230,0,0,0,221,0,0,0,1
C8H18N2O1,seen,29,917,550,184,183,0,533,177,179,0,18,6,10,0
C8H18N2O2,seen,30,562,337,113,112,0,334,112,112,0,4,4,0,0
C8H18N2O3,seen,31,117,70,24,23,0,68,20,23,0,0,0,0,0
C8H18N2O4,seen,32,3,2,1,0,0,0,0,0,0,0,0,0,0
C8H18N2O5,seen,33,3,2,1,0,0,0,0,0,0,0,0,0,0
C8H18N2O6,test_ood,34,1,0,0,0,1,0,0,0,0,0,0,0,0
C8H18N4,seen,30,341,205,68,68,0,204,62,67,0,10,1,5,0
C8H18N4O1,seen,31,112,67,23,22,0,66,22,22,0,0,0,0,0
C8H18N4O2,seen,32,1,1,0,0,0,0,0,0,0,0,0,0,0
C8H18N4O3,test_ood,33,1,0,0,0,1,0,0,0,0,0,0,0,0
C8H18N6,test_ood,32,1,0,0,0,1,0,0,0,0,0,0,0,0
C8H18O1,seen,27,2,1,1,0,0,1,1,0,0,0,0,0,0
C8H18O2,test_ood,28,139,0,0,0,139,0,0,0,139,0,0,0,0
C8H18O3,seen,29,16,10,3,3,0,10,3,3,0,0,0,0,0
C8H18O4,seen,30,20,12,4,4,0,12,4,4,0,0,0,0,0
C8H19N1,seen,28,5,3,1,1,0,3,1,1,0,0,0,0,0
C8H19N1O1,seen,29,110,66,22,22,0,66,22,22,0,2,0,2,0
C8H19N1O2,seen,30,33,20,7,6,0,20,7,6,0,0,0,0,0
C8H19N1O3,seen,31,58,35,12,11,0,34,12,11,0,0,0,0,0
C8H19N1O5,test_ood,33,2,0,0,0,2,0,0,0,0,0,0,0,0
C8H19N3,seen,30,66,40,13,13,0,39,13,13,0,0,0,0,0
C8H19N3O1,test_ood,31,419,0,0,0,419,0,0,0,414,0,0,0,6
C8H19N3O2,test_ood,32,127,0,0,0,127,0,0,0,124,0,0,0,5
C8H19N3O3,test_ood,33,2,0,0,0,2,0,0,0,0,0,0,0,0
C8H19N3O4,test_ood,34,1,0,0,0,1,0,0,0,0,0,0,0,0
C8H19N3O5,seen,35,1,1,0,0,0,0,0,0,0,0,0,0,0
C8H19N5,seen,32,1,1,0,0,0,0,0,0,0,0,0,0,0
C8H19N5O2,test_ood,34,1,0,0,0,1,0,0,0,0,0,0,0,0
C8H1N3O1,test_ood,13,3,0,0,0,3,0,0,0,3,0,0,0,0
C8H2,seen,10,80,48,16,16,0,47,16,16,0,5,1,4,0
C8H20N2,test_ood,30,8,0,0,0,8,0,0,0,8,0,0,0,0
C8H20N2O1,seen,31,37,22,8,7,0,21,8,7,0,0,0,0,0
C8H20N2O2,seen,32,90,54,18,18,0,52,17,18,0,0,0,0,0
C8H20N2O3,test_ood,33,4,0,0,0,4,0,0,0,0,0,0,0,0
C8H20N2O4,seen,34,1,1,0,0,0,0,0,0,0,0,0,0,0
C8H20N2O5,seen,35,2,1,1,0,0,0,0,0,0,0,0,0,0
C8H20N4,seen,32,214,128,43,43,0,127,43,43,0,5,1,3,0
C8H20N4O1,seen,33,2,1,1,0,0,0,0,0,0,0,0,0,0
C8H20N4O2,seen,34,346,208,69,69,0,203,68,67,0,8,3,5,0
C8H20N4O3,seen,35,1,1,0,0,0,0,0,0,0,0,0,0,0
C8H20N6O1,test_ood,35,108,0,0,0,108,0,0,0,107,0,0,0,9
C8H20O2,test_ood,30,1,0,0,0,1,0,0,0,1,0,0,0,0
C8H20O3,seen,31,1,1,0,0,0,1,0,0,0,0,0,0,0
C8H20O4,seen,32,4,2,1,1,0,2,1,1,0,0,0,0,0
C8H21N1,test_ood,30,1,0,0,0,1,0,0,0,1,0,0,0,0
C8H21N1O1,seen,31,2,1,1,0,0,1,1,0,0,0,0,0,0
C8H21N1O2,seen,32,2,1,1,0,0,1,1,0,0,0,0,0,0
C8H21N1O3,seen,33,4,2,1,1,0,2,1,1,0,0,0,0,0
C8H21N3,seen,32,118,71,24,23,0,71,24,22,0,0,0,0,0
C8H21N3O1,test_ood,33,70,0,0,0,70,0,0,0,69,0,0,0,0
C8H21N3O3,seen,35,3,2,1,0,0,0,0,0,0,0,0,0,0
C8H21N5,test_ood,34,2,0,0,0,2,0,0,0,0,0,0,0,0
C8H21N5O2,seen,36,2,1,1,0,0,0,0,0,0,0,0,0,0
C8H22N2,seen,32,1,1,0,0,0,1,0,0,0,0,0,0,0
C8H22N2O1,test_ood,33,6,0,0,0,6,0,0,0,6,0,0,0,0
C8H22N2O2,seen,34,8,5,2,1,0,5,2,1,0,0,0,0,0
C8H22N4,test_ood,34,24,0,0,0,24,0,0,0,24,0,0,0,0
C8H22N4O3,test_ood,37,2,0,0,0,2,0,0,0,0,0,0,0,0
C8H22N6O2,seen,38,1,1,0,0,0,0,0,0,0,0,0,0,0
C8H22N6O3,seen,39,1,1,0,0,0,0,0,0,0,0,0,0,0
C8H23N3,seen,34,2,1,1,0,0,1,1,0,0,0,0,0,0
C8H23N3O1,seen,35,5,3,1,1,0,3,1,1,0,0,0,0,0
C8H23N5O2,test_ood,38,1,0,0,0,1,0,0,0,0,0,0,0,0
C8H24N4,seen,36,3,2,1,0,0,2,1,0,0,0,0,0,0
C8H24N4O1,test_ood,37,1,0,0,0,1,0,0,0,0,0,0,0,0
C8H2N2,seen,12,1,1,0,0,0,1,0,0,0,0,0,0,0
C8H2N2O2,seen,14,2,1,1,0,0,1,1,0,0,0,0,0,0
C8H2N4,test_ood,14,3,0,0,0,3,0,0,0,3,0,0,0,0
C8H3N1,test_ood,12,11,0,0,0,11,0,0,0,8,0,0,0,3
C8H3N1O1,seen,13,1,1,0,0,0,1,0,0,0,0,0,0,0
C8H3N1O2,test_ood,14,2,0,0,0,2,0,0,0,2,0,0,0,0
C8H3N1O3,seen,15,3,2,1,0,0,2,1,0,0,0,1,0,0
C8H3N3O1,seen,15,7,4,2,1,0,4,2,1,0,0,1,0,0
C8H4,seen,12,373,224,75,74,0,213,73,73,0,36,13,7,0
C8H4N2,seen,14,131,79,26,26,0,79,26,26,0,4,2,6,0
C8H4N2O1,test_ood,15,260,0,0,0,260,0,0,0,112,0,0,0,35
C8H4N2O2,test_ood,16,155,0,0,0,155,0,0,0,155,0,0,0,25
C8H4N4,seen,16,13,8,3,2,0,8,3,2,0,1,1,0,0
C8H4O1,seen,13,51,31,10,10,0,27,9,10,0,5,2,3,0
C8H4O2,seen,14,1,1,0,0,0,1,0,0,0,0,0,0,0
C8H4O3,seen,15,140,84,28,28,0,83,28,28,0,6,1,6,0
C8H4O4,seen,16,1,1,0,0,0,1,0,0,0,0,0,0,0
C8H5N1,test_ood,14,77,0,0,0,77,0,0,0,63,0,0,0,14
C8H5N1O1,seen,15,148,89,30,29,0,88,30,29,0,3,3,4,0
C8H5N1O2,test_ood,16,275,0,0,0,275,0,0,0,274,0,0,0,35
C8H5N1O3,seen,17,821,493,164,164,0,488,164,162,0,58,23,21,0
C8H5N3,seen,16,9,5,2,2,0,5,2,2,0,0,0,0,0
C8H5N3O1,seen,17,47,28,10,9,0,27,10,9,0,7,3,1,0
C8H5N3O3,seen,19,1,1,0,0,0,0,0,0,0,0,0,0,0
C8H6,seen,14,1364,818,273,273,0,804,269,268,0,117,40,28,0
C8H6N2,seen,16,786,472,157,157,0,472,157,156,0,56,20,11,0
C8H6N2O1,seen,17,3383,2030,677,676,0,739,227,241,0,178,57,58,0
C8H6N2O2,test_ood,18,1998,0,0,0,1998,0,0,0,1974,0,0,0,226
C8H6N4,seen,18,306,184,61,61,0,183,61,61,0,27,8,11,0
C8H6N4O1,test_ood,19,142,0,0,0,142,0,0,0,138,0,0,0,20
C8H6N4O2,test_ood,20,1,0,0,0,1,0,0,0,0,0,0,0,0
C8H6O1,seen,15,414,248,83,83,0,230,77,74,0,30,15,13,0
C8H6O2,seen,16,1836,1102,367,367,0,741,246,265,0,112,38,38,0
C8H6O3,test_ood,17,1056,0,0,0,1056,0,0,0,867,0,0,0,102
C8H6O4,seen,18,1108,665,222,221,0,480,166,169,0,68,23,36,0
C8H7N1,test_ood,16,505,0,0,0,505,0,0,0,447,0,0,0,66
C8H7N1O1,seen,17,61,37,12,12,0,37,11,12,0,7,1,0,0
C8H7N1O2,seen,18,2833,1700,567,566,0,1580,526,520,0,164,66,62,0
C8H7N1O3,test_ood,19,1342,0,0,0,1342,0,0,0,1330,0,0,0,143
C8H7N1O4,seen,20,531,319,106,106,0,207,66,70,0,35,18,15,0
C8H7N1O5,seen,21,1,1,0,0,0,0,0,0,0,0,0,0,0
C8H7N3,seen,18,3985,2391,797,797,0,1109,361,336,0,208,71,73,0
C8H7N3O1,seen,19,2285,1371,457,457,0,1142,394,395,0,187,50,65,0
C8H7N3O2,seen,20,131,79,26,26,0,79,26,26,0,10,2,2,0
C8H7N3O3,test_ood,21,2,0,0,0,2,0,0,0,0,0,0,0,0
C8H7N5,seen,20,274,164,55,55,0,164,55,55,0,19,8,4,0
C8H8,seen,16,4374,2624,875,875,0,2571,848,859,0,307,94,116,0
C8H8N2,test_ood,18,783,0,0,0,783,0,0,0,769,0,0,0,102
C8H8N2O1,seen,19,2003,1202,401,400,0,1105,372,364,0,136,46,43,0
C8H8N2O2,seen,20,1444,866,289,289,0,853,286,287,0,115,34,34,0
C8H8N2O3,seen,21,130,78,26,26,0,77,26,25,0,0,0,0,0
C8H8N2O4,test_ood,22,2,0,0,0,2,0,0,0,0,0,0,0,0
C8H8N4,seen,20,1647,988,330,329,0,833,265,276,0,106,37,32,0
C8H8N4O1,test_ood,21,378,0,0,0,378,0,0,0,373,0,0,0,11
C8H8N4O2,test_ood,22,1,0,0,0,1,0,0,0,0,0,0,0,0
C8H8N6,test_ood,22,144,0,0,0,144,0,0,0,0,0,0,0,16
C8H8N6O1,seen,23,1,1,0,0,0,0,0,0,0,0,0,0,0
C8H8O1,seen,17,1796,1078,359,359,0,942,310,314,0,128,44,44,0
C8H8O2,test_ood,18,866,0,0,0,866,0,0,0,103,0,0,0,77
C8H8O3,seen,19,4913,2948,983,982,0,2063,662,703,0,310,96,81,0
C8H8O4,seen,20,2649,1589,530,530,0,1412,478,475,0,176,59,61,0
C8H8O6,seen,22,2,1,1,0,0,0,0,0,0,0,0,0,0
C8H9N1,seen,18,1739,1043,348,348,0,917,298,293,0,134,40,43,0
C8H9N1O1,seen,19,2937,1762,588,587,0,381,124,118,0,161,55,64,0
C8H9N1O2,seen,20,1753,1052,351,350,0,713,226,226,0,104,38,45,0
C8H9N1O3,test_ood,21,2284,0,0,0,2284,0,0,0,2266,0,0,0,49
C8H9N1O4,seen,22,127,76,26,25,0,75,21,23,0,2,0,0,0
C8H9N1O5,test_ood,23,1,0,0,0,1,0,0,0,0,0,0,0,0
C8H9N3,test_ood,20,1747,0,0,0,1747,0,0,0,1555,0,0,0,220
C8H9N3O1,test_ood,21,935,0,0,0,935,0,0,0,923,0,0,0,43
C8H9N3O2,seen,22,378,227,76,75,0,223,72,74,0,3,3,0,0
C8H9N3O3,test_ood,23,2,0,0,0,2,0,0,0,0,0,0,0,0
C8H9N3O4,test_ood,24,1,0,0,0,1,0,0,0,0,0,0,0,0
C8H9N5,test_ood,22,1121,0,0,0,1121,0,0,0,963,0,0,0,49
C8H9N5O1,seen,23,1,1,0,0,0,0,0,0,0,0,0,0,0
C9H10,seen,19,1270,762,254,254,0,512,174,170,0,89,33,23,0
C9H10N2,test_ood,21,1401,0,0,0,1401,0,0,0,1206,0,0,0,24
C9H10N2O1,test_ood,22,2302,0,0,0,2302,0,0,0,1531,0,0,0,120
C9H10N2O2,seen,23,1227,736,246,245,0,728,240,243,0,16,3,5,0
C9H10N2O3,test_ood,24,340,0,0,0,340,0,0,0,333,0,0,0,13
C9H10N2O4,seen,25,4,2,1,1,0,0,0,0,0,0,0,0,0
C9H10N4,test_ood,23,1416,0,0,0,1416,0,0,0,1247,0,0,0,45
C9H10N4O1,test_ood,24,264,0,0,0,264,0,0,0,257,0,0,0,12
C9H10N4O2,test_ood,25,137,0,0,0,137,0,0,0,131,0,0,0,5
C9H10N4O3,test_ood,26,1,0,0,0,1,0,0,0,0,0,0,0,0
C9H10O1,test_ood,20,663,0,0,0,663,0,0,0,330,0,0,0,60
C9H10O2,seen,21,1571,943,314,314,0,570,191,199,0,44,22,18,0
C9H10O3,seen,22,2293,1376,459,458,0,1168,379,397,0,35,16,17,0
C9H10O4,seen,23,2265,1359,453,453,0,1298,433,433,0,40,18,12,0
C9H10O5,seen,24,2,1,1,0,0,0,0,0,0,0,0,0,0
C9H11N1,seen,21,664,398,133,133,0,391,133,132,0,23,7,11,0
C9H11N1O1,seen,22,2782,1669,557,556,0,603,210,214,0,96,35,39,0
C9H11N1O2,seen,23,4156,2494,831,831,0,2216,727,736,0,34,20,14,0
C9H11N1O3,seen,24,3120,1872,624,624,0,1761,580,590,0,27,6,9,0
C9H11N1O4,seen,25,5,3,1,1,0,0,0,0,0,0,0,0,0
C9H11N1O5,seen,26,2,1,1,0,0,0,0,0,0,0,0,0,0
C9H11N3,seen,23,2464,1478,493,493,0,1375,463,459,0,41,8,9,0
C9H11N3O1,seen,24,1281,769,256,256,0,645,222,211,0,29,11,11,0
C9H11N3O2,seen,25,131,79,26,26,0,77,25,26,0,4,2,0,0
C9H11N3O3,test_ood,26,2,0,0,0,2,0,0,0,0,0,0,0,0
C9H11N3O4,test_ood,27,1,0,0,0,1,0,0,0,0,0,0,0,0
C9H11N5,seen,25,401,241,80,80,0,238,79,79,0,4,4,0,0
C9H11N5O1,test_ood,26,5,0,0,0,5,0,0,0,0,0,0,0,0
C9H12,test_ood,21,2619,0,0,0,2619,0,0,0,1757,0,0,0,97
C9H12N2,seen,23,1363,818,273,272,0,714,237,226,0,24,11,9,0
C9H12N2O1,test_ood,24,2140,0,0,0,2140,0,0,0,1511,0,0,0,92
C9H12N2O2,seen,25,1249,749,250,250,0,734,247,248,0,31,6,8,0
C9H12N2O3,seen,26,105,63,21,21,0,59,21,20,0,2,1,1,0
C9H12N2O4,seen,27,6,4,1,1,0,0,0,0,0,0,0,0,0
C9H12N4,test_ood,25,451,0,0,0,451,0,0,0,434,0,0,0,22
C9H12N4O1,test_ood,26,523,0,0,0,523,0,0,0,515,0,0,0,25
C9H12N4O2,test_ood,27,126,0,0,0,126,0,0,0,119,0,0,0,0
C9H12N4O4,seen,29,1,1,0,0,0,0,0,0,0,0,0,0,0
C9H12N6,seen,27,1,1,0,0,0,0,0,0,0,0,0,0,0
C9H12N6O1,test_ood,28,1,0,0,0,1,0,0,0,0,0,0,0,0
C9H12O1,test_ood,22,13,0,0,0,13,0,0,0,13,0,0,0,0
C9H12O2,seen,23,1654,992,331,331,0,778,257,267,0,36,16,6,0
C9H12O3,test_ood,24,891,0,0,0,891,0,0,0,878,0,0,0,15
C9H12O4,test_ood,25,406,0,0,0,406,0,0,0,396,0,0,0,14
C9H12O6,seen,27,2,1,1,0,0,0,0,0,0,0,0,0,0
C9H13N1,seen,23,205,123,41,41,0,15,6,4,0,11,5,1,0
C9H13N1O1,test_ood,24,954,0,0,0,954,0,0,0,371,0,0,0,71
C9H13N1O2,seen,25,1482,889,297,296,0,876,295,293,0,26,6,8,0
C9H13N1O3,seen,26,1147,688,230,229,0,675,229,224,0,26,10,6,0
C9H13N1O4,seen,27,8,5,2,1,0,0,0,0,0,0,0,0,0
C9H13N1O5,test_ood,28,2,0,0,0,2,0,0,0,0,0,0,0,0
C9H13N3,test_ood,25,992,0,0,0,992,0,0,0,983,0,0,0,29
C9H13N3O1,seen,26,1082,649,217,216,0,634,212,208,0,36,5,15,0
C9H13N3O2,seen,27,228,137,46,45,0,129,44,44,0,1,0,0,0
C9H13N3O3,seen,28,4,2,1,1,0,0,0,0,0,0,0,0,0
C9H13N5,seen,27,109,65,22,22,0,64,19,20,0,1,0,1,0
C9H13N5O1,seen,28,5,3,1,1,0,0,0,0,0,0,0,0,0
C9H14,seen,23,1592,955,319,318,0,834,269,277,0,14,4,4,0
C9H14N2,test_ood,25,461,0,0,0,461,0,0,0,448,0,0,0,12
C9H14N2O1,seen,26,1385,831,277,277,0,821,272,274,0,12,5,6,0
C9H14N2O2,test_ood,27,309,0,0,0,309,0,0,0,297,0,0,0,6
C9H14N2O3,test_ood,28,4,0,0,0,4,0,0,0,0,0,0,0,0
C9H14N2O4,test_ood,29,3,0,0,0,3,0,0,0,0,0,0,0,0
C9H14N2O5,test_ood,30,1113,0,0,0,1113,0,0,0,1073,0,0,0,17
C9H14N2O7,test_ood,32,1143,0,0,0,1143,0,0,0,1103,0,0,0,54
C9H14N4,seen,27,695,417,139,139,0,410,136,136,0,14,7,5,0
C9H14N4O1,seen,28,5,3,1,1,0,0,0,0,0,0,0,0,0
C9H14N4O2,seen,29,2,1,1,0,0,0,0,0,0,0,0,0,0
C9H14N4O3,seen,30,1073,644,215,214,0,619,209,204,0,21,3,8,0
C9H14N4O4,test_ood,31,1090,0,0,0,1090,0,0,0,1050,0,0,0,26
C9H14N6,test_ood,29,125,0,0,0,125,0,0,0,122,0,0,0,2
C9H14N6O1,seen,30,1,1,0,0,0,0,0,0,0,0,0,0,0
C9H14O1,seen,24,270,162,54,54,0,81,20,23,0,6,4,2,0
C9H14O2,seen,25,1010,606,202,202,0,600,196,198,0,19,2,2,0
C9H14O3,seen,26,898,539,180,179,0,534,179,178,0,26,7,6,0
C9H14O4,seen,27,2,1,1,0,0,0,0,0,0,0,0,0,0
C9H15N1,seen,25,421,253,84,84,0,249,79,83,0,15,3,6,0
C9H15N1O1,seen,26,706,424,141,141,0,414,139,137,0,25,10,6,0
C9H15N1O2,seen,27,1609,965,322,322,0,951,319,316,0,27,4,7,0
C9H15N1O3,test_ood,28,115,0,0,0,115,0,0,0,111,0,0,0,0
C9H15N1O4,seen,29,5,3,1,1,0,0,0,0,0,0,0,0,0
C9H15N1O5,seen,30,2,1,1,0,0,0,0,0,0,0,0,0,0
C9H15N3,seen,27,466,280,93,93,0,275,93,89,0,11,6,4,0
C9H15N3O1,seen,28,340,204,68,68,0,198,67,68,0,9,2,1,0
C9H15N3O2,test_ood,29,11,0,0,0,11,0,0,0,0,0,0,0,0
C9H15N3O3,test_ood,30,5,0,0,0,5,0,0,0,0,0,0,0,0
C9H15N3O4,seen,31,1014,608,203,203,0,586,196,192,0,0,0,0,0
C9H15N3O6,seen,33,2111,1267,422,422,0,1215,412,404,0,86,15,23,0
C9H15N5,test_ood,29,118,0,0,0,118,0,0,0,114,0,0,0,0
C9H15N5O1,test_ood,30,7,0,0,0,7,0,0,0,0,0,0,0,0
C9H15N5O2,seen,31,3,2,1,0,0,0,0,0,0,0,0,0,0
C9H16,seen,25,512,307,103,102,0,270,93,90,0,12,3,6,0
C9H16N2,seen,27,305,183,61,61,0,181,59,61,0,0,0,0,0
C9H16N2O1,test_ood,28,1067,0,0,0,1067,0,0,0,1059,0,0,0,30
C9H16N2O2,seen,29,5,3,1,1,0,0,0,0,0,0,0,0,0
C9H16N2O3,seen,30,4,2,1,1,0,0,0,0,0,0,0,0,0
C9H16N2O4,seen,31,1050,630,210,210,0,604,202,202,0,37,9,13,0
C9H16N2O5,seen,32,1044,626,209,209,0,600,201,203,0,41,9,14,0
C9H16N2O6,test_ood,33,1120,0,0,0,1120,0,0,0,1080,0,0,0,57
C9H16N4,seen,29,139,83,28,28,0,82,26,28,0,7,2,3,0
C9H16N4O1,test_ood,30,6,0,0,0,6,0,0,0,0,0,0,0,0
C9H16N4O2,test_ood,31,6,0,0,0,6,0,0,0,0,0,0,0,0
C9H16N4O3,seen,32,1,1,0,0,0,0,0,0,0,0,0,0,0
C9H16N4O5,seen,34,1092,655,219,218,0,632,208,212,0,31,11,16,0
C9H16N6,test_ood,31,2,0,0,0,2,0,0,0,0,0,0,0,0
C9H16N6O1,seen,32,1,1,0,0,0,0,0,0,0,0,0,0,0
C9H16O1,test_ood,26,13,0,0,0,13,0,0,0,13,0,0,0,0
C9H16O2,seen,27,109,65,22,22,0,65,22,22,0,0,0,1,0
C9H16O3,seen,28,398,239,80,79,0,231,80,77,0,11,7,2,0
C9H16O4,seen,29,1,1,0,0,0,0,0,0,0,0,0,0,0
C9H16O5,test_ood,30,1,0,0,0,1,0,0,0,0,0,0,0,0
C9H17N1,seen,27,16,10,3,3,0,9,3,3,0,0,0,0,0
C9H17N1O1,test_ood,28,493,0,0,0,493,0,0,0,486,0,0,0,3
C9H17N1O2,seen,29,886,532,177,177,0,531,176,177,0,9,3,2,0
C9H17N1O3,seen,30,144,86,29,29,0,81,29,28,0,3,0,1,0
C9H17N1O4,test_ood,31,2,0,0,0,2,0,0,0,0,0,0,0,0
C9H17N1O5,test_ood,32,1,0,0,0,1,0,0,0,0,0,0,0,0
C9H17N3,test_ood,29,402,0,0,0,402,0,0,0,401,0,0,0,14
C9H17N3O1,test_ood,30,124,0,0,0,124,0,0,0,123,0,0,0,0
C9H17N3O2,seen,31,3,2,1,0,0,0,0,0,0,0,0,0,0
C9H17N3O3,test_ood,32,4,0,0,0,4,0,0,0,0,0,0,0,0
C9H17N3O4,test_ood,33,1019,0,0,0,1019,0,0,0,979,0,0,0,20
C9H17N3O5,seen,34,1090,654,218,218,0,632,208,210,0,36,10,17,0
C9H17N5O1,seen,32,116,70,23,23,0,67,22,23,0,0,0,0,0
C9H17N7O3,test_ood,36,1,0,0,0,1,0,0,0,0,0,0,0,0
C9H18,seen,27,30,18,6,6,0,13,6,5,0,1,1,1,0
C9H18N2,test_ood,29,260,0,0,0,260,0,0,0,254,0,0,0,15
C9H18N2O1,test_ood,30,918,0,0,0,918,0,0,0,912,0,0,0,18
C9H18N2O2,test_ood,31,115,0,0,0,115,0,0,0,112,0,0,0,2
C9H18N2O3,test_ood,32,1629,0,0,0,1629,0,0,0,1547,0,0,0,20
C9H18N2O4,seen,33,2450,1470,490,490,0,1389,471,466,0,43,8,12,0
C9H18N4O1,seen,32,2,1,1,0,0,0,0,0,0,0,0,0,0
C9H18O1,seen,28,130,78,26,26,0,76,25,26,0,0,0,0,0
C9H18O2,seen,29,51,31,10,10,0,31,10,10,0,1,0,0,0
C9H18O3,seen,30,235,141,47,47,0,141,46,47,0,8,1,5,0
C9H18O6,test_ood,33,2,0,0,0,2,0,0,0,0,0,0,0,0
C9H19N1,test_ood,29,18,0,0,0,18,0,0,0,18,0,0,0,0
C9H19N1O1,seen,30,348,209,70,69,0,207,70,68,0,4,1,2,0
C9H19N1O2,seen,31,504,302,101,101,0,297,101,99,0,12,4,5,0
C9H19N1O3,seen,32,448,269,90,89,0,268,90,88,0,6,0,2,0
C9H19N1O4,seen,33,1,1,0,0,0,0,0,0,0,0,0,0,0
C9H19N3,test_ood,31,241,0,0,0,241,0,0,0,241,0,0,0,4
C9H19N3O1,seen,32,86,52,17,17,0,52,16,16,0,0,0,0,0
C9H19N3O3,test_ood,34,851,0,0,0,851,0,0,0,810,0,0,0,15
C9H19N3O4,seen,35,946,568,189,189,0,542,183,181,0,17,4,8,0
C9H19N5O1,test_ood,34,1,0,0,0,1,0,0,0,0,0,0,0,0
C9H19N5O3,test_ood,36,1130,0,0,0,1130,0,0,0,1090,0,0,0,33
C9H19N5O4,seen,37,1003,602,201,200,0,576,196,191,0,17,6,12,0
C9H1N3,test_ood,13,1,0,0,0,1,0,0,0,1,0,0,0,0
C9H20N2,test_ood,31,45,0,0,0,45,0,0,0,42,0,0,0,0
C9H20N2O1,seen,32,457,274,92,91,0,274,92,89,0,7,2,0,0
C9H20N2O2,seen,33,4,2,1,1,0,0,0,0,0,0,0,0,0
C9H20N2O4,test_ood,35,2,0,0,0,2,0,0,0,0,0,0,0,0
C9H20N4,seen,33,151,91,30,30,0,88,30,30,0,3,1,1,0
C9H20O1,seen,30,2,1,1,0,0,1,1,0,0,0,0,0,0
C9H20O2,seen,31,14,8,3,3,0,8,3,3,0,0,0,0,0
C9H20O3,seen,32,183,110,37,36,0,108,37,36,0,2,1,2,0
C9H20O5,seen,34,121,73,24,24,0,72,23,23,0,3,2,1,0
C9H21N1,seen,31,5,3,1,1,0,3,1,1,0,0,0,0,0
C9H21N1O1,test_ood,32,33,0,0,0,33,0,0,0,33,0,0,0,0
C9H21N1O2,seen,33,300,180,60,60,0,180,56,60,0,4,0,0,0
C9H21N1O3,test_ood,34,1,0,0,0,1,0,0,0,0,0,0,0,0
C9H21N1O4,seen,35,154,92,31,31,0,90,29,30,0,1,0,2,0
C9H21N3,test_ood,33,432,0,0,0,432,0,0,0,424,0,0,0,20
C9H21N3O1,seen,34,180,108,36,36,0,108,36,36,0,3,3,0,0
C9H21N3O2,seen,35,3,2,1,0,0,0,0,0,0,0,0,0,0
C9H22N2,seen,33,15,9,3,3,0,9,3,2,0,0,0,0,0
C9H22N2O1,seen,34,85,51,17,17,0,51,16,17,0,0,0,0,0
C9H22N2O2,seen,35,1,1,0,0,0,0,0,0,0,0,0,0,0
C9H22N4,test_ood,35,83,0,0,0,83,0,0,0,80,0,0,0,1
C9H22O1,test_ood,32,1,0,0,0,1,0,0,0,1,0,0,0,0
C9H22O3,test_ood,34,2,0,0,0,2,0,0,0,2,0,0,0,0
C9H22O4,seen,35,1,1,0,0,0,0,0,0,0,0,0,0,0
C9H23N1O1,test_ood,34,3,0,0,0,3,0,0,0,3,0,0,0,0
C9H23N1O2,test_ood,35,11,0,0,0,11,0,0,0,11,0,0,0,0
C9H23N1O4,seen,37,1,1,0,0,0,0,0,0,0,0,0,0,0
C9H23N1O6,seen,39,1,1,0,0,0,0,0,0,0,0,0,0,0
C9H23N3,test_ood,35,25,0,0,0,25,0,0,0,25,0,0,0,2
C9H23N3O1,test_ood,36,1,0,0,0,1,0,0,0,0,0,0,0,0
C9H23N3O2,test_ood,37,3,0,0,0,3,0,0,0,0,0,0,0,0
C9H23N3O3,seen,38,1,1,0,0,0,0,0,0,0,0,0,0,0
C9H23N7,seen,39,119,71,24,24,0,70,24,23,0,2,1,0,0
C9H24N2O1,seen,36,8,5,2,1,0,5,2,1,0,0,0,0,0
C9H24N4,seen,37,1,1,0,0,0,0,0,0,0,0,0,0,0
C9H24N4O1,test_ood,38,2,0,0,0,2,0,0,0,0,0,0,0,0
C9H2N2O1,seen,14,1,1,0,0,0,1,0,0,0,1,0,0,0
C9H3N1O2,test_ood,15,1,0,0,0,1,0,0,0,1,0,0,0,1
C9H3N3,test_ood,15,2,0,0,0,2,0,0,0,2,0,0,0,0
C9H4,test_ood,13,51,0,0,0,51,0,0,0,44,0,0,0,6
C9H4N2,seen,15,1,1,0,0,0,1,0,0,0,0,0,0,0
C9H4N2O1,seen,16,13,8,3,2,0,8,3,2,0,0,1,0,0
C9H4N2O2,test_ood,17,145,0,0,0,145,0,0,0,141,0,0,0,8
C9H4O3,seen,16,1,1,0,0,0,1,0,0,0,1,0,0,0
C9H5N1,seen,15,2,1,1,0,0,1,1,0,0,0,0,0,0
C9H5N1O1,seen,16,284,170,57,57,0,170,57,57,0,28,8,9,0
C9H5N1O2,seen,17,319,191,64,64,0,188,64,63,0,30,12,9,0
C9H5N3,seen,17,126,76,25,25,0,73,24,24,0,6,2,7,0
C9H5N3O1,test_ood,18,138,0,0,0,138,0,0,0,135,0,0,0,17
C9H6,test_ood,15,92,0,0,0,92,0,0,0,80,0,0,0,14
C9H6N2,seen,17,263,158,53,52,0,152,52,52,0,19,6,6,0
C9H6N2O1,test_ood,18,498,0,0,0,498,0,0,0,485,0,0,0,63
C9H6N2O2,test_ood,19,275,0,0,0,275,0,0,0,273,0,0,0,22
C9H6N2O3,test_ood,20,1,0,0,0,1,0,0,0,0,0,0,0,0
C9H6N4,seen,19,627,376,126,125,0,207,62,59,0,39,13,14,0
C9H6N4O1,test_ood,20,146,0,0,0,146,0,0,0,145,0,0,0,11
C9H6O1,seen,16,288,173,58,57,0,84,29,31,0,13,5,6,0
C9H6O2,test_ood,17,1367,0,0,0,1367,0,0,0,1173,0,0,0,148
C9H6O3,test_ood,18,1470,0,0,0,1470,0,0,0,1170,0,0,0,155
C9H7N1,test_ood,17,21,0,0,0,21,0,0,0,21,0,0,0,2
C9H7N1O1,seen,18,4466,2680,893,893,0,962,297,312,0,199,56,53,0
C9H7N1O2,seen,19,3002,1801,601,600,0,1434,486,488,0,189,64,59,0
C9H7N1O3,test_ood,20,264,0,0,0,264,0,0,0,261,0,0,0,23
C9H7N1O4,seen,21,1,1,0,0,0,0,0,0,0,0,0,0,0
C9H7N3,seen,19,578,347,116,115,0,174,57,59,0,45,11,16,0
C9H7N3O1,seen,20,467,280,94,93,0,278,94,90,0,33,15,7,0
C9H7N5,seen,21,420,252,84,84,0,251,83,83,0,5,4,2,0
C9H8,test_ood,17,368,0,0,0,368,0,0,0,332,0,0,0,52
C9H8N2,test_ood,19,5981,0,0,0,5981,0,0,0,2712,0,0,0,511
C9H8N2O1,test_ood,20,4004,0,0,0,4004,0,0,0,3772,0,0,0,358
C9H8N2O2,test_ood,21,1626,0,0,0,1626,0,0,0,1286,0,0,0,99
C9H8N2O3,seen,22,1,1,0,0,0,0,0,0,0,0,0,0,0
C9H8N4,seen,21,1000,600,200,200,0,592,198,199,0,24,11,8,0
C9H8N4O1,seen,22,127,76,26,25,0,75,26,24,0,0,0,0,0
C9H8N4O2,test_ood,23,2,0,0,0,2,0,0,0,0,0,0,0,0
C9H8O1,test_ood,18,212,0,0,0,212,0,0,0,65,0,0,0,24
C9H8O2,seen,19,790,474,158,158,0,467,158,157,0,36,14,20,0
C9H8O3,test_ood,20,844,0,0,0,844,0,0,0,673,0,0,0,98
C9H8O4,seen,21,589,353,118,118,0,349,115,117,0,3,3,4,0
C9H9N1,seen,19,446,268,89,89,0,78,21,22,0,23,12,12,0
C9H9N1O1,seen,20,1958,1175,392,391,0,1076,363,362,0,120,40,44,0
C9H9N1O2,test_ood,21,2175,0,0,0,2175,0,0,0,2161,0,0,0,55
C9H9N1O3,seen,22,873,524,175,174,0,413,155,145,0,22,8,10,0
C9H9N1O4,test_ood,23,111,0,0,0,111,0,0,0,107,0,0,0,18
C9H9N3,seen,21,2835,1701,567,567,0,1684,561,561,0,14,5,9,0
C9H9N3O1,test_ood,22,879,0,0,0,879,0,0,0,871,0,0,0,20
C9H9N3O2,seen,23,240,144,48,48,0,140,46,47,0,7,0,2,0
C9H9N5,seen,23,119,71,24,24,0,67,21,24,0,5,1,1,0
C9H9N5O1,seen,24,2,1,1,0,0,0,0,0,0,0,0,0,0
C9H9N5O2,test_ood,25,1,0,0,0,1,0,0,0,0,0,0,0,0
H10O5,test_ood,15,6276,0,0,0,6276,0,0,0,6249,0,0,0,684
H12O6,test_ood,18,7142,0,0,0,7142,0,0,0,7111,0,0,0,800
H14O7,test_ood,21,9799,0,0,0,9799,0,0,0,9753,0,0,0,611
H16O8,seen,24,1767,1060,354,353,0,1058,351,350,0,69,18,19,0
H18O9,test_ood,27,1738,0,0,0,1738,0,0,0,1730,0,0,0,39
H1N1O1,seen,3,682,409,137,136,0,407,137,136,0,102,47,39,0
H1N1O2,seen,4,2079,1247,416,416,0,1243,415,415,0,246,84,65,0
H1N1O3,seen,5,161,97,32,32,0,97,32,32,0,9,2,6,0
H1N1O4,test_ood,6,60,0,0,0,60,0,0,0,60,0,0,0,3
H1N3,test_ood,4,241,0,0,0,241,0,0,0,233,0,0,0,51
H1N3O1,test_ood,5,217,0,0,0,217,0,0,0,141,0,0,0,38
H1N3O2,seen,6,67,40,14,13,0,40,14,13,0,5,2,2,0
H20O10,test_ood,30,1782,0,0,0,1782,0,0,0,1774,0,0,0,35
H2N2,test_ood,4,1578,0,0,0,1578,0,0,0,1575,0,0,0,454
H2N2O1,seen,5,372,223,75,74,0,76,30,27,0,27,9,12,0
H2N2O2,test_ood,6,478,0,0,0,478,0,0,0,340,0,0,0,57
H2N2O3,test_ood,7,806,0,0,0,806,0,0,0,783,0,0,0,180
H2N2O4,seen,8,45,27,9,9,0,27,9,9,0,7,1,4,0
H2N4,test_ood,6,293,0,0,0,293,0,0,0,218,0,0,0,42
H2O1,seen,3,675,405,135,135,0,405,135,135,0,76,24,20,0
H2O2,seen,4,1436,862,287,287,0,862,285,286,0,196,52,55,0
H2O3,seen,5,1752,1051,351,350,0,1049,350,350,0,362,111,112,0
H2O4,test_ood,6,165,0,0,0,165,0,0,0,165,0,0,0,21
H2O5,seen,7,59,35,12,12,0,35,12,12,0,1,0,2,0
H3N1,seen,4,1104,662,221,221,0,660,221,220,0,133,45,39,0
H3N1O1,seen,5,1861,1117,372,372,0,1114,372,372,0,251,51,70,0
H3N1O2,test_ood,6,975,0,0,0,975,0,0,0,275,0,0,0,107
H3N1O3,seen,7,532,319,107,106,0,206,64,73,0,41,18,20,0
H3N1O4,test_ood,8,83,0,0,0,83,0,0,0,83,0,0,0,17
H3N1O5,seen,9,71,43,14,14,0,43,14,14,0,8,2,0,0
H3N3,seen,6,348,209,70,69,0,81,34,30,0,34,12,6,0
H3N3O1,test_ood,7,518,0,0,0,518,0,0,0,261,0,0,0,90
H3N3O2,test_ood,8,52,0,0,0,52,0,0,0,52,0,0,0,15
H4N2,seen,6,2594,1556,519,519,0,1553,518,519,0,341,114,95,0
H4N2O1,test_ood,7,1329,0,0,0,1329,0,0,0,241,0,0,0,162
H4N2O2,seen,8,832,499,167,166,0,276,97,82,0,66,19,24,0
H4N2O3,seen,9,56,34,11,11,0,34,11,11,0,5,1,5,0
H4N2O4,test_ood,10,4,0,0,0,4,0,0,0,0,0,0,0,0
H4N4,test_ood,8,350,0,0,0,350,0,0,0,189,0,0,0,48
H4N4O1,test_ood,9,1,0,0,0,1,0,0,0,0,0,0,0,1
H4O2,seen,6,58262,34957,11653,11652,0,34945,11648,11648,0,3511,1164,1138,0
H4O3,seen,7,936,562,187,187,0,55,18,18,0,50,21,12,0
H4O4,test_ood,8,160,0,0,0,160,0,0,0,69,0,0,0,23
H4O5,seen,9,29,17,6,6,0,17,6,6,0,1,2,1,0
H4O6,seen,10,30,18,6,6,0,18,6,6,0,3,3,1,0
H5N1O1,seen,7,1608,965,322,321,0,31,16,7,0,100,25,26,0
H5N1O2,test_ood,8,1636,0,0,0,1636,0,0,0,116,0,0,0,169
H5N1O3,seen,9,354,212,71,71,0,60,20,19,0,28,10,9,0
H5N1O4,test_ood,10,27,0,0,0,27,0,0,0,27,0,0,0,9
H5N3,seen,8,551,331,110,110,0,62,17,23,0,38,11,11,0
H5N3O1,seen,9,664,398,133,133,0,161,61,61,0,51,24,16,0
H5N3O2,test_ood,10,37,0,0,0,37,0,0,0,37,0,0,0,6
H5N3O3,seen,11,3,2,1,0,0,0,0,0,0,1,0,0,0
H6N2,seen,8,847,508,170,169,0,13,7,6,0,43,19,11,0
H6N2O1,test_ood,9,1261,0,0,0,1261,0,0,0,127,0,0,0,129
H6N2O2,seen,10,515,309,103,103,0,90,32,26,0,37,13,18,0
H6N2O3,test_ood,11,31,0,0,0,31,0,0,0,31,0,0,0,6
H6N4,test_ood,10,318,0,0,0,318,0,0,0,174,0,0,0,43
H6O3,test_ood,9,1755,0,0,0,1755,0,0,0,1748,0,0,0,186
H7N3,seen,10,630,378,126,126,0,61,14,18,0,40,16,10,0
H7N3O1,seen,11,306,184,61,61,0,52,16,17,0,21,8,3,0
H8N4,test_ood,12,104,0,0,0,104,0,0,0,43,0,0,0,15
H8O4,seen,12,2632,1579,527,526,0,1572,524,524,0,172,44,44,0
N2,seen,2,511,307,102,102,0,306,102,102,0,110,38,39,0
N2O1,seen,3,200,120,40,40,0,120,40,40,0,27,13,11,0
N2O2,test_ood,4,142,0,0,0,142,0,0,0,142,0,0,0,28
N2O3,test_ood,5,1,0,0,0,1,0,0,0,0,0,0,0,0
N4,test_ood,4,138,0,0,0,138,0,0,0,103,0,0,0,26
O2,seen,2,360,216,72,72,0,216,72,72,0,63,17,16,0
O3,seen,3,552,331,111,110,0,325,111,108,0,57,17,15,0
O4,seen,4,83,50,17,16,0,50,17,16,0,0,0,0,0
