system,n_atoms,n_configs,valid_energy_configs,energy_split_excluded,low_energy_configs,middle_energy_configs,high_energy_configs,train_configs,val_configs,test_id_configs,test_ood_configs,train_dft_available,val_dft_available,test_id_dft_available,test_ood_dft_available,train_cc_available,val_cc_available,test_id_cc_available,test_ood_cc_available
C10H10,20,392,248,False,124,12,112,74,25,25,112,74,25,25,112,4,3,3,14
C10H10N2,22,5024,3272,False,1636,164,1472,982,327,327,1472,982,327,327,1472,26,9,4,26
C10H10N2O1,23,2279,2065,False,1033,103,929,620,207,206,929,620,207,206,929,9,2,2,8
C10H10N2O2,24,836,504,False,252,25,227,151,51,50,227,151,51,50,227,5,1,5,3
C10H10N4,24,206,198,False,99,10,89,59,20,20,89,59,20,20,89,2,0,0,1
C10H10N4O1,25,6,0,True,0,0,0,0,0,0,0,0,0,0,0,0,0,0,0
C10H10N4O2,26,1,0,True,0,0,0,0,0,0,0,0,0,0,0,0,0,0,0
C10H10O1,21,891,738,False,369,37,332,221,74,74,332,221,74,74,332,5,1,3,6
C10H10O2,22,2457,2262,False,1131,113,1018,679,226,226,1018,679,226,226,1018,16,5,5,13
C10H10O3,23,1332,821,False,411,40,370,247,82,82,370,247,82,82,370,8,4,5,6
C10H10O4,24,2,0,True,0,0,0,0,0,0,0,0,0,0,0,0,0,0,0
C10H10O5,25,3,0,True,0,0,0,0,0,0,0,0,0,0,0,0,0,0,0
C10H11N1,22,886,870,False,435,43,392,261,87,87,392,261,87,87,392,8,1,2,6
C10H11N1O1,23,2883,2599,False,1300,129,1170,780,260,260,1170,780,260,260,1170,2,0,0,10
C10H11N1O2,24,1781,1473,False,737,73,663,442,148,147,663,442,148,147,663,10,8,5,18
C10H11N1O3,25,209,200,False,100,10,90,60,20,20,90,60,20,20,90,1,0,0,1
C10H11N3,24,1619,1595,False,798,79,718,479,160,159,718,479,160,159,718,25,7,3,9
C10H11N3O1,25,275,271,False,136,13,122,82,27,27,122,82,27,27,122,0,0,0,3
C10H11N3O2,26,140,137,False,69,6,62,41,14,14,62,41,14,14,62,0,0,0,0
C10H11N5,26,1,0,True,0,0,0,0,0,0,0,0,0,0,0,0,0,0,0
C10H12,22,254,249,False,125,12,112,75,25,25,112,75,25,25,112,0,0,0,0
C10H12N2,24,1178,878,False,439,44,395,263,88,88,395,263,88,88,395,20,6,5,10
C10H12N2O1,25,1359,1338,False,669,67,602,401,134,134,602,401,134,134,602,10,3,5,8
C10H12N2O2,26,198,183,False,92,9,82,55,19,18,82,55,19,18,82,1,0,0,4
C10H12N2O3,27,3,0,True,0,0,0,0,0,0,0,0,0,0,0,0,0,0,0
C10H12N2O4,28,2,0,True,0,0,0,0,0,0,0,0,0,0,0,0,0,0,0
C10H12N4,26,123,118,False,59,6,53,35,12,12,53,35,12,12,53,2,0,0,2
C10H12N4O1,27,239,229,False,115,11,103,69,23,23,103,69,23,23,103,1,0,1,2
C10H12N4O2,28,3,0,True,0,0,0,0,0,0,0,0,0,0,0,0,0,0,0
C10H12N6,28,1,0,True,0,0,0,0,0,0,0,0,0,0,0,0,0,0,0
C10H12O1,23,1213,880,False,440,44,396,264,88,88,396,264,88,88,396,11,4,2,8
C10H12O2,24,1811,1369,False,685,68,616,411,137,137,616,411,137,137,616,5,0,3,8
C10H12O3,25,1076,1065,False,533,53,479,320,107,106,479,320,107,106,479,8,1,3,10
C10H12O4,26,596,581,False,291,28,262,175,58,58,262,175,58,58,262,6,0,2,4
C10H13N1,24,2540,1765,False,883,88,794,530,177,176,794,530,177,176,794,8,1,1,2
C10H13N1O1,25,2772,2738,False,1369,137,1232,821,274,274,1232,821,274,274,1232,7,3,1,21
C10H13N1O2,26,1317,1304,False,652,65,587,391,131,130,587,391,131,130,587,7,4,2,5
C10H13N1O3,27,1464,1432,False,716,72,644,430,143,143,644,430,143,143,644,20,9,7,14
C10H13N1O4,28,2,0,True,0,0,0,0,0,0,0,0,0,0,0,0,0,0,0
C10H13N3,26,1837,1815,False,908,90,817,545,182,181,817,545,182,181,817,17,5,2,22
C10H13N3O1,27,332,325,False,163,16,146,98,33,32,146,98,33,32,146,3,1,1,3
C10H13N3O2,28,125,119,False,60,5,54,36,12,12,54,36,12,12,54,0,0,0,0
C10H13N5,28,146,139,False,70,6,63,42,14,14,63,42,14,14,63,0,0,0,0
C10H13N5O1,29,1,0,True,0,0,0,0,0,0,0,0,0,0,0,0,0,0,0
C10H14,24,244,100,False,50,5,45,30,10,10,45,30,10,10,45,0,1,0,0
C10H14N2,26,1237,1216,False,608,61,547,365,122,121,547,365,122,121,547,7,3,1,6
C10H14N2O1,27,694,678,False,339,34,305,203,68,68,305,203,68,68,305,5,1,3,5
C10H14N2O2,28,99,96,False,48,5,43,29,10,9,43,29,10,9,43,1,0,1,0
C10H14N2O3,29,11,0,True,0,0,0,0,0,0,0,0,0,0,0,0,0,0,0
C10H14N2O4,30,3,0,True,0,0,0,0,0,0,0,0,0,0,0,0,0,0,0
C10H14N4,28,467,458,False,229,23,206,137,46,46,206,137,46,46,206,7,1,1,1
C10H14N4O1,29,244,237,False,119,11,107,71,24,24,107,71,24,24,107,3,1,3,1
C10H14N4O2,30,2,0,True,0,0,0,0,0,0,0,0,0,0,0,0,0,0,0
C10H14N4O3,31,1,0,True,0,0,0,0,0,0,0,0,0,0,0,0,0,0,0
C10H14N4O5,33,1122,1082,False,541,54,487,325,108,108,487,325,108,108,487,12,6,1,3
C10H14N6,30,1,0,True,0,0,0,0,0,0,0,0,0,0,0,0,0,0,0
C10H14O1,25,60,60,False,30,3,27,18,6,6,27,18,6,6,27,0,1,0,0
C10H14O2,26,594,585,False,293,29,263,176,59,58,263,176,59,58,263,5,0,1,1
C10H14O3,27,418,412,False,206,21,185,124,41,41,185,124,41,41,185,2,0,0,3
C10H14O4,28,402,398,False,199,20,179,119,40,40,179,119,40,40,179,1,0,1,2
C10H14O5,29,2,0,True,0,0,0,0,0,0,0,0,0,0,0,0,0,0,0
C10H15N1,26,363,361,False,181,17,163,109,36,36,163,109,36,36,163,4,1,0,6
C10H15N1O1,27,844,838,False,419,42,377,251,84,84,377,251,84,84,377,10,8,5,6
C10H15N1O2,28,392,382,False,191,19,172,115,38,38,172,115,38,38,172,3,2,1,3
C10H15N1O3,29,190,181,False,91,8,82,55,18,18,82,55,18,18,82,0,0,1,1
C10H15N1O4,30,3,0,True,0,0,0,0,0,0,0,0,0,0,0,0,0,0,0
C10H15N3,28,928,913,False,457,45,411,274,92,91,411,274,92,91,411,8,3,3,2
C10H15N3O1,29,431,415,False,208,20,187,125,42,41,187,125,42,41,187,4,0,1,3
C10H15N3O2,30,4,0,True,0,0,0,0,0,0,0,0,0,0,0,0,0,0,0
C10H15N5,30,2,0,True,0,0,0,0,0,0,0,0,0,0,0,0,0,0,0
C10H15N5O1,31,2,0,True,0,0,0,0,0,0,0,0,0,0,0,0,0,0,0
C10H15N5O4,34,1119,1079,False,540,53,486,324,108,108,486,324,108,108,486,27,7,2,16
C10H15N5O5,35,1,0,True,0,0,0,0,0,0,0,0,0,0,0,0,0,0,0
C10H16,26,219,216,False,108,11,97,65,22,21,97,65,22,21,97,10,2,1,4
C10H16N2,28,740,722,False,361,36,325,217,72,72,325,217,72,72,325,11,6,8,8
C10H16N2O1,29,574,567,False,284,28,255,170,57,57,255,170,57,57,255,12,5,2,5
C10H16N2O2,30,339,326,False,163,16,147,98,33,32,147,98,33,32,147,6,0,3,2
C10H16N2O3,31,461,440,False,220,22,198,132,44,44,198,132,44,44,198,4,1,2,13
C10H16N2O4,32,1,0,True,0,0,0,0,0,0,0,0,0,0,0,0,0,0,0
C10H16N2O5,33,1094,1054,False,527,53,474,316,106,105,474,316,106,105,474,15,5,8,9
C10H16N2O7,35,451,397,False,199,19,179,119,40,40,179,119,40,40,179,18,5,8,13
C10H16N4,30,178,177,False,89,8,80,53,18,18,80,53,18,18,80,1,1,0,1
C10H16N4O1,31,1,0,True,0,0,0,0,0,0,0,0,0,0,0,0,0,0,0
C10H16N4O2,32,1,0,True,0,0,0,0,0,0,0,0,0,0,0,0,0,0,0
C10H16N4O4,34,1110,1070,False,535,53,482,321,107,107,482,321,107,107,482,19,3,3,4
C10H16N6,32,113,109,False,55,5,49,33,11,11,49,33,11,11,49,0,0,0,0
C10H16O1,27,428,415,False,208,20,187,125,42,41,187,125,42,41,187,7,0,0,12
C10H16O2,28,1196,1179,False,590,58,531,354,118,118,531,354,118,118,531,24,4,4,9
C10H16O3,29,3,0,True,0,0,0,0,0,0,0,0,0,0,0,0,0,0,0
C10H16O4,30,3,0,True,0,0,0,0,0,0,0,0,0,0,0,0,0,0,0
C10H16O5,31,2,0,True,0,0,0,0,0,0,0,0,0,0,0,0,0,0,0
C10H17N1,28,1064,1057,False,529,52,476,317,106,106,476,317,106,106,476,7,6,7,10
C10H17N1O1,29,820,783,False,392,39,352,235,79,78,352,235,79,78,352,12,5,2,3
C10H17N1O2,30,351,341,False,171,16,154,103,34,34,154,103,34,34,154,4,1,1,3
C10H17N1O3,31,3,0,True,0,0,0,0,0,0,0,0,0,0,0,0,0,0,0
C10H17N1O4,32,3,0,True,0,0,0,0,0,0,0,0,0,0,0,0,0,0,0
C10H17N1O5,33,1,0,True,0,0,0,0,0,0,0,0,0,0,0,0,0,0,0
C10H17N3,30,119,116,False,58,6,52,35,12,11,52,35,12,11,52,2,0,1,1
C10H17N3O1,31,5,0,True,0,0,0,0,0,0,0,0,0,0,0,0,0,0,0
C10H17N3O2,32,1,0,True,0,0,0,0,0,0,0,0,0,0,0,0,0,0,0
C10H17N3O3,33,1,0,True,0,0,0,0,0,0,0,0,0,0,0,0,0,0,0
C10H17N3O4,34,884,844,False,422,42,380,253,85,84,380,253,85,84,380,9,6,3,4
C10H17N3O6,36,1102,1062,False,531,53,478,319,106,106,478,319,106,106,478,18,5,3,8
C10H17N5,32,1,0,True,0,0,0,0,0,0,0,0,0,0,0,0,0,0,0
C10H17N5O1,33,1,0,True,0,0,0,0,0,0,0,0,0,0,0,0,0,0,0
C10H18,28,6,6,False,3,0,3,2,1,0,3,2,1,0,3,0,0,0,0
C10H18N2,30,375,369,False,185,18,166,111,37,37,166,111,37,37,166,9,1,0,3
C10H18N2O1,31,183,180,False,90,9,81,54,18,18,81,54,18,18,81,0,0,0,1
C10H18N2O2,32,3,0,True,0,0,0,0,0,0,0,0,0,0,0,0,0,0,0
C10H18N2O3,33,948,906,False,453,45,408,272,91,90,408,272,91,90,408,4,5,2,3
C10H18N2O5,35,2494,2374,False,1187,119,1068,712,238,237,1068,712,238,237,1068,59,3,12,11
C10H18N4,32,1,0,True,0,0,0,0,0,0,0,0,0,0,0,0,0,0,0
C10H18N4O1,33,4,0,True,0,0,0,0,0,0,0,0,0,0,0,0,0,0,0
C10H18N4O5,37,536,516,False,258,26,232,155,52,51,232,155,52,51,232,9,2,0,16
C10H18N6O3,37,1,0,True,0,0,0,0,0,0,0,0,0,0,0,0,0,0,0
C10H18O1,29,552,547,False,274,27,246,164,55,55,246,164,55,55,246,7,4,1,5
C10H18O2,30,694,679,False,340,33,306,204,68,68,306,204,68,68,306,12,1,5,5
C10H18O3,31,485,478,False,239,24,215,143,48,48,215,143,48,48,215,11,3,4,15
C10H18O4,32,408,402,False,201,20,181,121,40,40,181,121,40,40,181,7,3,6,5
C10H19N1,30,440,431,False,216,21,194,130,43,43,194,130,43,43,194,6,2,1,1
C10H19N1O1,31,483,479,False,240,23,216,144,48,48,216,144,48,48,216,5,5,1,2
C10H19N1O2,32,244,234,False,117,12,105,70,24,23,105,70,24,23,105,0,0,0,0
C10H19N1O3,33,255,249,False,125,12,112,75,25,25,112,75,25,25,112,3,0,1,3
C10H19N1O4,34,98,97,False,49,4,44,29,10,10,44,29,10,10,44,4,0,1,1
C10H19N3,32,228,224,False,112,11,101,67,23,22,101,67,23,22,101,0,0,0,0
C10H19N3O1,33,1,0,True,0,0,0,0,0,0,0,0,0,0,0,0,0,0,0
C10H19N3O2,34,2,0,True,0,0,0,0,0,0,0,0,0,0,0,0,0,0,0
C10H19N3O3,35,1,0,True,0,0,0,0,0,0,0,0,0,0,0,0,0,0,0
C10H19N3O4,36,2452,2332,False,1166,117,1049,700,233,233,1049,700,233,233,1049,28,12,13,14
C10H19N3O5,37,1038,998,False,499,50,449,299,100,100,449,299,100,100,449,11,6,2,6
C10H19N5,34,125,124,False,62,6,56,37,13,12,56,37,13,12,56,0,1,2,1
C10H19N5O5,39,1150,1110,False,555,55,500,333,111,111,500,333,111,111,500,12,2,2,3
C10H20,30,3,3,True,0,0,0,0,0,0,0,0,0,0,0,0,0,0,0
C10H20N2,32,447,439,False,220,21,198,132,44,44,198,132,44,44,198,4,2,0,3
C10H20N2O1,33,301,289,False,145,14,130,87,29,29,130,87,29,29,130,4,2,2,7
C10H20N2O2,34,201,195,False,98,9,88,59,20,19,88,59,20,19,88,2,1,1,3
C10H20N2O3,35,448,427,False,214,21,192,128,43,43,192,128,43,43,192,5,3,5,22
C10H20N2O4,36,1467,1387,False,694,69,624,416,139,139,624,416,139,139,624,14,4,9,10
C10H20N4,34,114,113,False,57,5,51,34,12,11,51,34,12,11,51,0,0,0,2
C10H20N4O4,38,863,795,False,398,39,358,239,80,79,358,239,80,79,358,5,1,4,5
C10H20N6O4,40,973,933,False,467,46,420,280,94,93,420,280,94,93,420,2,1,7,5
C10H20O1,31,666,653,False,327,32,294,196,66,65,294,196,66,65,294,4,1,1,5
C10H20O2,32,182,182,False,91,9,82,55,18,18,82,55,18,18,82,1,0,0,1
C10H20O3,33,1,0,True,0,0,0,0,0,0,0,0,0,0,0,0,0,0,0
C10H20O4,34,1,0,True,0,0,0,0,0,0,0,0,0,0,0,0,0,0,0
C10H20O5,35,125,120,False,60,6,54,36,12,12,54,36,12,12,54,2,1,0,1
C10H20O6,36,1,0,True,0,0,0,0,0,0,0,0,0,0,0,0,0,0,0
C10H21N1,32,193,192,False,96,10,86,58,19,19,86,58,19,19,86,0,1,1,1
C10H21N1O1,33,530,525,False,263,26,236,158,53,52,236,158,53,52,236,3,1,5,6
C10H21N1O2,34,431,425,False,213,21,191,128,43,42,191,128,43,42,191,11,3,2,5
C10H21N1O4,36,130,127,False,64,6,57,38,13,13,57,38,13,13,57,1,1,4,3
C10H21N3O1,35,111,104,False,52,5,47,31,11,10,47,31,11,10,47,0,0,0,0
C10H21N3O3,37,1,0,True,0,0,0,0,0,0,0,0,0,0,0,0,0,0,0
C10H21N3O4,38,940,900,False,450,45,405,270,90,90,405,270,90,90,405,20,2,8,8
C10H21N5O1,37,1,0,True,0,0,0,0,0,0,0,0,0,0,0,0,0,0,0
C10H21N5O4,40,1065,1025,False,513,51,461,308,103,102,461,308,103,102,461,22,7,3,4
C10H22N2,34,109,107,False,54,5,48,32,11,11,48,32,11,11,48,0,0,0,0
C10H22N2O1,35,1,0,True,0,0,0,0,0,0,0,0,0,0,0,0,0,0,0
C10H22N2O3,37,1,0,True,0,0,0,0,0,0,0,0,0,0,0,0,0,0,0
C10H22N2O4,38,1,0,True,0,0,0,0,0,0,0,0,0,0,0,0,0,0,0
C10H22N4,36,274,273,False,137,13,123,82,28,27,123,82,28,27,123,5,3,3,5
C10H22N4O2,38,1,0,True,0,0,0,0,0,0,0,0,0,0,0,0,0,0,0
C10H22O1,33,3,3,True,0,0,0,0,0,0,0,0,0,0,0,0,0,0,0
C10H22O2,34,24,24,False,12,1,11,7,3,2,11,7,3,2,11,0,0,0,0
C10H22O3,35,407,405,False,203,20,182,122,41,40,182,122,41,40,182,9,7,3,5
C10H22O6,38,137,132,False,66,7,59,40,13,13,59,40,13,13,59,0,0,0,0
C10H23N1,34,12,12,False,6,1,5,4,1,1,5,4,1,1,5,0,0,0,0
C10H23N1O1,35,54,54,False,27,3,24,16,6,5,24,16,6,5,24,0,0,0,0
C10H23N1O3,37,1,0,True,0,0,0,0,0,0,0,0,0,0,0,0,0,0,0
C10H23N3O1,37,1,0,True,0,0,0,0,0,0,0,0,0,0,0,0,0,0,0
C10H23N3O2,38,117,116,False,58,6,52,35,12,11,52,35,12,11,52,5,0,0,1
C10H24N2,36,25,25,False,13,1,11,8,3,2,11,8,3,2,11,0,0,0,0
C10H24N2O1,37,2,0,True,0,0,0,0,0,0,0,0,0,0,0,0,0,0,0
C10H24N2O2,38,1,0,True,0,0,0,0,0,0,0,0,0,0,0,0,0,0,0
C10H24N2O4,40,159,155,False,78,7,70,47,16,15,70,47,16,15,70,0,0,3,4
C10H24N4,38,86,85,False,43,4,38,26,9,8,38,26,9,8,38,3,0,0,1
C10H24N4O1,39,1,0,True,0,0,0,0,0,0,0,0,0,0,0,0,0,0,0
C10H24O2,36,3,3,True,0,0,0,0,0,0,0,0,0,0,0,0,0,0,0
C10H25N1,36,2,2,True,0,0,0,0,0,0,0,0,0,0,0,0,0,0,0
C10H25N1O1,37,3,3,True,0,0,0,0,0,0,0,0,0,0,0,0,0,0,0
C10H25N3,38,1,0,True,0,0,0,0,0,0,0,0,0,0,0,0,0,0,0
C10H25N3O1,39,1,0,True,0,0,0,0,0,0,0,0,0,0,0,0,0,0,0
C10H25N3O3,41,1,0,True,0,0,0,0,0,0,0,0,0,0,0,0,0,0,0
C10H26N2,38,4,4,False,3,0,1,1,1,1,1,1,1,1,1,0,0,0,0
C10H26N2O6,44,1,0,True,0,0,0,0,0,0,0,0,0,0,0,0,0,0,0
C10H26N4,40,1,0,True,0,0,0,0,0,0,0,0,0,0,0,0,0,0,0
C10H26N4O2,42,1,0,True,0,0,0,0,0,0,0,0,0,0,0,0,0,0,0
C10H26N6,42,1,0,True,0,0,0,0,0,0,0,0,0,0,0,0,0,0,0
C10H3N1O1,15,3,3,True,0,0,0,0,0,0,0,0,0,0,0,0,0,0,0
C10H4N2,16,4,4,False,3,0,1,1,1,1,1,1,1,1,1,0,0,0,0
C10H5N1,16,2,2,True,0,0,0,0,0,0,0,0,0,0,0,0,0,0,0
C10H5N1O1,17,6,6,False,3,0,3,2,1,0,3,2,1,0,3,0,1,0,1
C10H6,16,127,124,False,62,6,56,37,13,12,56,37,13,12,56,6,0,1,5
C10H6N2,18,143,143,False,72,7,64,43,15,14,64,43,15,14,64,4,4,2,6
C10H6N4,20,149,146,False,73,7,66,44,15,14,66,44,15,14,66,7,3,1,7
C10H6O1,17,4,4,False,3,0,1,1,1,1,1,1,1,1,1,1,0,0,0
C10H6O2,18,294,289,False,145,14,130,87,29,29,130,87,29,29,130,12,4,5,13
C10H6O3,19,132,132,False,66,7,59,40,13,13,59,40,13,13,59,5,2,2,4
C10H7N1,18,4,4,False,3,0,1,1,1,1,1,1,1,1,1,0,0,0,0
C10H7N1O1,19,705,557,False,279,27,251,167,56,56,251,167,56,56,251,13,7,7,28
C10H7N1O2,20,1076,921,False,461,45,415,277,92,92,415,277,92,92,415,45,12,10,43
C10H7N1O3,21,359,353,False,177,17,159,106,36,35,159,106,36,35,159,1,0,1,2
C10H7N3,20,481,475,False,238,23,214,143,48,47,214,143,48,47,214,14,11,8,34
C10H7N3O1,21,283,279,False,140,13,126,84,28,28,126,84,28,28,126,1,3,3,3
C10H8,18,29,28,False,14,1,13,8,3,3,13,8,3,3,13,1,0,0,3
C10H8N2,20,3745,856,False,428,43,385,257,86,85,385,257,86,85,385,39,4,6,33
C10H8N2O1,21,1179,1030,False,515,51,464,309,103,103,464,309,103,103,464,2,3,1,10
C10H8N2O2,22,271,265,False,133,13,119,80,27,26,119,80,27,26,119,4,2,4,2
C10H8N4,22,249,245,False,123,12,110,74,25,24,110,74,25,24,110,1,1,2,2
C10H8O1,19,1809,225,False,113,11,101,68,23,22,101,68,23,22,101,6,2,1,9
C10H8O2,20,3039,2838,False,1419,142,1277,851,284,284,1277,851,284,284,1277,97,29,37,141
C10H8O3,21,1391,1236,False,618,62,556,371,124,123,556,371,124,123,556,18,4,7,6
C10H9N1,20,3177,1160,False,580,58,522,348,116,116,522,348,116,116,522,44,20,10,57
C10H9N1O1,21,3390,3353,False,1677,167,1509,1006,336,335,1509,1006,336,335,1509,9,3,1,25
C10H9N1O2,22,2466,1659,False,830,82,747,498,166,166,747,498,166,166,747,12,4,4,12
C10H9N1O3,23,136,135,False,68,6,61,41,14,13,61,41,14,13,61,2,0,1,0
C10H9N3,22,500,494,False,247,25,222,148,50,49,222,148,50,49,222,8,2,1,3
C10H9N3O1,23,658,652,False,326,33,293,196,65,65,293,196,65,65,293,5,6,2,10
C10H9N5,24,154,150,False,75,7,68,45,15,15,68,45,15,15,68,3,3,1,3
C10H9N5O1,25,1,0,True,0,0,0,0,0,0,0,0,0,0,0,0,0,0,0
C11H10,21,210,210,False,105,10,95,63,21,21,95,63,21,21,95,0,0,0,2
C11H10N2,23,1583,1254,False,627,63,564,376,126,125,564,376,126,125,564,9,3,2,7
C11H10N2O1,24,330,326,False,163,16,147,98,33,32,147,98,33,32,147,6,1,2,1
C11H10N2O2,25,2,0,True,0,0,0,0,0,0,0,0,0,0,0,0,0,0,0
C11H10N4,25,1,0,True,0,0,0,0,0,0,0,0,0,0,0,0,0,0,0
C11H10O1,22,803,799,False,400,39,360,240,80,80,360,240,80,80,360,0,0,0,5
C11H10O2,23,398,397,False,199,19,179,119,40,40,179,119,40,40,179,3,2,0,3
C11H10O3,24,245,242,False,121,12,109,73,24,24,109,73,24,24,109,0,0,0,0
C11H10O4,25,2,0,True,0,0,0,0,0,0,0,0,0,0,0,0,0,0,0
C11H10O7,28,1,0,True,0,0,0,0,0,0,0,0,0,0,0,0,0,0,0
C11H11N1,23,811,807,False,404,40,363,242,81,81,363,242,81,81,363,1,1,0,4
C11H11N1O1,24,1861,1695,False,848,84,763,509,170,169,763,509,170,169,763,6,1,1,9
C11H11N1O2,25,495,486,False,243,24,219,146,49,48,219,146,49,48,219,7,0,1,8
C11H11N1O3,26,135,131,False,66,6,59,40,13,13,59,40,13,13,59,3,2,2,0
C11H11N3,25,252,248,False,124,12,112,74,25,25,112,74,25,25,112,0,0,0,2
C11H11N3O1,26,104,104,False,52,5,47,31,11,10,47,31,11,10,47,0,0,0,0
C11H11N3O2,27,2,0,True,0,0,0,0,0,0,0,0,0,0,0,0,0,0,0
C11H12,23,16,16,False,8,1,7,5,2,1,7,5,2,1,7,1,0,0,1
C11H12N2,25,829,821,False,411,40,370,247,82,82,370,247,82,82,370,14,6,2,4
C11H12N2O1,26,1254,1235,False,618,61,556,371,124,123,556,371,124,123,556,12,3,5,8
C11H12N2O2,27,1314,1292,False,646,65,581,388,129,129,581,388,129,129,581,6,1,0,3
C11H12N4,27,1,0,True,0,0,0,0,0,0,0,0,0,0,0,0,0,0,0
C11H12N4O2,29,1,0,True,0,0,0,0,0,0,0,0,0,0,0,0,0,0,0
C11H12O1,24,634,486,False,243,24,219,146,49,48,219,146,49,48,219,1,0,0,7
C11H12O2,25,1496,1486,False,743,74,669,446,149,148,669,446,149,148,669,7,4,4,16
C11H12O3,26,99,98,False,49,5,44,29,10,10,44,29,10,10,44,0,0,0,0
C11H12O4,27,1,0,True,0,0,0,0,0,0,0,0,0,0,0,0,0,0,0
C11H13N1,25,2050,2021,False,1011,100,910,607,202,202,910,607,202,202,910,33,6,4,20
C11H13N1O1,26,2144,2109,False,1055,105,949,633,211,211,949,633,211,211,949,25,4,3,11
C11H13N1O2,27,1144,1133,False,567,56,510,340,114,113,510,340,114,113,510,13,8,2,6
C11H13N1O3,28,2,0,True,0,0,0,0,0,0,0,0,0,0,0,0,0,0,0
C11H13N1O4,29,4,0,True,0,0,0,0,0,0,0,0,0,0,0,0,0,0,0
C11H13N3,27,977,959,False,480,47,432,288,96,96,432,288,96,96,432,15,2,2,9
C11H13N3O1,28,268,263,False,132,13,118,79,27,26,118,79,27,26,118,4,0,0,3
C11H13N3O2,29,115,108,False,54,5,49,32,11,11,49,32,11,11,49,3,2,0,1
C11H13N5O1,30,1,0,True,0,0,0,0,0,0,0,0,0,0,0,0,0,0,0
C11H14,25,17,17,False,9,0,8,5,2,2,8,5,2,2,8,0,0,0,0
C11H14N2,27,1730,1716,False,858,86,772,515,172,171,772,515,172,171,772,10,4,3,11
C11H14N2O1,28,561,551,False,276,27,248,166,55,55,248,166,55,55,248,1,0,2,3
C11H14N2O2,29,250,246,False,123,12,111,74,25,24,111,74,25,24,111,0,0,0,1
C11H14N2O3,30,760,719,False,360,35,324,216,72,72,324,216,72,72,324,8,3,6,2
C11H14N2O4,31,784,744,False,372,37,335,223,75,74,335,223,75,74,335,5,0,4,5
C11H14N4,29,4,0,True,0,0,0,0,0,0,0,0,0,0,0,0,0,0,0
C11H14N4O1,30,2,0,True,0,0,0,0,0,0,0,0,0,0,0,0,0,0,0
C11H14N4O2,31,1,0,True,0,0,0,0,0,0,0,0,0,0,0,0,0,0,0
C11H14N4O3,32,2,0,True,0,0,0,0,0,0,0,0,0,0,0,0,0,0,0
C11H14O1,26,299,298,False,149,15,134,89,30,30,134,89,30,30,134,1,0,1,6
C11H14O2,27,1247,1228,False,614,61,553,368,123,123,553,368,123,123,553,4,0,1,4
C11H14O3,28,301,297,False,149,14,134,89,30,30,134,89,30,30,134,0,1,0,2
C11H14O4,29,96,92,False,46,5,41,28,9,9,41,28,9,9,41,1,1,0,1
C11H15N1,27,1135,1126,False,563,56,507,338,113,112,507,338,113,112,507,1,2,1,8
C11H15N1O1,28,2087,2067,False,1034,103,930,620,207,207,930,620,207,207,930,0,0,0,12
C11H15N1O2,29,1215,1189,False,595,59,535,357,119,119,535,357,119,119,535,6,4,1,6
C11H15N1O3,30,2,0,True,0,0,0,0,0,0,0,0,0,0,0,0,0,0,0
C11H15N1O4,31,2,0,True,0,0,0,0,0,0,0,0,0,0,0,0,0,0,0
C11H15N1O5,32,1,0,True,0,0,0,0,0,0,0,0,0,0,0,0,0,0,0
C11H15N3,29,986,969,False,485,48,436,291,97,97,436,291,97,97,436,10,4,5,5
C11H15N3O1,30,6,0,True,0,0,0,0,0,0,0,0,0,0,0,0,0,0,0
C11H15N3O2,31,2,0,True,0,0,0,0,0,0,0,0,0,0,0,0,0,0,0
C11H15N3O3,32,1,0,True,0,0,0,0,0,0,0,0,0,0,0,0,0,0,0
C11H15N5O1,32,1,0,True,0,0,0,0,0,0,0,0,0,0,0,0,0,0,0
C11H16,27,18,18,False,9,1,8,5,2,2,8,5,2,2,8,0,0,0,0
C11H16N2,29,999,992,False,496,50,446,298,99,99,446,298,99,99,446,7,3,1,4
C11H16N2O1,30,715,695,False,348,34,313,209,70,69,313,209,70,69,313,3,1,3,6
C11H16N2O2,31,215,208,False,104,10,94,62,21,21,94,62,21,21,94,0,0,0,5
C11H16N2O3,32,2,0,True,0,0,0,0,0,0,0,0,0,0,0,0,0,0,0
C11H16N4,31,109,105,False,53,5,47,32,11,10,47,32,11,10,47,5,2,3,2
C11H16N4O2,33,1,0,True,0,0,0,0,0,0,0,0,0,0,0,0,0,0,0
C11H16N4O3,34,1071,1030,False,515,51,464,309,103,103,464,309,103,103,464,14,9,7,4
C11H16N4O5,36,1111,1071,False,536,53,482,322,107,107,482,322,107,107,482,24,5,4,9
C11H16O1,28,153,152,False,76,8,68,46,15,15,68,46,15,15,68,6,2,0,0
C11H16O2,29,378,376,False,188,19,169,113,38,37,169,113,38,37,169,7,2,0,4
C11H16O3,30,95,92,False,46,5,41,28,9,9,41,28,9,9,41,0,0,0,0
C11H16O4,31,110,108,False,54,5,49,32,11,11,49,32,11,11,49,4,0,0,1
C11H17N1,29,205,205,False,103,10,92,62,21,20,92,62,21,20,92,2,1,0,0
C11H17N1O1,30,174,172,False,86,9,77,52,17,17,77,52,17,17,77,5,0,0,1
C11H17N1O2,31,845,833,False,417,41,375,250,84,83,375,250,84,83,375,10,3,2,4
C11H17N1O3,32,216,211,False,106,10,95,64,21,21,95,64,21,21,95,1,0,0,3
C11H17N1O4,33,2,0,True,0,0,0,0,0,0,0,0,0,0,0,0,0,0,0
C11H17N3,31,345,333,False,167,16,150,100,34,33,150,100,34,33,150,2,1,0,0
C11H17N3O1,32,412,403,False,202,20,181,121,41,40,181,121,41,40,181,2,1,2,3
C11H17N3O2,33,3,0,True,0,0,0,0,0,0,0,0,0,0,0,0,0,0,0
C11H17N3O6,37,1,0,True,0,0,0,0,0,0,0,0,0,0,0,0,0,0,0
C11H17N5O4,37,1053,1013,False,507,50,456,304,102,101,456,304,102,101,456,6,3,3,10
C11H17N9O2,39,1,0,True,0,0,0,0,0,0,0,0,0,0,0,0,0,0,0
C11H18,29,133,132,False,66,7,59,40,13,13,59,40,13,13,59,0,0,0,0
C11H18N2,31,217,210,False,105,10,95,63,21,21,95,63,21,21,95,3,0,1,0
C11H18N2O1,32,238,234,False,117,12,105,70,24,23,105,70,24,23,105,3,1,1,1
C11H18N2O2,33,108,102,False,51,5,46,31,10,10,46,31,10,10,46,1,0,0,1
C11H18N2O3,34,1,0,True,0,0,0,0,0,0,0,0,0,0,0,0,0,0,0
C11H18N4,33,2,0,True,0,0,0,0,0,0,0,0,0,0,0,0,0,0,0
C11H18N4O1,34,1,0,True,0,0,0,0,0,0,0,0,0,0,0,0,0,0,0
C11H18N4O3,36,1067,1027,False,514,51,462,308,103,103,462,308,103,103,462,12,6,6,6
C11H18N4O4,37,1,0,True,0,0,0,0,0,0,0,0,0,0,0,0,0,0,0
C11H18O1,30,139,139,False,70,6,63,42,14,14,63,42,14,14,63,0,0,0,0
C11H18O2,31,244,240,False,120,12,108,72,24,24,108,72,24,24,108,2,0,0,1
C11H18O3,32,3,0,True,0,0,0,0,0,0,0,0,0,0,0,0,0,0,0
C11H18O4,33,2,0,True,0,0,0,0,0,0,0,0,0,0,0,0,0,0,0
C11H19N1,31,301,298,False,149,15,134,89,30,30,134,89,30,30,134,1,4,1,1
C11H19N1O1,32,114,113,False,57,5,51,34,12,11,51,34,12,11,51,0,0,0,1
C11H19N1O2,33,112,108,False,54,5,49,32,11,11,49,32,11,11,49,0,0,0,0
C11H19N1O3,34,2,0,True,0,0,0,0,0,0,0,0,0,0,0,0,0,0,0
C11H19N3,33,2,0,True,0,0,0,0,0,0,0,0,0,0,0,0,0,0,0
C11H19N3O1,34,6,0,True,0,0,0,0,0,0,0,0,0,0,0,0,0,0,0
C11H20,31,17,17,False,9,0,8,5,2,2,8,5,2,2,8,0,0,0,0
C11H20N2,33,85,84,False,42,4,38,25,9,8,38,25,9,8,38,0,0,0,0
C11H20N2O1,34,231,225,False,113,11,101,68,23,22,101,68,23,22,101,1,0,0,0
C11H20N2O2,35,1,0,True,0,0,0,0,0,0,0,0,0,0,0,0,0,0,0
C11H20N2O3,36,1390,1308,False,654,65,589,392,131,131,589,392,131,131,589,16,5,4,11
C11H20N2O5,38,1574,1494,False,747,75,672,448,150,149,672,448,150,149,672,29,3,11,17
C11H20N4,35,205,198,False,99,10,89,59,20,20,89,59,20,20,89,0,1,0,3
C11H20N6O4,41,1,0,True,0,0,0,0,0,0,0,0,0,0,0,0,0,0,0
C11H20O1,32,100,100,False,50,5,45,30,10,10,45,30,10,10,45,0,0,1,0
C11H20O2,33,304,296,False,148,15,133,89,30,29,133,89,30,29,133,2,0,0,2
C11H20O3,34,405,403,False,202,20,181,121,41,40,181,121,41,40,181,3,2,1,2
C11H20O4,35,133,132,False,66,7,59,40,13,13,59,40,13,13,59,3,0,2,1
C11H21N1,33,365,360,False,180,18,162,108,36,36,162,108,36,36,162,3,3,1,5
C11H21N1O1,34,80,79,False,40,3,36,24,8,8,36,24,8,8,36,2,1,0,1
C11H21N1O2,35,2,0,True,0,0,0,0,0,0,0,0,0,0,0,0,0,0,0
C11H21N3,35,202,199,False,100,9,90,60,20,20,90,60,20,20,90,0,1,1,4
C11H21N3O1,36,90,90,False,45,4,41,27,9,9,41,27,9,9,41,1,0,2,0
C11H21N3O3,38,924,884,False,442,44,398,265,89,88,398,265,89,88,398,13,3,1,6
C11H21N3O4,39,1507,1427,False,714,71,642,428,143,143,642,428,143,143,642,16,5,3,8
C11H21N3O5,40,980,940,False,470,47,423,282,94,94,423,282,94,94,423,13,7,5,11
C11H21N5O3,40,1077,1037,False,519,51,467,311,104,104,467,311,104,104,467,20,7,8,16
C11H21N5O5,42,1085,1045,False,523,52,470,314,105,104,470,314,105,104,470,0,0,0,0
C11H22,33,7,7,False,4,0,3,2,1,1,3,2,1,1,3,0,0,0,0
C11H22N2,35,58,58,False,29,3,26,17,6,6,26,17,6,6,26,0,0,0,1
C11H22N2O1,36,1,0,True,0,0,0,0,0,0,0,0,0,0,0,0,0,0,0
C11H22N2O3,38,1214,1134,False,567,57,510,340,114,113,510,340,114,113,510,10,2,2,5
C11H22N4O1,38,1,0,True,0,0,0,0,0,0,0,0,0,0,0,0,0,0,0
C11H22N4O4,41,937,897,False,449,44,404,269,90,90,404,269,90,90,404,11,1,3,3
C11H22N6O4,43,1061,1021,False,511,50,460,307,102,102,460,307,102,102,460,0,0,0,0
C11H22O1,34,129,129,False,65,6,58,39,13,13,58,39,13,13,58,1,2,0,0
C11H22O2,35,1,0,True,0,0,0,0,0,0,0,0,0,0,0,0,0,0,0
C11H22O3,36,223,220,False,110,11,99,66,22,22,99,66,22,22,99,3,0,1,2
C11H22O4,37,2,0,True,0,0,0,0,0,0,0,0,0,0,0,0,0,0,0
C11H23N1,35,118,118,False,59,6,53,35,12,12,53,35,12,12,53,0,0,0,1
C11H23N1O1,36,73,71,False,36,3,32,22,7,7,32,22,7,7,32,0,0,0,0
C11H23N3O3,40,886,846,False,423,42,381,254,85,84,381,254,85,84,381,11,2,1,9
C11H23N5O3,42,993,947,False,474,47,426,284,95,95,426,284,95,95,426,17,2,1,12
C11H24,35,4,4,False,3,0,1,1,1,1,1,1,1,1,1,0,0,0,0
C11H24N2,37,1,0,True,0,0,0,0,0,0,0,0,0,0,0,0,0,0,0
C11H24N2O3,40,1,0,True,0,0,0,0,0,0,0,0,0,0,0,0,0,0,0
C11H24N4,39,1,0,True,0,0,0,0,0,0,0,0,0,0,0,0,0,0,0
C11H24N4O1,40,2,0,True,0,0,0,0,0,0,0,0,0,0,0,0,0,0,0
C11H24O1,36,8,8,False,4,0,4,2,1,1,4,2,1,1,4,0,0,0,0
C11H24O3,38,427,419,False,210,20,189,126,42,42,189,126,42,42,189,11,1,4,7
C11H24O4,39,135,131,False,66,6,59,40,13,13,59,40,13,13,59,6,3,3,3
C11H25N1,37,11,11,False,6,0,5,4,1,1,5,4,1,1,5,0,0,0,0
C11H25N1O2,39,113,113,False,57,5,51,34,12,11,51,34,12,11,51,0,0,1,1
C11H25N3O1,40,1,0,True,0,0,0,0,0,0,0,0,0,0,0,0,0,0,0
C11H26N4O1,42,88,33,False,17,1,15,10,4,3,15,10,4,3,15,2,1,0,0
C11H27N1,39,1,1,True,0,0,0,0,0,0,0,0,0,0,0,0,0,0,0
C11H3N1,15,2,2,True,0,0,0,0,0,0,0,0,0,0,0,0,0,0,0
C11H4O1,16,1,1,True,0,0,0,0,0,0,0,0,0,0,0,0,0,0,0
C11H5N1,17,4,4,False,3,0,1,1,1,1,1,1,1,1,1,0,0,0,0
C11H6,17,1,1,True,0,0,0,0,0,0,0,0,0,0,0,0,0,0,0
C11H6N2,19,144,143,False,72,7,64,43,15,14,64,43,15,14,64,7,6,3,7
C11H6O1,18,5,5,False,3,0,2,2,1,0,2,2,1,0,2,0,0,0,0
C11H6O2,19,132,132,False,66,7,59,40,13,13,59,40,13,13,59,3,2,1,4
C11H7N1,19,15,15,False,8,0,7,5,2,1,7,5,2,1,7,0,0,0,0
C11H7N1O1,20,338,333,False,167,16,150,100,34,33,150,100,34,33,150,7,4,1,22
C11H8,19,4,4,False,3,0,1,1,1,1,1,1,1,1,1,0,0,0,0
C11H8N2,21,547,544,False,272,27,245,163,55,54,245,163,55,54,245,14,3,1,7
C11H8N2O2,23,2,0,True,0,0,0,0,0,0,0,0,0,0,0,0,0,0,0
C11H8N4,23,1,0,True,0,0,0,0,0,0,0,0,0,0,0,0,0,0,0
C11H8O1,20,236,236,False,118,12,106,71,24,23,106,71,24,23,106,7,3,4,10
C11H8O2,21,888,886,False,443,44,399,266,89,88,399,266,89,88,399,12,0,2,3
C11H8O3,22,2,0,True,0,0,0,0,0,0,0,0,0,0,0,0,0,0,0
C11H9N1,21,328,327,False,164,16,147,98,33,33,147,98,33,33,147,0,0,0,0
C11H9N1O1,22,866,714,False,357,36,321,214,72,71,321,214,72,71,321,0,1,0,6
C11H9N1O2,23,114,114,False,57,6,51,34,12,11,51,34,12,11,51,0,0,0,2
C11H9N1O3,24,2,0,True,0,0,0,0,0,0,0,0,0,0,0,0,0,0,0
C11H9N3,23,152,152,False,76,8,68,46,15,15,68,46,15,15,68,0,0,0,0
C11H9N3O1,24,119,119,False,60,5,54,36,12,12,54,36,12,12,54,4,0,0,1
C12H10,22,1431,135,False,68,6,61,41,14,13,61,41,14,13,61,1,0,0,2
C12H10N2,24,1425,1261,False,631,62,568,379,126,126,568,379,126,126,568,23,7,11,15
C12H10N2O1,25,1,0,True,0,0,0,0,0,0,0,0,0,0,0,0,0,0,0
C12H10O1,23,198,194,False,97,10,87,58,20,19,87,58,20,19,87,1,0,1,0
C12H10O2,24,968,823,False,412,41,370,247,83,82,370,247,83,82,370,3,1,0,12
C12H10O3,25,133,129,False,65,6,58,39,13,13,58,39,13,13,58,0,0,0,0
C12H11N1,24,341,340,False,170,17,153,102,34,34,153,102,34,34,153,4,0,0,1
C12H11N1O1,25,1649,1634,False,817,82,735,490,164,163,735,490,164,163,735,6,4,7,8
C12H11N1O2,26,332,330,False,165,16,149,99,33,33,149,99,33,33,149,2,0,1,2
C12H11N1O3,27,1,0,True,0,0,0,0,0,0,0,0,0,0,0,0,0,0,0
C12H11N3,26,90,89,False,45,4,40,27,9,9,40,27,9,9,40,0,1,1,1
C12H12,24,1515,1185,False,593,59,533,356,119,118,533,356,119,118,533,2,0,0,6
C12H12N2,26,599,589,False,295,29,265,177,59,59,265,177,59,59,265,4,2,0,4
C12H12N2O1,27,357,345,False,173,17,155,104,35,34,155,104,35,34,155,5,0,0,3
C12H12N2O2,28,2,0,True,0,0,0,0,0,0,0,0,0,0,0,0,0,0,0
C12H12N4,28,2,0,True,0,0,0,0,0,0,0,0,0,0,0,0,0,0,0
C12H12O1,25,669,661,False,331,32,298,199,66,66,298,199,66,66,298,1,0,0,1
C12H12O2,26,235,233,False,117,11,105,70,24,23,105,70,24,23,105,1,0,0,4
C12H13N1,26,986,976,False,488,49,439,293,98,97,439,293,98,97,439,2,0,0,4
C12H13N1O1,27,1321,1305,False,653,65,587,392,131,130,587,392,131,130,587,5,2,3,11
C12H13N1O2,28,128,121,False,61,5,55,37,12,12,55,37,12,12,55,0,0,0,0
C12H13N1O3,29,2,0,True,0,0,0,0,0,0,0,0,0,0,0,0,0,0,0
C12H13N3,28,74,68,False,34,3,31,20,7,7,31,20,7,7,31,0,0,0,0
C12H13N3O1,29,94,88,False,44,4,40,26,9,9,40,26,9,9,40,1,0,0,3
C12H13N3O2,30,1,0,True,0,0,0,0,0,0,0,0,0,0,0,0,0,0,0
C12H14,26,129,126,False,63,6,57,38,13,12,57,38,13,12,57,0,0,0,1
C12H14N12O1,39,1,0,True,0,0,0,0,0,0,0,0,0,0,0,0,0,0,0
C12H14N2,28,1177,1168,False,584,58,526,350,117,117,526,350,117,117,526,5,3,0,10
C12H14N2O1,29,471,460,False,230,23,207,138,46,46,207,138,46,46,207,5,1,4,1
C12H14N2O2,30,4,0,True,0,0,0,0,0,0,0,0,0,0,0,0,0,0,0
C12H14N2O8,36,1,0,True,0,0,0,0,0,0,0,0,0,0,0,0,0,0,0
C12H14N4,30,1,0,True,0,0,0,0,0,0,0,0,0,0,0,0,0,0,0
C12H14N4O5,35,1,0,True,0,0,0,0,0,0,0,0,0,0,0,0,0,0,0
C12H14N8O1,35,1,0,True,0,0,0,0,0,0,0,0,0,0,0,0,0,0,0
C12H14O1,27,126,126,False,63,6,57,38,13,12,57,38,13,12,57,0,0,0,0
C12H14O2,28,481,473,False,237,23,213,142,48,47,213,142,48,47,213,9,4,8,2
C12H14O3,29,2,0,True,0,0,0,0,0,0,0,0,0,0,0,0,0,0,0
C12H15N1,28,2732,2694,False,1347,135,1212,808,270,269,1212,808,270,269,1212,2,2,1,21
C12H15N1O1,29,746,727,False,364,36,327,218,73,73,327,218,73,73,327,18,2,3,3
C12H15N1O2,30,115,109,False,55,5,49,33,11,11,49,33,11,11,49,0,0,0,1
C12H15N1O3,31,3,0,True,0,0,0,0,0,0,0,0,0,0,0,0,0,0,0
C12H15N3,30,366,361,False,181,17,163,109,36,36,163,109,36,36,163,6,3,4,3
C12H15N3O1,31,2,0,True,0,0,0,0,0,0,0,0,0,0,0,0,0,0,0
C12H16,28,34,34,False,17,2,15,10,4,3,15,10,4,3,15,0,0,0,0
C12H16N2,30,932,912,False,456,46,410,274,91,91,410,274,91,91,410,5,2,1,8
C12H16N2O1,31,282,274,False,137,14,123,82,28,27,123,82,28,27,123,0,0,0,0
C12H16N2O2,32,3,0,True,0,0,0,0,0,0,0,0,0,0,0,0,0,0,0
C12H16N2O3,33,755,713,False,357,35,321,214,72,71,321,214,72,71,321,3,1,3,3
C12H16N2O4,34,1474,1394,False,697,70,627,418,140,139,627,418,140,139,627,10,1,4,13
C12H16N2O5,35,889,849,False,425,42,382,255,85,85,382,255,85,85,382,8,4,0,4
C12H16N4,32,2,0,True,0,0,0,0,0,0,0,0,0,0,0,0,0,0,0
C12H16N4O1,33,2,0,True,0,0,0,0,0,0,0,0,0,0,0,0,0,0,0
C12H16N6O3,37,573,553,False,277,27,249,166,56,55,249,166,56,55,249,0,0,0,0
C12H16O1,29,61,61,False,31,2,28,19,6,6,28,19,6,6,28,1,0,0,1
C12H16O2,30,566,557,False,279,27,251,167,56,56,251,167,56,56,251,4,1,0,7
C12H16O3,31,96,93,False,47,4,42,28,10,9,42,28,10,9,42,0,0,0,0
C12H16O4,32,1,0,True,0,0,0,0,0,0,0,0,0,0,0,0,0,0,0
C12H17N1,30,893,889,False,445,44,400,267,89,89,400,267,89,89,400,3,0,1,6
C12H17N1O1,31,882,857,False,429,42,386,257,86,86,386,257,86,86,386,4,0,0,9
C12H17N1O2,32,814,809,False,405,40,364,243,81,81,364,243,81,81,364,7,2,0,7
C12H17N1O3,33,1,0,True,0,0,0,0,0,0,0,0,0,0,0,0,0,0,0
C12H17N3,32,301,292,False,146,15,131,88,29,29,131,88,29,29,131,4,0,0,3
C12H17N3O1,33,3,0,True,0,0,0,0,0,0,0,0,0,0,0,0,0,0,0
C12H17N5,34,3,0,True,0,0,0,0,0,0,0,0,0,0,0,0,0,0,0
C12H17N5O4,38,1,0,True,0,0,0,0,0,0,0,0,0,0,0,0,0,0,0
C12H18,30,312,306,False,153,15,138,92,31,30,138,92,31,30,138,10,2,2,4
C12H18N2,32,833,819,False,410,40,369,246,82,82,369,246,82,82,369,3,1,0,5
C12H18N2O1,33,125,114,False,57,6,51,34,12,11,51,34,12,11,51,3,0,1,0
C12H18N2O2,34,128,125,False,63,6,56,38,13,12,56,38,13,12,56,0,0,0,1
C12H18N2O4,36,1,0,True,0,0,0,0,0,0,0,0,0,0,0,0,0,0,0
C12H18N4,34,2,0,True,0,0,0,0,0,0,0,0,0,0,0,0,0,0,0
C12H18N4O3,37,1,0,True,0,0,0,0,0,0,0,0,0,0,0,0,0,0,0
C12H18N8O2,40,1,0,True,0,0,0,0,0,0,0,0,0,0,0,0,0,0,0
C12H18O1,31,1,0,True,0,0,0,0,0,0,0,0,0,0,0,0,0,0,0
C12H18O2,32,442,440,False,220,22,198,132,44,44,198,132,44,44,198,1,1,1,4
C12H18O3,33,143,141,False,71,6,64,43,14,14,64,43,14,14,64,3,1,0,3
C12H19N1O1,33,2,0,True,0,0,0,0,0,0,0,0,0,0,0,0,0,0,0
C12H19N1O2,34,212,205,False,103,10,92,62,21,20,92,62,21,20,92,0,0,0,0
C12H19N1O3,35,1,0,True,0,0,0,0,0,0,0,0,0,0,0,0,0,0,0
C12H19N3,34,3,0,True,0,0,0,0,0,0,0,0,0,0,0,0,0,0,0
C12H19N3O1,35,132,129,False,65,6,58,39,13,13,58,39,13,13,58,0,0,0,1
C12H19N3O7,41,1,0,True,0,0,0,0,0,0,0,0,0,0,0,0,0,0,0
C12H20,32,31,31,False,16,1,14,10,3,3,14,10,3,3,14,0,0,0,0
C12H20N2,34,771,731,False,366,36,329,220,73,73,329,220,73,73,329,17,4,4,8
C12H20N2O1,35,112,108,False,54,5,49,32,11,11,49,32,11,11,49,1,1,1,1
C12H20N2O2,36,2,0,True,0,0,0,0,0,0,0,0,0,0,0,0,0,0,0
C12H20N4,36,2,0,True,0,0,0,0,0,0,0,0,0,0,0,0,0,0,0
C12H20N4O3,39,1539,1459,False,730,72,657,438,146,146,657,438,146,146,657,11,6,5,7
C12H20N4O6,42,1,0,True,0,0,0,0,0,0,0,0,0,0,0,0,0,0,0
C12H20N6O1,39,1,0,True,0,0,0,0,0,0,0,0,0,0,0,0,0,0,0
C12H20O1,33,77,77,False,39,3,35,23,8,8,35,23,8,8,35,0,0,0,0
C12H21N1,34,126,122,False,61,6,55,37,12,12,55,37,12,12,55,2,1,0,1
C12H21N1O2,36,1,0,True,0,0,0,0,0,0,0,0,0,0,0,0,0,0,0
C12H21N3,36,73,70,False,35,3,32,21,7,7,32,21,7,7,32,2,1,2,1
C12H21N3O1,37,1,0,True,0,0,0,0,0,0,0,0,0,0,0,0,0,0,0
C12H21N3O2,38,2,0,True,0,0,0,0,0,0,0,0,0,0,0,0,0,0,0
C12H21N5O3,41,937,897,False,449,44,404,269,90,90,404,269,90,90,404,11,7,4,6
C12H21N7O3,43,1167,1127,False,564,56,507,338,113,113,507,338,113,113,507,0,0,0,0
C12H22,34,102,98,False,49,5,44,29,10,10,44,29,10,10,44,1,2,0,1
C12H22N2,36,1,0,True,0,0,0,0,0,0,0,0,0,0,0,0,0,0,0
C12H22N2O1,37,91,88,False,44,4,40,26,9,9,40,26,9,9,40,0,0,0,0
C12H22N4O1,39,95,93,False,47,4,42,28,10,9,42,28,10,9,42,2,0,0,0
C12H22O1,35,430,426,False,213,21,192,128,43,42,192,128,43,42,192,5,2,2,3
C12H22O2,36,90,85,False,43,4,38,26,9,8,38,26,9,8,38,0,0,0,0
C12H22O3,37,1,0,True,0,0,0,0,0,0,0,0,0,0,0,0,0,0,0
C12H22O4,38,1,0,True,0,0,0,0,0,0,0,0,0,0,0,0,0,0,0
C12H23N1O1,37,78,78,False,39,4,35,23,8,8,35,23,8,8,35,5,1,0,3
C12H23N1O4,40,1,0,True,0,0,0,0,0,0,0,0,0,0,0,0,0,0,0
C12H23N3,38,84,82,False,41,4,37,25,8,8,37,25,8,8,37,0,1,0,1
C12H23N5O3,43,1,0,True,0,0,0,0,0,0,0,0,0,0,0,0,0,0,0
C12H23N7O3,45,1,0,True,0,0,0,0,0,0,0,0,0,0,0,0,0,0,0
C12H24,36,98,98,False,49,5,44,29,10,10,44,29,10,10,44,1,0,0,3
C12H24N2,38,187,174,False,87,9,78,52,18,17,78,52,18,17,78,5,2,1,2
C12H24N2O1,39,201,195,False,98,9,88,59,20,19,88,59,20,19,88,4,0,0,1
C12H24N2O2,40,77,74,False,37,4,33,22,8,7,33,22,8,7,33,0,0,0,1
C12H24N2O3,41,1323,1243,False,622,62,559,373,125,124,559,373,125,124,559,27,11,11,45
C12H24N4,40,2,0,True,0,0,0,0,0,0,0,0,0,0,0,0,0,0,0
C12H24O1,37,108,107,False,54,5,48,32,11,11,48,32,11,11,48,2,0,2,2
C12H24O3,39,1,0,True,0,0,0,0,0,0,0,0,0,0,0,0,0,0,0
C12H24O4,40,409,407,False,204,20,183,122,41,41,183,122,41,41,183,8,2,6,5
C12H24O6,42,130,130,False,65,6,59,39,13,13,59,39,13,13,59,2,1,1,4
C12H25N1,38,75,75,False,38,3,34,23,8,7,34,23,8,7,34,0,0,1,2
C12H25N1O1,39,107,105,False,53,5,47,32,11,10,47,32,11,10,47,3,0,0,1
C12H25N1O2,40,101,101,False,51,4,46,31,10,10,46,31,10,10,46,4,0,1,2
C12H25N1O5,43,121,121,False,61,5,55,37,12,12,55,37,12,12,55,1,0,1,2
C12H25N3O1,41,3,0,True,0,0,0,0,0,0,0,0,0,0,0,0,0,0,0
C12H25N3O3,43,1139,1059,False,530,52,477,318,106,106,477,318,106,106,477,15,3,3,1
C12H25N5O3,45,1679,1599,False,800,79,720,480,160,160,720,480,160,160,720,44,8,13,13
C12H26,38,1,1,True,0,0,0,0,0,0,0,0,0,0,0,0,0,0,0
C12H26N2O1,41,88,86,False,43,4,39,26,9,8,39,26,9,8,39,3,0,0,1
C12H26N2O2,42,1,0,True,0,0,0,0,0,0,0,0,0,0,0,0,0,0,0
C12H26N2O3,43,1,0,True,0,0,0,0,0,0,0,0,0,0,0,0,0,0,0
C12H26N4,42,1,0,True,0,0,0,0,0,0,0,0,0,0,0,0,0,0,0
C12H26N4O1,43,1,0,True,0,0,0,0,0,0,0,0,0,0,0,0,0,0,0
C12H26N4O3,45,362,342,False,171,17,154,103,34,34,154,103,34,34,154,14,3,7,13
C12H26N6O3,47,1045,1005,False,503,50,452,302,101,100,452,302,101,100,452,0,0,0,0
C12H26N8O3,49,540,520,False,260,26,234,156,52,52,234,156,52,52,234,0,0,0,0
C12H26O3,41,281,276,False,138,14,124,83,28,27,124,83,28,27,124,7,3,7,1
C12H26O7,45,134,129,False,65,6,58,39,13,13,58,39,13,13,58,3,1,1,3
C12H27N1O8,48,3,0,True,0,0,0,0,0,0,0,0,0,0,0,0,0,0,0
C12H27N3,42,57,56,False,28,3,25,17,6,5,25,17,6,5,25,0,0,0,0
C12H27N3O1,43,4,0,True,0,0,0,0,0,0,0,0,0,0,0,0,0,0,0
C12H27N3O2,44,2,0,True,0,0,0,0,0,0,0,0,0,0,0,0,0,0,0
C12H27N3O3,45,110,109,False,55,5,49,33,11,11,49,33,11,11,49,1,1,0,1
C12H27N5,44,1,0,True,0,0,0,0,0,0,0,0,0,0,0,0,0,0,0
C12H28N4,44,111,37,False,19,1,17,11,4,4,17,11,4,4,17,1,0,2,0
C12H28N4O1,45,105,105,False,53,5,47,32,11,10,47,32,11,10,47,0,0,0,0
C12H28O3,43,1,0,True,0,0,0,0,0,0,0,0,0,0,0,0,0,0,0
C12H29N1O4,46,2,0,True,0,0,0,0,0,0,0,0,0,0,0,0,0,0,0
C12H29N5O1,47,124,121,False,61,5,55,37,12,12,55,37,12,12,55,5,2,1,1
C12H30N6O2,50,1,0,True,0,0,0,0,0,0,0,0,0,0,0,0,0,0,0
C12H31N5O2,50,1,0,True,0,0,0,0,0,0,0,0,0,0,0,0,0,0,0
C12H6,18,3,3,True,0,0,0,0,0,0,0,0,0,0,0,0,0,0,0
C12H8,20,254,249,False,125,12,112,75,25,25,112,75,25,25,112,6,3,2,8
C12H8N2,22,112,112,False,56,6,50,34,11,11,50,34,11,11,50,0,0,0,2
C12H8N2O1,23,1,0,True,0,0,0,0,0,0,0,0,0,0,0,0,0,0,0
C12H8O1,21,410,409,False,205,20,184,123,41,41,184,123,41,41,184,2,0,4,5
C12H8O2,22,117,117,False,59,5,53,35,12,12,53,35,12,12,53,0,0,0,0
C12H9N1,22,113,110,False,55,5,50,33,11,11,50,33,11,11,50,0,0,0,3
C12H9N1O1,23,1065,1055,False,528,52,475,317,106,105,475,317,106,105,475,14,6,6,4
C12H9N1O2,24,140,139,False,70,6,63,42,14,14,63,42,14,14,63,0,1,1,4
C12H9N3,24,398,391,False,196,19,176,118,39,39,176,118,39,39,176,4,0,0,2
C13H10,23,240,237,False,119,11,107,71,24,24,107,71,24,24,107,0,0,0,0
C13H10N2,25,267,263,False,132,13,118,79,27,26,118,79,27,26,118,1,0,1,3
C13H10O1,24,253,249,False,125,12,112,75,25,25,112,75,25,25,112,0,0,0,0
C13H10O2,25,116,116,False,58,6,52,35,12,11,52,35,12,11,52,0,0,1,2
C13H11N1,25,370,365,False,183,18,164,110,37,36,164,110,37,36,164,1,3,3,8
C13H11N1O2,27,1,0,True,0,0,0,0,0,0,0,0,0,0,0,0,0,0,0
C13H12N2O1,28,3,0,True,0,0,0,0,0,0,0,0,0,0,0,0,0,0,0
C13H12O1,26,293,289,False,145,14,130,87,29,29,130,87,29,29,130,0,0,0,1
C13H12O2,27,210,205,False,103,10,92,62,21,20,92,62,21,20,92,0,0,0,0
C13H13N1,27,813,805,False,403,40,362,242,81,80,362,242,81,80,362,3,1,3,2
C13H13N1O1,28,222,216,False,108,11,97,65,22,21,97,65,22,21,97,2,0,0,2
C13H13N1O2,29,125,123,False,62,6,55,37,13,12,55,37,13,12,55,1,1,1,2
C13H13N1O3,30,2,0,True,0,0,0,0,0,0,0,0,0,0,0,0,0,0,0
C13H13N3,29,1,0,True,0,0,0,0,0,0,0,0,0,0,0,0,0,0,0
C13H14N2,29,326,324,False,162,16,146,97,33,32,146,97,33,32,146,1,2,0,3
C13H14N2O1,30,1,0,True,0,0,0,0,0,0,0,0,0,0,0,0,0,0,0
C13H14N2O6,35,1,0,True,0,0,0,0,0,0,0,0,0,0,0,0,0,0,0
C13H14O1,28,106,103,False,52,5,46,31,11,10,46,31,11,10,46,0,0,0,1
C13H14O2,29,119,115,False,58,5,52,35,12,11,52,35,12,11,52,0,0,0,0
C13H15N1,29,791,777,False,389,38,350,233,78,78,350,233,78,78,350,3,3,4,4
C13H15N1O1,30,460,459,False,230,22,207,138,46,46,207,138,46,46,207,0,1,1,3
C13H15N3,31,1,0,True,0,0,0,0,0,0,0,0,0,0,0,0,0,0,0
C13H15N3O3,34,983,943,False,472,47,424,283,95,94,424,283,95,94,424,15,4,2,7
C13H15N3O6,37,1,0,True,0,0,0,0,0,0,0,0,0,0,0,0,0,0,0
C13H15N5O5,38,1,0,True,0,0,0,0,0,0,0,0,0,0,0,0,0,0,0
C13H16N2,31,355,344,False,172,17,155,103,35,34,155,103,35,34,155,2,1,0,2
C13H16N2O1,32,1,0,True,0,0,0,0,0,0,0,0,0,0,0,0,0,0,0
C13H16N2O5,36,923,883,False,442,44,397,265,89,88,397,265,89,88,397,11,3,5,5
C13H16N2O6,37,930,890,False,445,44,401,267,89,89,401,267,89,89,401,0,0,0,0
C13H16N4O5,38,1,0,True,0,0,0,0,0,0,0,0,0,0,0,0,0,0,0
C13H16O1,30,104,104,False,52,5,47,31,11,10,47,31,11,10,47,0,0,1,1
C13H16O2,31,3,0,True,0,0,0,0,0,0,0,0,0,0,0,0,0,0,0
C13H17N1,31,2436,2382,False,1191,119,1072,715,238,238,1072,715,238,238,1072,6,2,1,8
C13H17N1O1,32,552,548,False,274,27,247,164,55,55,247,164,55,55,247,1,1,1,2
C13H17N1O2,33,4,0,True,0,0,0,0,0,0,0,0,0,0,0,0,0,0,0
C13H17N1O3,34,1,0,True,0,0,0,0,0,0,0,0,0,0,0,0,0,0,0
C13H17N3,33,114,107,False,54,5,48,32,11,11,48,32,11,11,48,0,0,0,0
C13H17N3O1,34,2,0,True,0,0,0,0,0,0,0,0,0,0,0,0,0,0,0
C13H17N3O4,37,864,672,False,336,34,302,202,67,67,302,202,67,67,302,10,5,1,4
C13H17N3O5,38,826,786,False,393,39,354,236,79,78,354,236,79,78,354,0,0,0,0
C13H17N7O1,38,1,0,True,0,0,0,0,0,0,0,0,0,0,0,0,0,0,0
C13H18N2,33,2,0,True,0,0,0,0,0,0,0,0,0,0,0,0,0,0,0
C13H18N2O1,34,4,0,True,0,0,0,0,0,0,0,0,0,0,0,0,0,0,0
C13H18N2O4,37,959,919,False,460,45,414,276,92,92,414,276,92,92,414,11,5,4,8
C13H18N2O5,38,822,782,False,391,39,352,235,78,78,352,235,78,78,352,6,5,1,7
C13H18N4,35,1,0,True,0,0,0,0,0,0,0,0,0,0,0,0,0,0,0
C13H18N8O2,41,1,0,True,0,0,0,0,0,0,0,0,0,0,0,0,0,0,0
C13H18O2,33,185,181,False,91,8,82,55,18,18,82,55,18,18,82,1,0,0,1
C13H19N1,33,616,608,False,304,30,274,182,61,61,274,182,61,61,274,0,0,0,3
C13H19N1O1,34,317,308,False,154,15,139,92,31,31,139,92,31,31,139,0,0,0,0
C13H19N1O3,36,1,0,True,0,0,0,0,0,0,0,0,0,0,0,0,0,0,0
C13H19N3,35,1,0,True,0,0,0,0,0,0,0,0,0,0,0,0,0,0,0
C13H19N3O1,36,2,0,True,0,0,0,0,0,0,0,0,0,0,0,0,0,0,0
C13H20N2,35,335,325,False,163,16,146,98,33,32,146,98,33,32,146,0,0,1,4
C13H20N2O1,36,95,92,False,46,5,41,28,9,9,41,28,9,9,41,0,0,0,2
C13H20N2O2,37,1,0,True,0,0,0,0,0,0,0,0,0,0,0,0,0,0,0
C13H20O1,34,67,66,False,33,3,30,20,7,6,30,20,7,6,30,0,1,0,1
C13H20O2,35,384,383,False,192,19,172,115,39,38,172,115,39,38,172,0,0,0,1
C13H21N1O1,36,2,0,True,0,0,0,0,0,0,0,0,0,0,0,0,0,0,0
C13H21N1O2,37,301,296,False,148,15,133,89,30,29,133,89,30,29,133,4,0,1,0
C13H21N1O3,38,129,128,False,64,6,58,38,13,13,58,38,13,13,58,0,0,0,0
C13H21N1O4,39,1,0,True,0,0,0,0,0,0,0,0,0,0,0,0,0,0,0
C13H21N3,37,2,0,True,0,0,0,0,0,0,0,0,0,0,0,0,0,0,0
C13H21N3O1,38,2,0,True,0,0,0,0,0,0,0,0,0,0,0,0,0,0,0
C13H21N3O6,43,1,0,True,0,0,0,0,0,0,0,0,0,0,0,0,0,0,0
C13H21N9O1,44,1,0,True,0,0,0,0,0,0,0,0,0,0,0,0,0,0,0
C13H22,35,1,0,True,0,0,0,0,0,0,0,0,0,0,0,0,0,0,0
C13H22N2O1,38,113,111,False,56,5,50,34,11,11,50,34,11,11,50,0,0,0,0
C13H22N2O4,41,2,0,True,0,0,0,0,0,0,0,0,0,0,0,0,0,0,0
C13H23N1O1,38,117,113,False,57,5,51,34,12,11,51,34,12,11,51,1,0,2,1
C13H23N3,39,74,73,False,37,3,33,22,8,7,33,22,8,7,33,2,0,0,3
C13H24N2,39,3,0,True,0,0,0,0,0,0,0,0,0,0,0,0,0,0,0
C13H24N2O1,40,1,0,True,0,0,0,0,0,0,0,0,0,0,0,0,0,0,0
C13H24N2O2,41,1,0,True,0,0,0,0,0,0,0,0,0,0,0,0,0,0,0
C13H24N2O4,43,1,0,True,0,0,0,0,0,0,0,0,0,0,0,0,0,0,0
C13H24N4,41,2,0,True,0,0,0,0,0,0,0,0,0,0,0,0,0,0,0
C13H24O1,38,124,120,False,60,6,54,36,12,12,54,36,12,12,54,2,2,1,1
C13H24O2,39,1,0,True,0,0,0,0,0,0,0,0,0,0,0,0,0,0,0
C13H25N1,39,97,94,False,47,5,42,28,10,9,42,28,10,9,42,0,0,0,1
C13H25N3,41,129,128,False,64,6,58,38,13,13,58,38,13,13,58,1,3,3,1
C13H25N3O1,42,1,0,True,0,0,0,0,0,0,0,0,0,0,0,0,0,0,0
C13H26N4,43,1,0,True,0,0,0,0,0,0,0,0,0,0,0,0,0,0,0
C13H26O1,40,1,0,True,0,0,0,0,0,0,0,0,0,0,0,0,0,0,0
C13H26O2,41,1,0,True,0,0,0,0,0,0,0,0,0,0,0,0,0,0,0
C13H27N1O1,42,84,83,False,42,4,37,25,9,8,37,25,9,8,37,1,1,3,0
C13H27N3O1,44,1,0,True,0,0,0,0,0,0,0,0,0,0,0,0,0,0,0
C13H28N2,43,1,0,True,0,0,0,0,0,0,0,0,0,0,0,0,0,0,0
C13H28N2O1,44,115,115,False,58,5,52,35,12,11,52,35,12,11,52,0,1,0,1
C13H30O4,47,1,0,True,0,0,0,0,0,0,0,0,0,0,0,0,0,0,0
C13H9N1,23,112,109,False,55,5,49,33,11,11,49,33,11,11,49,0,0,0,0
C14H10,24,112,110,False,55,5,50,33,11,11,50,33,11,11,50,2,1,2,1
C14H11N1,26,605,599,False,300,29,270,180,60,60,270,180,60,60,270,8,3,0,5
C14H11N3,28,2,0,True,0,0,0,0,0,0,0,0,0,0,0,0,0,0,0
C14H12,26,107,107,False,54,5,48,32,11,11,48,32,11,11,48,1,0,0,1
C14H12N2,28,1,0,True,0,0,0,0,0,0,0,0,0,0,0,0,0,0,0
C14H12O2,28,1,0,True,0,0,0,0,0,0,0,0,0,0,0,0,0,0,0
C14H13N1,28,116,114,False,57,6,51,34,12,11,51,34,12,11,51,0,0,1,1
C14H13N1O1,29,1,0,True,0,0,0,0,0,0,0,0,0,0,0,0,0,0,0
C14H13N1O2,30,1,0,True,0,0,0,0,0,0,0,0,0,0,0,0,0,0,0
C14H14N2,30,5,0,True,0,0,0,0,0,0,0,0,0,0,0,0,0,0,0
C14H14N6O3,37,1,0,True,0,0,0,0,0,0,0,0,0,0,0,0,0,0,0
C14H14O2,30,1,0,True,0,0,0,0,0,0,0,0,0,0,0,0,0,0,0
C14H15N1,30,115,114,False,57,6,51,34,12,11,51,34,12,11,51,0,0,0,0
C14H16N2O1,33,1,0,True,0,0,0,0,0,0,0,0,0,0,0,0,0,0,0
C14H16N2O5,37,1,0,True,0,0,0,0,0,0,0,0,0,0,0,0,0,0,0
C14H16N4O1,35,1,0,True,0,0,0,0,0,0,0,0,0,0,0,0,0,0,0
C14H16O1,31,46,44,False,22,2,20,13,5,4,20,13,5,4,20,0,1,1,0
C14H17N1,32,219,217,False,109,10,98,65,22,22,98,65,22,22,98,0,0,1,1
C14H17N1O1,33,332,332,False,166,17,149,100,33,33,149,100,33,33,149,0,0,0,4
C14H17N1O2,34,1,0,True,0,0,0,0,0,0,0,0,0,0,0,0,0,0,0
C14H17N3,34,1,0,True,0,0,0,0,0,0,0,0,0,0,0,0,0,0,0
C14H17N3O3,37,1023,983,False,492,49,442,295,99,98,442,295,99,98,442,4,1,2,7
C14H17N3O4,38,1016,976,False,488,49,439,293,98,97,439,293,98,97,439,0,0,0,0
C14H17N3O7,41,1,0,True,0,0,0,0,0,0,0,0,0,0,0,0,0,0,0
C14H17N7O3,41,1,0,True,0,0,0,0,0,0,0,0,0,0,0,0,0,0,0
C14H18N2,34,120,115,False,58,5,52,35,12,11,52,35,12,11,52,0,0,0,1
C14H18N2O3,37,808,768,False,384,38,346,230,77,77,346,230,77,77,346,7,2,1,3
C14H18N2O4,38,930,890,False,445,44,401,267,89,89,401,267,89,89,401,3,2,2,5
C14H18N2O5,39,915,875,False,438,43,394,263,88,87,394,263,88,87,394,0,0,0,0
C14H18N2O6,40,919,879,False,440,43,396,264,88,88,396,264,88,88,396,0,0,0,0
C14H19N1,34,1,0,True,0,0,0,0,0,0,0,0,0,0,0,0,0,0,0
C14H19N1O1,35,3,0,True,0,0,0,0,0,0,0,0,0,0,0,0,0,0,0
C14H19N3,36,1,0,True,0,0,0,0,0,0,0,0,0,0,0,0,0,0,0
C14H19N3O4,40,856,816,False,408,41,367,245,82,81,367,245,82,81,367,0,0,0,0
C14H19N3O5,41,933,893,False,447,44,402,268,90,89,402,268,90,89,402,0,0,0,0
C14H19N3O6,42,1,0,True,0,0,0,0,0,0,0,0,0,0,0,0,0,0,0
C14H20,34,1,0,True,0,0,0,0,0,0,0,0,0,0,0,0,0,0,0
C14H20N2,36,111,49,False,25,2,22,15,5,5,22,15,5,5,22,0,0,0,0
C14H20N2O1,37,1,0,True,0,0,0,0,0,0,0,0,0,0,0,0,0,0,0
C14H20N2O3,39,777,737,False,369,36,332,221,74,74,332,221,74,74,332,5,2,3,3
C14H20N2O4,40,756,716,False,358,36,322,215,72,71,322,215,72,71,322,4,1,2,3
C14H20N4O6,44,1,0,True,0,0,0,0,0,0,0,0,0,0,0,0,0,0,0
C14H21N1,36,145,139,False,70,6,63,42,14,14,63,42,14,14,63,0,0,0,0
C14H21N1O1,37,1,0,True,0,0,0,0,0,0,0,0,0,0,0,0,0,0,0
C14H21N1O2,38,125,121,False,61,5,55,37,12,12,55,37,12,12,55,3,2,0,0
C14H21N5O3,43,1,0,True,0,0,0,0,0,0,0,0,0,0,0,0,0,0,0
C14H22N2,38,83,82,False,41,4,37,25,8,8,37,25,8,8,37,0,0,1,1
C14H22N2O1,39,93,31,False,16,1,14,10,3,3,14,10,3,3,14,0,0,0,0
C14H22N2O2,40,1,0,True,0,0,0,0,0,0,0,0,0,0,0,0,0,0,0
C14H22N6O2,44,2,0,True,0,0,0,0,0,0,0,0,0,0,0,0,0,0,0
C14H22O1,37,89,87,False,44,4,39,26,9,9,39,26,9,9,39,0,0,0,2
C14H22O2,38,104,104,False,52,5,47,31,11,10,47,31,11,10,47,0,0,0,0
C14H23N1,38,88,88,False,44,4,40,26,9,9,40,26,9,9,40,0,0,0,2
C14H23N1O1,39,1,0,True,0,0,0,0,0,0,0,0,0,0,0,0,0,0,0
C14H23N1O2,40,199,197,False,99,9,89,59,20,20,89,59,20,20,89,2,2,2,1
C14H23N1O3,41,1,0,True,0,0,0,0,0,0,0,0,0,0,0,0,0,0,0
C14H23N3,40,2,0,True,0,0,0,0,0,0,0,0,0,0,0,0,0,0,0
C14H23N3O4,44,1,0,True,0,0,0,0,0,0,0,0,0,0,0,0,0,0,0
C14H24N2,40,1,0,True,0,0,0,0,0,0,0,0,0,0,0,0,0,0,0
C14H24N2O1,41,332,326,False,163,16,147,98,33,32,147,98,33,32,147,3,1,1,2
C14H24N6O3,47,1,0,True,0,0,0,0,0,0,0,0,0,0,0,0,0,0,0
C14H24O1,39,1,0,True,0,0,0,0,0,0,0,0,0,0,0,0,0,0,0
C14H25N1O4,44,1,0,True,0,0,0,0,0,0,0,0,0,0,0,0,0,0,0
C14H25N3,42,571,553,False,277,27,249,166,56,55,249,166,56,55,249,21,5,6,5
C14H25N3O2,44,2,0,True,0,0,0,0,0,0,0,0,0,0,0,0,0,0,0
C14H26N2,42,2,0,True,0,0,0,0,0,0,0,0,0,0,0,0,0,0,0
C14H26N2O2,44,2,0,True,0,0,0,0,0,0,0,0,0,0,0,0,0,0,0
C14H27N3O1,45,2,0,True,0,0,0,0,0,0,0,0,0,0,0,0,0,0,0
C14H27N3O2,46,1,0,True,0,0,0,0,0,0,0,0,0,0,0,0,0,0,0
C14H27N3O8,52,1,0,True,0,0,0,0,0,0,0,0,0,0,0,0,0,0,0
C14H28N4,46,2,0,True,0,0,0,0,0,0,0,0,0,0,0,0,0,0,0
C14H28O3,45,131,130,False,65,6,59,39,13,13,59,39,13,13,59,6,1,2,0
C14H28O4,46,140,139,False,70,6,63,42,14,14,63,42,14,14,63,2,0,0,0
C14H28O7,49,1,0,True,0,0,0,0,0,0,0,0,0,0,0,0,0,0,0
C14H29N1,44,3,0,True,0,0,0,0,0,0,0,0,0,0,0,0,0,0,0
C14H32N4,50,106,105,False,53,5,47,32,11,10,47,32,11,10,47,4,1,0,3
C14H34N4O2,54,1,0,True,0,0,0,0,0,0,0,0,0,0,0,0,0,0,0
C15H16N4O4,39,1,0,True,0,0,0,0,0,0,0,0,0,0,0,0,0,0,0
C15H17N1,33,195,190,False,95,9,86,57,19,19,86,57,19,19,86,2,0,0,4
C15H17N3O5,40,1103,1063,False,532,53,478,319,107,106,478,319,107,106,478,0,0,0,0
C15H17N5O3,40,1,0,True,0,0,0,0,0,0,0,0,0,0,0,0,0,0,0
C15H18N4O2,39,1,0,True,0,0,0,0,0,0,0,0,0,0,0,0,0,0,0
C15H18N4O3,40,975,934,False,467,47,420,280,94,93,420,280,94,93,420,0,0,0,0
C15H18N4O4,41,1703,1623,False,812,81,730,487,163,162,730,487,163,162,730,0,0,0,0
C15H19N1,35,107,106,False,53,5,48,32,11,10,48,32,11,10,48,0,0,0,0
C15H19N1O8,43,1,0,True,0,0,0,0,0,0,0,0,0,0,0,0,0,0,0
C15H19N3O4,41,1063,1022,False,511,51,460,307,102,102,460,307,102,102,460,0,0,0,0
C15H19N3O5,42,1,0,True,0,0,0,0,0,0,0,0,0,0,0,0,0,0,0
C15H20N2,37,115,114,False,57,6,51,34,12,11,51,34,12,11,51,0,0,1,0
C15H20N2O4,41,1,0,True,0,0,0,0,0,0,0,0,0,0,0,0,0,0,0
C15H21N3O4,43,1,0,True,0,0,0,0,0,0,0,0,0,0,0,0,0,0,0
C15H21N5O4,45,1,0,True,0,0,0,0,0,0,0,0,0,0,0,0,0,0,0
C15H22N2O1,40,2,0,True,0,0,0,0,0,0,0,0,0,0,0,0,0,0,0
C15H22N2O3,42,1259,1179,False,590,58,531,354,118,118,531,354,118,118,531,14,2,3,6
C15H22N2O4,43,1325,1245,False,623,62,560,374,125,124,560,374,125,124,560,0,0,0,0
C15H23N1,39,72,70,False,35,3,32,21,7,7,32,21,7,7,32,0,0,0,0
C15H23N3O3,44,820,780,False,390,39,351,234,78,78,351,234,78,78,351,0,0,0,0
C15H23N3O4,45,700,660,False,330,33,297,198,66,66,297,198,66,66,297,0,0,0,0
C15H23N5O3,46,837,797,False,399,39,359,239,80,80,359,239,80,80,359,0,0,0,0
C15H23N5O4,47,989,949,False,475,47,427,285,95,95,427,285,95,95,427,0,0,0,0
C15H25N1O7,48,1,0,True,0,0,0,0,0,0,0,0,0,0,0,0,0,0,0
C15H27N7O2,51,1,0,True,0,0,0,0,0,0,0,0,0,0,0,0,0,0,0
C15H28N2O8,53,1,0,True,0,0,0,0,0,0,0,0,0,0,0,0,0,0,0
C15H29N3,47,4,0,True,0,0,0,0,0,0,0,0,0,0,0,0,0,0,0
C15H30N4,49,2,0,True,0,0,0,0,0,0,0,0,0,0,0,0,0,0,0
C16H17N7O1,41,1,0,True,0,0,0,0,0,0,0,0,0,0,0,0,0,0,0
C16H19N1O3,39,1,0,True,0,0,0,0,0,0,0,0,0,0,0,0,0,0,0
C16H19N3O3,41,1023,982,False,491,49,442,295,98,98,442,295,98,98,442,0,0,0,0
C16H19N3O5,43,1135,1095,False,548,54,493,329,110,109,493,329,110,109,493,0,0,0,0
C16H20N4O3,43,1,0,True,0,0,0,0,0,0,0,0,0,0,0,0,0,0,0
C16H20N4O4,44,996,956,False,478,48,430,287,96,95,430,287,96,95,430,0,0,0,0
C16H21N1,38,1,0,True,0,0,0,0,0,0,0,0,0,0,0,0,0,0,0
C16H21N3O3,43,836,796,False,398,40,358,239,80,79,358,239,80,79,358,0,0,0,0
C16H22N4O3,45,1,0,True,0,0,0,0,0,0,0,0,0,0,0,0,0,0,0
C16H23N5O3,47,1,0,True,0,0,0,0,0,0,0,0,0,0,0,0,0,0,0
C16H23N5O4,48,1,0,True,0,0,0,0,0,0,0,0,0,0,0,0,0,0,0
C16H24N6O5,51,1,0,True,0,0,0,0,0,0,0,0,0,0,0,0,0,0,0
C16H25N5O5,51,1,0,True,0,0,0,0,0,0,0,0,0,0,0,0,0,0,0
C16H26N2O3,47,1,0,True,0,0,0,0,0,0,0,0,0,0,0,0,0,0,0
C16H27N3,46,1,0,True,0,0,0,0,0,0,0,0,0,0,0,0,0,0,0
C16H31N3,50,2,0,True,0,0,0,0,0,0,0,0,0,0,0,0,0,0,0
C17H17N1O6,41,1,0,True,0,0,0,0,0,0,0,0,0,0,0,0,0,0,0
C17H19N5O3,44,918,878,False,439,44,395,263,88,88,395,263,88,88,395,0,0,0,0
C17H20N6O3,46,1,0,True,0,0,0,0,0,0,0,0,0,0,0,0,0,0,0
C17H20N8,45,1,0,True,0,0,0,0,0,0,0,0,0,0,0,0,0,0,0
C17H21N5O1,44,1,0,True,0,0,0,0,0,0,0,0,0,0,0,0,0,0,0
C17H22N4O4,47,1,0,True,0,0,0,0,0,0,0,0,0,0,0,0,0,0,0
C17H22N6O1,46,1,0,True,0,0,0,0,0,0,0,0,0,0,0,0,0,0,0
C17H23N3O3,46,1720,1640,False,820,82,738,492,164,164,738,492,164,164,738,0,0,0,0
C17H23N3O5,48,1,0,True,0,0,0,0,0,0,0,0,0,0,0,0,0,0,0
C17H24N4O3,48,803,763,False,382,38,343,229,77,76,343,229,77,76,343,0,0,0,0
C17H24N6O3,50,1127,1087,False,544,54,489,326,109,109,489,326,109,109,489,0,0,0,0
C17H27N5O3,52,1,0,True,0,0,0,0,0,0,0,0,0,0,0,0,0,0,0
C17H30N2,49,97,96,False,48,5,43,29,10,9,43,29,10,9,43,2,0,1,2
C17H33N3O4,57,1,0,True,0,0,0,0,0,0,0,0,0,0,0,0,0,0,0
C17H36O2,55,55,51,False,26,2,23,16,5,5,23,16,5,5,23,1,0,1,1
C18H14N2O4,38,1,0,True,0,0,0,0,0,0,0,0,0,0,0,0,0,0,0
C18H16N4O1,39,1,0,True,0,0,0,0,0,0,0,0,0,0,0,0,0,0,0
C18H18N2O3,41,1,0,True,0,0,0,0,0,0,0,0,0,0,0,0,0,0,0
C18H19N1O5,43,1,0,True,0,0,0,0,0,0,0,0,0,0,0,0,0,0,0
C18H19N3O4,44,2,0,True,0,0,0,0,0,0,0,0,0,0,0,0,0,0,0
C18H20N2O3,43,443,423,False,212,21,190,127,43,42,190,127,43,42,190,0,0,0,0
C18H20N2O4,44,735,695,False,348,34,313,209,70,69,313,209,70,69,313,0,0,0,0
C18H20N2O5,45,472,356,False,178,18,160,107,36,35,160,107,36,35,160,0,0,0,0
C18H24N4O1,47,1,0,True,0,0,0,0,0,0,0,0,0,0,0,0,0,0,0
C18H25N3O1,47,1,0,True,0,0,0,0,0,0,0,0,0,0,0,0,0,0,0
C18H27N3O2,50,1,0,True,0,0,0,0,0,0,0,0,0,0,0,0,0,0,0
C18H27N3O6,54,1,0,True,0,0,0,0,0,0,0,0,0,0,0,0,0,0,0
C19H19N5O1,44,1,0,True,0,0,0,0,0,0,0,0,0,0,0,0,0,0,0
C19H20N4O2,45,1,0,True,0,0,0,0,0,0,0,0,0,0,0,0,0,0,0
C19H23N3O2,47,1,0,True,0,0,0,0,0,0,0,0,0,0,0,0,0,0,0
C19H25N5,49,1,0,True,0,0,0,0,0,0,0,0,0,0,0,0,0,0,0
C19H31N5O3,58,1,0,True,0,0,0,0,0,0,0,0,0,0,0,0,0,0,0
C19H33N3O3,58,1,0,True,0,0,0,0,0,0,0,0,0,0,0,0,0,0,0
C19H36N4O3,62,1,0,True,0,0,0,0,0,0,0,0,0,0,0,0,0,0,0
C1H1N1,3,231,228,False,114,11,103,68,23,23,103,68,23,23,103,10,3,9,18
C1H1N1O1,4,229,225,False,113,11,101,68,23,22,101,68,23,22,101,13,4,6,24
C1H1N3O1,6,2561,2560,False,1280,128,1152,768,256,256,1152,768,256,256,1152,158,55,47,266
C1H1N3O2,7,5099,5087,False,2544,254,2289,1526,509,509,2289,1526,509,509,2289,302,104,82,536
C1H1N3O3,8,1571,1559,False,780,77,702,468,156,156,702,468,156,156,702,87,24,30,182
C1H1N5O2,9,492,487,False,244,24,219,146,49,49,219,146,49,49,219,29,8,7,45
C1H2N2,5,458,446,False,223,22,201,134,45,44,201,134,45,44,201,21,9,4,44
C1H2N2O1,6,246,167,False,84,8,75,50,17,17,75,50,17,17,75,16,2,1,15
C1H2N2O2,7,35,35,False,18,1,16,11,4,3,16,11,4,3,16,2,2,1,1
C1H2N2O4,9,10,10,False,5,0,5,3,1,1,5,3,1,1,5,0,0,0,0
C1H2N2O5,10,2,2,True,0,0,0,0,0,0,0,0,0,0,0,0,0,0,0
C1H2N4,7,2831,2828,False,1414,141,1273,848,283,283,1273,848,283,283,1273,179,59,47,242
C1H2N4O1,8,12268,12237,False,6119,611,5507,3671,1224,1224,5507,3671,1224,1224,5507,650,206,204,1231
C1H2N4O2,9,4478,4451,False,2226,222,2003,1336,445,445,2003,1336,445,445,2003,167,54,60,233
C1H2N4O3,10,1810,1768,False,884,88,796,530,177,177,796,530,177,177,796,102,32,31,116
C1H2O1,4,1206,1203,False,602,60,541,361,121,120,541,361,121,120,541,29,8,10,109
C1H2O2,5,2287,2281,False,1141,113,1027,685,228,228,1027,685,228,228,1027,146,48,58,123
C1H2O3,6,2771,2759,False,1380,137,1242,828,276,276,1242,828,276,276,1242,156,61,44,308
C1H2O4,7,49,49,False,25,2,22,15,5,5,22,15,5,5,22,0,1,1,3
C1H3N1O1,6,4148,4139,False,2070,206,1863,1242,414,414,1863,1242,414,414,1863,105,32,33,398
C1H3N1O2,7,3276,3134,False,1567,157,1410,940,314,313,1410,940,314,313,1410,82,29,22,291
C1H3N1O3,8,140,140,False,70,7,63,42,14,14,63,42,14,14,63,9,6,2,2
C1H3N1O4,9,69,69,False,35,3,31,21,7,7,31,21,7,7,31,8,1,0,7
C1H3N3O1,8,62,62,False,31,3,28,19,6,6,28,19,6,6,28,0,1,4,4
C1H3N3O2,9,17,17,False,9,0,8,5,2,2,8,5,2,2,8,1,0,0,0
C1H3N3O3,10,42,42,False,21,2,19,13,4,4,19,13,4,4,19,0,0,0,1
C1H3N5,9,5453,5441,False,2721,271,2449,1633,544,544,2449,1633,544,544,2449,243,94,78,487
C1H3N5O1,10,4954,4930,False,2465,246,2219,1479,493,493,2219,1479,493,493,2219,165,49,50,257
C1H3N5O2,11,4630,4544,False,2272,227,2045,1363,455,454,2045,1363,455,454,2045,141,49,55,289
C1H3N5O3,12,1,1,True,0,0,0,0,0,0,0,0,0,0,0,0,0,0,0
C1H3N7,11,1,1,True,0,0,0,0,0,0,0,0,0,0,0,0,0,0,0
C1H4,5,1376,1373,False,687,68,618,412,138,137,618,412,138,137,618,19,5,6,137
C1H4N2,7,5717,5582,False,2791,279,2512,1675,558,558,2512,1675,558,558,2512,138,55,45,454
C1H4N2O1,8,8361,8120,False,4060,406,3654,2436,812,812,3654,2436,812,812,3654,172,60,53,499
C1H4N2O2,9,7786,7631,False,3816,381,3434,2290,763,763,3434,2290,763,763,3434,303,96,93,488
C1H4N2O3,10,1703,1696,False,848,85,763,509,170,169,763,509,170,169,763,74,34,31,116
C1H4N4,9,43,43,False,22,2,19,13,5,4,19,13,5,4,19,1,0,1,4
C1H4N4O1,10,519,515,False,258,25,232,155,52,51,232,155,52,51,232,24,8,7,33
C1H4N4O2,11,670,381,False,191,18,172,115,38,38,172,115,38,38,172,17,9,5,28
C1H4N4O3,12,5,5,False,3,0,2,2,1,0,2,2,1,0,2,0,0,0,0
C1H4N4O4,13,2,2,True,0,0,0,0,0,0,0,0,0,0,0,0,0,0,0
C1H4N6,11,1808,1805,False,903,90,812,542,181,180,812,542,181,180,812,70,29,24,123
C1H4N6O1,12,4745,4661,False,2331,232,2098,1399,466,466,2098,1399,466,466,2098,196,59,69,247
C1H4N6O2,13,1,0,True,0,0,0,0,0,0,0,0,0,0,0,0,0,0,0
C1H4O1,6,1684,1681,False,841,83,757,505,168,168,757,505,168,168,757,40,4,5,150
C1H4O2,7,756,216,False,108,11,97,65,22,21,97,65,22,21,97,4,3,0,10
C1H4O3,8,416,244,False,122,12,110,73,25,24,110,73,25,24,110,17,5,3,9
C1H4O4,9,83,83,False,42,4,37,25,9,8,37,25,9,8,37,4,0,0,6
C1H4O5,10,45,45,False,23,2,20,14,5,4,20,14,5,4,20,4,1,2,6
C1H5N1,7,2127,2124,False,1062,106,956,637,213,212,956,637,213,212,956,57,18,17,202
C1H5N1O1,8,1289,450,False,225,22,203,135,45,45,203,135,45,45,203,19,3,6,37
C1H5N1O2,9,744,361,False,181,17,163,109,36,36,163,109,36,36,163,15,6,8,11
C1H5N1O3,10,106,105,False,53,5,47,32,11,10,47,32,11,10,47,5,2,1,10
C1H5N1O4,11,58,58,False,29,3,26,17,6,6,26,17,6,6,26,3,1,2,3
C1H5N3,9,5554,5509,False,2755,275,2479,1653,551,551,2479,1653,551,551,2479,72,16,17,388
C1H5N3O1,10,10568,10544,False,5272,527,4745,3163,1055,1054,4745,3163,1055,1054,4745,293,99,117,554
C1H5N3O2,11,2538,2530,False,1265,126,1139,759,253,253,1139,759,253,253,1139,98,38,33,182
C1H5N3O3,12,433,427,False,214,21,192,128,43,43,192,128,43,43,192,15,6,9,28
C1H5N3O5,14,1,1,True,0,0,0,0,0,0,0,0,0,0,0,0,0,0,0
C1H5N5O1,12,42,42,False,21,2,19,13,4,4,19,13,4,4,19,0,1,0,3
C1H5N5O2,13,2,1,True,0,0,0,0,0,0,0,0,0,0,0,0,0,0,0
C1H5N5O3,14,2,1,True,0,0,0,0,0,0,0,0,0,0,0,0,0,0,0
C1H5N7,13,1186,1164,False,582,58,524,349,117,116,524,349,117,116,524,32,16,18,62
C1H5N7O1,14,15,14,False,7,1,6,4,2,1,6,4,2,1,6,0,1,0,2
C1H6N2,9,600,240,False,120,12,108,72,24,24,108,72,24,24,108,9,3,5,22
C1H6N2O1,10,755,401,False,201,19,181,121,40,40,181,121,40,40,181,17,10,6,40
C1H6N2O2,11,154,154,False,77,8,69,46,16,15,69,46,16,15,69,11,1,0,13
C1H6N2O3,12,64,63,False,32,3,28,19,7,6,28,19,7,6,28,5,0,3,4
C1H6N2O4,13,34,33,False,17,1,15,10,4,3,15,10,4,3,15,1,0,0,2
C1H6N2O5,14,3,3,True,0,0,0,0,0,0,0,0,0,0,0,0,0,0,0
C1H6N4,11,5295,5284,False,2642,264,2378,1585,529,528,2378,1585,529,528,2378,198,56,50,410
C1H6N4O1,12,1603,1591,False,796,79,716,478,159,159,716,478,159,159,716,66,18,19,89
C1H6N4O2,13,854,843,False,422,42,379,253,85,84,379,253,85,84,379,26,10,9,48
C1H6N4O3,14,1,0,True,0,0,0,0,0,0,0,0,0,0,0,0,0,0,0
C1H6N4O4,15,1,0,True,0,0,0,0,0,0,0,0,0,0,0,0,0,0,0
C1H6N6O1,14,2,1,True,0,0,0,0,0,0,0,0,0,0,0,0,0,0,0
C1H6O1,8,554,56,False,28,3,25,17,6,5,25,17,6,5,25,0,0,1,4
C1H6O2,9,744,101,False,51,4,46,31,10,10,46,31,10,10,46,2,2,0,4
C1H6O3,10,299,113,False,57,5,51,34,12,11,51,34,12,11,51,5,0,3,8
C1H6O4,11,22,22,False,11,1,10,7,2,2,10,7,2,2,10,0,0,0,0
C1H7N1,9,806,53,False,27,2,24,16,6,5,24,16,6,5,24,3,0,0,5
C1H7N1O1,10,1294,154,False,77,8,69,46,16,15,69,46,16,15,69,7,1,1,11
C1H7N1O2,11,477,142,False,71,7,64,43,14,14,64,43,14,14,64,4,0,0,11
C1H7N1O3,12,22,22,False,11,1,10,7,2,2,10,7,2,2,10,1,0,0,1
C1H7N3,11,288,186,False,93,9,84,56,19,18,84,56,19,18,84,13,5,1,18
C1H7N3O1,12,80,80,False,40,4,36,24,8,8,36,24,8,8,36,5,0,1,1
C1H7N3O2,13,32,32,False,16,2,14,10,3,3,14,10,3,3,14,0,0,0,1
C1H7N3O3,14,27,27,False,14,1,12,8,3,3,12,8,3,3,12,0,1,0,3
C1H7N5,13,868,862,False,431,43,388,259,86,86,388,259,86,86,388,28,11,6,64
C1H7N5O1,14,532,526,False,263,26,237,158,53,52,237,158,53,52,237,17,3,0,30
C1H7N5O2,15,2,2,True,0,0,0,0,0,0,0,0,0,0,0,0,0,0,0
C1H8N2,11,562,115,False,58,5,52,35,12,11,52,35,12,11,52,3,2,0,10
C1H8N2O1,12,353,96,False,48,5,43,29,10,9,43,29,10,9,43,3,1,3,10
C1H8N4,13,25,25,False,13,1,11,8,3,2,11,8,3,2,11,0,0,0,3
C1H8N4O1,14,16,16,False,8,1,7,5,2,1,7,5,2,1,7,0,0,0,1
C1H8N4O2,15,45,45,False,23,2,20,14,5,4,20,14,5,4,20,0,0,2,1
C1H8N4O3,16,1,1,True,0,0,0,0,0,0,0,0,0,0,0,0,0,0,0
C1H8N4O4,17,2,2,True,0,0,0,0,0,0,0,0,0,0,0,0,0,0,0
C1H8N6,15,364,361,False,181,17,163,109,36,36,163,109,36,36,163,12,7,5,19
C1H8N6O1,16,3,2,True,0,0,0,0,0,0,0,0,0,0,0,0,0,0,0
C1H9N3,13,95,25,False,13,1,11,8,3,2,11,8,3,2,11,1,2,0,2
C1H9N5O1,16,33,32,False,16,2,14,10,3,3,14,10,3,3,14,0,1,0,0
C1H9N5O2,17,1,1,True,0,0,0,0,0,0,0,0,0,0,0,0,0,0,0
C1N2O3,6,592,591,False,296,29,266,178,59,59,266,178,59,59,266,35,14,13,57
C1N4O3,8,676,671,False,336,33,302,202,67,67,302,202,67,67,302,32,10,7,49
C1O1,2,457,455,False,228,22,205,137,46,45,205,137,46,45,205,35,9,8,39
C1O2,3,531,531,False,266,26,239,160,53,53,239,160,53,53,239,46,15,15,49
C20H21N3O3,47,995,955,False,478,47,430,287,96,95,430,287,96,95,430,0,0,0,0
C20H21N3O4,48,919,879,False,440,43,396,264,88,88,396,264,88,88,396,0,0,0,0
C20H23N3,46,1,0,True,0,0,0,0,0,0,0,0,0,0,0,0,0,0,0
C20H28N2O1,51,1,0,True,0,0,0,0,0,0,0,0,0,0,0,0,0,0,0
C20H28N4O2,54,1,0,True,0,0,0,0,0,0,0,0,0,0,0,0,0,0,0
C20H38O4,62,1,0,True,0,0,0,0,0,0,0,0,0,0,0,0,0,0,0
C21H27N1O1,50,1,0,True,0,0,0,0,0,0,0,0,0,0,0,0,0,0,0
C21H27N5O2,55,1,0,True,0,0,0,0,0,0,0,0,0,0,0,0,0,0,0
C21H35N5O2,63,1,0,True,0,0,0,0,0,0,0,0,0,0,0,0,0,0,0
C22H22N4O3,51,549,529,False,265,26,238,159,53,53,238,159,53,53,238,0,0,0,0
C22H26N2O2,52,1,0,True,0,0,0,0,0,0,0,0,0,0,0,0,0,0,0
C22H27N1O2,52,1,0,True,0,0,0,0,0,0,0,0,0,0,0,0,0,0,0
C22H27N5O1,55,1,0,True,0,0,0,0,0,0,0,0,0,0,0,0,0,0,0
C22H29N3O1,55,1,0,True,0,0,0,0,0,0,0,0,0,0,0,0,0,0,0
C24H25N5O1,55,1,0,True,0,0,0,0,0,0,0,0,0,0,0,0,0,0,0
C2H10N2,14,99,56,False,28,3,25,17,6,5,25,17,6,5,25,2,0,0,2
C2H10N2O1,15,26,26,False,13,1,12,8,3,2,12,8,3,2,12,1,0,1,1
C2H10N4,16,1,1,True,0,0,0,0,0,0,0,0,0,0,0,0,0,0,0
C2H10N4O1,17,71,70,False,35,3,32,21,7,7,32,21,7,7,32,3,1,1,4
C2H10N4O2,18,2,2,True,0,0,0,0,0,0,0,0,0,0,0,0,0,0,0
C2H10N4O3,19,1,1,True,0,0,0,0,0,0,0,0,0,0,0,0,0,0,0
C2H10N6,18,505,485,False,243,24,218,146,49,48,218,146,49,48,218,29,6,9,27
C2H10N6O1,19,1,1,True,0,0,0,0,0,0,0,0,0,0,0,0,0,0,0
C2H10N6O3,21,1,1,True,0,0,0,0,0,0,0,0,0,0,0,0,0,0,0
C2H11N3,16,11,11,False,6,0,5,4,1,1,5,4,1,1,5,1,0,0,2
C2H11N5,18,1,1,True,0,0,0,0,0,0,0,0,0,0,0,0,0,0,0
C2H11N5O1,19,1,1,True,0,0,0,0,0,0,0,0,0,0,0,0,0,0,0
C2H1N1O1,5,1357,1357,False,679,67,611,407,136,136,611,407,136,136,611,49,19,24,91
C2H1N1O2,6,1984,1983,False,992,99,892,595,199,198,892,595,199,198,892,100,33,39,181
C2H1N1O3,7,588,588,False,294,29,265,176,59,59,265,176,59,59,265,32,14,10,46
C2H1N1O4,8,1120,1116,False,558,56,502,335,112,111,502,335,112,111,502,34,13,9,106
C2H1N1O5,9,501,490,False,245,24,221,147,49,49,221,147,49,49,221,8,5,10,35
C2H1N3,6,216,213,False,107,10,96,64,22,21,96,64,22,21,96,14,3,6,21
C2H1N3O2,8,3373,3365,False,1683,168,1514,1010,337,336,1514,1010,337,336,1514,185,74,59,346
C2H1N3O3,9,6242,6162,False,3081,308,2773,1849,616,616,2773,1849,616,616,2773,356,111,130,443
C2H1N3O4,10,104,89,False,45,4,40,27,9,9,40,27,9,9,40,6,3,2,11
C2H1N5,8,686,681,False,341,33,307,205,68,68,307,205,68,68,307,21,9,12,48
C2H1N5O1,9,5490,5331,False,2666,266,2399,1600,533,533,2399,1600,533,533,2399,262,91,91,586
C2H1N5O2,10,242,214,False,107,11,96,64,22,21,96,64,22,21,96,14,6,7,20
C2H1N5O5,13,1,1,True,0,0,0,0,0,0,0,0,0,0,0,0,0,0,0
C2H2,4,1706,1703,False,852,85,766,511,171,170,766,511,171,170,766,135,45,34,185
C2H2N2,6,211,150,False,75,7,68,45,15,15,68,45,15,15,68,11,3,1,18
C2H2N2O1,7,7866,7861,False,3931,392,3538,2359,786,786,3538,2359,786,786,3538,358,99,118,678
C2H2N2O2,8,9575,9547,False,4774,477,4296,2864,955,955,4296,2864,955,955,4296,383,140,122,674
C2H2N2O3,9,7368,7327,False,3664,366,3297,2198,733,733,3297,2198,733,733,3297,283,88,72,434
C2H2N2O4,10,5500,5426,False,2713,271,2442,1628,543,542,2442,1628,543,542,2442,192,53,54,311
C2H2N2O5,11,39,34,False,17,2,15,10,4,3,15,10,4,3,15,1,2,1,2
C2H2N4,8,2161,2155,False,1078,107,970,647,216,215,970,647,216,215,970,133,43,40,213
C2H2N4O1,9,6470,6445,False,3223,322,2900,1934,645,644,2900,1934,645,644,2900,309,106,104,490
C2H2N4O2,10,20035,19682,False,9841,984,8857,5905,1968,1968,8857,5905,1968,1968,8857,687,206,230,1133
C2H2N4O3,11,396,338,False,169,17,152,101,34,34,152,101,34,34,152,25,10,5,21
C2H2N6,10,5593,5506,False,2753,275,2478,1652,551,550,2478,1652,551,550,2478,188,54,64,286
C2H2N6O1,11,292,249,False,125,12,112,75,25,25,112,75,25,25,112,12,6,6,22
C2H2N6O3,13,3,3,True,0,0,0,0,0,0,0,0,0,0,0,0,0,0,0
C2H2N6O4,14,3,3,True,0,0,0,0,0,0,0,0,0,0,0,0,0,0,0
C2H2O2,6,1991,1985,False,993,99,893,596,199,198,893,596,199,198,893,62,30,16,164
C2H2O3,7,1385,1238,False,619,62,557,371,124,124,557,371,124,124,557,20,8,5,100
C2H2O4,8,1205,1202,False,601,60,541,361,120,120,541,361,120,120,541,66,15,25,120
C2H3N1,6,1133,1132,False,566,57,509,340,113,113,509,340,113,113,509,24,13,9,57
C2H3N1O1,7,1774,1646,False,823,82,741,494,165,164,741,494,165,164,741,59,23,12,138
C2H3N1O2,8,7819,7811,False,3906,390,3515,2344,781,781,3515,2344,781,781,3515,257,90,73,719
C2H3N1O3,9,8528,8498,False,4249,425,3824,2549,850,850,3824,2549,850,850,3824,352,117,128,707
C2H3N1O4,10,648,635,False,318,31,286,191,64,63,286,191,64,63,286,31,13,9,40
C2H3N3,8,4529,4525,False,2263,226,2036,1358,453,452,2036,1358,453,452,2036,123,37,51,248
C2H3N3O1,9,14783,14724,False,7362,736,6626,4417,1473,1472,6626,4417,1473,1472,6626,617,210,202,1315
C2H3N3O2,10,18663,18555,False,9278,927,8350,5567,1856,1855,8350,5567,1856,1855,8350,542,177,161,959
C2H3N3O3,11,17418,17085,False,8543,854,7688,5126,1709,1708,7688,5126,1709,1708,7688,557,206,205,948
C2H3N3O4,12,316,273,False,137,13,123,82,28,27,123,82,28,27,123,13,3,5,12
C2H3N3O5,13,2,2,True,0,0,0,0,0,0,0,0,0,0,0,0,0,0,0
C2H3N5,10,3627,3609,False,1805,180,1624,1083,361,361,1624,1083,361,361,1624,157,54,62,274
C2H3N5O1,11,23881,23536,False,11768,1177,10591,7061,2354,2353,10591,7061,2354,2353,10591,767,241,249,1327
C2H3N5O2,12,1018,863,False,432,43,388,259,87,86,388,259,87,86,388,48,12,20,62
C2H3N7,12,65,56,False,28,3,25,17,6,5,25,17,6,5,25,1,2,1,9
C2H3N7O1,13,1,1,True,0,0,0,0,0,0,0,0,0,0,0,0,0,0,0
C2H3N7O2,14,6,6,False,3,0,3,2,1,0,3,2,1,0,3,0,1,0,1
C2H3N7O3,15,7,7,False,4,0,3,2,1,1,3,2,1,1,3,1,0,0,1
C2H4,6,1957,1954,False,977,98,879,586,196,195,879,586,196,195,879,9,1,1,80
C2H4N2,8,3620,3470,False,1735,173,1562,1041,347,347,1562,1041,347,347,1562,266,95,88,364
C2H4N2O1,9,6679,6664,False,3332,333,2999,1999,667,666,2999,1999,667,666,2999,121,29,38,518
C2H4N2O2,10,18912,18712,False,9356,936,8420,5614,1871,1871,8420,5614,1871,1871,8420,593,197,174,1112
C2H4N2O3,11,6013,5953,False,2977,297,2679,1786,596,595,2679,1786,596,595,2679,188,69,52,334
C2H4N2O4,12,2896,2816,False,1408,141,1267,845,282,281,1267,845,282,281,1267,131,46,40,160
C2H4N2O5,13,2,2,True,0,0,0,0,0,0,0,0,0,0,0,0,0,0,0
C2H4N4,10,7956,7788,False,3894,389,3505,2336,779,779,3505,2336,779,779,3505,308,114,105,504
C2H4N4O1,11,19114,18843,False,9422,942,8479,5653,1885,1884,8479,5653,1885,1884,8479,472,180,154,969
C2H4N4O2,12,25513,25026,False,12513,1251,11262,7508,2503,2502,11262,7508,2503,2502,11262,801,262,281,1380
C2H4N4O3,13,348,303,False,152,15,136,91,31,30,136,91,31,30,136,15,0,2,21
C2H4N4O4,14,1,1,True,0,0,0,0,0,0,0,0,0,0,0,0,0,0,0
C2H4N6,12,11378,11160,False,5580,558,5022,3348,1116,1116,5022,3348,1116,1116,5022,381,131,144,672
C2H4N6O1,13,1141,988,False,494,49,445,296,99,99,445,296,99,99,445,56,14,16,60
C2H4N8O1,15,1,1,True,0,0,0,0,0,0,0,0,0,0,0,0,0,0,0
C2H4N8O2,16,19,19,False,10,0,9,6,2,2,9,6,2,2,9,0,0,0,1
C2H4O1,7,5839,5381,False,2691,268,2422,1615,538,538,2422,1615,538,538,2422,151,45,57,531
C2H4O2,8,4980,4610,False,2305,230,2075,1383,461,461,2075,1383,461,461,2075,171,56,60,262
C2H4O3,9,3132,2661,False,1331,132,1198,799,266,266,1198,799,266,266,1198,120,52,48,229
C2H4O4,10,187,185,False,93,9,83,56,19,18,83,56,19,18,83,15,6,1,27
C2H4O5,11,7,7,False,4,0,3,2,1,1,3,2,1,1,3,0,0,0,1
C2H5N1,8,2903,2498,False,1249,125,1124,749,250,250,1124,749,250,250,1124,56,21,23,203
C2H5N1O1,9,6593,6162,False,3081,308,2773,1849,616,616,2773,1849,616,616,2773,102,30,31,391
C2H5N1O2,10,14294,13669,False,6835,683,6151,4101,1367,1367,6151,4101,1367,1367,6151,287,101,105,714
C2H5N1O3,11,2044,1742,False,871,87,784,523,174,174,784,523,174,174,784,76,24,21,115
C2H5N1O4,12,66,64,False,32,3,29,19,7,6,29,19,7,6,29,2,0,1,1
C2H5N1O5,13,1,1,True,0,0,0,0,0,0,0,0,0,0,0,0,0,0,0
C2H5N1O6,14,1,1,True,0,0,0,0,0,0,0,0,0,0,0,0,0,0,0
C2H5N3,10,4972,4966,False,2483,248,2235,1490,497,496,2235,1490,497,496,2235,133,48,54,318
C2H5N3O1,11,14300,14238,False,7119,712,6407,4271,1424,1424,6407,4271,1424,1424,6407,477,154,167,839
C2H5N3O2,12,9413,9319,False,4660,465,4194,2796,932,932,4194,2796,932,932,4194,245,81,101,481
C2H5N3O3,13,8185,8033,False,4017,401,3615,2410,804,803,3615,2410,804,803,3615,254,98,86,446
C2H5N3O4,14,33,31,False,16,1,14,10,3,3,14,10,3,3,14,2,1,1,1
C2H5N3O5,15,1,0,True,0,0,0,0,0,0,0,0,0,0,0,0,0,0,0
C2H5N5,12,7397,7218,False,3609,361,3248,2165,722,722,3248,2165,722,722,3248,152,60,49,375
C2H5N5O1,13,18896,18492,False,9246,925,8321,5548,1849,1849,8321,5548,1849,1849,8321,511,202,212,988
C2H5N5O2,14,521,467,False,234,23,210,140,47,47,210,140,47,47,210,26,14,11,32
C2H5N5O3,15,487,470,False,235,23,212,141,47,47,212,141,47,47,212,14,6,6,23
C2H5N5O4,16,2,2,True,0,0,0,0,0,0,0,0,0,0,0,0,0,0,0
C2H5N5O5,17,1,1,True,0,0,0,0,0,0,0,0,0,0,0,0,0,0,0
C2H5N7,14,366,314,False,157,16,141,94,32,31,141,94,32,31,141,12,8,6,12
C2H5N9,16,1,1,True,0,0,0,0,0,0,0,0,0,0,0,0,0,0,0
C2H5N9O1,17,4,4,False,3,0,1,1,1,1,1,1,1,1,1,0,0,0,0
C2H6,8,1836,1692,False,846,85,761,508,169,169,761,508,169,169,761,42,12,16,171
C2H6N10,18,1,1,True,0,0,0,0,0,0,0,0,0,0,0,0,0,0,0
C2H6N2,10,7243,6894,False,3447,345,3102,2068,690,689,3102,2068,690,689,3102,71,26,19,227
C2H6N2O1,11,24612,24428,False,12214,1221,10993,7328,2443,2443,10993,7328,2443,2443,10993,383,121,119,1262
C2H6N2O2,12,6185,5859,False,2930,292,2637,1758,586,586,2637,1758,586,586,2637,210,47,62,363
C2H6N2O3,13,1273,1252,False,626,63,563,376,125,125,563,376,125,125,563,40,13,12,72
C2H6N2O4,14,3,3,True,0,0,0,0,0,0,0,0,0,0,0,0,0,0,0
C2H6N2O5,15,5,2,True,0,0,0,0,0,0,0,0,0,0,0,0,0,0,0
C2H6N2O6,16,1,0,True,0,0,0,0,0,0,0,0,0,0,0,0,0,0,0
C2H6N4,12,7072,7032,False,3516,352,3164,2110,703,703,3164,2110,703,703,3164,224,76,88,419
C2H6N4O1,13,7908,7835,False,3918,391,3526,2351,784,783,3526,2351,784,783,3526,229,92,88,378
C2H6N4O2,14,13995,13663,False,6832,683,6148,4099,1367,1366,6148,4099,1367,1366,6148,417,148,153,761
C2H6N4O3,15,206,177,False,89,8,80,53,18,18,80,53,18,18,80,12,3,6,14
C2H6N4O4,16,2,0,True,0,0,0,0,0,0,0,0,0,0,0,0,0,0,0
C2H6N6,14,6373,6222,False,3111,311,2800,1867,622,622,2800,1867,622,622,2800,198,64,66,361
C2H6N6O1,15,417,369,False,185,18,166,111,37,37,166,111,37,37,166,23,5,5,20
C2H6N6O2,16,3,3,True,0,0,0,0,0,0,0,0,0,0,0,0,0,0,0
C2H6N6O3,17,7,7,False,4,0,3,2,1,1,3,2,1,1,3,0,0,0,0
C2H6N6O4,18,1,1,True,0,0,0,0,0,0,0,0,0,0,0,0,0,0,0
C2H6O1,9,3031,2575,False,1288,128,1159,773,258,257,1159,773,258,257,1159,28,5,3,105
C2H6O2,10,3961,1973,False,987,98,888,592,198,197,888,592,198,197,888,25,4,3,91
C2H6O3,11,117,117,False,59,5,53,35,12,12,53,35,12,12,53,4,2,0,2
C2H6O4,12,74,74,False,37,4,33,22,8,7,33,22,8,7,33,3,0,2,4
C2H7N1,10,3604,2914,False,1457,146,1311,874,292,291,1311,874,292,291,1311,9,5,3,102
C2H7N1O1,11,2207,1755,False,878,87,790,527,176,175,790,527,176,175,790,5,1,2,79
C2H7N1O2,12,184,184,False,92,9,83,55,19,18,83,55,19,18,83,13,1,0,12
C2H7N1O3,13,142,142,False,71,7,64,43,14,14,64,43,14,14,64,7,4,2,17
C2H7N1O4,14,15,15,False,8,0,7,5,2,1,7,5,2,1,7,1,0,0,0
C2H7N1O5,15,1,1,True,0,0,0,0,0,0,0,0,0,0,0,0,0,0,0
C2H7N3,12,12022,12005,False,6003,600,5402,3602,1201,1200,5402,3602,1201,1200,5402,106,43,32,567
C2H7N3O1,13,9491,9443,False,4722,472,4249,2833,945,944,4249,2833,945,944,4249,269,95,90,565
C2H7N3O2,14,3384,3208,False,1604,160,1444,962,321,321,1444,962,321,321,1444,111,39,35,200
C2H7N3O3,15,469,448,False,224,22,202,134,45,45,202,134,45,45,202,14,4,5,28
C2H7N3O4,16,9,3,True,0,0,0,0,0,0,0,0,0,0,0,0,0,0,0
C2H7N3O5,17,1,0,True,0,0,0,0,0,0,0,0,0,0,0,0,0,0,0
C2H7N5,14,3602,3546,False,1773,177,1596,1064,355,354,1596,1064,355,354,1596,115,41,45,191
C2H7N5O1,15,9763,9512,False,4756,476,4280,2854,951,951,4280,2854,951,951,4280,314,109,93,495
C2H7N5O2,16,298,261,False,131,12,118,79,26,26,118,79,26,26,118,16,4,6,13
C2H7N5O3,17,1,0,True,0,0,0,0,0,0,0,0,0,0,0,0,0,0,0
C2H7N5O4,18,3,0,True,0,0,0,0,0,0,0,0,0,0,0,0,0,0,0
C2H7N7,16,195,170,False,85,8,77,51,17,17,77,51,17,17,77,8,7,2,8
C2H7N7O1,17,3,3,True,0,0,0,0,0,0,0,0,0,0,0,0,0,0,0
C2H7N7O2,18,7,7,False,4,0,3,2,1,1,3,2,1,1,3,0,0,0,0
C2H7N7O3,19,8,8,False,4,0,4,2,1,1,4,2,1,1,4,0,0,1,0
C2H8,10,238,40,False,20,2,18,12,4,4,18,12,4,4,18,0,0,1,1
C2H8N2,12,1882,1363,False,682,68,613,409,137,136,613,409,137,136,613,6,5,3,65
C2H8N2O1,13,287,143,False,72,7,64,43,15,14,64,43,15,14,64,7,1,3,14
C2H8N2O2,14,198,197,False,99,9,89,59,20,20,89,59,20,20,89,5,2,1,11
C2H8N2O3,15,99,95,False,48,4,43,29,10,9,43,29,10,9,43,3,3,2,4
C2H8N2O4,16,1,0,True,0,0,0,0,0,0,0,0,0,0,0,0,0,0,0
C2H8N4,14,4081,4053,False,2027,202,1824,1216,406,405,1824,1216,406,405,1824,94,36,37,203
C2H8N4O1,15,1921,1893,False,947,94,852,568,190,189,852,568,190,189,852,53,21,22,109
C2H8N4O2,16,2272,2209,False,1105,110,994,663,221,221,994,663,221,221,994,94,33,36,132
C2H8N4O3,17,6,4,False,3,0,1,1,1,1,1,1,1,1,1,0,0,0,0
C2H8N4O4,18,1,0,True,0,0,0,0,0,0,0,0,0,0,0,0,0,0,0
C2H8N4O5,19,1,1,True,0,0,0,0,0,0,0,0,0,0,0,0,0,0,0
C2H8N6,16,4974,4833,False,2417,241,2175,1450,484,483,2175,1450,484,483,2175,188,53,53,254
C2H8N6O1,17,265,221,False,111,10,100,67,22,22,100,67,22,22,100,8,5,1,12
C2H8N6O2,18,1,0,True,0,0,0,0,0,0,0,0,0,0,0,0,0,0,0
C2H8N6O3,19,2,0,True,0,0,0,0,0,0,0,0,0,0,0,0,0,0,0
C2H8N8,18,1,1,True,0,0,0,0,0,0,0,0,0,0,0,0,0,0,0
C2H8N8O1,19,5,5,False,3,0,2,2,1,0,2,2,1,0,2,0,0,0,0
C2H8N8O2,20,6,6,False,3,0,3,2,1,0,3,2,1,0,3,1,0,0,0
C2H8O1,11,188,75,False,38,3,34,23,8,7,34,23,8,7,34,1,2,0,4
C2H8O2,12,277,140,False,70,7,63,42,14,14,63,42,14,14,63,3,1,1,7
C2H8O3,13,51,51,False,26,2,23,16,5,5,23,16,5,5,23,3,2,0,3
C2H8O4,14,33,33,False,17,1,15,10,4,3,15,10,4,3,15,1,0,1,1
C2H9N1,12,441,107,False,54,5,48,32,11,11,48,32,11,11,48,6,0,1,5
C2H9N1O1,13,279,94,False,47,5,42,28,10,9,42,28,10,9,42,1,0,3,8
C2H9N1O2,14,21,21,False,11,0,10,7,2,2,10,7,2,2,10,2,0,0,3
C2H9N1O3,15,39,39,False,20,1,18,12,4,4,18,12,4,4,18,3,1,0,2
C2H9N3,14,64,64,False,32,3,29,19,7,6,29,19,7,6,29,4,1,1,5
C2H9N3O1,15,37,37,False,19,1,17,11,4,4,17,11,4,4,17,2,0,0,2
C2H9N3O2,16,142,138,False,69,7,62,41,14,14,62,41,14,14,62,3,3,1,1
C2H9N3O3,17,1,0,True,0,0,0,0,0,0,0,0,0,0,0,0,0,0,0
C2H9N5,16,858,848,False,424,42,382,254,85,85,382,254,85,85,382,30,12,8,41
C2H9N5O1,17,1386,1335,False,668,66,601,401,134,133,601,401,134,133,601,36,18,14,73
C2H9N5O2,18,4,4,False,3,0,1,1,1,1,1,1,1,1,1,0,0,0,0
C2H9N5O3,19,2,2,True,0,0,0,0,0,0,0,0,0,0,0,0,0,0,0
C2H9N5O4,20,2,2,True,0,0,0,0,0,0,0,0,0,0,0,0,0,0,0
C2H9N7,18,29,26,False,13,1,12,8,3,2,12,8,3,2,12,1,0,1,3
C2H9N7O3,21,1,0,True,0,0,0,0,0,0,0,0,0,0,0,0,0,0,0
C2H9N9O1,21,1,1,True,0,0,0,0,0,0,0,0,0,0,0,0,0,0,0
C2N2,4,1006,1006,False,503,50,453,302,101,100,453,302,101,100,453,56,12,22,84
C2N2O4,8,617,608,False,304,30,274,182,61,61,274,182,61,61,274,33,15,8,54
C2N2O5,9,16,13,False,7,0,6,4,2,1,6,4,2,1,6,1,1,1,1
C2N4O1,7,647,644,False,322,32,290,193,65,64,290,193,65,64,290,27,5,6,59
C2N4O2,8,687,672,False,336,34,302,202,67,67,302,202,67,67,302,33,9,10,74
C2N4O3,9,32,25,False,13,1,11,8,3,2,11,8,3,2,11,4,1,1,2
C2N6O1,9,13,11,False,6,0,5,4,1,1,5,4,1,1,5,0,0,0,0
C3H10,13,70,37,False,19,1,17,11,4,4,17,11,4,4,17,3,0,0,1
C3H10N2,15,2504,2496,False,1248,125,1123,749,250,249,1123,749,250,249,1123,32,12,12,70
C3H10N2O1,16,981,833,False,417,41,375,250,84,83,375,250,84,83,375,10,5,1,41
C3H10N2O2,17,911,906,False,453,45,408,272,91,90,408,272,91,90,408,26,8,11,55
C3H10N2O3,18,152,150,False,75,7,68,45,15,15,68,45,15,15,68,5,1,2,8
C3H10N2O4,19,3,3,True,0,0,0,0,0,0,0,0,0,0,0,0,0,0,0
C3H10N2O5,20,1,0,True,0,0,0,0,0,0,0,0,0,0,0,0,0,0,0
C3H10N4,17,1721,1673,False,837,83,753,502,168,167,753,502,168,167,753,41,15,13,95
C3H10N4O1,18,3251,3162,False,1581,158,1423,949,316,316,1423,949,316,316,1423,82,33,28,184
C3H10N4O2,19,142,116,False,58,6,52,35,12,11,52,35,12,11,52,3,4,3,5
C3H10N4O3,20,10,6,False,3,0,3,2,1,0,3,2,1,0,3,0,0,0,1
C3H10N4O4,21,4,2,True,0,0,0,0,0,0,0,0,0,0,0,0,0,0,0
C3H10N4O5,22,2,1,True,0,0,0,0,0,0,0,0,0,0,0,0,0,0,0
C3H10N6,19,433,371,False,186,18,167,112,37,37,167,112,37,37,167,14,4,8,22
C3H10N6O1,20,7,7,False,4,0,3,2,1,1,3,2,1,1,3,1,0,0,0
C3H10N6O2,21,5,5,False,3,0,2,2,1,0,2,2,1,0,2,0,0,0,0
C3H10N6O3,22,17,15,False,8,0,7,5,2,1,7,5,2,1,7,0,0,0,0
C3H10N8,21,4,4,False,3,0,1,1,1,1,1,1,1,1,1,0,0,0,0
C3H10N8O1,22,29,29,False,15,1,13,9,3,3,13,9,3,3,13,0,0,0,0
C3H10O1,14,25,18,False,9,1,8,5,2,2,8,5,2,2,8,1,0,0,2
C3H10O2,15,27,27,False,14,1,12,8,3,3,12,8,3,3,12,2,0,0,1
C3H10O3,16,65,65,False,33,3,29,20,7,6,29,20,7,6,29,2,0,0,8
C3H10O4,17,7,7,False,4,0,3,2,1,1,3,2,1,1,3,0,0,0,0
C3H11N1,15,31,25,False,13,1,11,8,3,2,11,8,3,2,11,1,1,0,1
C3H11N1O1,16,22,22,False,11,1,10,7,2,2,10,7,2,2,10,0,1,0,3
C3H11N1O2,17,37,37,False,19,1,17,11,4,4,17,11,4,4,17,0,1,0,3
C3H11N1O3,18,21,21,False,11,0,10,7,2,2,10,7,2,2,10,0,0,0,0
C3H11N1O4,19,1,1,True,0,0,0,0,0,0,0,0,0,0,0,0,0,0,0
C3H11N3,17,1081,1047,False,524,52,471,314,105,105,471,314,105,105,471,42,15,20,66
C3H11N3O1,18,195,195,False,98,9,88,59,20,19,88,59,20,19,88,6,1,4,4
C3H11N3O2,19,9,9,False,5,0,4,3,1,1,4,3,1,1,4,0,1,1,1
C3H11N3O3,20,7,4,False,3,0,1,1,1,1,1,1,1,1,1,0,0,0,0
C3H11N3O4,21,1,0,True,0,0,0,0,0,0,0,0,0,0,0,0,0,0,0
C3H11N5,19,1064,1018,False,509,51,458,305,102,102,458,305,102,102,458,32,7,10,63
C3H11N5O1,20,134,113,False,57,5,51,34,12,11,51,34,12,11,51,8,2,2,5
C3H11N5O2,21,7,7,False,4,0,3,2,1,1,3,2,1,1,3,0,0,0,0
C3H11N5O3,22,11,7,False,4,0,3,2,1,1,3,2,1,1,3,0,0,0,1
C3H11N5O4,23,2,1,True,0,0,0,0,0,0,0,0,0,0,0,0,0,0,0
C3H11N7,21,2,2,True,0,0,0,0,0,0,0,0,0,0,0,0,0,0,0
C3H11N7O1,22,5,5,False,3,0,2,2,1,0,2,2,1,0,2,0,0,0,0
C3H11N7O2,23,3,3,True,0,0,0,0,0,0,0,0,0,0,0,0,0,0,0
C3H11N9,23,3,3,True,0,0,0,0,0,0,0,0,0,0,0,0,0,0,0
C3H12N2,17,10,10,False,5,0,5,3,1,1,5,3,1,1,5,1,0,1,1
C3H12N2O1,18,32,32,False,16,2,14,10,3,3,14,10,3,3,14,0,0,0,0
C3H12N2O2,19,36,36,False,18,2,16,11,4,3,16,11,4,3,16,0,1,0,2
C3H12N2O3,20,3,2,True,0,0,0,0,0,0,0,0,0,0,0,0,0,0,0
C3H12N4,19,2,2,True,0,0,0,0,0,0,0,0,0,0,0,0,0,0,0
C3H12N4O1,20,5,5,False,3,0,2,2,1,0,2,2,1,0,2,0,0,0,1
C3H12N4O2,21,4,2,True,0,0,0,0,0,0,0,0,0,0,0,0,0,0,0
C3H12N4O3,22,2,0,True,0,0,0,0,0,0,0,0,0,0,0,0,0,0,0
C3H12N4O4,23,1,0,True,0,0,0,0,0,0,0,0,0,0,0,0,0,0,0
C3H12N6,21,91,76,False,38,4,34,23,8,7,34,23,8,7,34,1,0,0,1
C3H12N6O1,22,4,4,False,3,0,1,1,1,1,1,1,1,1,1,0,0,0,0
C3H12N6O2,23,10,9,False,5,0,4,3,1,1,4,3,1,1,4,1,0,0,0
C3H12N6O3,24,5,4,False,3,0,1,1,1,1,1,1,1,1,1,0,0,0,0
C3H12N8O1,24,13,13,False,7,0,6,4,2,1,6,4,2,1,6,2,0,0,1
C3H13N3,19,1,1,True,0,0,0,0,0,0,0,0,0,0,0,0,0,0,0
C3H13N3O1,20,3,3,True,0,0,0,0,0,0,0,0,0,0,0,0,0,0,0
C3H13N3O2,21,2,1,True,0,0,0,0,0,0,0,0,0,0,0,0,0,0,0
C3H13N3O3,22,1,0,True,0,0,0,0,0,0,0,0,0,0,0,0,0,0,0
C3H13N5O2,23,1,0,True,0,0,0,0,0,0,0,0,0,0,0,0,0,0,0
C3H13N7,23,2,2,True,0,0,0,0,0,0,0,0,0,0,0,0,0,0,0
C3H13N7O1,24,5,5,False,3,0,2,2,1,0,2,2,1,0,2,0,0,0,0
C3H13N7O2,25,8,7,False,4,0,3,2,1,1,3,2,1,1,3,0,0,1,1
C3H13N9,25,2,2,True,0,0,0,0,0,0,0,0,0,0,0,0,0,0,0
C3H14N4O1,22,1,0,True,0,0,0,0,0,0,0,0,0,0,0,0,0,0,0
C3H14N8,25,2,2,True,0,0,0,0,0,0,0,0,0,0,0,0,0,0,0
C3H14N8O1,26,2,2,True,0,0,0,0,0,0,0,0,0,0,0,0,0,0,0
C3H15N9,27,2,2,True,0,0,0,0,0,0,0,0,0,0,0,0,0,0,0
C3H1N1,5,1251,1248,False,624,62,562,374,125,125,562,374,125,125,562,73,33,30,89
C3H1N1O2,7,1073,1067,False,534,53,480,320,107,107,480,320,107,107,480,42,15,13,80
C3H1N1O3,8,1428,1428,False,714,71,643,428,143,143,643,428,143,143,643,82,31,34,87
C3H1N1O4,9,715,704,False,352,35,317,211,71,70,317,211,71,70,317,32,11,24,71
C3H1N1O5,10,66,60,False,30,3,27,18,6,6,27,18,6,6,27,1,0,1,6
C3H1N3O1,8,2697,2687,False,1344,134,1209,806,269,269,1209,806,269,269,1209,140,34,35,169
C3H1N3O2,9,2569,2517,False,1259,125,1133,755,252,252,1133,755,252,252,1133,115,38,45,147
C3H1N3O3,10,204,177,False,89,8,80,53,18,18,80,53,18,18,80,19,4,5,11
C3H1N5,9,537,527,False,264,26,237,158,53,53,237,158,53,53,237,21,9,8,57
C3H1N5O1,10,65,57,False,29,2,26,17,6,6,26,17,6,6,26,6,2,2,8
C3H2N2,7,1140,1140,False,570,57,513,342,114,114,513,342,114,114,513,68,23,24,77
C3H2N2O1,8,3312,3303,False,1652,165,1486,991,331,330,1486,991,331,330,1486,208,58,85,334
C3H2N2O2,9,9799,9760,False,4880,488,4392,2928,976,976,4392,2928,976,976,4392,284,76,81,490
C3H2N2O3,10,16886,16644,False,8322,832,7490,4993,1665,1664,7490,4993,1665,1664,7490,664,224,198,927
C3H2N2O4,11,382,324,False,162,16,146,97,33,32,146,97,33,32,146,22,7,8,23
C3H2N2O5,12,1,1,True,0,0,0,0,0,0,0,0,0,0,0,0,0,0,0
C3H2N4,9,1444,1435,False,718,71,646,431,144,143,646,431,144,143,646,58,24,14,71
C3H2N4O1,10,20758,20357,False,10179,1017,9161,6107,2036,2036,9161,6107,2036,2036,9161,982,317,337,1163
C3H2N4O2,11,1364,1166,False,583,58,525,350,117,116,525,350,117,116,525,98,26,35,85
C3H2N4O3,12,1,1,True,0,0,0,0,0,0,0,0,0,0,0,0,0,0,0
C3H2N4O5,14,1,1,True,0,0,0,0,0,0,0,0,0,0,0,0,0,0,0
C3H2N6,11,76,58,False,29,3,26,17,6,6,26,17,6,6,26,5,0,1,6
C3H2N6O1,12,1,1,True,0,0,0,0,0,0,0,0,0,0,0,0,0,0,0
C3H2N6O3,14,1,1,True,0,0,0,0,0,0,0,0,0,0,0,0,0,0,0
C3H2O1,6,1223,1222,False,611,61,550,367,122,122,550,367,122,122,550,82,24,31,105
C3H2O2,7,982,982,False,491,49,442,295,98,98,442,295,98,98,442,24,8,6,78
C3H2O3,8,1516,1511,False,756,75,680,454,151,151,680,454,151,151,680,77,18,25,142
C3H2O4,9,1330,1318,False,659,66,593,395,132,132,593,395,132,132,593,52,18,14,86
C3H2O5,10,1002,982,False,491,49,442,295,98,98,442,295,98,98,442,53,23,23,62
C3H3N1,7,1307,1306,False,653,65,588,392,131,130,588,392,131,130,588,13,3,3,65
C3H3N1O1,8,8542,8526,False,4263,426,3837,2558,853,852,3837,2558,853,852,3837,217,62,70,651
C3H3N1O2,9,9039,9004,False,4502,450,4052,2701,901,900,4052,2701,901,900,4052,337,116,99,522
C3H3N1O3,10,8757,8717,False,4359,435,3923,2615,872,872,3923,2615,872,872,3923,228,84,90,422
C3H3N1O4,11,8343,8212,False,4106,411,3695,2464,821,821,3695,2464,821,821,3695,262,86,92,434
C3H3N1O5,12,57,54,False,27,3,24,16,6,5,24,16,6,5,24,3,1,0,5
C3H3N3,9,5141,5131,False,2566,256,2309,1540,513,513,2309,1540,513,513,2309,257,78,94,281
C3H3N3O1,10,14963,14882,False,7441,744,6697,4465,1488,1488,6697,4465,1488,1488,6697,501,194,172,830
C3H3N3O2,11,41575,40912,False,20456,2046,18410,12274,4091,4091,18410,12274,4091,4091,18410,1302,446,445,2285
C3H3N3O3,12,1723,1498,False,749,75,674,449,150,150,674,449,150,150,674,59,30,28,87
C3H3N3O5,14,1,1,True,0,0,0,0,0,0,0,0,0,0,0,0,0,0,0
C3H3N5,11,17543,17129,False,8565,856,7708,5139,1713,1713,7708,5139,1713,1713,7708,563,214,188,1067
C3H3N5O1,12,2202,1894,False,947,95,852,568,190,189,852,568,190,189,852,88,29,33,131
C3H3N5O2,13,3,3,True,0,0,0,0,0,0,0,0,0,0,0,0,0,0,0
C3H3N5O3,14,8,8,False,4,0,4,2,1,1,4,2,1,1,4,1,0,0,0
C3H3N5O4,15,12,12,False,6,1,5,4,1,1,5,4,1,1,5,2,0,0,2
C3H3N7O2,15,1,1,True,0,0,0,0,0,0,0,0,0,0,0,0,0,0,0
C3H4,7,1699,1691,False,846,84,761,508,169,169,761,508,169,169,761,22,9,7,107
C3H4N2,9,10260,10247,False,5124,512,4611,3074,1025,1025,4611,3074,1025,1025,4611,241,94,86,688
C3H4N2O1,10,20433,20217,False,10109,1010,9098,6065,2022,2022,9098,6065,2022,2022,9098,600,204,188,1157
C3H4N2O2,11,23456,23156,False,11578,1158,10420,6947,2316,2315,10420,6947,2316,2315,10420,578,167,181,1207
C3H4N2O3,12,29125,28424,False,14212,1421,12791,8527,2843,2842,12791,8527,2843,2842,12791,887,268,320,1608
C3H4N2O4,13,519,447,False,224,22,201,134,45,45,201,134,45,45,201,22,9,8,30
C3H4N4,11,12148,11773,False,5887,588,5298,3532,1178,1177,5298,3532,1178,1177,5298,379,117,118,619
C3H4N4O1,12,49667,48606,False,24303,2430,21873,14582,4861,4860,21873,14582,4861,4860,21873,1462,508,517,2640
C3H4N4O2,13,2757,2415,False,1208,120,1087,725,242,241,1087,725,242,241,1087,96,41,34,142
C3H4N4O3,14,2,2,True,0,0,0,0,0,0,0,0,0,0,0,0,0,0,0
C3H4N4O4,15,6,6,False,3,0,3,2,1,0,3,2,1,0,3,1,0,0,1
C3H4N4O5,16,10,10,False,5,0,5,3,1,1,5,3,1,1,5,0,0,1,1
C3H4N6,13,1483,1290,False,645,64,581,387,129,129,581,387,129,129,581,92,24,22,81
C3H4N6O1,14,1,1,True,0,0,0,0,0,0,0,0,0,0,0,0,0,0,0
C3H4N6O2,15,11,11,False,6,0,5,4,1,1,5,4,1,1,5,3,0,0,1
C3H4N6O3,16,26,26,False,13,1,12,8,3,2,12,8,3,2,12,2,0,0,2
C3H4N8,15,2,2,True,0,0,0,0,0,0,0,0,0,0,0,0,0,0,0
C3H4N8O1,16,4,4,False,3,0,1,1,1,1,1,1,1,1,1,0,0,0,1
C3H4O1,8,3141,2915,False,1458,145,1312,875,292,291,1312,875,292,291,1312,9,5,4,159
C3H4O2,9,10807,10217,False,5109,510,4598,3065,1022,1022,4598,3065,1022,1022,4598,228,87,70,565
C3H4O3,10,5157,4995,False,2498,249,2248,1499,500,499,2248,1499,500,499,2248,209,68,73,381
C3H4O4,11,1142,1134,False,567,57,510,340,114,113,510,340,114,113,510,41,14,14,82
C3H4O5,12,650,644,False,322,32,290,193,65,64,290,193,65,64,290,33,14,16,25
C3H4O6,13,1,1,True,0,0,0,0,0,0,0,0,0,0,0,0,0,0,0
C3H5N1,9,2605,2604,False,1302,130,1172,781,261,260,1172,781,261,260,1172,11,7,3,109
C3H5N1O1,10,18157,18147,False,9074,907,8166,5444,1815,1815,8166,5444,1815,1815,8166,413,150,134,950
C3H5N1O2,11,14898,14102,False,7051,705,6346,4231,1410,1410,6346,4231,1410,1410,6346,407,128,115,799
C3H5N1O3,12,7914,7868,False,3934,393,3541,2360,787,787,3541,2360,787,787,3541,288,97,109,480
C3H5N1O4,13,5203,4819,False,2410,240,2169,1446,482,482,2169,1446,482,482,2169,178,46,43,272
C3H5N1O5,14,5,5,False,3,0,2,2,1,0,2,2,1,0,2,1,1,0,0
C3H5N3,11,11893,11708,False,5854,585,5269,3512,1171,1171,5269,3512,1171,1171,5269,279,88,82,606
C3H5N3O1,12,28478,28020,False,14010,1401,12609,8406,2802,2802,12609,8406,2802,2802,12609,571,168,196,1347
C3H5N3O2,13,49066,47826,False,23913,2391,21522,14348,4783,4782,21522,14348,4783,4782,21522,1471,513,520,2637
C3H5N3O3,14,1786,1571,False,786,78,707,472,157,157,707,472,157,157,707,70,18,22,94
C3H5N3O4,15,3,3,True,0,0,0,0,0,0,0,0,0,0,0,0,0,0,0
C3H5N3O5,16,1,1,True,0,0,0,0,0,0,0,0,0,0,0,0,0,0,0
C3H5N5,13,20073,19676,False,9838,984,8854,5903,1968,1967,8854,5903,1968,1967,8854,581,195,200,992
C3H5N5O1,14,3114,2711,False,1356,135,1220,814,271,271,1220,814,271,271,1220,128,31,43,154
C3H5N5O2,15,181,172,False,86,9,77,52,17,17,77,52,17,17,77,10,3,2,10
C3H5N5O3,16,10,10,False,5,0,5,3,1,1,5,3,1,1,5,0,0,0,0
C3H5N5O4,17,16,16,False,8,1,7,5,2,1,7,5,2,1,7,1,0,0,1
C3H5N7,15,1,1,True,0,0,0,0,0,0,0,0,0,0,0,0,0,0,0
C3H5N7O1,16,7,7,False,4,0,3,2,1,1,3,2,1,1,3,1,0,1,0
C3H5N7O2,17,38,38,False,19,2,17,11,4,4,17,11,4,4,17,1,1,2,3
C3H5N9,17,3,3,True,0,0,0,0,0,0,0,0,0,0,0,0,0,0,0
C3H6,9,3834,3692,False,1846,185,1661,1108,369,369,1661,1108,369,369,1661,17,7,1,201
C3H6N2,11,18038,18004,False,9002,900,8102,5401,1801,1800,8102,5401,1801,1800,8102,317,114,108,1032
C3H6N2O1,12,22560,22430,False,11215,1121,10094,6729,2243,2243,10094,6729,2243,2243,10094,471,135,148,1116
C3H6N2O2,13,17227,16372,False,8186,819,7367,4912,1637,1637,7367,4912,1637,1637,7367,354,114,116,814
C3H6N2O3,14,14247,13798,False,6899,690,6209,4139,1380,1380,6209,4139,1380,1380,6209,411,155,140,754
C3H6N2O4,15,785,576,False,288,29,259,173,58,57,259,173,58,57,259,33,9,11,36
C3H6N2O5,16,2,1,True,0,0,0,0,0,0,0,0,0,0,0,0,0,0,0
C3H6N4,13,14442,14015,False,7008,700,6307,4205,1402,1401,6307,4205,1402,1401,6307,294,94,102,650
C3H6N4O1,14,39067,38001,False,19001,1899,17101,11401,3800,3800,17101,11401,3800,3800,17101,1131,341,370,1982
C3H6N4O2,15,3080,2735,False,1368,136,1231,821,274,273,1231,821,274,273,1231,129,43,37,172
C3H6N4O3,16,304,286,False,143,14,129,86,29,28,129,86,29,28,129,12,5,2,18
C3H6N4O4,17,8,8,False,4,0,4,2,1,1,4,2,1,1,4,0,0,0,2
C3H6N4O5,18,6,6,False,3,0,3,2,1,0,3,2,1,0,3,1,0,0,0
C3H6N6,15,1602,1386,False,693,69,624,416,139,138,624,416,139,138,624,64,18,8,85
C3H6N6O1,16,4,3,True,0,0,0,0,0,0,0,0,0,0,0,0,0,0,0
C3H6N6O2,17,26,26,False,13,1,12,8,3,2,12,8,3,2,12,2,0,0,1
C3H6N6O3,18,676,645,False,323,32,290,194,65,64,290,194,65,64,290,38,10,13,40
C3H6N8,17,5,5,False,3,0,2,2,1,0,2,2,1,0,2,0,0,0,0
C3H6N8O1,18,27,27,False,14,1,12,8,3,3,12,8,3,3,12,0,0,1,6
C3H6N8O3,20,1,0,True,0,0,0,0,0,0,0,0,0,0,0,0,0,0,0
C3H6O1,10,9811,9682,False,4841,484,4357,2905,968,968,4357,2905,968,968,4357,84,26,25,418
C3H6O2,11,15053,13464,False,6732,673,6059,4039,1347,1346,6059,4039,1347,1346,6059,231,82,98,774
C3H6O3,12,6074,5485,False,2743,274,2468,1646,549,548,2468,1646,549,548,2468,207,73,61,371
C3H6O4,13,382,377,False,189,18,170,113,38,38,170,113,38,38,170,17,2,3,21
C3H6O5,14,2,1,True,0,0,0,0,0,0,0,0,0,0,0,0,0,0,0
C3H7N1,11,7573,7511,False,3756,375,3380,2254,751,751,3380,2254,751,751,3380,23,5,4,285
C3H7N1O1,12,18211,16244,False,8122,812,7310,4873,1625,1624,7310,4873,1625,1624,7310,250,76,84,783
C3H7N1O2,13,13017,11803,False,5902,590,5311,3541,1181,1180,5311,3541,1181,1180,5311,286,90,86,618
C3H7N1O3,14,3540,3362,False,1681,168,1513,1009,336,336,1513,1009,336,336,1513,99,43,40,175
C3H7N1O4,15,272,261,False,131,12,118,79,26,26,118,79,26,26,118,8,3,7,20
C3H7N1O5,16,5,5,False,3,0,2,2,1,0,2,2,1,0,2,0,0,0,1
C3H7N3,13,14293,14225,False,7113,711,6401,4268,1423,1422,6401,4268,1423,1422,6401,274,85,90,724
C3H7N3O1,14,11770,11505,False,5753,575,5177,3452,1151,1150,5177,3452,1151,1150,5177,219,67,76,597
C3H7N3O2,15,26429,25449,False,12725,1272,11452,7635,2545,2545,11452,7635,2545,2545,11452,765,241,229,1354
C3H7N3O3,16,1649,1514,False,757,76,681,454,152,151,681,454,152,151,681,82,25,28,80
C3H7N3O4,17,836,660,False,330,33,297,198,66,66,297,198,66,66,297,36,13,13,41
C3H7N3O6,19,2,2,True,0,0,0,0,0,0,0,0,0,0,0,0,0,0,0
C3H7N5,15,15339,14686,False,7343,734,6609,4406,1469,1468,6609,4406,1469,1468,6609,489,173,153,771
C3H7N5O1,16,2743,2373,False,1187,118,1068,712,238,237,1068,712,238,237,1068,90,46,34,147
C3H7N5O2,17,21,21,False,11,0,10,7,2,2,10,7,2,2,10,1,0,0,1
C3H7N5O3,18,32,31,False,16,1,14,10,3,3,14,10,3,3,14,2,3,0,1
C3H7N5O4,19,95,92,False,46,5,41,28,9,9,41,28,9,9,41,7,4,2,7
C3H7N7,17,27,22,False,11,1,10,7,2,2,10,7,2,2,10,0,0,0,0
C3H7N7O1,18,11,11,False,6,0,5,4,1,1,5,4,1,1,5,1,0,0,1
C3H7N7O2,19,36,36,False,18,2,16,11,4,3,16,11,4,3,16,2,0,0,1
C3H7N9,19,8,8,False,4,0,4,2,1,1,4,2,1,1,4,1,0,1,0
C3H8,11,1015,919,False,460,45,414,276,92,92,414,276,92,92,414,0,0,0,23
C3H8N2,13,15313,15281,False,7641,763,6877,4585,1528,1528,6877,4585,1528,1528,6877,112,41,35,536
C3H8N2O1,14,16354,15683,False,7842,784,7057,4705,1569,1568,7057,4705,1569,1568,7057,322,107,112,812
C3H8N2O2,15,6193,5422,False,2711,271,2440,1627,542,542,2440,1627,542,542,2440,139,52,45,264
C3H8N2O3,16,2347,2297,False,1149,114,1034,689,230,230,1034,689,230,230,1034,71,31,34,136
C3H8N2O4,17,23,16,False,8,1,7,5,2,1,7,5,2,1,7,1,1,0,0
C3H8N2O5,18,2,2,True,0,0,0,0,0,0,0,0,0,0,0,0,0,0,0
C3H8N4,15,7576,7506,False,3753,375,3378,2252,751,750,3378,2252,751,750,3378,133,54,58,374
C3H8N4O1,16,18471,17920,False,8960,896,8064,5376,1792,1792,8064,5376,1792,1792,8064,514,185,172,963
C3H8N4O2,17,1510,1331,False,666,66,599,400,133,133,599,400,133,133,599,68,15,20,77
C3H8N4O3,18,18,16,False,8,1,7,5,2,1,7,5,2,1,7,2,0,1,0
C3H8N4O4,19,14,12,False,6,1,5,4,1,1,5,4,1,1,5,1,0,0,2
C3H8N4O5,20,9,5,False,3,0,2,2,1,0,2,2,1,0,2,1,1,0,1
C3H8N6,17,1128,972,False,486,49,437,292,97,97,437,292,97,97,437,37,23,16,58
C3H8N6O1,18,12,11,False,6,0,5,4,1,1,5,4,1,1,5,0,0,0,0
C3H8N6O2,19,40,39,False,20,1,18,12,4,4,18,12,4,4,18,3,1,0,1
C3H8N6O3,20,34,34,False,17,2,15,10,4,3,15,10,4,3,15,1,0,0,1
C3H8N6O4,21,4,0,True,0,0,0,0,0,0,0,0,0,0,0,0,0,0,0
C3H8N8,19,1,1,True,0,0,0,0,0,0,0,0,0,0,0,0,0,0,0
C3H8N8O1,20,25,25,False,13,1,11,8,3,2,11,8,3,2,11,3,2,1,1
C3H8O1,12,3409,2990,False,1495,149,1346,897,299,299,1346,897,299,299,1346,25,4,7,88
C3H8O2,13,4972,4815,False,2408,240,2167,1445,482,481,2167,1445,482,481,2167,58,19,15,242
C3H8O3,14,1430,1424,False,712,71,641,427,143,142,641,427,143,142,641,39,11,23,99
C3H8O4,15,119,119,False,60,5,54,36,12,12,54,36,12,12,54,4,1,1,7
C3H8O6,17,1,1,True,0,0,0,0,0,0,0,0,0,0,0,0,0,0,0
C3H9N1,13,4301,3995,False,1998,199,1798,1199,400,399,1798,1199,400,399,1798,35,5,7,90
C3H9N1O1,14,5104,4607,False,2304,230,2073,1382,461,461,2073,1382,461,461,2073,47,13,11,166
C3H9N1O2,15,1077,925,False,463,46,416,278,93,92,416,278,93,92,416,32,5,9,47
C3H9N1O3,16,339,339,False,170,16,153,102,34,34,153,102,34,34,153,11,2,2,18
C3H9N1O4,17,7,7,False,4,0,3,2,1,1,3,2,1,1,3,0,0,0,0
C3H9N1O5,18,2,2,True,0,0,0,0,0,0,0,0,0,0,0,0,0,0,0
C3H9N3,15,7873,7817,False,3909,390,3518,2345,782,782,3518,2345,782,782,3518,129,38,40,321
C3H9N3O1,16,4470,4421,False,2211,220,1990,1327,442,442,1990,1327,442,442,1990,102,27,32,230
C3H9N3O2,17,3895,3799,False,1900,189,1710,1140,380,380,1710,1140,380,380,1710,118,36,31,206
C3H9N3O3,18,632,619,False,310,30,279,186,62,62,279,186,62,62,279,21,4,6,33
C3H9N3O4,19,6,4,False,3,0,1,1,1,1,1,1,1,1,1,0,0,1,0
C3H9N3O5,20,3,1,True,0,0,0,0,0,0,0,0,0,0,0,0,0,0,0
C3H9N3O6,21,1,0,True,0,0,0,0,0,0,0,0,0,0,0,0,0,0,0
C3H9N5,17,7580,7370,False,3685,368,3317,2211,737,737,3317,2211,737,737,3317,208,74,68,393
C3H9N5O1,18,1198,1040,False,520,52,468,312,104,104,468,312,104,104,468,39,14,6,58
C3H9N5O2,19,529,510,False,255,25,230,153,51,51,230,153,51,51,230,23,4,4,23
C3H9N5O3,20,16,13,False,7,0,6,4,2,1,6,4,2,1,6,0,0,0,1
C3H9N5O4,21,8,8,False,4,0,4,2,1,1,4,2,1,1,4,0,0,0,0
C3H9N7,19,1,1,True,0,0,0,0,0,0,0,0,0,0,0,0,0,0,0
C3H9N7O1,20,14,14,False,7,1,6,4,2,1,6,4,2,1,6,0,0,0,0
C3H9N7O2,21,43,43,False,22,2,19,13,5,4,19,13,5,4,19,0,0,0,0
C3H9N7O3,22,1,0,True,0,0,0,0,0,0,0,0,0,0,0,0,0,0,0
C3H9N9,21,14,14,False,7,1,6,4,2,1,6,4,2,1,6,0,0,0,0
C3N2O1,6,644,641,False,321,31,289,193,64,64,289,193,64,64,289,32,5,9,49
C3N2O3,8,143,142,False,71,7,64,43,14,14,64,43,14,14,64,1,1,1,8
C3O5,8,59,56,False,28,3,25,17,6,5,25,17,6,5,25,3,3,1,4
C4H10,14,2345,725,False,363,36,326,218,73,72,326,218,73,72,326,0,0,0,13
C4H10N2,16,12396,12296,False,6148,615,5533,3689,1230,1229,5533,3689,1230,1229,5533,147,58,37,513
C4H10N2O1,17,5204,5044,False,2522,252,2270,1513,505,504,2270,1513,505,504,2270,83,27,33,240
C4H10N2O2,18,6243,5511,False,2756,275,2480,1654,551,551,2480,1654,551,551,2480,169,53,54,312
C4H10N2O3,19,1133,669,False,335,33,301,201,67,67,301,201,67,67,301,35,11,9,32
C4H10N2O4,20,11,10,False,5,0,5,3,1,1,5,3,1,1,5,0,0,0,1
C4H10N2O5,21,2,0,True,0,0,0,0,0,0,0,0,0,0,0,0,0,0,0
C4H10N2O6,22,2,2,True,0,0,0,0,0,0,0,0,0,0,0,0,0,0,0
C4H10N4,18,13067,12619,False,6310,630,5679,3786,1262,1262,5679,3786,1262,1262,5679,389,123,119,696
C4H10N4O1,19,3867,3144,False,1572,157,1415,943,315,314,1415,943,315,314,1415,122,48,35,192
C4H10N4O2,20,615,603,False,302,30,271,181,61,60,271,181,61,60,271,24,6,11,32
C4H10N4O3,21,50,45,False,23,2,20,14,5,4,20,14,5,4,20,2,0,0,0
C4H10N4O4,22,38,36,False,18,2,16,11,4,3,16,11,4,3,16,1,0,1,0
C4H10N6,20,11,9,False,5,0,4,3,1,1,4,3,1,1,4,0,0,0,1
C4H10N6O1,21,67,67,False,34,3,30,20,7,7,30,20,7,7,30,0,0,1,0
C4H10N6O2,22,149,147,False,74,7,66,44,15,15,66,44,15,15,66,2,1,1,2
C4H10N6O3,23,1,0,True,0,0,0,0,0,0,0,0,0,0,0,0,0,0,0
C4H10N8,22,39,39,False,20,1,18,12,4,4,18,12,4,4,18,0,0,0,0
C4H10N8O1,23,1,0,True,0,0,0,0,0,0,0,0,0,0,0,0,0,0,0
C4H10O1,15,4716,4459,False,2230,222,2007,1338,446,446,2007,1338,446,446,2007,14,2,2,104
C4H10O2,16,3711,3146,False,1573,157,1416,944,315,314,1416,944,315,314,1416,68,25,18,171
C4H10O3,17,787,784,False,392,39,353,235,79,78,353,235,79,78,353,35,14,5,46
C4H10O4,18,199,198,False,99,10,89,59,20,20,89,59,20,20,89,5,1,5,15
C4H10O5,19,2,2,True,0,0,0,0,0,0,0,0,0,0,0,0,0,0,0
C4H11N1,16,5506,5495,False,2748,274,2473,1649,550,549,2473,1649,550,549,2473,30,6,12,113
C4H11N1O1,17,4856,4828,False,2414,241,2173,1448,483,483,2173,1448,483,483,2173,83,26,31,201
C4H11N1O2,18,965,816,False,408,41,367,245,82,81,367,245,82,81,367,22,7,6,39
C4H11N1O3,19,472,325,False,163,16,146,98,33,32,146,98,33,32,146,19,11,7,19
C4H11N1O4,20,8,8,False,4,0,4,2,1,1,4,2,1,1,4,0,0,0,0
C4H11N1O5,21,1,0,True,0,0,0,0,0,0,0,0,0,0,0,0,0,0,0
C4H11N1O6,22,3,0,True,0,0,0,0,0,0,0,0,0,0,0,0,0,0,0
C4H11N3,18,1258,1227,False,614,61,552,368,123,123,552,368,123,123,552,40,13,14,55
C4H11N3O1,19,3411,3301,False,1651,164,1486,991,330,330,1486,991,330,330,1486,83,28,32,158
C4H11N3O2,20,1300,1227,False,614,61,552,368,123,123,552,368,123,123,552,39,12,19,56
C4H11N3O3,21,24,18,False,9,1,8,5,2,2,8,5,2,2,8,0,0,0,0
C4H11N3O4,22,15,9,False,5,0,4,3,1,1,4,3,1,1,4,0,0,0,0
C4H11N3O5,23,3,2,True,0,0,0,0,0,0,0,0,0,0,0,0,0,0,0
C4H11N5,20,1137,1003,False,502,50,451,301,101,100,451,301,101,100,451,35,13,10,63
C4H11N5O1,21,34,33,False,17,1,15,10,4,3,15,10,4,3,15,0,0,0,0
C4H11N5O2,22,436,145,False,73,7,65,44,15,14,65,44,15,14,65,1,1,0,2
C4H11N5O3,23,45,42,False,21,2,19,13,4,4,19,13,4,4,19,1,0,0,0
C4H11N7,22,20,19,False,10,0,9,6,2,2,9,6,2,2,9,0,1,0,0
C4H11N7O1,23,82,82,False,41,4,37,25,8,8,37,25,8,8,37,1,0,2,1
C4H11N7O5,27,1,0,True,0,0,0,0,0,0,0,0,0,0,0,0,0,0,0
C4H12,16,6,6,False,3,0,3,2,1,0,3,2,1,0,3,0,0,0,0
C4H12N2,18,2710,2688,False,1344,134,1210,806,269,269,1210,806,269,269,1210,42,16,16,85
C4H12N2O1,19,494,350,False,175,17,158,105,35,35,158,105,35,35,158,16,5,4,19
C4H12N2O2,20,122,120,False,60,6,54,36,12,12,54,36,12,12,54,3,2,2,4
C4H12N2O3,21,11,9,False,5,0,4,3,1,1,4,3,1,1,4,0,0,0,0
C4H12N2O4,22,1,0,True,0,0,0,0,0,0,0,0,0,0,0,0,0,0,0
C4H12N2O5,23,1,1,True,0,0,0,0,0,0,0,0,0,0,0,0,0,0,0
C4H12N2O6,24,1,0,True,0,0,0,0,0,0,0,0,0,0,0,0,0,0,0
C4H12N4,20,4005,3884,False,1942,194,1748,1165,389,388,1748,1165,389,388,1748,128,33,33,214
C4H12N4O1,21,391,340,False,170,17,153,102,34,34,153,102,34,34,153,2,1,1,3
C4H12N4O2,22,21,20,False,10,1,9,6,2,2,9,6,2,2,9,0,0,0,0
C4H12N4O3,23,22,19,False,10,0,9,6,2,2,9,6,2,2,9,1,0,0,1
C4H12N4O4,24,16,14,False,7,1,6,4,2,1,6,4,2,1,6,0,0,0,0
C4H12N6,22,76,75,False,38,3,34,23,8,7,34,23,8,7,34,0,0,0,0
C4H12N6O1,23,38,38,False,19,2,17,11,4,4,17,11,4,4,17,0,0,0,0
C4H12N6O2,24,47,46,False,23,2,21,14,5,4,21,14,5,4,21,3,0,0,1
C4H12N8,24,26,26,False,13,1,12,8,3,2,12,8,3,2,12,0,0,0,0
C4H12N8O1,25,1,0,True,0,0,0,0,0,0,0,0,0,0,0,0,0,0,0
C4H12O1,17,2,2,True,0,0,0,0,0,0,0,0,0,0,0,0,0,0,0
C4H12O2,18,50,50,False,25,2,23,15,5,5,23,15,5,5,23,2,0,0,2
C4H12O3,19,74,74,False,37,4,33,22,8,7,33,22,8,7,33,1,0,1,0
C4H12O4,20,1,1,True,0,0,0,0,0,0,0,0,0,0,0,0,0,0,0
C4H12O5,21,1,1,True,0,0,0,0,0,0,0,0,0,0,0,0,0,0,0
C4H13N1,18,2,2,True,0,0,0,0,0,0,0,0,0,0,0,0,0,0,0
C4H13N1O1,19,24,24,False,12,1,11,7,3,2,11,7,3,2,11,1,0,1,0
C4H13N1O2,20,230,228,False,114,11,103,68,23,23,103,68,23,23,103,6,2,4,7
C4H13N1O4,22,1,1,True,0,0,0,0,0,0,0,0,0,0,0,0,0,0,0
C4H13N3,20,2,2,True,0,0,0,0,0,0,0,0,0,0,0,0,0,0,0
C4H13N3O1,21,368,360,False,180,18,162,108,36,36,162,108,36,36,162,8,4,3,15
C4H13N3O2,22,4,3,True,0,0,0,0,0,0,0,0,0,0,0,0,0,0,0
C4H13N3O3,23,7,5,False,3,0,2,2,1,0,2,2,1,0,2,0,0,0,0
C4H13N3O4,24,1,1,True,0,0,0,0,0,0,0,0,0,0,0,0,0,0,0
C4H13N5,22,142,126,False,63,6,57,38,13,12,57,38,13,12,57,4,1,1,3
C4H13N5O1,23,12,12,False,6,1,5,4,1,1,5,4,1,1,5,0,0,0,0
C4H13N5O2,24,508,496,False,248,25,223,149,50,49,223,149,50,49,223,12,4,6,8
C4H13N5O3,25,35,35,False,18,1,16,11,4,3,16,11,4,3,16,0,0,0,0
C4H13N7,24,15,15,False,8,0,7,5,2,1,7,5,2,1,7,0,0,0,0
C4H13N7O1,25,21,21,False,11,0,10,7,2,2,10,7,2,2,10,0,0,0,0
C4H14N2,20,1,1,True,0,0,0,0,0,0,0,0,0,0,0,0,0,0,0
C4H14N2O1,21,115,115,False,58,5,52,35,12,11,52,35,12,11,52,0,0,0,0
C4H14N2O2,22,2,1,True,0,0,0,0,0,0,0,0,0,0,0,0,0,0,0
C4H14N4,22,3,3,True,0,0,0,0,0,0,0,0,0,0,0,0,0,0,0
C4H14N4O1,23,1,1,True,0,0,0,0,0,0,0,0,0,0,0,0,0,0,0
C4H14N4O2,24,6,2,True,0,0,0,0,0,0,0,0,0,0,0,0,0,0,0
C4H14N4O3,25,3,1,True,0,0,0,0,0,0,0,0,0,0,0,0,0,0,0
C4H14N6,24,6,6,False,3,0,3,2,1,0,3,2,1,0,3,0,0,0,0
C4H14N6O1,25,19,18,False,9,1,8,5,2,2,8,5,2,2,8,0,0,0,0
C4H14N6O2,26,30,27,False,14,1,12,8,3,3,12,8,3,3,12,0,0,0,0
C4H14N6O3,27,1,0,True,0,0,0,0,0,0,0,0,0,0,0,0,0,0,0
C4H14N8,26,7,7,False,4,0,3,2,1,1,3,2,1,1,3,0,0,0,0
C4H15N3,22,2,2,True,0,0,0,0,0,0,0,0,0,0,0,0,0,0,0
C4H15N3O1,23,1,1,True,0,0,0,0,0,0,0,0,0,0,0,0,0,0,0
C4H15N5,24,1,1,True,0,0,0,0,0,0,0,0,0,0,0,0,0,0,0
C4H15N5O2,26,2,2,True,0,0,0,0,0,0,0,0,0,0,0,0,0,0,0
C4H15N5O3,27,1,1,True,0,0,0,0,0,0,0,0,0,0,0,0,0,0,0
C4H15N5O4,28,3,0,True,0,0,0,0,0,0,0,0,0,0,0,0,0,0,0
C4H15N7,26,2,1,True,0,0,0,0,0,0,0,0,0,0,0,0,0,0,0
C4H15N7O1,27,15,15,False,8,0,7,5,2,1,7,5,2,1,7,0,0,0,0
C4H16N4,24,2,1,True,0,0,0,0,0,0,0,0,0,0,0,0,0,0,0
C4H16N6O1,27,1,1,True,0,0,0,0,0,0,0,0,0,0,0,0,0,0,0
C4H16N8,28,4,4,False,3,0,1,1,1,1,1,1,1,1,1,0,0,0,0
C4H17N7O2,30,1,0,True,0,0,0,0,0,0,0,0,0,0,0,0,0,0,0
C4H1N1O1,7,1030,1021,False,511,50,460,307,102,102,460,307,102,102,460,29,12,7,69
C4H1N1O2,8,480,470,False,235,23,212,141,47,47,212,141,47,47,212,18,8,3,25
C4H1N1O3,9,1020,1009,False,505,50,454,303,101,101,454,303,101,101,454,57,22,18,87
C4H1N1O4,10,96,83,False,42,4,37,25,9,8,37,25,9,8,37,6,4,1,14
C4H1N3,8,367,367,False,184,18,165,110,37,37,165,110,37,37,165,17,10,10,22
C4H1N3O1,9,1009,990,False,495,49,446,297,99,99,446,297,99,99,446,68,19,34,64
C4H1N3O2,10,164,142,False,71,7,64,43,14,14,64,43,14,14,64,10,3,4,10
C4H2,6,1495,1495,False,748,74,673,449,150,149,673,449,150,149,673,79,27,24,116
C4H2N2,8,1425,1418,False,709,71,638,425,142,142,638,425,142,142,638,56,20,26,101
C4H2N2O1,9,4884,4863,False,2432,243,2188,1459,487,486,2188,1459,487,486,2188,180,51,62,248
C4H2N2O2,10,9159,9008,False,4504,450,4054,2702,901,901,4054,2702,901,901,4054,480,167,157,674
C4H2N2O3,11,584,505,False,253,25,227,152,51,50,227,152,51,50,227,35,23,11,38
C4H2N2O4,12,144,0,True,0,0,0,0,0,0,0,0,0,0,0,0,0,0,0
C4H2N4,10,4005,3948,False,1974,197,1777,1184,395,395,1777,1184,395,395,1777,249,84,63,271
C4H2N4O1,11,330,284,False,142,14,128,85,29,28,128,85,29,28,128,30,7,8,33
C4H2N4O2,12,1,1,True,0,0,0,0,0,0,0,0,0,0,0,0,0,0,0
C4H2N4O4,14,2,2,True,0,0,0,0,0,0,0,0,0,0,0,0,0,0,0
C4H2N6O2,14,2,2,True,0,0,0,0,0,0,0,0,0,0,0,0,0,0,0
C4H2O2,8,656,650,False,325,32,293,195,65,65,293,195,65,65,293,27,7,7,54
C4H2O3,9,1132,1119,False,560,55,504,336,112,112,504,336,112,112,504,40,12,21,92
C4H2O4,10,1360,1334,False,667,67,600,400,134,133,600,400,134,133,600,54,26,22,60
C4H2O5,11,2,2,True,0,0,0,0,0,0,0,0,0,0,0,0,0,0,0
C4H3N1,8,2134,2134,False,1067,107,960,640,214,213,960,640,214,213,960,66,21,17,146
C4H3N1O1,9,4504,4489,False,2245,224,2020,1347,449,449,2020,1347,449,449,2020,187,53,63,392
C4H3N1O2,10,10109,9766,False,4883,488,4395,2930,977,976,4395,2930,977,976,4395,301,107,107,459
C4H3N1O3,11,14461,14226,False,7113,711,6402,4268,1423,1422,6402,4268,1423,1422,6402,525,183,170,745
C4H3N1O4,12,586,533,False,267,26,240,160,54,53,240,160,54,53,240,35,9,12,51
C4H3N3,10,3602,3579,False,1790,178,1611,1074,358,358,1611,1074,358,358,1611,115,28,40,188
C4H3N3O1,11,24905,24428,False,12214,1221,10993,7328,2443,2443,10993,7328,2443,2443,10993,818,273,287,1331
C4H3N3O2,12,2716,2369,False,1185,118,1066,711,237,237,1066,711,237,237,1066,103,37,47,142
C4H3N3O3,13,138,137,False,69,6,62,41,14,14,62,41,14,14,62,8,4,4,9
C4H3N3O4,14,1,1,True,0,0,0,0,0,0,0,0,0,0,0,0,0,0,0
C4H3N3O5,15,3,3,True,0,0,0,0,0,0,0,0,0,0,0,0,0,0,0
C4H3N5,12,503,444,False,222,22,200,133,45,44,200,133,45,44,200,28,8,15,31
C4H3N5O1,13,133,132,False,66,7,59,40,13,13,59,40,13,13,59,12,3,1,10
C4H3N5O3,15,1,1,True,0,0,0,0,0,0,0,0,0,0,0,0,0,0,0
C4H4,8,1781,1754,False,877,88,789,526,176,175,789,526,176,175,789,62,26,23,109
C4H4N2,10,5157,5145,False,2573,257,2315,1544,515,514,2315,1544,515,514,2315,177,63,73,309
C4H4N2O1,11,20922,20801,False,10401,1039,9361,6241,2080,2080,9361,6241,2080,2080,9361,527,177,181,1034
C4H4N2O2,12,46225,44471,False,22236,2223,20012,13342,4447,4447,20012,13342,4447,4447,20012,1340,456,460,2346
C4H4N2O3,13,2036,1780,False,890,89,801,534,178,178,801,534,178,178,801,68,23,19,117
C4H4N2O4,14,418,129,False,65,6,58,39,13,13,58,39,13,13,58,8,2,0,13
C4H4N2O6,16,2,1,True,0,0,0,0,0,0,0,0,0,0,0,0,0,0,0
C4H4N4,12,21007,20604,False,10302,1030,9272,6181,2061,2060,9272,6181,2061,2060,9272,828,281,272,1114
C4H4N4O1,13,4685,3855,False,1928,192,1735,1157,386,385,1735,1157,386,385,1735,168,57,56,231
C4H4N4O2,14,10,10,False,5,0,5,3,1,1,5,3,1,1,5,0,0,1,0
C4H4N4O3,15,798,501,False,251,24,226,151,50,50,226,151,50,50,226,32,6,16,25
C4H4N4O4,16,29,29,False,15,1,13,9,3,3,13,9,3,3,13,0,1,0,2
C4H4N6,14,295,150,False,75,7,68,45,15,15,68,45,15,15,68,9,3,2,6
C4H4N6O1,15,385,380,False,190,19,171,114,38,38,171,114,38,38,171,18,9,10,10
C4H4N6O2,16,270,268,False,134,13,121,80,27,27,121,80,27,27,121,13,1,7,18
C4H4N8,16,1,1,True,0,0,0,0,0,0,0,0,0,0,0,0,0,0,0
C4H4O1,9,3756,3753,False,1877,187,1689,1126,376,375,1689,1126,376,375,1689,107,28,23,205
C4H4O2,10,7545,7482,False,3741,374,3367,2245,748,748,3367,2245,748,748,3367,218,73,60,454
C4H4O3,11,4054,4042,False,2021,202,1819,1213,404,404,1819,1213,404,404,1819,90,31,36,209
C4H4O4,12,6361,5769,False,2885,288,2596,1731,577,577,2596,1731,577,577,2596,210,69,72,315
C4H4O5,13,730,566,False,283,28,255,170,57,56,255,170,57,56,255,28,6,5,34
C4H4O6,14,515,499,False,250,24,225,150,50,50,225,150,50,50,225,35,13,10,33
C4H5N1,10,6534,6530,False,3265,326,2939,1959,653,653,2939,1959,653,653,2939,46,28,27,287
C4H5N1O1,11,15878,15811,False,7906,790,7115,4744,1581,1581,7115,4744,1581,1581,7115,362,122,133,843
C4H5N1O2,12,20032,19917,False,9959,995,8963,5975,1992,1992,8963,5975,1992,1992,8963,503,148,153,911
C4H5N1O3,13,21793,21196,False,10598,1060,9538,6359,2120,2119,9538,6359,2120,2119,9538,613,219,203,1134
C4H5N1O4,14,682,611,False,306,30,275,184,61,61,275,184,61,61,275,31,9,7,40
C4H5N1O5,15,393,103,False,52,5,46,31,11,10,46,31,11,10,46,4,2,2,9
C4H5N3,12,18065,17664,False,8832,883,7949,5299,1767,1766,7949,5299,1767,1766,7949,313,113,109,842
C4H5N3O1,13,59141,57807,False,28904,2890,26013,17342,5781,5781,26013,17342,5781,5781,26013,1719,598,543,2989
C4H5N3O2,14,4989,3874,False,1937,194,1743,1162,388,387,1743,1162,388,387,1743,157,52,62,207
C4H5N3O3,15,640,346,False,173,17,156,104,35,34,156,104,35,34,156,13,5,3,24
C4H5N3O4,16,333,153,False,77,7,69,46,16,15,69,46,16,15,69,11,2,1,12
C4H5N3O5,17,19,19,False,10,0,9,6,2,2,9,6,2,2,9,2,1,0,0
C4H5N5,14,2419,2070,False,1035,103,932,621,207,207,932,621,207,207,932,105,32,30,145
C4H5N5O1,15,9,9,False,5,0,4,3,1,1,4,3,1,1,4,0,0,0,1
C4H5N5O2,16,29,29,False,15,1,13,9,3,3,13,9,3,3,13,0,0,0,2
C4H5N5O3,17,75,75,False,38,3,34,23,8,7,34,23,8,7,34,7,2,1,5
C4H5N7,16,270,268,False,134,13,121,80,27,27,121,80,27,27,121,13,6,5,12
C4H5N7O1,17,18,18,False,9,1,8,5,2,2,8,5,2,2,8,2,2,1,1
C4H6,10,3209,3034,False,1517,152,1365,910,304,303,1365,910,304,303,1365,15,5,5,78
C4H6N2,12,18679,18147,False,9074,907,8166,5444,1815,1815,8166,5444,1815,1815,8166,411,116,119,893
C4H6N2O1,13,30892,30375,False,15188,1518,13669,9113,3038,3037,13669,9113,3038,3037,13669,537,181,178,1490
C4H6N2O2,14,51684,50516,False,25258,2526,22732,15155,5052,5051,22732,15155,5052,5051,22732,1495,509,481,2742
C4H6N2O3,15,3029,2699,False,1350,134,1215,810,270,270,1215,810,270,270,1215,112,43,39,164
C4H6N2O4,16,251,245,False,123,12,110,74,25,24,110,74,25,24,110,13,2,2,10
C4H6N2O5,17,9,9,False,5,0,4,3,1,1,4,3,1,1,4,1,0,0,0
C4H6N2O6,18,5,5,False,3,0,2,2,1,0,2,2,1,0,2,0,0,0,0
C4H6N4,14,34606,33835,False,16918,1691,15226,10151,3384,3383,15226,10151,3384,3383,15226,944,319,342,1833
C4H6N4O1,15,5933,4799,False,2400,239,2160,1440,480,480,2160,1440,480,480,2160,180,68,67,258
C4H6N4O2,16,784,770,False,385,38,347,231,77,77,347,231,77,77,347,40,19,10,38
C4H6N4O3,17,53,53,False,27,2,24,16,6,5,24,16,6,5,24,5,1,1,3
C4H6N4O4,18,66,64,False,32,3,29,19,7,6,29,19,7,6,29,1,0,2,4
C4H6N4O5,19,2,0,True,0,0,0,0,0,0,0,0,0,0,0,0,0,0,0
C4H6N6,16,5,5,False,3,0,2,2,1,0,2,2,1,0,2,0,0,0,0
C4H6N6O1,17,676,659,False,330,32,297,198,66,66,297,198,66,66,297,30,13,11,48
C4H6N6O2,18,88,86,False,43,4,39,26,9,8,39,26,9,8,39,4,1,1,4
C4H6N8,18,76,76,False,38,4,34,23,8,7,34,23,8,7,34,3,1,0,2
C4H6N8O1,19,1,0,True,0,0,0,0,0,0,0,0,0,0,0,0,0,0,0
C4H6O1,11,14809,14505,False,7253,725,6527,4352,1451,1450,6527,4352,1451,1450,6527,185,60,50,696
C4H6O2,12,18814,17860,False,8930,893,8037,5358,1786,1786,8037,5358,1786,1786,8037,459,169,161,1009
C4H6O3,13,6638,5669,False,2835,283,2551,1701,567,567,2551,1701,567,567,2551,150,46,50,292
C4H6O4,14,4572,4209,False,2105,210,1894,1263,421,421,1894,1263,421,421,1894,126,45,44,231
C4H6O5,15,421,130,False,65,6,59,39,13,13,59,39,13,13,59,3,2,2,5
C4H6O6,16,92,91,False,46,4,41,28,9,9,41,28,9,9,41,7,2,3,4
C4H6O8,18,1,0,True,0,0,0,0,0,0,0,0,0,0,0,0,0,0,0
C4H7N1,12,7893,7739,False,3870,386,3483,2322,774,774,3483,2322,774,774,3483,75,23,27,240
C4H7N1O1,13,21695,20984,False,10492,1049,9443,6295,2099,2098,9443,6295,2099,2098,9443,417,147,145,1076
C4H7N1O2,14,11331,10388,False,5194,519,4675,3116,1039,1039,4675,3116,1039,1039,4675,254,95,96,597
C4H7N1O3,15,11249,10836,False,5418,542,4876,3251,1084,1083,4876,3251,1084,1083,4876,310,103,115,554
C4H7N1O4,16,2108,1778,False,889,89,800,533,178,178,800,533,178,178,800,63,23,18,123
C4H7N1O5,17,343,192,False,96,10,86,58,19,19,86,58,19,19,86,9,4,4,7
C4H7N1O6,18,2,0,True,0,0,0,0,0,0,0,0,0,0,0,0,0,0,0
C4H7N1O7,19,1,0,True,0,0,0,0,0,0,0,0,0,0,0,0,0,0,0
C4H7N3,14,18239,17639,False,8820,881,7938,5292,1764,1764,7938,5292,1764,1764,7938,344,102,114,842
C4H7N3O1,15,51694,49981,False,24991,2498,22492,14995,4998,4998,22492,14995,4998,4998,22492,1299,463,499,2680
C4H7N3O2,16,6046,5297,False,2649,264,2384,1589,530,530,2384,1589,530,530,2384,169,70,58,308
C4H7N3O3,17,221,76,False,38,4,34,23,8,7,34,23,8,7,34,7,1,1,7
C4H7N3O4,18,112,106,False,53,5,48,32,11,10,48,32,11,10,48,9,4,3,5
C4H7N3O5,19,19,19,False,10,0,9,6,2,2,9,6,2,2,9,0,0,0,2
C4H7N5,16,3067,2693,False,1347,134,1212,808,270,269,1212,808,270,269,1212,95,34,40,171
C4H7N5O1,17,436,106,False,53,5,48,32,11,10,48,32,11,10,48,4,4,1,7
C4H7N5O2,18,361,212,False,106,11,95,64,21,21,95,64,21,21,95,4,1,2,9
C4H7N5O3,19,221,219,False,110,10,99,66,22,22,99,66,22,22,99,8,4,3,15
C4H7N7,18,11,11,False,6,0,5,4,1,1,5,4,1,1,5,2,0,0,0
C4H7N7O1,19,74,72,False,36,4,32,22,7,7,32,22,7,7,32,5,0,2,4
C4H7N7O2,20,1,0,True,0,0,0,0,0,0,0,0,0,0,0,0,0,0,0
C4H7N9,20,1,0,True,0,0,0,0,0,0,0,0,0,0,0,0,0,0,0
C4H8,12,4718,4682,False,2341,234,2107,1405,468,468,2107,1405,468,468,2107,103,42,33,230
C4H8N2,14,21177,20752,False,10376,1038,9338,6226,2075,2075,9338,6226,2075,2075,9338,355,139,124,1068
C4H8N2O1,15,16775,15862,False,7931,793,7138,4759,1586,1586,7138,4759,1586,1586,7138,353,127,116,752
C4H8N2O2,16,24553,23025,False,11513,1151,10361,6908,2303,2302,10361,6908,2303,2302,10361,641,232,220,1215
C4H8N2O3,17,3307,3023,False,1512,151,1360,907,303,302,1360,907,303,302,1360,109,29,39,191
C4H8N2O4,18,188,178,False,89,9,80,53,18,18,80,53,18,18,80,6,5,3,10
C4H8N2O5,19,5,4,False,3,0,1,1,1,1,1,1,1,1,1,0,0,0,0
C4H8N2O6,20,3,2,True,0,0,0,0,0,0,0,0,0,0,0,0,0,0,0
C4H8N4,16,28090,27166,False,13583,1358,12225,8150,2717,2716,12225,8150,2717,2716,12225,747,285,245,1486
C4H8N4O1,17,6419,5615,False,2808,280,2527,1685,562,561,2527,1685,562,561,2527,216,77,79,322
C4H8N4O2,18,972,791,False,396,39,356,238,79,79,356,238,79,79,356,46,16,18,47
C4H8N4O3,19,75,72,False,36,4,32,22,7,7,32,22,7,7,32,2,3,1,2
C4H8N4O4,20,83,82,False,41,4,37,25,8,8,37,25,8,8,37,2,1,2,7
C4H8N6,18,47,46,False,23,2,21,14,5,4,21,14,5,4,21,4,1,0,3
C4H8N6O1,19,172,168,False,84,8,76,50,17,17,76,50,17,17,76,8,4,2,16
C4H8N6O2,20,140,138,False,69,7,62,41,14,14,62,41,14,14,62,10,2,1,8
C4H8N6O3,21,1,0,True,0,0,0,0,0,0,0,0,0,0,0,0,0,0,0
C4H8N8,20,24,23,False,12,1,10,7,3,2,10,7,3,2,10,0,1,1,2
C4H8N8O1,21,1,0,True,0,0,0,0,0,0,0,0,0,0,0,0,0,0,0
C4H8O1,13,21172,21004,False,10502,1050,9452,6301,2101,2100,9452,6301,2101,2100,9452,261,80,80,778
C4H8O2,14,14713,13260,False,6630,663,5967,3978,1326,1326,5967,3978,1326,1326,5967,256,91,88,660
C4H8O3,15,3546,2662,False,1331,133,1198,799,266,266,1198,799,266,266,1198,76,28,29,148
C4H8O4,16,1802,1753,False,877,87,789,526,176,175,789,526,176,175,789,85,22,27,93
C4H8O5,17,4,4,False,3,0,1,1,1,1,1,1,1,1,1,0,0,0,0
C4H9N1,14,19184,19156,False,9578,958,8620,5747,1916,1915,8620,5747,1916,1915,8620,81,28,31,544
C4H9N1O1,15,20499,17520,False,8760,876,7884,5256,1752,1752,7884,5256,1752,1752,7884,313,91,85,700
C4H9N1O2,16,4397,3584,False,1792,179,1613,1075,359,358,1613,1075,359,358,1613,85,39,28,194
C4H9N1O3,17,4829,4299,False,2150,214,1935,1290,430,430,1935,1290,430,430,1935,144,46,54,225
C4H9N1O4,18,227,222,False,111,11,100,67,22,22,100,67,22,22,100,6,1,2,17
C4H9N1O5,19,141,140,False,70,7,63,42,14,14,63,42,14,14,63,10,0,1,10
C4H9N1O6,20,2,0,True,0,0,0,0,0,0,0,0,0,0,0,0,0,0,0
C4H9N3,16,8177,7934,False,3967,397,3570,2380,794,793,3570,2380,794,793,3570,161,54,72,390
C4H9N3O1,17,17991,17326,False,8663,866,7797,5198,1733,1732,7797,5198,1733,1732,7797,472,176,177,976
C4H9N3O2,18,2808,2413,False,1207,120,1086,724,242,241,1086,724,242,241,1086,87,34,27,146
C4H9N3O3,19,448,443,False,222,22,199,133,45,44,199,133,45,44,199,21,9,8,22
C4H9N3O4,20,37,36,False,18,2,16,11,4,3,16,11,4,3,16,0,0,1,1
C4H9N3O5,21,20,19,False,10,0,9,6,2,2,9,6,2,2,9,0,0,1,1
C4H9N5,18,3087,2547,False,1274,127,1146,764,255,255,1146,764,255,255,1146,85,30,37,160
C4H9N5O1,19,102,98,False,49,5,44,29,10,10,44,29,10,10,44,1,1,0,4
C4H9N5O2,20,208,204,False,102,10,92,61,21,20,92,61,21,20,92,17,5,2,11
C4H9N5O3,21,148,147,False,74,7,66,44,15,15,66,44,15,15,66,0,0,0,0
C4H9N7,20,192,186,False,93,9,84,56,19,18,84,56,19,18,84,9,2,4,11
C4H9N7O1,21,106,104,False,52,5,47,31,11,10,47,31,11,10,47,1,0,1,3
C4N2,6,698,696,False,348,35,313,209,70,69,313,209,70,69,313,47,10,17,43
C4N2O2,8,168,160,False,80,8,72,48,16,16,72,48,16,16,72,13,5,1,9
C4N2O3,9,18,14,False,7,1,6,4,2,1,6,4,2,1,6,0,1,1,3
C4N4,8,2,2,True,0,0,0,0,0,0,0,0,0,0,0,0,0,0,0
C4N4O1,9,15,14,False,7,1,6,4,2,1,6,4,2,1,6,0,2,1,3
C5H10,15,10268,7628,False,3814,381,3433,2288,763,763,3433,2288,763,763,3433,54,19,24,231
C5H10N2,17,9771,9678,False,4839,484,4355,2903,968,968,4355,2903,968,968,4355,201,56,71,535
C5H10N2O1,18,21481,20505,False,10253,1025,9227,6152,2051,2050,9227,6152,2051,2050,9227,627,228,242,1110
C5H10N2O2,19,4872,3655,False,1828,182,1645,1097,366,365,1645,1097,366,365,1645,153,43,36,213
C5H10N2O3,20,2842,2774,False,1387,139,1248,832,278,277,1248,832,278,277,1248,79,35,36,155
C5H10N2O4,21,1400,1355,False,678,67,610,407,136,135,610,407,136,135,610,38,14,6,41
C5H10N2O5,22,34,33,False,17,1,15,10,4,3,15,10,4,3,15,0,0,0,0
C5H10N4,19,6187,5373,False,2687,268,2418,1612,538,537,2418,1612,538,537,2418,223,76,75,331
C5H10N4O1,20,288,280,False,140,14,126,84,28,28,126,84,28,28,126,11,3,3,14
C5H10N4O2,21,751,732,False,366,37,329,220,73,73,329,220,73,73,329,7,1,1,1
C5H10N4O3,22,426,421,False,211,20,190,127,42,42,190,127,42,42,190,8,1,4,2
C5H10N4O4,23,2,0,True,0,0,0,0,0,0,0,0,0,0,0,0,0,0,0
C5H10N6,21,270,265,False,133,13,119,80,27,26,119,80,27,26,119,10,2,5,7
C5H10N6O1,22,259,257,False,129,12,116,77,26,26,116,77,26,26,116,1,0,0,2
C5H10N6O2,23,6,0,True,0,0,0,0,0,0,0,0,0,0,0,0,0,0,0
C5H10O1,16,14465,14058,False,7029,703,6326,4217,1406,1406,6326,4217,1406,1406,6326,216,70,66,532
C5H10O2,17,1887,1557,False,779,77,701,467,156,156,701,467,156,156,701,44,15,13,76
C5H10O3,18,3301,2657,False,1329,132,1196,797,266,266,1196,797,266,266,1196,102,25,28,133
C5H10O4,19,255,255,False,128,12,115,77,26,25,115,77,26,25,115,8,3,3,15
C5H10O5,20,985,505,False,253,25,227,152,51,50,227,152,51,50,227,29,6,8,22
C5H10O6,21,1,0,True,0,0,0,0,0,0,0,0,0,0,0,0,0,0,0
C5H11N1,17,14074,13959,False,6980,697,6282,4188,1396,1396,6282,4188,1396,1396,6282,143,50,47,432
C5H11N1O1,18,4064,1359,False,680,67,612,408,136,136,612,408,136,136,612,42,18,19,64
C5H11N1O2,19,6893,5501,False,2751,274,2476,1651,550,550,2476,1651,550,550,2476,182,65,71,287
C5H11N1O3,20,611,142,False,71,7,64,43,14,14,64,43,14,14,64,6,1,2,14
C5H11N1O4,21,801,468,False,234,23,211,140,47,47,211,140,47,47,211,10,3,4,1
C5H11N1O5,22,8,7,False,4,0,3,2,1,1,3,2,1,1,3,0,0,0,0
C5H11N1O6,23,2,2,True,0,0,0,0,0,0,0,0,0,0,0,0,0,0,0
C5H11N3,19,13479,12910,False,6455,645,5810,3873,1291,1291,5810,3873,1291,1291,5810,421,145,122,752
C5H11N3O1,20,4209,3512,False,1756,176,1580,1054,351,351,1580,1054,351,351,1580,115,44,33,206
C5H11N3O2,21,864,712,False,356,36,320,214,71,71,320,214,71,71,320,8,6,2,14
C5H11N3O3,22,1290,1113,False,557,55,501,334,112,111,501,334,112,111,501,2,2,1,8
C5H11N3O4,23,96,94,False,47,5,42,28,10,9,42,28,10,9,42,1,0,0,1
C5H11N3O5,24,1,0,True,0,0,0,0,0,0,0,0,0,0,0,0,0,0,0
C5H11N5,21,947,912,False,456,46,410,274,91,91,410,274,91,91,410,24,8,10,8
C5H11N5O1,22,288,284,False,142,14,128,85,29,28,128,85,29,28,128,7,6,5,2
C5H11N5O2,23,644,633,False,317,31,285,190,64,63,285,190,64,63,285,17,3,7,9
C5H11N5O3,24,4,0,True,0,0,0,0,0,0,0,0,0,0,0,0,0,0,0
C5H11N7,23,89,89,False,45,4,40,27,9,9,40,27,9,9,40,3,0,1,1
C5H11N7O1,24,1,0,True,0,0,0,0,0,0,0,0,0,0,0,0,0,0,0
C5H11N7O2,25,1,0,True,0,0,0,0,0,0,0,0,0,0,0,0,0,0,0
C5H12,17,1017,1016,False,508,51,457,305,102,101,457,305,102,101,457,8,3,3,20
C5H12N2,19,779,753,False,377,37,339,226,76,75,339,226,76,75,339,16,3,13,42
C5H12N2O1,20,4868,4707,False,2354,235,2118,1412,471,471,2118,1412,471,471,2118,140,50,48,231
C5H12N2O2,21,880,796,False,398,40,358,239,80,79,358,239,80,79,358,3,3,1,2
C5H12N2O3,22,179,171,False,86,8,77,52,17,17,77,52,17,17,77,4,2,0,2
C5H12N2O4,23,36,36,False,18,2,16,11,4,3,16,11,4,3,16,0,0,0,0
C5H12N2O5,24,12,12,False,6,1,5,4,1,1,5,4,1,1,5,0,1,0,0
C5H12N4,21,2386,2092,False,1046,105,941,628,209,209,941,628,209,209,941,9,4,1,19
C5H12N4O1,22,266,126,False,63,6,57,38,13,12,57,38,13,12,57,4,1,1,2
C5H12N4O2,23,1038,743,False,372,37,334,223,75,74,334,223,75,74,334,19,6,5,10
C5H12N4O3,24,579,563,False,282,28,253,169,57,56,253,169,57,56,253,11,4,5,10
C5H12N4O4,25,3,0,True,0,0,0,0,0,0,0,0,0,0,0,0,0,0,0
C5H12N6,23,366,184,False,92,9,83,55,19,18,83,55,19,18,83,3,0,2,1
C5H12N6O1,24,244,242,False,121,12,109,73,24,24,109,73,24,24,109,3,2,0,1
C5H12N6O2,25,1,0,True,0,0,0,0,0,0,0,0,0,0,0,0,0,0,0
C5H12N6O3,26,1,0,True,0,0,0,0,0,0,0,0,0,0,0,0,0,0,0
C5H12O1,18,2458,2440,False,1220,122,1098,732,244,244,1098,732,244,244,1098,37,9,19,108
C5H12O2,19,1621,914,False,457,46,411,274,92,91,411,274,92,91,411,18,6,6,45
C5H12O3,20,232,230,False,115,11,104,69,23,23,104,69,23,23,104,14,4,7,11
C5H12O4,21,109,107,False,54,5,48,32,11,11,48,32,11,11,48,0,0,0,0
C5H12O5,22,2,1,True,0,0,0,0,0,0,0,0,0,0,0,0,0,0,0
C5H12O6,23,2,0,True,0,0,0,0,0,0,0,0,0,0,0,0,0,0,0
C5H13N1,19,3376,3060,False,1530,153,1377,918,306,306,1377,918,306,306,1377,34,16,11,98
C5H13N1O1,20,557,413,False,207,20,186,124,42,41,186,124,42,41,186,13,5,3,16
C5H13N1O2,21,267,254,False,127,13,114,76,26,25,114,76,26,25,114,3,2,2,14
C5H13N1O3,22,5,5,False,3,0,2,2,1,0,2,2,1,0,2,0,0,0,0
C5H13N1O4,23,4,4,False,3,0,1,1,1,1,1,1,1,1,1,0,0,0,0
C5H13N1O5,24,4,1,True,0,0,0,0,0,0,0,0,0,0,0,0,0,0,0
C5H13N1O6,25,3,0,True,0,0,0,0,0,0,0,0,0,0,0,0,0,0,0
C5H13N3,21,2363,2275,False,1138,113,1024,683,228,227,1024,683,228,227,1024,23,5,2,41
C5H13N3O1,22,781,672,False,336,34,302,202,67,67,302,202,67,67,302,0,0,2,3
C5H13N3O2,23,59,55,False,28,2,25,17,6,5,25,17,6,5,25,0,0,0,0
C5H13N3O3,24,65,63,False,32,3,28,19,7,6,28,19,7,6,28,0,0,0,0
C5H13N3O4,25,46,33,False,17,1,15,10,4,3,15,10,4,3,15,1,0,0,1
C5H13N3O5,26,2,0,True,0,0,0,0,0,0,0,0,0,0,0,0,0,0,0
C5H13N5,23,21,21,False,11,0,10,7,2,2,10,7,2,2,10,0,0,0,0
C5H13N5O1,24,100,98,False,49,5,44,29,10,10,44,29,10,10,44,0,1,0,1
C5H13N5O2,25,368,354,False,177,18,159,106,36,35,159,106,36,35,159,9,4,2,2
C5H13N5O3,26,5,0,True,0,0,0,0,0,0,0,0,0,0,0,0,0,0,0
C5H13N5O4,27,1,0,True,0,0,0,0,0,0,0,0,0,0,0,0,0,0,0
C5H13N7,25,96,95,False,48,4,43,29,10,9,43,29,10,9,43,0,0,0,0
C5H13N7O2,27,1,0,True,0,0,0,0,0,0,0,0,0,0,0,0,0,0,0
C5H14N2,21,73,73,False,37,3,33,22,8,7,33,22,8,7,33,1,0,1,1
C5H14N2O1,22,4,4,False,3,0,1,1,1,1,1,1,1,1,1,0,0,0,0
C5H14N2O2,23,255,247,False,124,12,111,74,25,25,111,74,25,25,111,8,1,1,2
C5H14N2O3,24,8,6,False,3,0,3,2,1,0,3,2,1,0,3,0,0,0,0
C5H14N2O4,25,3,1,True,0,0,0,0,0,0,0,0,0,0,0,0,0,0,0
C5H14N2O5,26,2,1,True,0,0,0,0,0,0,0,0,0,0,0,0,0,0,0
C5H14N4,23,320,283,False,142,14,127,85,29,28,127,85,29,28,127,1,2,4,3
C5H14N4O1,24,115,109,False,55,5,49,33,11,11,49,33,11,11,49,1,0,0,1
C5H14N4O2,25,99,95,False,48,4,43,29,10,9,43,29,10,9,43,0,1,0,1
C5H14N4O3,26,66,61,False,31,2,28,19,6,6,28,19,6,6,28,0,0,0,0
C5H14N4O4,27,1,0,True,0,0,0,0,0,0,0,0,0,0,0,0,0,0,0
C5H14N6,25,34,33,False,17,1,15,10,4,3,15,10,4,3,15,0,0,0,0
C5H14N6O1,26,136,135,False,68,6,61,41,14,13,61,41,14,13,61,2,0,1,3
C5H14N6O2,27,1,0,True,0,0,0,0,0,0,0,0,0,0,0,0,0,0,0
C5H14N6O3,28,4,0,True,0,0,0,0,0,0,0,0,0,0,0,0,0,0,0
C5H14O1,20,7,7,False,4,0,3,2,1,1,3,2,1,1,3,0,0,0,1
C5H14O2,21,93,93,False,47,4,42,28,10,9,42,28,10,9,42,0,0,0,0
C5H14O3,22,1,1,True,0,0,0,0,0,0,0,0,0,0,0,0,0,0,0
C5H14O4,23,1,1,True,0,0,0,0,0,0,0,0,0,0,0,0,0,0,0
C5H15N1O1,22,122,122,False,61,6,55,37,12,12,55,37,12,12,55,0,0,0,0
C5H15N1O2,23,3,3,True,0,0,0,0,0,0,0,0,0,0,0,0,0,0,0
C5H15N3,23,81,81,False,41,3,37,25,8,8,37,25,8,8,37,1,0,1,4
C5H15N3O1,24,11,9,False,5,0,4,3,1,1,4,3,1,1,4,0,0,0,0
C5H15N3O2,25,13,11,False,6,0,5,4,1,1,5,4,1,1,5,0,0,0,0
C5H15N3O3,26,10,7,False,4,0,3,2,1,1,3,2,1,1,3,0,0,0,0
C5H15N3O4,27,3,3,True,0,0,0,0,0,0,0,0,0,0,0,0,0,0,0
C5H15N5,25,14,14,False,7,1,6,4,2,1,6,4,2,1,6,0,0,0,0
C5H15N5O1,26,52,51,False,26,2,23,16,5,5,23,16,5,5,23,0,0,0,0
C5H15N5O2,27,57,56,False,28,3,25,17,6,5,25,17,6,5,25,0,0,0,0
C5H15N5O3,28,7,0,True,0,0,0,0,0,0,0,0,0,0,0,0,0,0,0
C5H15N7,27,52,50,False,25,2,23,15,5,5,23,15,5,5,23,0,0,0,0
C5H15N7O2,29,1,0,True,0,0,0,0,0,0,0,0,0,0,0,0,0,0,0
C5H16N2,23,1,1,True,0,0,0,0,0,0,0,0,0,0,0,0,0,0,0
C5H16N2O1,24,2,2,True,0,0,0,0,0,0,0,0,0,0,0,0,0,0,0
C5H16N2O2,25,1,1,True,0,0,0,0,0,0,0,0,0,0,0,0,0,0,0
C5H16N4,25,1,1,True,0,0,0,0,0,0,0,0,0,0,0,0,0,0,0
C5H16N4O1,26,7,7,False,4,0,3,2,1,1,3,2,1,1,3,0,0,0,0
C5H16N4O2,27,8,7,False,4,0,3,2,1,1,3,2,1,1,3,0,0,0,0
C5H16N4O3,28,5,5,False,3,0,2,2,1,0,2,2,1,0,2,0,0,0,0
C5H16N6,27,19,19,False,10,0,9,6,2,2,9,6,2,2,9,0,0,0,0
C5H16N6O1,28,44,44,False,22,2,20,13,5,4,20,13,5,4,20,0,0,0,0
C5H16N6O2,29,1,0,True,0,0,0,0,0,0,0,0,0,0,0,0,0,0,0
C5H16N6O3,30,2,0,True,0,0,0,0,0,0,0,0,0,0,0,0,0,0,0
C5H17N5O1,28,5,4,False,3,0,1,1,1,1,1,1,1,1,1,0,0,0,0
C5H17N5O2,29,9,7,False,4,0,3,2,1,1,3,2,1,1,3,0,0,0,0
C5H17N7,29,17,17,False,9,0,8,5,2,2,8,5,2,2,8,0,0,0,0
C5H18N4O2,29,1,0,True,0,0,0,0,0,0,0,0,0,0,0,0,0,0,0
C5H18N6,29,3,3,True,0,0,0,0,0,0,0,0,0,0,0,0,0,0,0
C5H18N6O1,30,6,6,False,3,0,3,2,1,0,3,2,1,0,3,0,0,0,0
C5H18N6O2,31,1,0,True,0,0,0,0,0,0,0,0,0,0,0,0,0,0,0
C5H1N1,7,515,508,False,254,25,229,152,51,51,229,152,51,51,229,21,12,10,33
C5H1N1O2,9,288,284,False,142,14,128,85,29,28,128,85,29,28,128,19,4,3,15
C5H1N1O3,10,20,18,False,9,1,8,5,2,2,8,5,2,2,8,1,1,1,0
C5H1N3O1,10,47,41,False,21,1,19,13,4,4,19,13,4,4,19,1,2,0,2
C5H1N5O2,13,4,4,False,3,0,1,1,1,1,1,1,1,1,1,0,1,0,0
C5H2N2,9,333,333,False,167,16,150,100,34,33,150,100,34,33,150,16,3,4,17
C5H2N2O1,10,2635,2592,False,1296,130,1166,778,259,259,1166,778,259,259,1166,142,43,48,140
C5H2N2O2,11,299,272,False,136,14,122,82,27,27,122,82,27,27,122,18,7,7,22
C5H2N2O3,12,137,136,False,68,7,61,41,14,13,61,41,14,13,61,5,3,2,6
C5H2N2O4,13,1,1,True,0,0,0,0,0,0,0,0,0,0,0,0,0,0,0
C5H2N4,11,25,22,False,11,1,10,7,2,2,10,7,2,2,10,1,1,0,2
C5H2N4O1,12,1,1,True,0,0,0,0,0,0,0,0,0,0,0,0,0,0,0
C5H2N4O2,13,1,1,True,0,0,0,0,0,0,0,0,0,0,0,0,0,0,0
C5H2N4O3,14,3,3,True,0,0,0,0,0,0,0,0,0,0,0,0,0,0,0
C5H2N6,13,2,2,True,0,0,0,0,0,0,0,0,0,0,0,0,0,0,0
C5H2N6O1,14,9,9,False,5,0,4,3,1,1,4,3,1,1,4,0,0,1,0
C5H2O1,8,664,663,False,332,33,298,199,67,66,298,199,67,66,298,40,13,12,70
C5H2O2,9,112,111,False,56,5,50,34,11,11,50,34,11,11,50,8,1,1,5
C5H2O3,10,757,740,False,370,37,333,222,74,74,333,222,74,74,333,36,14,19,57
C5H2O4,11,90,72,False,36,4,32,22,7,7,32,22,7,7,32,6,1,3,5
C5H3N1,9,1248,1240,False,620,62,558,372,124,124,558,372,124,124,558,63,18,15,86
C5H3N1O1,10,3014,2994,False,1497,150,1347,898,300,299,1347,898,300,299,1347,105,33,31,132
C5H3N1O2,11,8925,8748,False,4374,437,3937,2624,875,875,3937,2624,875,875,3937,353,115,120,458
C5H3N1O3,12,806,680,False,340,34,306,204,68,68,306,204,68,68,306,30,5,6,38
C5H3N1O4,13,135,135,False,68,6,61,41,14,13,61,41,14,13,61,9,1,4,10
C5H3N1O5,14,138,137,False,69,6,62,41,14,14,62,41,14,14,62,8,4,1,9
C5H3N3,11,6041,5932,False,2966,297,2669,1780,593,593,2669,1780,593,593,2669,314,95,91,388
C5H3N3O1,12,822,692,False,346,35,311,208,69,69,311,208,69,69,311,41,14,16,39
C5H3N3O2,13,123,121,False,61,5,55,37,12,12,55,37,12,12,55,4,0,0,5
C5H3N3O3,14,1,1,True,0,0,0,0,0,0,0,0,0,0,0,0,0,0,0
C5H3N3O4,15,4,4,False,3,0,1,1,1,1,1,1,1,1,1,0,1,0,0
C5H3N5,13,276,135,False,68,6,61,41,14,13,61,41,14,13,61,5,5,2,9
C5H3N5O1,14,1,1,True,0,0,0,0,0,0,0,0,0,0,0,0,0,0,0
C5H3N5O2,15,12,12,False,6,1,5,4,1,1,5,4,1,1,5,2,0,1,1
C5H3N7,15,5,5,False,3,0,2,2,1,0,2,2,1,0,2,0,1,0,0
C5H4,9,1882,1882,False,941,94,847,565,188,188,847,565,188,188,847,30,7,7,107
C5H4N2,11,3460,3432,False,1716,172,1544,1030,343,343,1544,1030,343,343,1544,91,34,29,190
C5H4N2O1,12,21971,21409,False,10705,1070,9634,6423,2141,2141,9634,6423,2141,2141,9634,706,266,252,1190
C5H4N2O2,13,3239,2719,False,1360,135,1224,816,272,272,1224,816,272,272,1224,163,46,51,171
C5H4N2O3,14,122,120,False,60,6,54,36,12,12,54,36,12,12,54,2,1,2,7
C5H4N2O4,15,153,153,False,77,7,69,46,16,15,69,46,16,15,69,9,3,3,7
C5H4N2O5,16,4,4,False,3,0,1,1,1,1,1,1,1,1,1,0,0,0,0
C5H4N4,13,1162,1035,False,518,51,466,311,104,103,466,311,104,103,466,56,15,18,65
C5H4N4O1,14,380,379,False,190,18,171,114,38,38,171,114,38,38,171,10,6,2,24
C5H4N4O2,15,724,432,False,216,22,194,130,43,43,194,130,43,43,194,17,9,5,24
C5H4N4O3,16,155,154,False,77,8,69,46,16,15,69,46,16,15,69,9,7,1,6
C5H4N6,15,128,128,False,64,6,58,38,13,13,58,38,13,13,58,4,1,0,11
C5H4N6O1,16,8,8,False,4,0,4,2,1,1,4,2,1,1,4,1,0,0,1
C5H4O1,10,2758,2729,False,1365,136,1228,819,273,273,1228,819,273,273,1228,116,45,34,183
C5H4O2,11,3878,3850,False,1925,192,1733,1155,385,385,1733,1155,385,385,1733,134,44,33,214
C5H4O3,12,7052,6928,False,3464,346,3118,2078,693,693,3118,2078,693,693,3118,304,92,111,399
C5H4O4,13,243,211,False,106,10,95,64,21,21,95,64,21,21,95,17,4,7,10
C5H5N1,11,2994,2979,False,1490,148,1341,894,298,298,1341,894,298,298,1341,62,14,20,175
C5H5N1O1,12,11560,11499,False,5750,574,5175,3450,1150,1150,5175,3450,1150,1150,5175,342,118,119,648
C5H5N1O2,13,31683,28326,False,14163,1416,12747,8498,2833,2832,12747,8498,2833,2832,12747,790,298,266,1509
C5H5N1O3,14,1914,1407,False,704,70,633,422,141,141,633,422,141,141,633,58,18,22,85
C5H5N1O4,15,3,3,True,0,0,0,0,0,0,0,0,0,0,0,0,0,0,0
C5H5N1O5,16,7,7,False,4,0,3,2,1,1,3,2,1,1,3,1,0,0,0
C5H5N1O6,17,7,7,False,4,0,3,2,1,1,3,2,1,1,3,1,1,0,0
C5H5N3,13,17159,16805,False,8403,840,7562,5042,1681,1680,7562,5042,1681,1680,7562,576,211,170,879
C5H5N3O1,14,4164,3517,False,1759,175,1583,1055,352,352,1583,1055,352,352,1583,155,50,51,206
C5H5N3O2,15,294,147,False,74,7,66,44,15,15,66,44,15,15,66,8,0,2,9
C5H5N3O3,16,447,300,False,150,15,135,90,30,30,135,90,30,30,135,13,5,8,13
C5H5N3O4,17,58,58,False,29,3,26,17,6,6,26,17,6,6,26,5,0,1,1
C5H5N5,15,1248,1084,False,542,54,488,325,109,108,488,325,109,108,488,44,11,14,79
C5H5N5O1,16,871,725,False,363,36,326,218,73,72,326,218,73,72,326,37,16,9,29
C5H5N5O2,17,36,36,False,18,2,16,11,4,3,16,11,4,3,16,2,1,1,1
C5H5N7,17,5,5,False,3,0,2,2,1,0,2,2,1,0,2,0,0,0,0
C5H6,11,5693,5685,False,2843,284,2558,1706,569,568,2558,1706,569,568,2558,22,6,3,158
C5H6N2,13,11808,11722,False,5861,586,5275,3517,1172,1172,5275,3517,1172,1172,5275,208,76,74,587
C5H6N2O1,14,47308,44848,False,22424,2242,20182,13454,4485,4485,20182,13454,4485,4485,20182,1242,431,395,2400
C5H6N2O2,15,7903,4919,False,2460,245,2214,1476,492,492,2214,1476,492,492,2214,187,66,65,293
C5H6N2O3,16,486,346,False,173,17,156,104,35,34,156,104,35,34,156,14,2,7,25
C5H6N2O4,17,392,387,False,194,19,174,116,39,39,174,116,39,39,174,21,2,7,20
C5H6N2O5,18,34,34,False,17,2,15,10,4,3,15,10,4,3,15,1,0,2,7
C5H6N4,15,3689,2959,False,1480,147,1332,888,296,296,1332,888,296,296,1332,127,42,42,168
C5H6N4O1,16,1074,777,False,389,38,350,233,78,78,350,233,78,78,350,35,8,12,45
C5H6N4O2,17,77,77,False,39,3,35,23,8,8,35,23,8,8,35,6,1,1,7
C5H6N4O3,18,144,144,False,72,7,65,43,15,14,65,43,15,14,65,5,3,2,6
C5H6N4O4,19,1,0,True,0,0,0,0,0,0,0,0,0,0,0,0,0,0,0
C5H6N6,17,1143,809,False,405,40,364,243,81,81,364,243,81,81,364,42,9,11,54
C5H6N6O1,18,50,50,False,25,2,23,15,5,5,23,15,5,5,23,3,1,1,4
C5H6O1,12,12595,12521,False,6261,625,5635,3757,1252,1252,5635,3757,1252,1252,5635,251,94,73,689
C5H6O2,13,10438,10206,False,5103,510,4593,3062,1021,1020,4593,3062,1021,1020,4593,226,89,85,542
C5H6O3,14,16434,15937,False,7969,796,7172,4781,1594,1594,7172,4781,1594,1594,7172,501,156,168,861
C5H6O4,15,1483,1041,False,521,51,469,313,104,104,469,313,104,104,469,48,13,16,59
C5H6O5,16,1,1,True,0,0,0,0,0,0,0,0,0,0,0,0,0,0,0
C5H7N1,13,11722,11245,False,5623,562,5060,3374,1125,1124,5060,3374,1125,1124,5060,241,79,60,609
C5H7N1O1,14,12962,12581,False,6291,628,5662,3775,1258,1258,5662,3775,1258,1258,5662,235,78,80,639
C5H7N1O2,15,35724,33876,False,16938,1694,15244,10163,3388,3387,15244,10163,3388,3387,15244,1007,350,333,1829
C5H7N1O3,16,2716,2158,False,1079,108,971,647,216,216,971,647,216,216,971,113,32,27,126
C5H7N1O4,17,320,172,False,86,9,77,52,17,17,77,52,17,17,77,14,3,2,10
C5H7N1O5,18,307,302,False,151,15,136,91,30,30,136,91,30,30,136,17,4,8,19
C5H7N1O6,19,6,6,False,3,0,3,2,1,0,3,2,1,0,3,0,0,0,0
C5H7N3,15,35739,34566,False,17283,1728,15555,10370,3457,3456,15555,10370,3457,3456,15555,1013,356,327,1856
C5H7N3O1,16,9155,6175,False,3088,308,2779,1853,618,617,2779,1853,618,617,2779,243,79,76,343
C5H7N3O2,17,174,168,False,84,8,76,50,17,17,76,50,17,17,76,11,2,5,16
C5H7N3O3,18,489,340,False,170,17,153,102,34,34,153,102,34,34,153,16,4,6,20
C5H7N3O4,19,129,128,False,64,6,58,38,13,13,58,38,13,13,58,6,2,5,7
C5H7N3O5,20,1,0,True,0,0,0,0,0,0,0,0,0,0,0,0,0,0,0
C5H7N5,17,221,212,False,106,11,95,64,21,21,95,64,21,21,95,7,2,3,12
C5H7N5O1,18,751,725,False,363,36,326,218,73,72,326,218,73,72,326,39,15,10,41
C5H7N5O2,19,826,806,False,403,40,363,242,81,80,363,242,81,80,363,49,17,15,41
C5H7N5O3,20,1,0,True,0,0,0,0,0,0,0,0,0,0,0,0,0,0,0
C5H7N7,19,17,17,False,9,0,8,5,2,2,8,5,2,2,8,2,0,1,2
C5H8,13,7614,7313,False,3657,365,3291,2194,732,731,3291,2194,732,731,3291,22,12,4,243
C5H8N2,15,15950,15229,False,7615,761,6853,4569,1523,1523,6853,4569,1523,1523,6853,277,89,90,758
C5H8N2O1,16,52532,50590,False,25295,2529,22766,15177,5059,5059,22766,15177,5059,5059,22766,1408,476,477,2772
C5H8N2O2,17,7740,6613,False,3307,330,2976,1984,662,661,2976,1984,662,661,2976,260,73,78,416
C5H8N2O3,18,409,253,False,127,12,114,76,26,25,114,76,26,25,114,12,3,4,22
C5H8N2O4,19,449,432,False,216,22,194,130,43,43,194,130,43,43,194,26,6,5,27
C5H8N2O5,20,62,61,False,31,2,28,19,6,6,28,19,6,6,28,3,0,0,5
C5H8N4,17,5399,4516,False,2258,226,2032,1355,452,451,2032,1355,452,451,2032,158,41,47,265
C5H8N4O1,18,554,250,False,125,12,113,75,25,25,113,75,25,25,113,16,4,5,27
C5H8N4O2,19,1335,878,False,439,44,395,263,88,88,395,263,88,88,395,42,19,19,41
C5H8N4O3,20,300,300,False,150,15,135,90,30,30,135,90,30,30,135,13,4,4,15
C5H8N4O4,21,2,0,True,0,0,0,0,0,0,0,0,0,0,0,0,0,0,0
C5H8N6,19,19,19,False,10,0,9,6,2,2,9,6,2,2,9,0,1,1,2
C5H8N6O1,20,379,374,False,187,19,168,112,38,37,168,112,38,37,168,26,8,7,24
C5H8N6O2,21,2,0,True,0,0,0,0,0,0,0,0,0,0,0,0,0,0,0
C5H8N6O3,22,3,0,True,0,0,0,0,0,0,0,0,0,0,0,0,0,0,0
C5H8O1,14,18667,18227,False,9114,911,8202,5468,1823,1823,8202,5468,1823,1823,8202,300,93,105,819
C5H8O2,15,10453,8959,False,4480,447,4032,2688,896,896,4032,2688,896,896,4032,242,83,80,483
C5H8O3,16,14729,13397,False,6699,669,6029,4019,1340,1340,6029,4019,1340,1340,6029,364,122,140,740
C5H8O4,17,1211,1147,False,574,57,516,344,115,115,516,344,115,115,516,51,21,19,72
C5H8O5,18,338,46,False,23,2,21,14,5,4,21,14,5,4,21,2,1,0,5
C5H8O6,19,7,3,True,0,0,0,0,0,0,0,0,0,0,0,0,0,0,0
C5H8O7,20,1,1,True,0,0,0,0,0,0,0,0,0,0,0,0,0,0,0
C5H9N1,15,14763,14640,False,7320,732,6588,4392,1464,1464,6588,4392,1464,1464,6588,209,78,63,726
C5H9N1O1,16,11268,11048,False,5524,552,4972,3314,1105,1105,4972,3314,1105,1105,4972,262,103,93,628
C5H9N1O2,17,21579,20446,False,10223,1022,9201,6134,2045,2044,9201,6134,2045,2044,9201,565,219,200,1137
C5H9N1O3,18,1361,837,False,419,41,377,251,84,84,377,251,84,84,377,41,13,13,56
C5H9N1O4,19,1889,1713,False,857,85,771,514,172,171,771,514,172,171,771,68,17,17,142
C5H9N1O5,20,20,20,False,10,1,9,6,2,2,9,6,2,2,9,1,0,0,2
C5H9N1O6,21,14,10,False,5,0,5,3,1,1,5,3,1,1,5,0,0,0,0
C5H9N3,17,34409,33318,False,16659,1666,14993,9995,3332,3332,14993,9995,3332,3332,14993,882,311,324,1859
C5H9N3O1,18,9178,7775,False,3888,388,3499,2333,778,777,3499,2333,778,777,3499,276,78,88,455
C5H9N3O2,19,472,325,False,163,16,146,98,33,32,146,98,33,32,146,19,5,7,15
C5H9N3O3,20,205,199,False,100,9,90,60,20,20,90,60,20,20,90,7,3,2,8
C5H9N3O4,21,168,162,False,81,8,73,49,16,16,73,49,16,16,73,0,0,1,2
C5H9N5,19,165,20,False,10,1,9,6,2,2,9,6,2,2,9,1,0,0,0
C5H9N5O1,20,121,119,False,60,5,54,36,12,12,54,36,12,12,54,6,5,1,6
C5H9N5O2,21,597,588,False,294,29,265,176,59,59,265,176,59,59,265,15,1,5,4
C5H9N5O3,22,3,0,True,0,0,0,0,0,0,0,0,0,0,0,0,0,0,0
C5H9N5O4,23,1,0,True,0,0,0,0,0,0,0,0,0,0,0,0,0,0,0
C5H9N7,21,58,56,False,28,3,25,17,6,5,25,17,6,5,25,0,0,0,0
C5N2O1,8,201,201,False,101,9,91,61,20,20,91,61,20,20,91,16,4,3,16
C6H10,16,7826,7607,False,3804,380,3423,2282,761,761,3423,2282,761,761,3423,138,47,40,389
C6H10N2,18,32396,31423,False,15712,1571,14140,9427,3143,3142,14140,9427,3143,3142,14140,936,304,276,1704
C6H10N2O1,19,11886,9923,False,4962,496,4465,2977,993,992,4465,2977,993,992,4465,370,106,125,602
C6H10N2O2,20,1517,984,False,492,49,443,295,99,98,443,295,99,98,443,30,18,12,45
C6H10N2O3,21,882,720,False,360,36,324,216,72,72,324,216,72,72,324,6,0,1,1
C6H10N2O4,22,579,572,False,286,29,257,172,57,57,257,172,57,57,257,14,3,5,5
C6H10N2O5,23,1391,1205,False,603,60,542,362,121,120,542,362,121,120,542,50,17,11,33
C6H10N4,20,255,252,False,126,13,113,76,25,25,113,76,25,25,113,9,3,3,9
C6H10N4O1,21,299,295,False,148,14,133,89,30,29,133,89,30,29,133,9,2,4,5
C6H10N4O2,22,948,941,False,471,46,424,283,94,94,424,283,94,94,424,9,3,2,13
C6H10N4O3,23,127,124,False,62,6,56,37,13,12,56,37,13,12,56,2,1,1,1
C6H10N6,22,543,358,False,179,18,161,107,36,36,161,107,36,36,161,18,8,5,5
C6H10N6O1,23,3,0,True,0,0,0,0,0,0,0,0,0,0,0,0,0,0,0
C6H10N6O2,24,1,0,True,0,0,0,0,0,0,0,0,0,0,0,0,0,0,0
C6H10N6O3,25,1,0,True,0,0,0,0,0,0,0,0,0,0,0,0,0,0,0
C6H10O1,17,5082,5050,False,2525,252,2273,1515,505,505,2273,1515,505,505,2273,126,53,47,256
C6H10O2,18,18028,16381,False,8191,818,7372,4915,1638,1638,7372,4915,1638,1638,7372,494,159,152,933
C6H10O3,19,2777,1977,False,989,98,890,593,198,198,890,593,198,198,890,88,24,20,110
C6H10O4,20,2669,2349,False,1175,117,1057,705,235,235,1057,705,235,235,1057,75,30,23,115
C6H10O5,21,746,733,False,367,36,330,220,74,73,330,220,74,73,330,15,3,6,9
C6H10O6,22,8,7,False,4,0,3,2,1,1,3,2,1,1,3,0,0,0,0
C6H11N1,18,9129,8766,False,4383,438,3945,2630,877,876,3945,2630,877,876,3945,205,63,67,456
C6H11N1O1,19,20711,19736,False,9868,987,8881,5921,1974,1973,8881,5921,1974,1973,8881,632,188,193,1154
C6H11N1O2,20,2953,2405,False,1203,120,1082,722,241,240,1082,722,241,240,1082,82,27,35,135
C6H11N1O3,21,760,330,False,165,16,149,99,33,33,149,99,33,33,149,2,0,0,4
C6H11N1O4,22,931,202,False,101,10,91,61,20,20,91,61,20,20,91,6,2,1,2
C6H11N1O5,23,54,51,False,26,2,23,16,5,5,23,16,5,5,23,0,0,0,0
C6H11N1O6,24,1,0,True,0,0,0,0,0,0,0,0,0,0,0,0,0,0,0
C6H11N3,20,8761,7454,False,3727,373,3354,2236,746,745,3354,2236,746,745,3354,257,87,83,437
C6H11N3O1,21,295,292,False,146,15,131,88,29,29,131,88,29,29,131,7,2,2,6
C6H11N3O2,22,417,410,False,205,20,185,123,41,41,185,123,41,41,185,6,1,2,2
C6H11N3O3,23,747,738,False,369,37,332,221,74,74,332,221,74,74,332,17,6,6,17
C6H11N3O4,24,1394,1201,False,601,59,541,361,120,120,541,361,120,120,541,23,9,13,5
C6H11N5,22,511,509,False,255,25,229,153,51,51,229,153,51,51,229,11,4,4,7
C6H11N5O1,23,562,414,False,207,21,186,124,42,41,186,124,42,41,186,4,0,1,4
C6H11N5O2,24,90,86,False,43,4,39,26,9,8,39,26,9,8,39,2,0,0,1
C6H11N5O3,25,2,0,True,0,0,0,0,0,0,0,0,0,0,0,0,0,0,0
C6H11N7,24,1,0,True,0,0,0,0,0,0,0,0,0,0,0,0,0,0,0
C6H11N7O1,25,1,0,True,0,0,0,0,0,0,0,0,0,0,0,0,0,0,0
C6H11N9O4,30,1,0,True,0,0,0,0,0,0,0,0,0,0,0,0,0,0,0
C6H12,18,7001,4649,False,2325,232,2092,1395,465,465,2092,1395,465,465,2092,61,23,21,193
C6H12N2,20,17520,16842,False,8421,842,7579,5053,1684,1684,7579,5053,1684,1684,7579,500,158,154,926
C6H12N2O1,21,6066,5182,False,2591,259,2332,1555,518,518,2332,1555,518,518,2332,28,17,16,44
C6H12N2O2,22,1069,905,False,453,45,407,272,91,90,407,272,91,90,407,9,5,5,11
C6H12N2O3,23,1364,1045,False,523,52,470,314,105,104,470,314,105,104,470,18,7,9,12
C6H12N2O4,24,2515,2411,False,1206,120,1085,724,241,241,1085,724,241,241,1085,55,21,13,17
C6H12N2O5,25,568,544,False,272,27,245,163,55,54,245,163,55,54,245,16,2,2,19
C6H12N2O6,26,305,295,False,148,14,133,89,30,29,133,89,30,29,133,14,5,4,1
C6H12N4,22,489,477,False,239,23,215,143,48,48,215,143,48,48,215,13,3,2,7
C6H12N4O1,23,542,537,False,269,26,242,161,54,54,242,161,54,54,242,12,4,2,10
C6H12N4O2,24,1905,1873,False,937,93,843,562,188,187,843,562,188,187,843,9,5,3,5
C6H12N4O3,25,3,0,True,0,0,0,0,0,0,0,0,0,0,0,0,0,0,0
C6H12N4O4,26,3,0,True,0,0,0,0,0,0,0,0,0,0,0,0,0,0,0
C6H12N4O6,28,1,0,True,0,0,0,0,0,0,0,0,0,0,0,0,0,0,0
C6H12N6,24,394,391,False,196,19,176,118,39,39,176,118,39,39,176,12,2,1,10
C6H12N6O1,25,4,0,True,0,0,0,0,0,0,0,0,0,0,0,0,0,0,0
C6H12N6O3,27,645,610,False,305,30,275,183,61,61,275,183,61,61,275,11,6,5,7
C6H12O1,19,1358,353,False,177,17,159,106,36,35,159,106,36,35,159,14,3,4,17
C6H12O2,20,1966,1769,False,885,88,796,531,177,177,796,531,177,177,796,42,11,16,108
C6H12O3,21,314,306,False,153,15,138,92,31,30,138,92,31,30,138,8,1,5,4
C6H12O4,22,588,407,False,204,20,183,122,41,41,183,122,41,41,183,10,0,0,2
C6H12O5,23,1240,1073,False,537,53,483,322,108,107,483,322,108,107,483,13,3,5,5
C6H12O6,24,597,587,False,294,29,264,176,59,59,264,176,59,59,264,24,8,9,4
C6H13N1,20,544,520,False,260,26,234,156,52,52,234,156,52,52,234,14,2,3,28
C6H13N1O1,21,1309,1109,False,555,55,499,333,111,111,499,333,111,111,499,6,3,4,26
C6H13N1O2,22,3615,3000,False,1500,150,1350,900,300,300,1350,900,300,300,1350,11,3,4,72
C6H13N1O3,23,1788,1200,False,600,60,540,360,120,120,540,360,120,120,540,17,7,3,9
C6H13N1O4,24,4857,3926,False,1963,196,1767,1178,393,392,1767,1178,393,392,1767,41,10,11,29
C6H13N1O5,25,720,716,False,358,36,322,215,72,71,322,215,72,71,322,20,8,7,11
C6H13N1O7,27,1,0,True,0,0,0,0,0,0,0,0,0,0,0,0,0,0,0
C6H13N3,22,4681,3910,False,1955,195,1760,1173,391,391,1760,1173,391,391,1760,16,8,6,36
C6H13N3O1,23,343,193,False,97,9,87,58,20,19,87,58,20,19,87,0,1,0,2
C6H13N3O2,24,842,681,False,341,33,307,205,68,68,307,205,68,68,307,3,4,0,14
C6H13N3O3,25,794,790,False,395,39,356,237,79,79,356,237,79,79,356,5,2,0,6
C6H13N3O4,26,2,0,True,0,0,0,0,0,0,0,0,0,0,0,0,0,0,0
C6H13N3O7,29,2,0,True,0,0,0,0,0,0,0,0,0,0,0,0,0,0,0
C6H13N5,24,572,284,False,142,14,128,85,29,28,128,85,29,28,128,11,5,2,5
C6H13N5O1,25,473,471,False,236,23,212,142,47,47,212,142,47,47,212,6,2,1,2
C6H13N5O2,26,140,134,False,67,7,60,40,14,13,60,40,14,13,60,3,1,0,3
C6H13N5O3,27,2,0,True,0,0,0,0,0,0,0,0,0,0,0,0,0,0,0
C6H13N5O4,28,1,0,True,0,0,0,0,0,0,0,0,0,0,0,0,0,0,0
C6H13N7,26,119,116,False,58,6,52,35,12,11,52,35,12,11,52,2,1,0,1
C6H13N7O4,30,1,0,True,0,0,0,0,0,0,0,0,0,0,0,0,0,0,0
C6H14,20,531,527,False,264,26,237,158,53,53,237,158,53,53,237,7,1,5,15
C6H14N2,22,1813,1743,False,872,87,784,523,175,174,784,523,175,174,784,15,2,5,35
C6H14N2O1,23,2290,1863,False,932,93,838,559,187,186,838,559,187,186,838,7,1,2,18
C6H14N2O2,24,2025,1850,False,925,92,833,555,185,185,833,555,185,185,833,29,6,10,12
C6H14N2O3,25,649,646,False,323,32,291,194,65,64,291,194,65,64,291,16,0,1,2
C6H14N2O4,26,89,87,False,44,4,39,26,9,9,39,26,9,9,39,0,1,1,1
C6H14N2O5,27,6,0,True,0,0,0,0,0,0,0,0,0,0,0,0,0,0,0
C6H14N2O6,28,2,0,True,0,0,0,0,0,0,0,0,0,0,0,0,0,0,0
C6H14N4,24,224,221,False,111,10,100,67,22,22,100,67,22,22,100,6,2,1,1
C6H14N4O1,25,187,187,False,94,9,84,56,19,19,84,56,19,19,84,5,0,1,2
C6H14N4O2,26,2309,2277,False,1139,113,1025,683,228,228,1025,683,228,228,1025,37,18,9,11
C6H14N4O3,27,6,0,True,0,0,0,0,0,0,0,0,0,0,0,0,0,0,0
C6H14N4O4,28,3,0,True,0,0,0,0,0,0,0,0,0,0,0,0,0,0,0
C6H14N4O6,30,1,0,True,0,0,0,0,0,0,0,0,0,0,0,0,0,0,0
C6H14N6,26,171,170,False,85,8,77,51,17,17,77,51,17,17,77,2,0,0,0
C6H14N6O1,27,3,0,True,0,0,0,0,0,0,0,0,0,0,0,0,0,0,0
C6H14N6O2,28,5,0,True,0,0,0,0,0,0,0,0,0,0,0,0,0,0,0
C6H14N6O3,29,1,0,True,0,0,0,0,0,0,0,0,0,0,0,0,0,0,0
C6H14N6O4,30,2,0,True,0,0,0,0,0,0,0,0,0,0,0,0,0,0,0
C6H14N6O5,31,1,0,True,0,0,0,0,0,0,0,0,0,0,0,0,0,0,0
C6H14N8O3,31,1,0,True,0,0,0,0,0,0,0,0,0,0,0,0,0,0,0
C6H14O1,21,97,97,False,49,4,44,29,10,10,44,29,10,10,44,0,0,0,0
C6H14O2,22,451,266,False,133,13,120,80,27,26,120,80,27,26,120,5,5,3,11
C6H14O3,23,192,189,False,95,9,85,57,19,19,85,57,19,19,85,4,3,2,2
C6H14O4,24,4,4,False,3,0,1,1,1,1,1,1,1,1,1,0,0,0,0
C6H14O5,25,3,2,True,0,0,0,0,0,0,0,0,0,0,0,0,0,0,0
C6H14O6,26,168,162,False,81,8,73,49,16,16,73,49,16,16,73,6,2,1,0
C6H14O7,27,5,0,True,0,0,0,0,0,0,0,0,0,0,0,0,0,0,0
C6H15N1,22,1,1,True,0,0,0,0,0,0,0,0,0,0,0,0,0,0,0
C6H15N1O1,23,96,95,False,48,4,43,29,10,9,43,29,10,9,43,2,0,0,1
C6H15N1O2,24,12,8,False,4,0,4,2,1,1,4,2,1,1,4,0,0,0,0
C6H15N1O3,25,8,8,False,4,0,4,2,1,1,4,2,1,1,4,0,0,0,0
C6H15N1O4,26,11,4,False,3,0,1,1,1,1,1,1,1,1,1,0,0,0,0
C6H15N1O5,27,8,2,True,0,0,0,0,0,0,0,0,0,0,0,0,0,0,0
C6H15N1O6,28,7,0,True,0,0,0,0,0,0,0,0,0,0,0,0,0,0,0
C6H15N3,24,736,522,False,261,26,235,157,52,52,235,157,52,52,235,3,0,1,5
C6H15N3O1,25,43,43,False,22,2,19,13,5,4,19,13,5,4,19,0,0,0,0
C6H15N3O2,26,507,503,False,252,25,226,151,51,50,226,151,51,50,226,7,4,4,6
C6H15N3O3,27,140,135,False,68,6,61,41,14,13,61,41,14,13,61,1,0,2,0
C6H15N3O4,28,7,0,True,0,0,0,0,0,0,0,0,0,0,0,0,0,0,0
C6H15N3O5,29,1,0,True,0,0,0,0,0,0,0,0,0,0,0,0,0,0,0
C6H15N5,26,119,117,False,59,5,53,35,12,12,53,35,12,12,53,5,0,1,1
C6H15N5O1,27,304,301,False,151,14,136,91,30,30,136,91,30,30,136,0,0,0,0
C6H15N5O2,28,8,0,True,0,0,0,0,0,0,0,0,0,0,0,0,0,0,0
C6H15N5O3,29,4,0,True,0,0,0,0,0,0,0,0,0,0,0,0,0,0,0
C6H15N7,28,2,0,True,0,0,0,0,0,0,0,0,0,0,0,0,0,0,0
C6H15N7O1,29,2,0,True,0,0,0,0,0,0,0,0,0,0,0,0,0,0,0
C6H15N7O3,31,5,0,True,0,0,0,0,0,0,0,0,0,0,0,0,0,0,0
C6H15N7O4,32,2,0,True,0,0,0,0,0,0,0,0,0,0,0,0,0,0,0
C6H16N2,24,42,42,False,21,2,19,13,4,4,19,13,4,4,19,1,1,0,0
C6H16N2O1,25,24,24,False,12,1,11,7,3,2,11,7,3,2,11,0,0,0,0
C6H16N2O2,26,135,131,False,66,6,59,40,13,13,59,40,13,13,59,0,0,0,0
C6H16N2O3,27,25,24,False,12,1,11,7,3,2,11,7,3,2,11,0,0,0,0
C6H16N2O4,28,155,149,False,75,7,67,45,15,15,67,45,15,15,67,6,0,4,0
C6H16N2O5,29,2,0,True,0,0,0,0,0,0,0,0,0,0,0,0,0,0,0
C6H16N4,26,17,16,False,8,1,7,5,2,1,7,5,2,1,7,0,0,0,0
C6H16N4O1,27,204,202,False,101,10,91,61,20,20,91,61,20,20,91,3,0,0,2
C6H16N4O2,28,586,581,False,291,28,262,175,58,58,262,175,58,58,262,10,1,4,8
C6H16N4O3,29,6,0,True,0,0,0,0,0,0,0,0,0,0,0,0,0,0,0
C6H16N4O4,30,5,0,True,0,0,0,0,0,0,0,0,0,0,0,0,0,0,0
C6H16N6,28,95,95,False,48,4,43,29,10,9,43,29,10,9,43,0,0,0,0
C6H16N6O2,30,7,0,True,0,0,0,0,0,0,0,0,0,0,0,0,0,0,0
C6H16N8,30,1,0,True,0,0,0,0,0,0,0,0,0,0,0,0,0,0,0
C6H16N8O3,33,2,0,True,0,0,0,0,0,0,0,0,0,0,0,0,0,0,0
C6H16O1,23,30,30,False,15,1,14,9,3,3,14,9,3,3,14,0,0,0,0
C6H16O4,26,1,1,True,0,0,0,0,0,0,0,0,0,0,0,0,0,0,0
C6H17N1,24,1,1,True,0,0,0,0,0,0,0,0,0,0,0,0,0,0,0
C6H17N1O1,25,1,1,True,0,0,0,0,0,0,0,0,0,0,0,0,0,0,0
C6H17N1O3,27,2,2,True,0,0,0,0,0,0,0,0,0,0,0,0,0,0,0
C6H17N1O4,28,2,2,True,0,0,0,0,0,0,0,0,0,0,0,0,0,0,0
C6H17N3,26,18,17,False,9,0,8,5,2,2,8,5,2,2,8,0,0,0,0
C6H17N3O1,27,17,17,False,9,0,8,5,2,2,8,5,2,2,8,0,0,0,0
C6H17N3O2,28,30,25,False,13,1,11,8,3,2,11,8,3,2,11,0,0,0,0
C6H17N3O3,29,28,26,False,13,1,12,8,3,2,12,8,3,2,12,0,0,0,0
C6H17N3O4,30,3,0,True,0,0,0,0,0,0,0,0,0,0,0,0,0,0,0
C6H17N5,28,32,32,False,16,2,14,10,3,3,14,10,3,3,14,0,0,0,0
C6H17N5O1,29,106,106,False,53,5,48,32,11,10,48,32,11,10,48,0,0,0,0
C6H17N5O2,30,339,327,False,164,16,147,98,33,33,147,98,33,33,147,9,3,3,6
C6H17N7O2,32,1,0,True,0,0,0,0,0,0,0,0,0,0,0,0,0,0,0
C6H18N2O2,28,3,2,True,0,0,0,0,0,0,0,0,0,0,0,0,0,0,0
C6H18N2O3,29,2,1,True,0,0,0,0,0,0,0,0,0,0,0,0,0,0,0
C6H18N2O4,30,1,1,True,0,0,0,0,0,0,0,0,0,0,0,0,0,0,0
C6H18N2O5,31,1,0,True,0,0,0,0,0,0,0,0,0,0,0,0,0,0,0
C6H18N4,28,2,2,True,0,0,0,0,0,0,0,0,0,0,0,0,0,0,0
C6H18N4O1,29,17,17,False,9,0,8,5,2,2,8,5,2,2,8,0,0,0,0
C6H18N4O2,30,18,14,False,7,1,6,4,2,1,6,4,2,1,6,0,0,0,1
C6H18N4O3,31,5,0,True,0,0,0,0,0,0,0,0,0,0,0,0,0,0,0
C6H18N4O4,32,1,0,True,0,0,0,0,0,0,0,0,0,0,0,0,0,0,0
C6H18N6,30,40,39,False,20,1,18,12,4,4,18,12,4,4,18,0,0,0,0
C6H18N6O2,32,2,0,True,0,0,0,0,0,0,0,0,0,0,0,0,0,0,0
C6H19N3,28,1,1,True,0,0,0,0,0,0,0,0,0,0,0,0,0,0,0
C6H19N3O1,29,1,1,True,0,0,0,0,0,0,0,0,0,0,0,0,0,0,0
C6H19N3O2,30,2,1,True,0,0,0,0,0,0,0,0,0,0,0,0,0,0,0
C6H19N3O3,31,1,0,True,0,0,0,0,0,0,0,0,0,0,0,0,0,0,0
C6H19N5,30,5,5,False,3,0,2,2,1,0,2,2,1,0,2,0,0,0,0
C6H19N5O1,31,11,11,False,6,0,5,4,1,1,5,4,1,1,5,0,0,0,0
C6H19N5O2,32,1,0,True,0,0,0,0,0,0,0,0,0,0,0,0,0,0,0
C6H19N5O4,34,1,0,True,0,0,0,0,0,0,0,0,0,0,0,0,0,0,0
C6H19N7O2,34,1,0,True,0,0,0,0,0,0,0,0,0,0,0,0,0,0,0
C6H1N1O1,9,261,258,False,129,13,116,77,26,26,116,77,26,26,116,16,5,4,15
C6H1N1O2,10,16,13,False,7,0,6,4,2,1,6,4,2,1,6,1,1,1,1
C6H1N3O1,11,1,1,True,0,0,0,0,0,0,0,0,0,0,0,0,0,0,0
C6H1N3O3,13,1,1,True,0,0,0,0,0,0,0,0,0,0,0,0,0,0,0
C6H2,8,369,365,False,183,18,164,110,37,36,164,110,37,36,164,37,9,7,31
C6H20N6,32,5,5,False,3,0,2,2,1,0,2,2,1,0,2,0,0,0,0
C6H20N6O2,34,2,0,True,0,0,0,0,0,0,0,0,0,0,0,0,0,0,0
C6H20N6O3,35,1,0,True,0,0,0,0,0,0,0,0,0,0,0,0,0,0,0
C6H21N7O2,36,2,0,True,0,0,0,0,0,0,0,0,0,0,0,0,0,0,0
C6H2N2,10,382,380,False,190,19,171,114,38,38,171,114,38,38,171,25,6,10,21
C6H2N2O1,11,53,48,False,24,2,22,14,5,5,22,14,5,5,22,3,3,2,3
C6H2N2O2,12,1,1,True,0,0,0,0,0,0,0,0,0,0,0,0,0,0,0
C6H2N2O3,13,1,1,True,0,0,0,0,0,0,0,0,0,0,0,0,0,0,0
C6H2N4O2,14,13,13,False,7,0,6,4,2,1,6,4,2,1,6,1,1,0,0
C6H2N6,14,2,2,True,0,0,0,0,0,0,0,0,0,0,0,0,0,0,0
C6H2O2,10,132,130,False,65,6,59,39,13,13,59,39,13,13,59,8,3,2,10
C6H2O3,11,17,15,False,8,0,7,5,2,1,7,5,2,1,7,1,0,0,2
C6H3N1,10,369,361,False,181,17,163,109,36,36,163,109,36,36,163,16,12,5,20
C6H3N1O1,11,3046,2988,False,1494,149,1345,896,299,299,1345,896,299,299,1345,147,39,38,164
C6H3N1O2,12,308,268,False,134,13,121,80,27,27,121,80,27,27,121,24,10,6,13
C6H3N1O3,13,1,1,True,0,0,0,0,0,0,0,0,0,0,0,0,0,0,0
C6H3N3,12,48,37,False,19,1,17,11,4,4,17,11,4,4,17,2,1,1,1
C6H3N3O1,13,3,3,True,0,0,0,0,0,0,0,0,0,0,0,0,0,0,0
C6H3N3O2,14,7,7,False,4,0,3,2,1,1,3,2,1,1,3,1,0,0,0
C6H3N3O3,15,17,17,False,9,0,8,5,2,2,8,5,2,2,8,1,0,1,1
C6H3N5,14,141,140,False,70,7,63,42,14,14,63,42,14,14,63,9,0,2,7
C6H3N5O1,15,11,11,False,6,0,5,4,1,1,5,4,1,1,5,1,1,0,0
C6H4,10,1170,1160,False,580,58,522,348,116,116,522,348,116,116,522,57,9,24,92
C6H4N2,12,4011,3939,False,1970,196,1773,1182,394,394,1773,1182,394,394,1773,192,66,54,203
C6H4N2O1,13,940,828,False,414,41,373,248,83,83,373,248,83,83,373,39,8,9,52
C6H4N2O2,14,551,403,False,202,20,181,121,41,40,181,121,41,40,181,24,2,6,24
C6H4N2O3,15,5,5,False,3,0,2,2,1,0,2,2,1,0,2,0,0,0,0
C6H4N2O4,16,17,14,False,7,1,6,4,2,1,6,4,2,1,6,0,1,0,1
C6H4N4,14,396,391,False,196,19,176,118,39,39,176,118,39,39,176,13,2,6,21
C6H4N4O1,15,127,127,False,64,6,57,38,13,13,57,38,13,13,57,3,1,1,9
C6H4N4O2,16,571,564,False,282,28,254,169,57,56,254,169,57,56,254,26,9,7,33
C6H4N6,16,295,292,False,146,15,131,88,29,29,131,88,29,29,131,12,6,5,15
C6H4N6O2,18,1,0,True,0,0,0,0,0,0,0,0,0,0,0,0,0,0,0
C6H4O1,11,654,652,False,326,33,293,196,65,65,293,196,65,65,293,21,4,10,35
C6H4O2,12,3207,3163,False,1582,158,1423,949,317,316,1423,949,317,316,1423,148,51,54,165
C6H4O3,13,320,261,False,131,12,118,79,26,26,118,79,26,26,118,17,9,6,10
C6H4O4,14,561,233,False,117,11,105,70,24,23,105,70,24,23,105,6,3,2,15
C6H4O5,15,123,123,False,62,6,55,37,13,12,55,37,13,12,55,11,4,3,10
C6H5N1,12,1158,1152,False,576,58,518,346,115,115,518,346,115,115,518,29,7,7,56
C6H5N1O1,13,11091,10599,False,5300,529,4770,3180,1060,1060,4770,3180,1060,1060,4770,333,119,116,532
C6H5N1O2,14,2673,1764,False,882,88,794,529,177,176,794,529,177,176,794,75,25,26,99
C6H5N1O3,15,2259,1654,False,827,83,744,496,166,165,744,496,166,165,744,58,26,21,100
C6H5N1O4,16,268,268,False,134,13,121,80,27,27,121,80,27,27,121,11,5,5,15
C6H5N1O5,17,7,7,False,4,0,3,2,1,1,3,2,1,1,3,0,1,1,1
C6H5N3,14,2083,1939,False,970,96,873,582,194,194,873,582,194,194,873,87,32,33,130
C6H5N3O1,15,1387,1076,False,538,54,484,323,108,107,484,323,108,107,484,32,11,3,66
C6H5N3O2,16,410,409,False,205,20,184,123,41,41,184,123,41,41,184,21,4,4,19
C6H5N3O3,17,191,189,False,95,9,85,57,19,19,85,57,19,19,85,7,2,5,9
C6H5N5,16,425,134,False,67,7,60,40,14,13,60,40,14,13,60,7,3,2,8
C6H5N5O1,17,42,41,False,21,1,19,13,4,4,19,13,4,4,19,2,1,0,3
C6H5N5O3,19,2,0,True,0,0,0,0,0,0,0,0,0,0,0,0,0,0,0
C6H5N7,18,1,0,True,0,0,0,0,0,0,0,0,0,0,0,0,0,0,0
C6H6,12,2836,2811,False,1406,140,1265,844,281,281,1265,844,281,281,1265,88,27,28,141
C6H6N2,14,13406,13146,False,6573,657,5916,3944,1315,1314,5916,3944,1315,1314,5916,474,159,148,700
C6H6N2O1,15,5039,3817,False,1909,190,1718,1145,382,382,1718,1145,382,382,1718,165,69,55,207
C6H6N2O2,16,3623,3130,False,1565,156,1409,939,313,313,1409,939,313,313,1409,128,39,31,168
C6H6N2O3,17,450,445,False,223,22,200,134,45,44,200,134,45,44,200,19,4,2,26
C6H6N2O4,18,62,61,False,31,2,28,19,6,6,28,19,6,6,28,3,0,1,6
C6H6N4,16,1510,1062,False,531,53,478,319,106,106,478,319,106,106,478,26,15,15,59
C6H6N4O1,17,1568,1227,False,614,61,552,368,123,123,552,368,123,123,552,67,18,11,68
C6H6N4O2,18,495,492,False,246,25,221,148,49,49,221,148,49,49,221,29,7,12,32
C6H6N4O3,19,107,104,False,52,5,47,31,11,10,47,31,11,10,47,7,2,2,6
C6H6N4O4,20,1,0,True,0,0,0,0,0,0,0,0,0,0,0,0,0,0,0
C6H6N6,18,162,161,False,81,7,73,49,16,16,73,49,16,16,73,15,4,2,10
C6H6N6O1,19,191,185,False,93,9,83,56,19,18,83,56,19,18,83,13,1,1,9
C6H6O1,13,5198,5017,False,2509,250,2258,1505,502,502,2258,1505,502,502,2258,134,42,54,252
C6H6O2,14,21003,18996,False,9498,950,8548,5699,1900,1899,8548,5699,1900,1899,8548,615,179,206,1064
C6H6O3,15,2507,1889,False,945,94,850,567,189,189,850,567,189,189,850,84,20,18,99
C6H6O4,16,809,651,False,326,32,293,196,65,65,293,196,65,65,293,28,18,5,42
C6H6O5,17,3,2,True,0,0,0,0,0,0,0,0,0,0,0,0,0,0,0
C6H6O6,18,2,1,True,0,0,0,0,0,0,0,0,0,0,0,0,0,0,0
C6H6O7,19,2,0,True,0,0,0,0,0,0,0,0,0,0,0,0,0,0,0
C6H7N1,14,2962,2794,False,1397,140,1257,838,280,279,1257,838,280,279,1257,65,13,23,133
C6H7N1O1,15,30990,27898,False,13949,1395,12554,8369,2790,2790,12554,8369,2790,2790,12554,797,272,266,1491
C6H7N1O2,16,8185,4440,False,2220,222,1998,1332,444,444,1998,1332,444,444,1998,173,63,63,258
C6H7N1O3,17,324,167,False,84,8,75,50,17,17,75,50,17,17,75,7,8,2,12
C6H7N1O4,18,34,30,False,15,1,14,9,3,3,14,9,3,3,14,2,0,0,2
C6H7N1O5,19,36,35,False,18,1,16,11,4,3,16,11,4,3,16,2,0,0,2
C6H7N1O6,20,1,0,True,0,0,0,0,0,0,0,0,0,0,0,0,0,0,0
C6H7N3,16,2882,2500,False,1250,125,1125,750,250,250,1125,750,250,250,1125,118,33,32,130
C6H7N3O1,17,3886,636,False,318,32,286,191,64,63,286,191,64,63,286,24,6,9,36
C6H7N3O2,18,1117,1102,False,551,55,496,331,110,110,496,331,110,110,496,38,17,8,64
C6H7N3O3,19,170,168,False,84,8,76,50,17,17,76,50,17,17,76,5,4,4,7
C6H7N3O4,20,1,0,True,0,0,0,0,0,0,0,0,0,0,0,0,0,0,0
C6H7N3O5,21,1,0,True,0,0,0,0,0,0,0,0,0,0,0,0,0,0,0
C6H7N5,18,1547,1031,False,516,51,464,310,103,103,464,310,103,103,464,37,16,6,54
C6H7N5O1,19,1053,892,False,446,45,401,268,89,89,401,268,89,89,401,39,13,15,49
C6H7N5O2,20,268,258,False,129,13,116,77,26,26,116,77,26,26,116,8,2,1,13
C6H8,14,7747,7689,False,3845,384,3460,2307,769,769,3460,2307,769,769,3460,137,41,57,378
C6H8N2,16,26351,25702,False,12851,1285,11566,7711,2570,2570,11566,7711,2570,2570,11566,741,218,219,1312
C6H8N2O1,17,12994,6987,False,3494,349,3144,2096,699,699,3144,2096,699,699,3144,269,89,97,406
C6H8N2O2,18,1156,696,False,348,35,313,209,70,69,313,209,70,69,313,43,14,9,42
C6H8N2O3,19,848,833,False,417,41,375,250,84,83,375,250,84,83,375,44,19,18,48
C6H8N2O4,20,379,374,False,187,19,168,112,38,37,168,112,38,37,168,20,8,7,25
C6H8N2O5,21,2,0,True,0,0,0,0,0,0,0,0,0,0,0,0,0,0,0
C6H8N4,18,673,229,False,115,11,103,69,23,23,103,69,23,23,103,18,7,7,22
C6H8N4O1,19,911,611,False,306,30,275,184,61,61,275,184,61,61,275,28,8,12,43
C6H8N4O2,20,763,745,False,373,37,335,224,75,74,335,224,75,74,335,29,13,15,36
C6H8N4O3,21,254,247,False,124,12,111,74,25,25,111,74,25,25,111,11,2,1,1
C6H8N6,20,576,572,False,286,29,257,172,57,57,257,172,57,57,257,20,4,4,34
C6H8N6O1,21,4,0,True,0,0,0,0,0,0,0,0,0,0,0,0,0,0,0
C6H8N6O2,22,2,0,True,0,0,0,0,0,0,0,0,0,0,0,0,0,0,0
C6H8N8,22,1,0,True,0,0,0,0,0,0,0,0,0,0,0,0,0,0,0
C6H8O1,15,9709,9074,False,4537,454,4083,2722,908,907,4083,2722,908,907,4083,186,77,67,469
C6H8O2,16,30436,29656,False,14828,1483,13345,8897,2966,2965,13345,8897,2966,2965,13345,899,337,295,1674
C6H8O3,17,2685,2180,False,1090,109,981,654,218,218,981,654,218,218,981,87,24,40,126
C6H8O4,18,661,217,False,109,10,98,65,22,22,98,65,22,22,98,13,2,3,12
C6H8O5,19,11,9,False,5,0,4,3,1,1,4,3,1,1,4,0,0,0,0
C6H8O6,20,131,130,False,65,6,59,39,13,13,59,39,13,13,59,4,1,2,13
C6H9N1,16,9656,9569,False,4785,478,4306,2871,957,957,4306,2871,957,957,4306,195,70,84,488
C6H9N1O1,17,45000,43575,False,21788,2178,19609,13073,4358,4357,19609,13073,4358,4357,19609,1260,412,426,2349
C6H9N1O2,18,7640,5679,False,2840,283,2556,1704,568,568,2556,1704,568,568,2556,192,68,63,335
C6H9N1O3,19,849,265,False,133,13,119,80,27,26,119,80,27,26,119,16,2,3,16
C6H9N1O4,20,795,503,False,252,25,226,151,51,50,226,151,51,50,226,27,6,3,31
C6H9N1O5,21,645,635,False,318,31,286,191,64,63,286,191,64,63,286,11,3,1,7
C6H9N1O6,22,1,0,True,0,0,0,0,0,0,0,0,0,0,0,0,0,0,0
C6H9N3,18,7162,5820,False,2910,291,2619,1746,582,582,2619,1746,582,582,2619,207,75,58,327
C6H9N3O1,19,1503,62,False,31,3,28,19,6,6,28,19,6,6,28,1,2,1,4
C6H9N3O2,20,2112,2082,False,1041,104,937,625,208,208,937,625,208,208,937,63,19,12,97
C6H9N3O3,21,1029,1013,False,507,50,456,304,102,101,456,304,102,101,456,8,2,5,9
C6H9N3O4,22,217,208,False,104,10,94,62,21,21,94,62,21,21,94,4,2,2,2
C6H9N5,20,592,582,False,291,29,262,175,58,58,262,175,58,58,262,20,6,9,36
C6H9N5O1,21,396,386,False,193,19,174,116,39,38,174,116,39,38,174,18,6,2,5
C6H9N5O2,22,120,113,False,57,5,51,34,12,11,51,34,12,11,51,3,0,1,3
C6H9N5O3,23,3,0,True,0,0,0,0,0,0,0,0,0,0,0,0,0,0,0
C6H9N7,22,205,201,False,101,9,91,61,20,20,91,61,20,20,91,0,0,1,2
C6H9N7O1,23,1,0,True,0,0,0,0,0,0,0,0,0,0,0,0,0,0,0
C6N2,8,200,192,False,96,10,86,58,19,19,86,58,19,19,86,16,3,6,12
C6N4,10,216,210,False,105,10,95,63,21,21,95,63,21,21,95,12,6,8,11
C7H10,17,2835,2804,False,1402,140,1262,841,281,280,1262,841,281,280,1262,66,31,25,150
C7H10N2,19,6616,5479,False,2740,273,2466,1644,548,548,2466,1644,548,548,2466,193,54,62,349
C7H10N2O1,20,500,491,False,246,24,221,148,49,49,221,148,49,49,221,22,6,5,26
C7H10N2O2,21,1915,1894,False,947,95,852,568,190,189,852,568,190,189,852,40,16,7,15
C7H10N2O3,22,1722,1538,False,769,77,692,461,154,154,692,461,154,154,692,35,6,9,27
C7H10N2O4,23,122,114,False,57,6,51,34,12,11,51,34,12,11,51,2,0,2,1
C7H10N2O5,24,1,0,True,0,0,0,0,0,0,0,0,0,0,0,0,0,0,0
C7H10N4,21,777,621,False,311,30,280,187,62,62,280,187,62,62,280,13,2,5,10
C7H10N4O1,22,1243,1230,False,615,61,554,369,123,123,554,369,123,123,554,23,8,13,8
C7H10N4O2,23,107,97,False,49,4,44,29,10,10,44,29,10,10,44,1,0,0,0
C7H10N4O3,24,1,0,True,0,0,0,0,0,0,0,0,0,0,0,0,0,0,0
C7H10N6,23,204,203,False,102,10,91,61,21,20,91,61,21,20,91,0,0,0,0
C7H10O1,18,18165,17654,False,8827,883,7944,5296,1766,1765,7944,5296,1766,1765,7944,545,174,179,1037
C7H10O2,19,4949,4075,False,2038,203,1834,1223,408,407,1834,1223,408,407,1834,148,51,42,256
C7H10O3,20,108,104,False,52,5,47,31,11,10,47,31,11,10,47,6,1,1,0
C7H10O4,21,288,285,False,143,14,128,86,29,28,128,86,29,28,128,5,2,3,3
C7H10O5,22,295,290,False,145,14,131,87,29,29,131,87,29,29,131,10,3,4,8
C7H10O6,23,1,0,True,0,0,0,0,0,0,0,0,0,0,0,0,0,0,0
C7H11N1,19,21491,20903,False,10452,1045,9406,6271,2091,2090,9406,6271,2091,2090,9406,566,209,202,1096
C7H11N1O1,20,10614,9001,False,4501,449,4051,2701,900,900,4051,2701,900,900,4051,306,99,100,541
C7H11N1O2,21,1453,1011,False,506,50,455,304,101,101,455,304,101,101,455,15,9,4,4
C7H11N1O3,22,1683,1492,False,746,75,671,448,149,149,671,448,149,149,671,41,9,10,8
C7H11N1O4,23,327,320,False,160,16,144,96,32,32,144,96,32,32,144,9,6,3,2
C7H11N1O5,24,5,0,True,0,0,0,0,0,0,0,0,0,0,0,0,0,0,0
C7H11N3,21,147,147,False,74,7,66,44,15,15,66,44,15,15,66,1,1,1,3
C7H11N3O1,22,827,637,False,319,31,287,191,64,64,287,191,64,64,287,18,3,8,7
C7H11N3O2,23,913,898,False,449,45,404,269,90,90,404,269,90,90,404,7,2,4,5
C7H11N3O3,24,278,263,False,132,13,118,79,27,26,118,79,27,26,118,3,1,2,3
C7H11N3O4,25,4,0,True,0,0,0,0,0,0,0,0,0,0,0,0,0,0,0
C7H11N5,23,574,425,False,213,21,191,128,43,42,191,128,43,42,191,11,3,1,2
C7H11N5O1,24,257,249,False,125,12,112,75,25,25,112,75,25,25,112,8,1,2,2
C7H11N5O2,25,7,0,True,0,0,0,0,0,0,0,0,0,0,0,0,0,0,0
C7H11N5O3,26,1,0,True,0,0,0,0,0,0,0,0,0,0,0,0,0,0,0
C7H11N7O1,26,4,0,True,0,0,0,0,0,0,0,0,0,0,0,0,0,0,0
C7H12,19,1655,1645,False,823,82,740,494,165,164,740,494,165,164,740,50,14,16,88
C7H12N2,21,10277,8900,False,4450,445,4005,2670,890,890,4005,2670,890,890,4005,29,7,8,97
C7H12N2O1,22,743,408,False,204,20,184,122,41,41,184,122,41,41,184,4,2,2,3
C7H12N2O2,23,1371,1195,False,598,59,538,359,120,119,538,359,120,119,538,6,0,3,6
C7H12N2O3,24,1858,1632,False,816,82,734,490,163,163,734,490,163,163,734,31,8,10,6
C7H12N2O4,25,5,0,True,0,0,0,0,0,0,0,0,0,0,0,0,0,0,0
C7H12N2O5,26,2036,1954,False,977,98,879,586,196,195,879,586,196,195,879,54,24,23,44
C7H12N2O6,27,1155,1115,False,558,55,502,335,112,111,502,335,112,111,502,16,2,8,20
C7H12N4,23,547,543,False,272,27,244,163,55,54,244,163,55,54,244,11,5,2,1
C7H12N4O1,24,982,688,False,344,34,310,206,69,69,310,206,69,69,310,7,1,6,2
C7H12N4O2,25,499,485,False,243,24,218,146,49,48,218,146,49,48,218,11,3,6,9
C7H12N4O3,26,2,0,True,0,0,0,0,0,0,0,0,0,0,0,0,0,0,0
C7H12N6,25,137,134,False,67,7,60,40,14,13,60,40,14,13,60,3,1,2,2
C7H12N6O1,26,5,0,True,0,0,0,0,0,0,0,0,0,0,0,0,0,0,0
C7H12N6O2,27,3,0,True,0,0,0,0,0,0,0,0,0,0,0,0,0,0,0
C7H12O1,20,5773,5540,False,2770,277,2493,1662,554,554,2493,1662,554,554,2493,175,55,57,308
C7H12O2,21,2102,1705,False,853,85,767,512,171,170,767,512,171,170,767,7,5,9,14
C7H12O3,22,220,215,False,108,10,97,65,22,21,97,65,22,21,97,4,2,3,2
C7H12O4,23,308,126,False,63,6,57,38,13,12,57,38,13,12,57,5,3,2,2
C7H12O5,24,152,149,False,75,7,67,45,15,15,67,45,15,15,67,2,0,0,6
C7H12O6,25,349,335,False,168,16,151,101,34,33,151,101,34,33,151,10,4,3,4
C7H12O7,26,1,0,True,0,0,0,0,0,0,0,0,0,0,0,0,0,0,0
C7H13N1,21,8079,7782,False,3891,389,3502,2335,778,778,3502,2335,778,778,3502,56,22,17,182
C7H13N1O1,22,4052,3532,False,1766,177,1589,1060,353,353,1589,1060,353,353,1589,20,6,12,43
C7H13N1O2,23,709,558,False,279,28,251,167,56,56,251,167,56,56,251,11,1,2,7
C7H13N1O3,24,1213,444,False,222,22,200,133,45,44,200,133,45,44,200,4,1,1,7
C7H13N1O4,25,298,289,False,145,14,130,87,29,29,130,87,29,29,130,3,2,2,2
C7H13N1O5,26,4,0,True,0,0,0,0,0,0,0,0,0,0,0,0,0,0,0
C7H13N3,23,1399,1366,False,683,68,615,410,137,136,615,410,137,136,615,41,6,19,16
C7H13N3O1,24,451,305,False,153,15,137,92,31,30,137,92,31,30,137,1,0,1,2
C7H13N3O2,25,867,857,False,429,42,386,257,86,86,386,257,86,86,386,4,1,3,2
C7H13N3O3,26,147,138,False,69,7,62,41,14,14,62,41,14,14,62,0,1,0,1
C7H13N3O4,27,1910,1824,False,912,91,821,547,183,182,821,547,183,182,821,37,11,8,21
C7H13N3O5,28,1139,1098,False,549,55,494,329,110,110,494,329,110,110,494,19,8,1,14
C7H13N5,25,256,256,False,128,13,115,77,26,25,115,77,26,25,115,0,0,0,1
C7H13N5O1,26,223,217,False,109,10,98,65,22,22,98,65,22,22,98,4,1,4,1
C7H13N5O2,27,1,0,True,0,0,0,0,0,0,0,0,0,0,0,0,0,0,0
C7H14,21,25,24,False,12,1,11,7,3,2,11,7,3,2,11,0,0,0,0
C7H14N2,23,4672,4166,False,2083,208,1875,1250,417,416,1875,1250,417,416,1875,31,14,13,45
C7H14N2O1,24,872,710,False,355,35,320,213,71,71,320,213,71,71,320,3,0,1,10
C7H14N2O2,25,843,832,False,416,42,374,250,83,83,374,250,83,83,374,0,0,0,12
C7H14N2O3,26,1946,1891,False,946,94,851,568,189,189,851,568,189,189,851,24,8,9,23
C7H14N2O4,27,1084,1042,False,521,52,469,313,104,104,469,313,104,104,469,9,6,1,21
C7H14N2O5,28,1164,1124,False,562,56,506,337,113,112,506,337,113,112,506,24,7,10,11
C7H14N2O6,29,2,0,True,0,0,0,0,0,0,0,0,0,0,0,0,0,0,0
C7H14N4,25,404,396,False,198,20,178,119,40,39,178,119,40,39,178,6,4,4,4
C7H14N4O1,26,830,826,False,413,41,372,248,83,82,372,248,83,82,372,12,5,4,2
C7H14N4O2,27,4,0,True,0,0,0,0,0,0,0,0,0,0,0,0,0,0,0
C7H14N4O3,28,4,0,True,0,0,0,0,0,0,0,0,0,0,0,0,0,0,0
C7H14N4O4,29,2,0,True,0,0,0,0,0,0,0,0,0,0,0,0,0,0,0
C7H14N6O1,28,2,0,True,0,0,0,0,0,0,0,0,0,0,0,0,0,0,0
C7H14N6O4,31,1,0,True,0,0,0,0,0,0,0,0,0,0,0,0,0,0,0
C7H14O1,22,935,902,False,451,45,406,271,90,90,406,271,90,90,406,19,3,1,18
C7H14O2,23,354,94,False,47,5,42,28,10,9,42,28,10,9,42,0,0,0,0
C7H14O3,24,175,175,False,88,8,79,53,18,17,79,53,18,17,79,0,1,0,0
C7H14O4,25,886,860,False,430,43,387,258,86,86,387,258,86,86,387,26,8,5,7
C7H14O5,26,485,480,False,240,24,216,144,48,48,216,144,48,48,216,3,0,0,5
C7H14O6,27,108,103,False,52,5,46,31,11,10,46,31,11,10,46,1,0,0,2
C7H14O7,28,2,0,True,0,0,0,0,0,0,0,0,0,0,0,0,0,0,0
C7H15N1,23,640,604,False,302,30,272,181,61,60,272,181,61,60,272,11,5,7,11
C7H15N1O1,24,551,319,False,160,15,144,96,32,32,144,96,32,32,144,1,1,0,4
C7H15N1O2,25,58,58,False,29,3,26,17,6,6,26,17,6,6,26,0,0,0,0
C7H15N1O3,26,716,703,False,352,35,316,211,71,70,316,211,71,70,316,2,2,2,7
C7H15N1O4,27,1513,1501,False,751,74,676,451,150,150,676,451,150,150,676,24,5,6,8
C7H15N1O5,28,217,212,False,106,11,95,64,21,21,95,64,21,21,95,0,0,0,1
C7H15N3,25,41,40,False,20,2,18,12,4,4,18,12,4,4,18,0,0,0,0
C7H15N3O1,26,230,228,False,114,11,103,68,23,23,103,68,23,23,103,0,0,0,0
C7H15N3O2,27,796,786,False,393,39,354,236,79,78,354,236,79,78,354,4,2,1,8
C7H15N3O3,28,138,133,False,67,6,60,40,14,13,60,40,14,13,60,4,2,1,1
C7H15N3O4,29,109,106,False,53,5,48,32,11,10,48,32,11,10,48,3,1,0,0
C7H15N3O5,30,1,0,True,0,0,0,0,0,0,0,0,0,0,0,0,0,0,0
C7H15N5,27,350,350,False,175,17,158,105,35,35,158,105,35,35,158,5,5,2,7
C7H15N5O1,28,3,0,True,0,0,0,0,0,0,0,0,0,0,0,0,0,0,0
C7H15N5O2,29,5,0,True,0,0,0,0,0,0,0,0,0,0,0,0,0,0,0
C7H15N5O3,30,5,0,True,0,0,0,0,0,0,0,0,0,0,0,0,0,0,0
C7H15N7O1,30,1,0,True,0,0,0,0,0,0,0,0,0,0,0,0,0,0,0
C7H16N2,25,686,613,False,307,30,276,184,62,61,276,184,62,61,276,3,3,3,3
C7H16N2O1,26,203,201,False,101,9,91,61,20,20,91,61,20,20,91,4,2,2,3
C7H16N2O2,27,499,487,False,244,24,219,146,49,49,219,146,49,49,219,5,0,3,1
C7H16N2O3,28,321,320,False,160,16,144,96,32,32,144,96,32,32,144,4,1,1,3
C7H16N2O4,29,4,0,True,0,0,0,0,0,0,0,0,0,0,0,0,0,0,0
C7H16N2O5,30,1,0,True,0,0,0,0,0,0,0,0,0,0,0,0,0,0,0
C7H16N2O7,32,1,0,True,0,0,0,0,0,0,0,0,0,0,0,0,0,0,0
C7H16N4,27,99,95,False,48,4,43,29,10,9,43,29,10,9,43,0,0,0,0
C7H16N4O1,28,479,479,False,240,23,216,144,48,48,216,144,48,48,216,2,0,0,0
C7H16N4O2,29,5,0,True,0,0,0,0,0,0,0,0,0,0,0,0,0,0,0
C7H16N6O2,31,4,0,True,0,0,0,0,0,0,0,0,0,0,0,0,0,0,0
C7H16N6O3,32,1,0,True,0,0,0,0,0,0,0,0,0,0,0,0,0,0,0
C7H16O1,24,50,48,False,24,2,22,14,5,5,22,14,5,5,22,1,0,1,0
C7H16O2,25,7,7,False,4,0,3,2,1,1,3,2,1,1,3,0,0,0,0
C7H16O3,26,138,137,False,69,6,62,41,14,14,62,41,14,14,62,0,0,0,2
C7H16O4,27,149,148,False,74,7,67,44,15,15,67,44,15,15,67,1,1,1,2
C7H16O5,28,8,5,False,3,0,2,2,1,0,2,2,1,0,2,0,0,0,0
C7H16O6,29,2,0,True,0,0,0,0,0,0,0,0,0,0,0,0,0,0,0
C7H17N1,25,1,1,True,0,0,0,0,0,0,0,0,0,0,0,0,0,0,0
C7H17N1O1,26,83,81,False,41,3,37,25,8,8,37,25,8,8,37,0,0,0,0
C7H17N1O2,27,17,17,False,9,0,8,5,2,2,8,5,2,2,8,0,0,0,0
C7H17N1O3,28,32,32,False,16,2,14,10,3,3,14,10,3,3,14,0,0,0,0
C7H17N1O4,29,25,21,False,11,0,10,7,2,2,10,7,2,2,10,0,0,0,0
C7H17N1O5,30,4,0,True,0,0,0,0,0,0,0,0,0,0,0,0,0,0,0
C7H17N1O6,31,1,0,True,0,0,0,0,0,0,0,0,0,0,0,0,0,0,0
C7H17N3,27,28,25,False,13,1,11,8,3,2,11,8,3,2,11,0,0,0,0
C7H17N3O1,28,226,223,False,112,11,100,67,23,22,100,67,23,22,100,0,3,0,4
C7H17N3O2,29,274,273,False,137,13,123,82,28,27,123,82,28,27,123,1,1,0,1
C7H17N3O4,31,1,0,True,0,0,0,0,0,0,0,0,0,0,0,0,0,0,0
C7H17N5,29,163,162,False,81,8,73,49,16,16,73,49,16,16,73,1,0,0,1
C7H17N5O2,31,85,80,False,40,4,36,24,8,8,36,24,8,8,36,0,0,0,0
C7H17N7O3,34,1,0,True,0,0,0,0,0,0,0,0,0,0,0,0,0,0,0
C7H18N2,27,15,14,False,7,1,6,4,2,1,6,4,2,1,6,0,0,0,0
C7H18N2O1,28,29,28,False,14,1,13,8,3,3,13,8,3,3,13,0,0,0,0
C7H18N2O2,29,155,150,False,75,7,68,45,15,15,68,45,15,15,68,0,0,0,2
C7H18N2O3,30,44,43,False,22,2,19,13,5,4,19,13,5,4,19,0,0,0,0
C7H18N2O4,31,107,105,False,53,5,47,32,11,10,47,32,11,10,47,0,0,0,0
C7H18N4,29,55,54,False,27,3,24,16,6,5,24,16,6,5,24,0,0,0,0
C7H18N4O1,30,222,221,False,111,10,100,67,22,22,100,67,22,22,100,0,0,0,0
C7H18N4O2,31,373,363,False,182,18,163,109,37,36,163,109,37,36,163,4,3,4,2
C7H18N4O3,32,2,0,True,0,0,0,0,0,0,0,0,0,0,0,0,0,0,0
C7H18N6,31,1,0,True,0,0,0,0,0,0,0,0,0,0,0,0,0,0,0
C7H18O2,27,1,1,True,0,0,0,0,0,0,0,0,0,0,0,0,0,0,0
C7H19N1O2,29,3,3,True,0,0,0,0,0,0,0,0,0,0,0,0,0,0,0
C7H19N1O3,30,6,6,False,3,0,3,2,1,0,3,2,1,0,3,0,0,0,0
C7H19N1O4,31,4,2,True,0,0,0,0,0,0,0,0,0,0,0,0,0,0,0
C7H19N3,29,213,207,False,104,10,93,62,21,21,93,62,21,21,93,5,6,2,2
C7H19N3O1,30,39,39,False,20,1,18,12,4,4,18,12,4,4,18,0,0,0,0
C7H19N3O2,31,49,49,False,25,2,22,15,5,5,22,15,5,5,22,0,0,0,0
C7H19N3O3,32,1,0,True,0,0,0,0,0,0,0,0,0,0,0,0,0,0,0
C7H19N5,31,59,59,False,30,2,27,18,6,6,27,18,6,6,27,3,0,0,0
C7H19N5O2,33,274,268,False,134,13,121,80,27,27,121,80,27,27,121,7,0,4,5
C7H19N5O3,34,2,0,True,0,0,0,0,0,0,0,0,0,0,0,0,0,0,0
C7H1N1,9,147,143,False,72,7,64,43,15,14,64,43,15,14,64,6,3,2,7
C7H1N3,11,2,2,True,0,0,0,0,0,0,0,0,0,0,0,0,0,0,0
C7H20N2,29,1,1,True,0,0,0,0,0,0,0,0,0,0,0,0,0,0,0
C7H20N2O1,30,2,2,True,0,0,0,0,0,0,0,0,0,0,0,0,0,0,0
C7H20N2O2,31,3,3,True,0,0,0,0,0,0,0,0,0,0,0,0,0,0,0
C7H20N2O3,32,1,1,True,0,0,0,0,0,0,0,0,0,0,0,0,0,0,0
C7H20N4,31,9,9,False,5,0,4,3,1,1,4,3,1,1,4,0,0,0,0
C7H20N4O1,32,49,48,False,24,2,22,14,5,5,22,14,5,5,22,0,0,0,0
C7H20N6O3,36,1,0,True,0,0,0,0,0,0,0,0,0,0,0,0,0,0,0
C7H21N3O1,32,3,3,True,0,0,0,0,0,0,0,0,0,0,0,0,0,0,0
C7H21N3O2,33,3,3,True,0,0,0,0,0,0,0,0,0,0,0,0,0,0,0
C7H21N5,33,15,15,False,8,0,7,5,2,1,7,5,2,1,7,0,0,0,0
C7H21N5O2,35,2,0,True,0,0,0,0,0,0,0,0,0,0,0,0,0,0,0
C7H22N4O1,34,1,0,True,0,0,0,0,0,0,0,0,0,0,0,0,0,0,0
C7H22N6O2,37,3,0,True,0,0,0,0,0,0,0,0,0,0,0,0,0,0,0
C7H2N2,11,17,15,False,8,0,7,5,2,1,7,5,2,1,7,0,0,0,0
C7H2N2O2,13,2,2,True,0,0,0,0,0,0,0,0,0,0,0,0,0,0,0
C7H2N2O3,14,1,1,True,0,0,0,0,0,0,0,0,0,0,0,0,0,0,0
C7H2N4O1,14,3,3,True,0,0,0,0,0,0,0,0,0,0,0,0,0,0,0
C7H2O1,10,89,86,False,43,4,39,26,9,8,39,26,9,8,39,6,0,0,7
C7H3N1,11,752,736,False,368,37,331,221,74,73,331,221,74,73,331,38,7,18,42
C7H3N1O1,12,47,43,False,22,2,19,13,5,4,19,13,5,4,19,3,2,1,5
C7H3N1O2,13,1,1,True,0,0,0,0,0,0,0,0,0,0,0,0,0,0,0
C7H3N1O3,14,3,3,True,0,0,0,0,0,0,0,0,0,0,0,0,0,0,0
C7H3N1O4,15,1,1,True,0,0,0,0,0,0,0,0,0,0,0,0,0,0,0
C7H3N3,13,133,133,False,67,6,60,40,14,13,60,40,14,13,60,5,3,1,8
C7H3N3O1,14,6,6,False,3,0,3,2,1,0,3,2,1,0,3,0,0,0,0
C7H3N3O2,15,20,20,False,10,1,9,6,2,2,9,6,2,2,9,1,0,0,0
C7H3N5,15,2,1,True,0,0,0,0,0,0,0,0,0,0,0,0,0,0,0
C7H4,11,265,262,False,131,13,118,79,26,26,118,79,26,26,118,11,3,1,14
C7H4N2,13,86,76,False,38,4,34,23,8,7,34,23,8,7,34,7,1,1,6
C7H4N2O1,14,7,7,False,4,0,3,2,1,1,3,2,1,1,3,0,0,0,0
C7H4N2O2,15,142,138,False,69,7,62,41,14,14,62,41,14,14,62,6,3,0,10
C7H4N2O3,16,288,287,False,144,14,129,86,29,29,129,86,29,29,129,26,5,4,15
C7H4N4,15,643,494,False,247,25,222,148,50,49,222,148,50,49,222,20,7,4,32
C7H4N4O1,16,162,158,False,79,8,71,47,16,16,71,47,16,16,71,3,3,2,8
C7H4O1,12,1316,1297,False,649,64,584,389,130,130,584,389,130,130,584,38,12,15,60
C7H4O2,13,125,111,False,56,5,50,34,11,11,50,34,11,11,50,6,3,5,6
C7H4O3,14,2,2,True,0,0,0,0,0,0,0,0,0,0,0,0,0,0,0
C7H5N1,13,1447,1414,False,707,71,636,424,142,141,636,424,142,141,636,36,10,12,65
C7H5N1O1,14,1327,1215,False,608,60,547,365,122,121,547,365,122,121,547,40,13,11,59
C7H5N1O2,15,392,388,False,194,19,175,116,39,39,175,116,39,39,175,8,3,2,20
C7H5N1O3,16,704,516,False,258,26,232,155,52,51,232,155,52,51,232,19,15,10,28
C7H5N1O4,17,974,681,False,341,33,307,205,68,68,307,205,68,68,307,25,10,11,48
C7H5N3,15,3,3,True,0,0,0,0,0,0,0,0,0,0,0,0,0,0,0
C7H5N3O1,16,154,151,False,76,7,68,46,15,15,68,46,15,15,68,9,5,2,6
C7H5N3O2,17,1161,1003,False,502,50,451,301,101,100,451,301,101,100,451,34,13,12,49
C7H5N5,17,157,157,False,79,7,71,47,16,16,71,47,16,16,71,11,5,3,6
C7H6,13,696,696,False,348,35,313,209,70,69,313,209,70,69,313,8,5,6,28
C7H6N2,15,1103,1004,False,502,50,452,301,101,100,452,301,101,100,452,39,15,9,56
C7H6N2O1,16,593,586,False,293,29,264,176,59,58,264,176,59,58,264,25,9,8,42
C7H6N2O2,17,1097,1089,False,545,54,490,327,109,109,490,327,109,109,490,42,18,23,73
C7H6N2O3,18,205,204,False,102,10,92,61,21,20,92,61,21,20,92,4,2,3,15
C7H6N4,17,1321,1164,False,582,58,524,349,117,116,524,349,117,116,524,60,13,20,61
C7H6N4O1,18,711,707,False,354,35,318,212,71,71,318,212,71,71,318,25,9,9,36
C7H6N4O2,19,483,330,False,165,16,149,99,33,33,149,99,33,33,149,13,3,9,21
C7H6N4O3,20,3,0,True,0,0,0,0,0,0,0,0,0,0,0,0,0,0,0
C7H6N6,19,1,0,True,0,0,0,0,0,0,0,0,0,0,0,0,0,0,0
C7H6O1,14,5146,5031,False,2516,251,2264,1510,503,503,2264,1510,503,503,2264,201,78,56,258
C7H6O2,15,1554,1153,False,577,57,519,346,116,115,519,346,116,115,519,44,21,14,60
C7H6O3,16,1235,1223,False,612,61,550,367,123,122,550,367,123,122,550,49,20,17,72
C7H6O4,17,1844,1535,False,768,76,691,461,154,153,691,461,154,153,691,56,21,19,79
C7H6O5,18,2,2,True,0,0,0,0,0,0,0,0,0,0,0,0,0,0,0
C7H7N1,15,5248,5143,False,2572,257,2314,1543,515,514,2314,1543,515,514,2314,196,49,79,288
C7H7N1O1,16,3762,2008,False,1004,100,904,602,201,201,904,602,201,201,904,79,19,21,119
C7H7N1O2,17,1527,463,False,232,23,208,139,47,46,208,139,47,46,208,18,7,5,25
C7H7N1O3,18,4452,3090,False,1545,154,1391,927,309,309,1391,927,309,309,1391,122,46,44,164
C7H7N1O4,19,1709,842,False,421,42,379,253,84,84,379,253,84,84,379,41,13,11,43
C7H7N1O5,20,2,0,True,0,0,0,0,0,0,0,0,0,0,0,0,0,0,0
C7H7N3,17,626,459,False,230,22,207,138,46,46,207,138,46,46,207,25,6,7,22
C7H7N3O1,18,1695,1665,False,833,83,749,500,167,166,749,500,167,166,749,60,13,22,91
C7H7N3O2,19,1122,964,False,482,48,434,289,97,96,434,289,97,96,434,33,10,20,48
C7H7N3O3,20,4,0,True,0,0,0,0,0,0,0,0,0,0,0,0,0,0,0
C7H7N3O4,21,2,0,True,0,0,0,0,0,0,0,0,0,0,0,0,0,0,0
C7H7N5,19,443,295,False,148,14,133,89,30,29,133,89,30,29,133,11,5,4,20
C7H7N5O1,20,1,0,True,0,0,0,0,0,0,0,0,0,0,0,0,0,0,0
C7H7N7,21,121,117,False,59,5,53,35,12,12,53,35,12,12,53,5,0,1,0
C7H8,15,1968,1950,False,975,97,878,585,195,195,878,585,195,195,878,44,10,8,98
C7H8N2,17,2383,1917,False,959,95,863,575,192,192,863,575,192,192,863,77,24,26,100
C7H8N2O1,18,2862,409,False,205,20,184,123,41,41,184,123,41,41,184,23,7,6,31
C7H8N2O2,19,5098,3834,False,1917,192,1725,1150,384,383,1725,1150,384,383,1725,141,50,45,186
C7H8N2O3,20,1332,1322,False,661,66,595,397,132,132,595,397,132,132,595,34,15,17,75
C7H8N2O4,21,5,0,True,0,0,0,0,0,0,0,0,0,0,0,0,0,0,0
C7H8N4,19,1738,1433,False,717,71,645,430,144,143,645,430,144,143,645,62,18,24,69
C7H8N4O1,20,953,798,False,399,40,359,239,80,80,359,239,80,80,359,31,10,10,41
C7H8N4O2,21,366,360,False,180,18,162,108,36,36,162,108,36,36,162,5,3,4,3
C7H8N4O3,22,1,0,True,0,0,0,0,0,0,0,0,0,0,0,0,0,0,0
C7H8N4O4,23,1,0,True,0,0,0,0,0,0,0,0,0,0,0,0,0,0,0
C7H8N6,21,2,0,True,0,0,0,0,0,0,0,0,0,0,0,0,0,0,0
C7H8N6O2,23,1,0,True,0,0,0,0,0,0,0,0,0,0,0,0,0,0,0
C7H8O1,16,17017,14660,False,7330,733,6597,4398,1466,1466,6597,4398,1466,1466,6597,419,162,148,774
C7H8O2,17,4455,3518,False,1759,176,1583,1055,352,352,1583,1055,352,352,1583,138,40,45,231
C7H8O3,18,385,369,False,185,18,166,111,37,37,166,111,37,37,166,16,5,5,26
C7H8O4,19,2129,1478,False,739,74,665,443,148,148,665,443,148,148,665,47,18,9,70
C7H8O5,20,20,17,False,9,0,8,5,2,2,8,5,2,2,8,3,0,1,1
C7H8O6,21,1,0,True,0,0,0,0,0,0,0,0,0,0,0,0,0,0,0
C7H9N1,17,18484,16204,False,8102,810,7292,4861,1621,1620,7292,4861,1621,1620,7292,504,132,154,940
C7H9N1O1,18,9382,6146,False,3073,307,2766,1844,615,614,2766,1844,615,614,2766,197,81,80,354
C7H9N1O2,19,1911,1331,False,666,66,599,400,133,133,599,400,133,133,599,52,22,18,70
C7H9N1O3,20,1035,874,False,437,44,393,262,88,87,393,262,88,87,393,42,15,13,39
C7H9N1O4,21,151,141,False,71,6,64,43,14,14,64,43,14,14,64,2,0,1,1
C7H9N1O5,22,112,105,False,53,5,47,32,11,10,47,32,11,10,47,5,1,1,1
C7H9N3,19,1387,616,False,308,31,277,185,62,61,277,185,62,61,277,35,8,10,36
C7H9N3O1,20,735,575,False,288,28,259,173,58,57,259,173,58,57,259,25,12,12,32
C7H9N3O2,21,1415,1400,False,700,70,630,420,140,140,630,420,140,140,630,20,5,6,9
C7H9N3O3,22,95,88,False,44,4,40,26,9,9,40,26,9,9,40,0,0,0,3
C7H9N3O4,23,1,0,True,0,0,0,0,0,0,0,0,0,0,0,0,0,0,0
C7H9N5,21,789,779,False,390,38,351,234,78,78,351,234,78,78,351,21,4,10,7
C7H9N5O1,22,415,409,False,205,20,184,123,41,41,184,123,41,41,184,4,1,2,2
C7H9N5O2,23,4,0,True,0,0,0,0,0,0,0,0,0,0,0,0,0,0,0
C7H9N5O3,24,1,0,True,0,0,0,0,0,0,0,0,0,0,0,0,0,0,0
C7H9N7O1,24,1,0,True,0,0,0,0,0,0,0,0,0,0,0,0,0,0,0
C8H10,18,7544,5937,False,2969,296,2672,1781,594,594,2672,1781,594,594,2672,186,64,69,329
C8H10N2,20,477,477,False,239,23,215,143,48,48,215,143,48,48,215,11,8,6,29
C8H10N2O1,21,1700,1197,False,599,59,539,359,120,120,539,359,120,120,539,30,5,12,7
C8H10N2O2,22,1840,1797,False,899,89,809,539,180,180,809,539,180,180,809,41,12,14,13
C8H10N2O3,23,238,231,False,116,11,104,70,23,23,104,70,23,23,104,3,0,0,2
C8H10N2O4,24,6,0,True,0,0,0,0,0,0,0,0,0,0,0,0,0,0,0
C8H10N4,22,1062,1050,False,525,52,473,315,105,105,473,315,105,105,473,21,6,11,11
C8H10N4O1,23,1297,845,False,423,42,380,254,85,84,380,254,85,84,380,4,3,3,10
C8H10N4O2,24,5,0,True,0,0,0,0,0,0,0,0,0,0,0,0,0,0,0
C8H10N4O3,25,146,142,False,71,7,64,43,14,14,64,43,14,14,64,11,3,3,2
C8H10N6,24,278,278,False,139,14,125,83,28,28,125,83,28,28,125,13,1,1,4
C8H10N6O1,25,2,0,True,0,0,0,0,0,0,0,0,0,0,0,0,0,0,0
C8H10O1,19,4533,3225,False,1613,161,1451,968,323,322,1451,968,323,322,1451,109,38,35,194
C8H10O2,20,1227,1214,False,607,61,546,364,122,121,546,364,122,121,546,38,12,22,64
C8H10O3,21,1487,1468,False,734,73,661,440,147,147,661,440,147,147,661,12,8,8,14
C8H10O4,22,147,141,False,71,6,64,43,14,14,64,43,14,14,64,1,0,0,3
C8H10O5,23,3,0,True,0,0,0,0,0,0,0,0,0,0,0,0,0,0,0
C8H10O6,24,1,0,True,0,0,0,0,0,0,0,0,0,0,0,0,0,0,0
C8H11N1,20,5337,4296,False,2148,215,1933,1289,430,429,1933,1289,430,429,1933,176,63,53,229
C8H11N1O1,21,1036,629,False,315,31,283,189,63,63,283,189,63,63,283,5,1,3,7
C8H11N1O2,22,1477,1454,False,727,73,654,436,146,145,654,436,146,145,654,16,6,5,14
C8H11N1O3,23,1147,1130,False,565,56,509,339,113,113,509,339,113,113,509,20,4,2,10
C8H11N1O4,24,363,340,False,170,17,153,102,34,34,153,102,34,34,153,7,4,4,1
C8H11N1O5,25,2,0,True,0,0,0,0,0,0,0,0,0,0,0,0,0,0,0
C8H11N3,22,1158,986,False,493,49,444,296,99,98,444,296,99,98,444,25,10,9,11
C8H11N3O1,23,1087,931,False,466,46,419,280,93,93,419,280,93,93,419,20,6,3,10
C8H11N3O2,24,244,237,False,119,11,107,71,24,24,107,71,24,24,107,2,1,3,3
C8H11N3O3,25,4,0,True,0,0,0,0,0,0,0,0,0,0,0,0,0,0,0
C8H11N5,24,871,714,False,357,36,321,214,72,71,321,214,72,71,321,8,1,0,2
C8H11N5O1,25,741,713,False,357,35,321,214,72,71,321,214,72,71,321,23,8,8,7
C8H11N5O2,26,279,273,False,137,13,123,82,28,27,123,82,28,27,123,2,2,0,5
C8H11N7O1,27,1,0,True,0,0,0,0,0,0,0,0,0,0,0,0,0,0,0
C8H12,20,6094,5891,False,2946,294,2651,1768,589,589,2651,1768,589,589,2651,160,51,46,295
C8H12N2,22,1484,1195,False,598,59,538,359,120,119,538,359,120,119,538,15,3,5,10
C8H12N2O1,23,839,655,False,328,32,295,197,66,65,295,197,66,65,295,9,3,7,6
C8H12N2O2,24,2998,2335,False,1168,116,1051,701,234,233,1051,701,234,233,1051,47,10,11,12
C8H12N2O3,25,350,335,False,168,16,151,101,34,33,151,101,34,33,151,2,0,2,3
C8H12N2O4,26,7,0,True,0,0,0,0,0,0,0,0,0,0,0,0,0,0,0
C8H12N2O7,29,556,536,False,268,27,241,161,54,53,241,161,54,53,241,20,6,10,30
C8H12N4,24,889,597,False,299,29,269,179,60,60,269,179,60,60,269,8,2,5,5
C8H12N4O1,25,1038,1017,False,509,50,458,305,102,102,458,305,102,102,458,15,4,5,8
C8H12N4O2,26,9,0,True,0,0,0,0,0,0,0,0,0,0,0,0,0,0,0
C8H12N4O3,27,1066,1026,False,513,51,462,308,103,102,462,308,103,102,462,15,2,5,12
C8H12N6,26,3,0,True,0,0,0,0,0,0,0,0,0,0,0,0,0,0,0
C8H12N6O1,27,129,127,False,64,6,57,38,13,13,57,38,13,13,57,5,2,1,0
C8H12N6O2,28,1,0,True,0,0,0,0,0,0,0,0,0,0,0,0,0,0,0
C8H12N6O3,29,1,0,True,0,0,0,0,0,0,0,0,0,0,0,0,0,0,0
C8H12O1,21,4016,3449,False,1725,172,1552,1035,345,345,1552,1035,345,345,1552,22,6,7,40
C8H12O2,22,569,295,False,148,14,133,89,30,29,133,89,30,29,133,4,0,1,3
C8H12O3,23,667,657,False,329,32,296,197,66,66,296,197,66,66,296,17,3,1,14
C8H12O4,24,632,441,False,221,21,199,133,44,44,199,133,44,44,199,1,0,0,2
C8H13N1,22,5850,5056,False,2528,253,2275,1517,506,505,2275,1517,506,505,2275,23,8,7,56
C8H13N1O1,23,497,65,False,33,3,29,20,7,6,29,20,7,6,29,0,1,0,0
C8H13N1O2,24,869,540,False,270,27,243,162,54,54,243,162,54,54,243,6,3,2,1
C8H13N1O3,25,746,735,False,368,36,331,221,74,73,331,221,74,73,331,12,9,4,6
C8H13N1O5,27,1,0,True,0,0,0,0,0,0,0,0,0,0,0,0,0,0,0
C8H13N3,24,528,197,False,99,9,89,59,20,20,89,59,20,20,89,3,1,1,4
C8H13N3O1,25,1157,1147,False,574,57,516,344,115,115,516,344,115,115,516,7,3,4,11
C8H13N3O2,26,4,0,True,0,0,0,0,0,0,0,0,0,0,0,0,0,0,0
C8H13N3O3,27,6,0,True,0,0,0,0,0,0,0,0,0,0,0,0,0,0,0
C8H13N3O6,30,1129,1089,False,545,54,490,327,109,109,490,327,109,109,490,18,4,11,4
C8H13N5,26,533,517,False,259,25,233,155,52,52,233,155,52,52,233,12,6,5,4
C8H13N5O1,27,449,434,False,217,22,195,130,44,43,195,130,44,43,195,16,3,1,5
C8H13N5O2,28,3,0,True,0,0,0,0,0,0,0,0,0,0,0,0,0,0,0
C8H13N5O3,29,1,0,True,0,0,0,0,0,0,0,0,0,0,0,0,0,0,0
C8H13N7,28,1,0,True,0,0,0,0,0,0,0,0,0,0,0,0,0,0,0
C8H13N7O2,30,1,0,True,0,0,0,0,0,0,0,0,0,0,0,0,0,0,0
C8H14,22,1432,1380,False,690,69,621,414,138,138,621,414,138,138,621,15,4,6,30
C8H14N2,24,233,232,False,116,12,104,70,23,23,104,70,23,23,104,6,3,0,0
C8H14N2O1,25,308,302,False,151,15,136,91,30,30,136,91,30,30,136,0,0,0,0
C8H14N2O2,26,919,912,False,456,46,410,274,91,91,410,274,91,91,410,3,0,0,3
C8H14N2O3,27,988,941,False,471,46,424,283,94,94,424,283,94,94,424,12,7,3,8
C8H14N2O4,28,1137,1092,False,546,55,491,328,109,109,491,328,109,109,491,11,6,4,16
C8H14N2O5,29,1019,979,False,490,48,441,294,98,98,441,294,98,98,441,18,5,4,3
C8H14N2O6,30,2020,1939,False,970,96,873,582,194,194,873,582,194,194,873,57,16,8,32
C8H14N4,26,720,715,False,358,35,322,215,72,71,322,215,72,71,322,14,2,7,9
C8H14N4O1,27,316,310,False,155,15,140,93,31,31,140,93,31,31,140,2,1,0,1
C8H14N4O2,28,141,132,False,66,7,59,40,13,13,59,40,13,13,59,3,0,0,0
C8H14N4O3,29,2,0,True,0,0,0,0,0,0,0,0,0,0,0,0,0,0,0
C8H14N4O5,31,573,553,False,277,27,249,166,56,55,249,166,56,55,249,13,2,3,23
C8H14N6,28,1,0,True,0,0,0,0,0,0,0,0,0,0,0,0,0,0,0
C8H14N6O1,29,3,0,True,0,0,0,0,0,0,0,0,0,0,0,0,0,0,0
C8H14N6O3,31,1,0,True,0,0,0,0,0,0,0,0,0,0,0,0,0,0,0
C8H14O1,23,1608,1133,False,567,56,510,340,114,113,510,340,114,113,510,6,2,3,9
C8H14O2,24,196,52,False,26,3,23,16,5,5,23,16,5,5,23,0,0,0,0
C8H14O3,25,481,473,False,237,23,213,142,48,47,213,142,48,47,213,8,1,3,3
C8H14O4,26,312,309,False,155,15,139,93,31,31,139,93,31,31,139,5,1,1,8
C8H14O5,27,2,0,True,0,0,0,0,0,0,0,0,0,0,0,0,0,0,0
C8H15N1,24,2131,1861,False,931,92,838,559,186,186,838,559,186,186,838,7,3,1,17
C8H15N1O1,25,542,533,False,267,26,240,160,54,53,240,160,54,53,240,7,1,2,4
C8H15N1O2,26,396,389,False,195,19,175,117,39,39,175,117,39,39,175,4,1,1,2
C8H15N1O3,27,949,937,False,469,46,422,281,94,94,422,281,94,94,422,6,3,2,7
C8H15N1O4,28,246,237,False,119,11,107,71,24,24,107,71,24,24,107,10,3,4,2
C8H15N1O5,29,1,0,True,0,0,0,0,0,0,0,0,0,0,0,0,0,0,0
C8H15N3,26,374,370,False,185,18,167,111,37,37,167,111,37,37,167,3,1,4,3
C8H15N3O1,27,840,836,False,418,42,376,251,84,83,376,251,84,83,376,4,2,0,1
C8H15N3O2,28,104,101,False,51,4,46,31,10,10,46,31,10,10,46,0,0,1,1
C8H15N3O3,29,3,0,True,0,0,0,0,0,0,0,0,0,0,0,0,0,0,0
C8H15N3O4,30,1032,990,False,495,49,446,297,99,99,446,297,99,99,446,18,4,6,4
C8H15N3O5,31,1855,1775,False,888,88,799,533,178,177,799,533,178,177,799,27,8,16,14
C8H15N5,28,289,285,False,143,14,128,86,29,28,128,86,29,28,128,6,0,2,2
C8H15N5O1,29,1,0,True,0,0,0,0,0,0,0,0,0,0,0,0,0,0,0
C8H15N5O2,30,3,0,True,0,0,0,0,0,0,0,0,0,0,0,0,0,0,0
C8H16,24,471,462,False,231,23,208,139,46,46,208,139,46,46,208,8,3,2,10
C8H16N2,26,992,962,False,481,48,433,289,96,96,433,289,96,96,433,14,6,6,8
C8H16N2O1,27,892,869,False,435,43,391,261,87,87,391,261,87,87,391,20,9,5,10
C8H16N2O2,28,768,764,False,382,38,344,229,77,76,344,229,77,76,344,5,4,1,6
C8H16N2O3,29,2227,2101,False,1051,104,946,631,210,210,946,631,210,210,946,21,7,5,14
C8H16N2O4,30,1255,1208,False,604,60,544,362,121,121,544,362,121,121,544,18,12,12,24
C8H16N2O5,31,510,489,False,245,24,220,147,49,49,220,147,49,49,220,7,4,5,20
C8H16N4,28,427,425,False,213,21,191,128,43,42,191,128,43,42,191,4,3,3,4
C8H16N4O2,30,6,0,True,0,0,0,0,0,0,0,0,0,0,0,0,0,0,0
C8H16N6,30,2,0,True,0,0,0,0,0,0,0,0,0,0,0,0,0,0,0
C8H16N6O1,31,1,0,True,0,0,0,0,0,0,0,0,0,0,0,0,0,0,0
C8H16N6O2,32,1,0,True,0,0,0,0,0,0,0,0,0,0,0,0,0,0,0
C8H16O1,25,106,92,False,46,5,41,28,9,9,41,28,9,9,41,2,0,0,0
C8H16O2,26,239,234,False,117,12,105,70,24,23,105,70,24,23,105,6,1,2,3
C8H16O3,27,232,231,False,116,11,104,70,23,23,104,70,23,23,104,3,2,0,5
C8H16O4,28,288,283,False,142,14,127,85,29,28,127,85,29,28,127,9,2,4,4
C8H16O5,29,117,113,False,57,5,51,34,12,11,51,34,12,11,51,0,0,0,0
C8H16O6,30,1,0,True,0,0,0,0,0,0,0,0,0,0,0,0,0,0,0
C8H16O7,31,1,0,True,0,0,0,0,0,0,0,0,0,0,0,0,0,0,0
C8H17N1,26,191,166,False,83,8,75,50,17,16,75,50,17,16,75,0,0,0,0
C8H17N1O1,27,385,379,False,190,18,171,114,38,38,171,114,38,38,171,11,3,1,1
C8H17N1O2,28,124,121,False,61,5,55,37,12,12,55,37,12,12,55,0,0,0,0
C8H17N1O3,29,577,570,False,285,28,257,171,57,57,257,171,57,57,257,3,1,0,8
C8H17N1O4,30,209,209,False,105,10,94,63,21,21,94,63,21,21,94,3,0,0,2
C8H17N1O5,31,125,125,False,63,6,56,38,13,12,56,38,13,12,56,1,1,0,3
C8H17N3,28,495,481,False,241,23,217,145,48,48,217,145,48,48,217,8,2,3,10
C8H17N3O1,29,651,642,False,321,32,289,193,64,64,289,193,64,64,289,3,1,0,2
C8H17N3O2,30,116,114,False,57,6,51,34,12,11,51,34,12,11,51,0,1,2,2
C8H17N3O3,31,791,750,False,375,37,338,225,75,75,338,225,75,75,338,5,1,1,5
C8H17N3O5,33,1,0,True,0,0,0,0,0,0,0,0,0,0,0,0,0,0,0
C8H17N5,30,1,0,True,0,0,0,0,0,0,0,0,0,0,0,0,0,0,0
C8H17N5O1,31,4,0,True,0,0,0,0,0,0,0,0,0,0,0,0,0,0,0
C8H17N5O2,32,2,0,True,0,0,0,0,0,0,0,0,0,0,0,0,0,0,0
C8H17N5O3,33,1070,1030,False,515,51,464,309,103,103,464,309,103,103,464,26,6,9,8
C8H17N7,32,2,0,True,0,0,0,0,0,0,0,0,0,0,0,0,0,0,0
C8H18N2,28,230,221,False,111,10,100,67,22,22,100,67,22,22,100,0,0,0,1
C8H18N2O1,29,917,889,False,445,44,400,267,89,89,400,267,89,89,400,12,6,6,8
C8H18N2O2,30,562,558,False,279,28,251,167,56,56,251,167,56,56,251,3,0,2,3
C8H18N2O3,31,117,111,False,56,5,50,34,11,11,50,34,11,11,50,0,0,0,0
C8H18N2O4,32,3,0,True,0,0,0,0,0,0,0,0,0,0,0,0,0,0,0
C8H18N2O5,33,3,0,True,0,0,0,0,0,0,0,0,0,0,0,0,0,0,0
C8H18N2O6,34,1,0,True,0,0,0,0,0,0,0,0,0,0,0,0,0,0,0
C8H18N4,30,341,333,False,167,16,150,100,34,33,150,100,34,33,150,5,3,3,5
C8H18N4O1,31,112,110,False,55,5,50,33,11,11,50,33,11,11,50,0,0,0,0
C8H18N4O2,32,1,0,True,0,0,0,0,0,0,0,0,0,0,0,0,0,0,0
C8H18N4O3,33,1,0,True,0,0,0,0,0,0,0,0,0,0,0,0,0,0,0
C8H18N6,32,1,0,True,0,0,0,0,0,0,0,0,0,0,0,0,0,0,0
C8H18O1,27,2,2,True,0,0,0,0,0,0,0,0,0,0,0,0,0,0,0
C8H18O2,28,139,139,False,70,6,63,42,14,14,63,42,14,14,63,0,0,0,0
C8H18O3,29,16,16,False,8,1,7,5,2,1,7,5,2,1,7,0,0,0,0
C8H18O4,30,20,20,False,10,1,9,6,2,2,9,6,2,2,9,0,0,0,0
C8H19N1,28,5,5,False,3,0,2,2,1,0,2,2,1,0,2,0,0,0,0
C8H19N1O1,29,110,110,False,55,5,50,33,11,11,50,33,11,11,50,0,0,0,3
C8H19N1O2,30,33,33,False,17,1,15,10,4,3,15,10,4,3,15,0,0,0,0
C8H19N1O3,31,58,57,False,29,2,26,17,6,6,26,17,6,6,26,0,0,0,0
C8H19N1O5,33,2,0,True,0,0,0,0,0,0,0,0,0,0,0,0,0,0,0
C8H19N3,30,66,65,False,33,3,29,20,7,6,29,20,7,6,29,0,0,0,0
C8H19N3O1,31,419,414,False,207,21,186,124,42,41,186,124,42,41,186,2,1,0,3
C8H19N3O2,32,127,124,False,62,6,56,37,13,12,56,37,13,12,56,1,0,1,3
C8H19N3O3,33,2,0,True,0,0,0,0,0,0,0,0,0,0,0,0,0,0,0
C8H19N3O4,34,1,0,True,0,0,0,0,0,0,0,0,0,0,0,0,0,0,0
C8H19N3O5,35,1,0,True,0,0,0,0,0,0,0,0,0,0,0,0,0,0,0
C8H19N5,32,1,0,True,0,0,0,0,0,0,0,0,0,0,0,0,0,0,0
C8H19N5O2,34,1,0,True,0,0,0,0,0,0,0,0,0,0,0,0,0,0,0
C8H1N3O1,13,3,3,True,0,0,0,0,0,0,0,0,0,0,0,0,0,0,0
C8H2,10,80,79,False,40,3,36,24,8,8,36,24,8,8,36,3,1,0,5
C8H20N2,30,8,8,False,4,0,4,2,1,1,4,2,1,1,4,0,0,0,0
C8H20N2O1,31,37,36,False,18,2,16,11,4,3,16,11,4,3,16,0,0,0,0
C8H20N2O2,32,90,87,False,44,4,39,26,9,9,39,26,9,9,39,0,0,0,0
C8H20N2O3,33,4,0,True,0,0,0,0,0,0,0,0,0,0,0,0,0,0,0
C8H20N2O4,34,1,0,True,0,0,0,0,0,0,0,0,0,0,0,0,0,0,0
C8H20N2O5,35,2,0,True,0,0,0,0,0,0,0,0,0,0,0,0,0,0,0
C8H20N4,32,214,213,False,107,10,96,64,22,21,96,64,22,21,96,4,2,2,1
C8H20N4O1,33,2,0,True,0,0,0,0,0,0,0,0,0,0,0,0,0,0,0
C8H20N4O2,34,346,338,False,169,17,152,101,34,34,152,101,34,34,152,4,4,5,3
C8H20N4O3,35,1,0,True,0,0,0,0,0,0,0,0,0,0,0,0,0,0,0
C8H20N6O1,35,108,107,False,54,5,48,32,11,11,48,32,11,11,48,4,2,1,1
C8H20O2,30,1,1,True,0,0,0,0,0,0,0,0,0,0,0,0,0,0,0
C8H20O3,31,1,1,True,0,0,0,0,0,0,0,0,0,0,0,0,0,0,0
C8H20O4,32,4,4,False,3,0,1,1,1,1,1,1,1,1,1,0,0,0,0
C8H21N1,30,1,1,True,0,0,0,0,0,0,0,0,0,0,0,0,0,0,0
C8H21N1O1,31,2,2,True,0,0,0,0,0,0,0,0,0,0,0,0,0,0,0
C8H21N1O2,32,2,2,True,0,0,0,0,0,0,0,0,0,0,0,0,0,0,0
C8H21N1O3,33,4,4,False,3,0,1,1,1,1,1,1,1,1,1,0,0,0,0
C8H21N3,32,118,117,False,59,5,53,35,12,12,53,35,12,12,53,0,0,0,0
C8H21N3O1,33,70,69,False,35,3,31,21,7,7,31,21,7,7,31,0,0,0,0
C8H21N3O3,35,3,0,True,0,0,0,0,0,0,0,0,0,0,0,0,0,0,0
C8H21N5,34,2,0,True,0,0,0,0,0,0,0,0,0,0,0,0,0,0,0
C8H21N5O2,36,2,0,True,0,0,0,0,0,0,0,0,0,0,0,0,0,0,0
C8H22N2,32,1,1,True,0,0,0,0,0,0,0,0,0,0,0,0,0,0,0
C8H22N2O1,33,6,6,False,3,0,3,2,1,0,3,2,1,0,3,0,0,0,0
C8H22N2O2,34,8,8,False,4,0,4,2,1,1,4,2,1,1,4,0,0,0,0
C8H22N4,34,24,24,False,12,1,11,7,3,2,11,7,3,2,11,0,0,0,0
C8H22N4O3,37,2,0,True,0,0,0,0,0,0,0,0,0,0,0,0,0,0,0
C8H22N6O2,38,1,0,True,0,0,0,0,0,0,0,0,0,0,0,0,0,0,0
C8H22N6O3,39,1,0,True,0,0,0,0,0,0,0,0,0,0,0,0,0,0,0
C8H23N3,34,2,2,True,0,0,0,0,0,0,0,0,0,0,0,0,0,0,0
C8H23N3O1,35,5,5,False,3,0,2,2,1,0,2,2,1,0,2,0,0,0,0
C8H23N5O2,38,1,0,True,0,0,0,0,0,0,0,0,0,0,0,0,0,0,0
C8H24N4,36,3,3,True,0,0,0,0,0,0,0,0,0,0,0,0,0,0,0
C8H24N4O1,37,1,0,True,0,0,0,0,0,0,0,0,0,0,0,0,0,0,0
C8H2N2,12,1,1,True,0,0,0,0,0,0,0,0,0,0,0,0,0,0,0
C8H2N2O2,14,2,2,True,0,0,0,0,0,0,0,0,0,0,0,0,0,0,0
C8H2N4,14,3,3,True,0,0,0,0,0,0,0,0,0,0,0,0,0,0,0
C8H3N1,12,11,8,False,4,0,4,2,1,1,4,2,1,1,4,1,1,0,1
C8H3N1O1,13,1,1,True,0,0,0,0,0,0,0,0,0,0,0,0,0,0,0
C8H3N1O2,14,2,2,True,0,0,0,0,0,0,0,0,0,0,0,0,0,0,0
C8H3N1O3,15,3,3,True,0,0,0,0,0,0,0,0,0,0,0,0,0,0,0
C8H3N3O1,15,7,7,False,4,0,3,2,1,1,3,2,1,1,3,0,0,1,0
C8H4,12,373,359,False,180,17,162,108,36,36,162,108,36,36,162,20,8,5,22
C8H4N2,14,131,131,False,66,6,59,40,13,13,59,40,13,13,59,5,2,2,3
C8H4N2O1,15,260,112,False,56,6,50,34,11,11,50,34,11,11,50,7,5,3,4
C8H4N2O2,16,155,155,False,78,7,70,47,16,15,70,47,16,15,70,11,2,1,11
C8H4N4,16,13,13,False,7,0,6,4,2,1,6,4,2,1,6,1,0,0,1
C8H4O1,13,51,46,False,23,2,21,14,5,4,21,14,5,4,21,0,1,1,6
C8H4O2,14,1,1,True,0,0,0,0,0,0,0,0,0,0,0,0,0,0,0
C8H4O3,15,140,139,False,70,6,63,42,14,14,63,42,14,14,63,2,1,2,5
C8H4O4,16,1,1,True,0,0,0,0,0,0,0,0,0,0,0,0,0,0,0
C8H5N1,14,77,63,False,32,3,28,19,7,6,28,19,7,6,28,4,1,1,7
C8H5N1O1,15,148,147,False,74,7,66,44,15,15,66,44,15,15,66,1,1,2,6
C8H5N1O2,16,275,274,False,137,14,123,82,28,27,123,82,28,27,123,8,8,2,15
C8H5N1O3,17,821,814,False,407,41,366,244,82,81,366,244,82,81,366,26,13,8,47
C8H5N3,16,9,9,False,5,0,4,3,1,1,4,3,1,1,4,0,0,0,0
C8H5N3O1,17,47,46,False,23,2,21,14,5,4,21,14,5,4,21,5,2,0,4
C8H5N3O3,19,1,0,True,0,0,0,0,0,0,0,0,0,0,0,0,0,0,0
C8H6,14,1364,1341,False,671,66,604,403,134,134,604,403,134,134,604,50,28,12,81
C8H6N2,16,786,785,False,393,39,353,236,79,78,353,236,79,78,353,26,11,11,37
C8H6N2O1,17,3383,1207,False,604,60,543,362,121,121,543,362,121,121,543,47,16,21,54
C8H6N2O2,18,1998,1974,False,987,99,888,592,198,197,888,592,198,197,888,66,32,27,93
C8H6N4,18,306,305,False,153,15,137,92,31,30,137,92,31,30,137,12,3,6,22
C8H6N4O1,19,142,138,False,69,7,62,41,14,14,62,41,14,14,62,6,2,4,6
C8H6N4O2,20,1,0,True,0,0,0,0,0,0,0,0,0,0,0,0,0,0,0
C8H6O1,15,414,381,False,191,18,172,115,38,38,172,115,38,38,172,13,8,5,20
C8H6O2,16,1836,1252,False,626,63,563,376,125,125,563,376,125,125,563,29,14,11,58
C8H6O3,17,1056,867,False,434,43,390,260,87,87,390,260,87,87,390,27,9,12,30
C8H6O4,18,1108,815,False,408,40,367,245,82,81,367,245,82,81,367,36,13,12,34
C8H7N1,16,505,447,False,224,22,201,134,45,45,201,134,45,45,201,16,8,5,28
C8H7N1O1,17,61,60,False,30,3,27,18,6,6,27,18,6,6,27,2,1,0,4
C8H7N1O2,18,2833,2626,False,1313,131,1182,788,263,262,1182,788,263,262,1182,70,28,26,130
C8H7N1O3,19,1342,1330,False,665,66,599,399,133,133,599,399,133,133,599,38,15,10,70
C8H7N1O4,20,531,343,False,172,17,154,103,35,34,154,103,35,34,154,14,5,3,21
C8H7N1O5,21,1,0,True,0,0,0,0,0,0,0,0,0,0,0,0,0,0,0
C8H7N3,18,3985,1806,False,903,90,813,542,181,180,813,542,181,180,813,70,16,23,72
C8H7N3O1,19,2285,1931,False,966,96,869,580,193,193,869,580,193,193,869,71,25,33,121
C8H7N3O2,20,131,131,False,66,6,59,40,13,13,59,40,13,13,59,5,2,1,6
C8H7N3O3,21,2,0,True,0,0,0,0,0,0,0,0,0,0,0,0,0,0,0
C8H7N5,20,274,274,False,137,14,123,82,28,27,123,82,28,27,123,11,5,2,12
C8H8,16,4374,4278,False,2139,214,1925,1283,428,428,1925,1283,428,428,1925,154,60,59,203
C8H8N2,18,783,769,False,385,38,346,231,77,77,346,231,77,77,346,32,9,9,44
C8H8N2O1,19,2003,1841,False,921,91,829,553,184,184,829,553,184,184,829,64,16,16,96
C8H8N2O2,20,1444,1426,False,713,71,642,428,143,142,642,428,143,142,642,56,28,19,72
C8H8N2O3,21,130,128,False,64,6,58,38,13,13,58,38,13,13,58,0,0,0,0
C8H8N2O4,22,2,0,True,0,0,0,0,0,0,0,0,0,0,0,0,0,0,0
C8H8N4,20,1647,1374,False,687,69,618,412,138,137,618,412,138,137,618,54,16,8,62
C8H8N4O1,21,378,373,False,187,18,168,112,38,37,168,112,38,37,168,3,1,1,6
C8H8N4O2,22,1,0,True,0,0,0,0,0,0,0,0,0,0,0,0,0,0,0
C8H8N6,22,144,0,True,0,0,0,0,0,0,0,0,0,0,0,0,0,0,0
C8H8N6O1,23,1,0,True,0,0,0,0,0,0,0,0,0,0,0,0,0,0,0
C8H8O1,17,1796,1566,False,783,78,705,470,157,156,705,470,157,156,705,48,20,25,88
C8H8O2,18,866,103,False,52,5,46,31,11,10,46,31,11,10,46,6,3,0,4
C8H8O3,19,4913,3428,False,1714,171,1543,1028,343,343,1543,1028,343,343,1543,99,36,37,160
C8H8O4,20,2649,2365,False,1183,118,1064,710,237,236,1064,710,237,236,1064,80,25,30,106
C8H8O6,22,2,0,True,0,0,0,0,0,0,0,0,0,0,0,0,0,0,0
C8H9N1,18,1739,1508,False,754,75,679,452,151,151,679,452,151,151,679,54,25,20,85
C8H9N1O1,19,2937,623,False,312,31,280,187,63,62,280,187,63,62,280,23,9,12,30
C8H9N1O2,20,1753,1165,False,583,58,524,350,117,116,524,350,117,116,524,30,16,16,56
C8H9N1O3,21,2284,2266,False,1133,113,1020,680,227,226,1020,680,227,226,1020,16,8,8,13
C8H9N1O4,22,127,119,False,60,5,54,36,12,12,54,36,12,12,54,2,0,0,0
C8H9N1O5,23,1,0,True,0,0,0,0,0,0,0,0,0,0,0,0,0,0,0
C8H9N3,20,1747,1555,False,778,77,700,467,156,155,700,467,156,155,700,72,25,17,77
C8H9N3O1,21,935,923,False,462,46,415,277,93,92,415,277,93,92,415,22,7,5,7
C8H9N3O2,22,378,369,False,185,18,166,111,37,37,166,111,37,37,166,3,2,0,1
C8H9N3O3,23,2,0,True,0,0,0,0,0,0,0,0,0,0,0,0,0,0,0
C8H9N3O4,24,1,0,True,0,0,0,0,0,0,0,0,0,0,0,0,0,0,0
C8H9N5,22,1121,963,False,482,48,433,289,97,96,433,289,97,96,433,16,6,5,7
C8H9N5O1,23,1,0,True,0,0,0,0,0,0,0,0,0,0,0,0,0,0,0
C9H10,19,1270,856,False,428,43,385,257,86,85,385,257,86,85,385,27,14,11,48
C9H10N2,21,1401,1206,False,603,60,543,362,121,120,543,362,121,120,543,3,1,1,4
C9H10N2O1,22,2302,1531,False,766,76,689,460,153,153,689,460,153,153,689,20,4,5,15
C9H10N2O2,23,1227,1211,False,606,60,545,364,121,121,545,364,121,121,545,8,2,4,10
C9H10N2O3,24,340,333,False,167,16,150,100,34,33,150,100,34,33,150,5,2,3,3
C9H10N2O4,25,4,0,True,0,0,0,0,0,0,0,0,0,0,0,0,0,0,0
C9H10N4,23,1416,1247,False,624,62,561,374,125,125,561,374,125,125,561,10,5,5,12
C9H10N4O1,24,264,257,False,129,12,116,77,26,26,116,77,26,26,116,6,3,1,2
C9H10N4O2,25,137,131,False,66,6,59,40,13,13,59,40,13,13,59,1,2,0,2
C9H10N4O3,26,1,0,True,0,0,0,0,0,0,0,0,0,0,0,0,0,0,0
C9H10O1,20,663,330,False,165,16,149,99,33,33,149,99,33,33,149,7,2,2,17
C9H10O2,21,1571,960,False,480,48,432,288,96,96,432,288,96,96,432,11,1,3,9
C9H10O3,22,2293,1944,False,972,97,875,583,195,194,875,583,195,194,875,13,5,5,9
C9H10O4,23,2265,2164,False,1082,108,974,649,217,216,974,649,217,216,974,26,9,10,17
C9H10O5,24,2,0,True,0,0,0,0,0,0,0,0,0,0,0,0,0,0,0
C9H11N1,21,664,656,False,328,33,295,197,66,65,295,197,66,65,295,15,3,4,19
C9H11N1O1,22,2782,1027,False,514,51,462,308,103,103,462,308,103,103,462,6,3,2,7
C9H11N1O2,23,4156,3679,False,1840,183,1656,1104,368,368,1656,1104,368,368,1656,4,0,3,12
C9H11N1O3,24,3120,2931,False,1466,146,1319,880,293,293,1319,880,293,293,1319,5,4,2,12
C9H11N1O4,25,5,0,True,0,0,0,0,0,0,0,0,0,0,0,0,0,0,0
C9H11N1O5,26,2,0,True,0,0,0,0,0,0,0,0,0,0,0,0,0,0,0
C9H11N3,23,2464,2297,False,1149,114,1034,689,230,230,1034,689,230,230,1034,19,7,6,14
C9H11N3O1,24,1281,1078,False,539,54,485,323,108,108,485,323,108,108,485,10,5,3,10
C9H11N3O2,25,131,128,False,64,6,58,38,13,13,58,38,13,13,58,4,0,0,2
C9H11N3O3,26,2,0,True,0,0,0,0,0,0,0,0,0,0,0,0,0,0,0
C9H11N3O4,27,1,0,True,0,0,0,0,0,0,0,0,0,0,0,0,0,0,0
C9H11N5,25,401,396,False,198,20,178,119,40,39,178,119,40,39,178,3,1,1,3
C9H11N5O1,26,5,0,True,0,0,0,0,0,0,0,0,0,0,0,0,0,0,0
C9H12,21,2619,1757,False,879,87,791,527,176,176,791,527,176,176,791,12,2,2,18
C9H12N2,23,1363,1177,False,589,58,530,353,118,118,530,353,118,118,530,11,4,4,8
C9H12N2O1,24,2140,1511,False,756,75,680,454,151,151,680,454,151,151,680,11,5,5,7
C9H12N2O2,25,1249,1229,False,615,61,553,369,123,123,553,369,123,123,553,18,6,8,11
C9H12N2O3,26,105,100,False,50,5,45,30,10,10,45,30,10,10,45,1,0,0,2
C9H12N2O4,27,6,0,True,0,0,0,0,0,0,0,0,0,0,0,0,0,0,0
C9H12N4,25,451,434,False,217,22,195,130,44,43,195,130,44,43,195,11,3,3,4
C9H12N4O1,26,523,515,False,258,25,232,155,52,51,232,155,52,51,232,11,3,5,6
C9H12N4O2,27,126,119,False,60,5,54,36,12,12,54,36,12,12,54,0,0,0,0
C9H12N4O4,29,1,0,True,0,0,0,0,0,0,0,0,0,0,0,0,0,0,0
C9H12N6,27,1,0,True,0,0,0,0,0,0,0,0,0,0,0,0,0,0,0
C9H12N6O1,28,1,0,True,0,0,0,0,0,0,0,0,0,0,0,0,0,0,0
C9H12O1,22,13,13,False,7,0,6,4,2,1,6,4,2,1,6,0,0,0,0
C9H12O2,23,1654,1302,False,651,65,586,391,130,130,586,391,130,130,586,6,4,4,6
C9H12O3,24,891,878,False,439,44,395,263,88,88,395,263,88,88,395,5,4,1,5
C9H12O4,25,406,396,False,198,20,178,119,40,39,178,119,40,39,178,6,1,0,6
C9H12O6,27,2,0,True,0,0,0,0,0,0,0,0,0,0,0,0,0,0,0
C9H13N1,23,205,25,False,13,1,11,8,3,2,11,8,3,2,11,0,0,0,0
C9H13N1O1,24,954,371,False,186,18,167,112,37,37,167,112,37,37,167,3,5,2,2
C9H13N1O2,25,1482,1464,False,732,73,659,439,147,146,659,439,147,146,659,22,5,6,7
C9H13N1O3,26,1147,1128,False,564,56,508,338,113,113,508,338,113,113,508,19,6,7,8
C9H13N1O4,27,8,0,True,0,0,0,0,0,0,0,0,0,0,0,0,0,0,0
C9H13N1O5,28,2,0,True,0,0,0,0,0,0,0,0,0,0,0,0,0,0,0
C9H13N3,25,992,983,False,492,49,442,295,99,98,442,295,99,98,442,11,4,4,10
C9H13N3O1,26,1082,1054,False,527,53,474,316,106,105,474,316,106,105,474,26,8,9,11
C9H13N3O2,27,228,217,False,109,10,98,65,22,22,98,65,22,22,98,0,1,0,0
C9H13N3O3,28,4,0,True,0,0,0,0,0,0,0,0,0,0,0,0,0,0,0
C9H13N5,27,109,103,False,52,5,46,31,11,10,46,31,11,10,46,1,0,0,1
C9H13N5O1,28,5,0,True,0,0,0,0,0,0,0,0,0,0,0,0,0,0,0
C9H14,23,1592,1380,False,690,69,621,414,138,138,621,414,138,138,621,8,3,2,9
C9H14N2,25,461,448,False,224,22,202,134,45,45,202,134,45,45,202,3,3,2,2
C9H14N2O1,26,1385,1367,False,684,68,615,410,137,137,615,410,137,137,615,8,3,1,10
C9H14N2O2,27,309,297,False,149,14,134,89,30,30,134,89,30,30,134,4,1,1,0
C9H14N2O3,28,4,0,True,0,0,0,0,0,0,0,0,0,0,0,0,0,0,0
C9H14N2O4,29,3,0,True,0,0,0,0,0,0,0,0,0,0,0,0,0,0,0
C9H14N2O5,30,1113,1073,False,537,53,483,322,108,107,483,322,108,107,483,4,1,4,8
C9H14N2O7,32,1143,1103,False,552,55,496,331,111,110,496,331,111,110,496,26,5,10,9
C9H14N4,27,695,682,False,341,34,307,205,68,68,307,205,68,68,307,10,3,6,5
C9H14N4O1,28,5,0,True,0,0,0,0,0,0,0,0,0,0,0,0,0,0,0
C9H14N4O2,29,2,0,True,0,0,0,0,0,0,0,0,0,0,0,0,0,0,0
C9H14N4O3,30,1073,1032,False,516,52,464,310,103,103,464,310,103,103,464,7,3,1,17
C9H14N4O4,31,1090,1050,False,525,52,473,315,105,105,473,315,105,105,473,14,8,2,2
C9H14N6,29,125,122,False,61,6,55,37,12,12,55,37,12,12,55,1,0,0,1
C9H14N6O1,30,1,0,True,0,0,0,0,0,0,0,0,0,0,0,0,0,0,0
C9H14O1,24,270,124,False,62,6,56,37,13,12,56,37,13,12,56,0,0,0,0
C9H14O2,25,1010,994,False,497,50,447,298,100,99,447,298,100,99,447,9,5,4,5
C9H14O3,26,898,891,False,446,44,401,268,89,89,401,268,89,89,401,19,4,4,8
C9H14O4,27,2,0,True,0,0,0,0,0,0,0,0,0,0,0,0,0,0,0
C9H15N1,25,421,411,False,206,20,185,124,41,41,185,124,41,41,185,7,1,8,8
C9H15N1O1,26,706,690,False,345,34,311,207,69,69,311,207,69,69,311,16,2,4,16
C9H15N1O2,27,1609,1586,False,793,79,714,476,159,158,714,476,159,158,714,12,5,1,20
C9H15N1O3,28,115,111,False,56,5,50,34,11,11,50,34,11,11,50,0,0,0,0
C9H15N1O4,29,5,0,True,0,0,0,0,0,0,0,0,0,0,0,0,0,0,0
C9H15N1O5,30,2,0,True,0,0,0,0,0,0,0,0,0,0,0,0,0,0,0
C9H15N3,27,466,457,False,229,22,206,137,46,46,206,137,46,46,206,8,2,5,5
C9H15N3O1,28,340,333,False,167,16,150,100,34,33,150,100,34,33,150,5,1,2,4
C9H15N3O2,29,11,0,True,0,0,0,0,0,0,0,0,0,0,0,0,0,0,0
C9H15N3O3,30,5,0,True,0,0,0,0,0,0,0,0,0,0,0,0,0,0,0
C9H15N3O4,31,1014,974,False,487,49,438,292,98,97,438,292,98,97,438,0,0,0,0
C9H15N3O6,33,2111,2031,False,1016,101,914,610,203,203,914,610,203,203,914,46,15,24,30
C9H15N5,29,118,114,False,57,6,51,34,12,11,51,34,12,11,51,0,0,0,0
C9H15N5O1,30,7,0,True,0,0,0,0,0,0,0,0,0,0,0,0,0,0,0
C9H15N5O2,31,3,0,True,0,0,0,0,0,0,0,0,0,0,0,0,0,0,0
C9H16,25,512,453,False,227,22,204,136,46,45,204,136,46,45,204,10,5,3,3
C9H16N2,27,305,301,False,151,14,136,91,30,30,136,91,30,30,136,0,0,0,0
C9H16N2O1,28,1067,1059,False,530,52,477,318,106,106,477,318,106,106,477,12,5,8,5
C9H16N2O2,29,5,0,True,0,0,0,0,0,0,0,0,0,0,0,0,0,0,0
C9H16N2O3,30,4,0,True,0,0,0,0,0,0,0,0,0,0,0,0,0,0,0
C9H16N2O4,31,1050,1008,False,504,50,454,302,101,101,454,302,101,101,454,27,5,9,14
C9H16N2O5,32,1044,1004,False,502,50,452,301,101,100,452,301,101,100,452,34,10,12,8
C9H16N2O6,33,1120,1080,False,540,54,486,324,108,108,486,324,108,108,486,28,11,11,5
C9H16N4,29,139,136,False,68,7,61,41,14,13,61,41,14,13,61,8,2,2,0
C9H16N4O1,30,6,0,True,0,0,0,0,0,0,0,0,0,0,0,0,0,0,0
C9H16N4O2,31,6,0,True,0,0,0,0,0,0,0,0,0,0,0,0,0,0,0
C9H16N4O3,32,1,0,True,0,0,0,0,0,0,0,0,0,0,0,0,0,0,0
C9H16N4O5,34,1092,1052,False,526,53,473,316,105,105,473,316,105,105,473,24,8,7,13
C9H16N6,31,2,0,True,0,0,0,0,0,0,0,0,0,0,0,0,0,0,0
C9H16N6O1,32,1,0,True,0,0,0,0,0,0,0,0,0,0,0,0,0,0,0
C9H16O1,26,13,13,False,7,0,6,4,2,1,6,4,2,1,6,0,0,0,0
C9H16O2,27,109,109,False,55,5,49,33,11,11,49,33,11,11,49,0,0,0,1
C9H16O3,28,398,388,False,194,19,175,116,39,39,175,116,39,39,175,12,3,3,2
C9H16O4,29,1,0,True,0,0,0,0,0,0,0,0,0,0,0,0,0,0,0
C9H16O5,30,1,0,True,0,0,0,0,0,0,0,0,0,0,0,0,0,0,0
C9H17N1,27,16,15,False,8,0,7,5,2,1,7,5,2,1,7,0,0,0,0
C9H17N1O1,28,493,486,False,243,24,219,146,49,48,219,146,49,48,219,0,0,0,3
C9H17N1O2,29,886,884,False,442,44,398,265,89,88,398,265,89,88,398,8,1,3,2
C9H17N1O3,30,144,138,False,69,7,62,41,14,14,62,41,14,14,62,1,0,1,2
C9H17N1O4,31,2,0,True,0,0,0,0,0,0,0,0,0,0,0,0,0,0,0
C9H17N1O5,32,1,0,True,0,0,0,0,0,0,0,0,0,0,0,0,0,0,0
C9H17N3,29,402,401,False,201,19,181,121,40,40,181,121,40,40,181,7,2,3,2
C9H17N3O1,30,124,123,False,62,6,55,37,13,12,55,37,13,12,55,0,0,0,0
C9H17N3O2,31,3,0,True,0,0,0,0,0,0,0,0,0,0,0,0,0,0,0
C9H17N3O3,32,4,0,True,0,0,0,0,0,0,0,0,0,0,0,0,0,0,0
C9H17N3O4,33,1019,979,False,490,48,441,294,98,98,441,294,98,98,441,5,3,4,8
C9H17N3O5,34,1090,1050,False,525,52,473,315,105,105,473,315,105,105,473,29,12,6,12
C9H17N5O1,32,116,112,False,56,6,50,34,11,11,50,34,11,11,50,0,0,0,0
C9H17N7O3,36,1,0,True,0,0,0,0,0,0,0,0,0,0,0,0,0,0,0
C9H18,27,30,24,False,12,1,11,7,3,2,11,7,3,2,11,2,0,1,0
C9H18N2,29,260,254,False,127,13,114,76,26,25,114,76,26,25,114,9,0,1,2
C9H18N2O1,30,918,912,False,456,46,410,274,91,91,410,274,91,91,410,6,1,1,10
C9H18N2O2,31,115,112,False,56,6,50,34,11,11,50,34,11,11,50,0,2,0,0
C9H18N2O3,32,1629,1547,False,774,77,696,464,155,155,696,464,155,155,696,11,4,1,4
C9H18N2O4,33,2450,2326,False,1163,116,1047,698,233,232,1047,698,233,232,1047,32,8,13,10
C9H18N4O1,32,2,0,True,0,0,0,0,0,0,0,0,0,0,0,0,0,0,0
C9H18O1,28,130,127,False,64,6,57,38,13,13,57,38,13,13,57,0,0,0,0
C9H18O2,29,51,51,False,26,2,23,16,5,5,23,16,5,5,23,0,0,0,1
C9H18O3,30,235,234,False,117,12,105,70,24,23,105,70,24,23,105,5,2,1,6
C9H18O6,33,2,0,True,0,0,0,0,0,0,0,0,0,0,0,0,0,0,0
C9H19N1,29,18,18,False,9,1,8,5,2,2,8,5,2,2,8,0,0,0,0
C9H19N1O1,30,348,345,False,173,17,155,104,35,34,155,104,35,34,155,4,0,0,3
C9H19N1O2,31,504,497,False,249,24,224,149,50,50,224,149,50,50,224,6,1,0,13
C9H19N1O3,32,448,446,False,223,22,201,134,45,44,201,134,45,44,201,4,1,1,2
C9H19N1O4,33,1,0,True,0,0,0,0,0,0,0,0,0,0,0,0,0,0,0
C9H19N3,31,241,241,False,121,11,109,73,24,24,109,73,24,24,109,1,2,1,0
C9H19N3O1,32,86,84,False,42,4,38,25,9,8,38,25,9,8,38,0,0,0,0
C9H19N3O3,34,851,810,False,405,40,365,243,81,81,365,243,81,81,365,4,4,2,5
C9H19N3O4,35,946,906,False,453,45,408,272,91,90,408,272,91,90,408,14,4,7,2
C9H19N5O1,34,1,0,True,0,0,0,0,0,0,0,0,0,0,0,0,0,0,0
C9H19N5O3,36,1130,1090,False,545,54,491,327,109,109,491,327,109,109,491,15,4,5,4
C9H19N5O4,37,1003,963,False,482,48,433,289,97,96,433,289,97,96,433,22,6,3,4
C9H1N3,13,1,1,True,0,0,0,0,0,0,0,0,0,0,0,0,0,0,0
C9H20N2,31,45,42,False,21,2,19,13,4,4,19,13,4,4,19,0,0,0,0
C9H20N2O1,32,457,455,False,228,22,205,137,46,45,205,137,46,45,205,1,0,1,7
C9H20N2O2,33,4,0,True,0,0,0,0,0,0,0,0,0,0,0,0,0,0,0
C9H20N2O4,35,2,0,True,0,0,0,0,0,0,0,0,0,0,0,0,0,0,0
C9H20N4,33,151,148,False,74,7,67,44,15,15,67,44,15,15,67,2,0,2,1
C9H20O1,30,2,2,True,0,0,0,0,0,0,0,0,0,0,0,0,0,0,0
C9H20O2,31,14,14,False,7,1,6,4,2,1,6,4,2,1,6,0,0,0,0
C9H20O3,32,183,181,False,91,8,82,55,18,18,82,55,18,18,82,0,1,2,2
C9H20O5,34,121,118,False,59,6,53,35,12,12,53,35,12,12,53,2,0,0,4
C9H21N1,31,5,5,False,3,0,2,2,1,0,2,2,1,0,2,0,0,0,0
C9H21N1O1,32,33,33,False,17,1,15,10,4,3,15,10,4,3,15,0,0,0,0
C9H21N1O2,33,300,296,False,148,15,133,89,30,29,133,89,30,29,133,3,0,0,1
C9H21N1O3,34,1,0,True,0,0,0,0,0,0,0,0,0,0,0,0,0,0,0
C9H21N1O4,35,154,149,False,75,7,67,45,15,15,67,45,15,15,67,3,0,0,0
C9H21N3,33,432,424,False,212,21,191,127,43,42,191,127,43,42,191,11,2,2,5
C9H21N3O1,34,180,180,False,90,9,81,54,18,18,81,54,18,18,81,1,1,1,2
C9H21N3O2,35,3,0,True,0,0,0,0,0,0,0,0,0,0,0,0,0,0,0
C9H22N2,33,15,14,False,7,1,6,4,2,1,6,4,2,1,6,0,0,0,0
C9H22N2O1,34,85,84,False,42,4,38,25,9,8,38,25,9,8,38,0,0,0,0
C9H22N2O2,35,1,0,True,0,0,0,0,0,0,0,0,0,0,0,0,0,0,0
C9H22N4,35,83,80,False,40,4,36,24,8,8,36,24,8,8,36,0,0,0,1
C9H22O1,32,1,1,True,0,0,0,0,0,0,0,0,0,0,0,0,0,0,0
C9H22O3,34,2,2,True,0,0,0,0,0,0,0,0,0,0,0,0,0,0,0
C9H22O4,35,1,0,True,0,0,0,0,0,0,0,0,0,0,0,0,0,0,0
C9H23N1O1,34,3,3,True,0,0,0,0,0,0,0,0,0,0,0,0,0,0,0
C9H23N1O2,35,11,11,False,6,0,5,4,1,1,5,4,1,1,5,0,0,0,0
C9H23N1O4,37,1,0,True,0,0,0,0,0,0,0,0,0,0,0,0,0,0,0
C9H23N1O6,39,1,0,True,0,0,0,0,0,0,0,0,0,0,0,0,0,0,0
C9H23N3,35,25,25,False,13,1,11,8,3,2,11,8,3,2,11,0,1,0,1
C9H23N3O1,36,1,0,True,0,0,0,0,0,0,0,0,0,0,0,0,0,0,0
C9H23N3O2,37,3,0,True,0,0,0,0,0,0,0,0,0,0,0,0,0,0,0
C9H23N3O3,38,1,0,True,0,0,0,0,0,0,0,0,0,0,0,0,0,0,0
C9H23N7,39,119,117,False,59,5,53,35,12,12,53,35,12,12,53,2,0,0,1
C9H24N2O1,36,8,8,False,4,0,4,2,1,1,4,2,1,1,4,0,0,0,0
C9H24N4,37,1,0,True,0,0,0,0,0,0,0,0,0,0,0,0,0,0,0
C9H24N4O1,38,2,0,True,0,0,0,0,0,0,0,0,0,0,0,0,0,0,0
C9H2N2O1,14,1,1,True,0,0,0,0,0,0,0,0,0,0,0,0,0,0,0
C9H3N1O2,15,1,1,True,0,0,0,0,0,0,0,0,0,0,0,0,0,0,0
C9H3N3,15,2,2,True,0,0,0,0,0,0,0,0,0,0,0,0,0,0,0
C9H4,13,51,44,False,22,2,20,13,5,4,20,13,5,4,20,2,2,0,2
C9H4N2,15,1,1,True,0,0,0,0,0,0,0,0,0,0,0,0,0,0,0
C9H4N2O1,16,13,13,False,7,0,6,4,2,1,6,4,2,1,6,0,0,0,1
C9H4N2O2,17,145,141,False,71,6,64,43,14,14,64,43,14,14,64,1,1,1,2
C9H4O3,16,1,1,True,0,0,0,0,0,0,0,0,0,0,0,0,0,0,0
C9H5N1,15,2,2,True,0,0,0,0,0,0,0,0,0,0,0,0,0,0,0
C9H5N1O1,16,284,284,False,142,14,128,85,29,28,128,85,29,28,128,14,1,7,20
C9H5N1O2,17,319,315,False,158,15,142,95,32,31,142,95,32,31,142,19,9,4,13
C9H5N3,17,126,121,False,61,5,55,37,12,12,55,37,12,12,55,6,1,3,4
C9H5N3O1,18,138,135,False,68,6,61,41,14,13,61,41,14,13,61,8,2,2,4
C9H6,15,92,80,False,40,4,36,24,8,8,36,24,8,8,36,5,1,2,5
C9H6N2,17,263,256,False,128,13,115,77,26,25,115,77,26,25,115,13,1,2,13
C9H6N2O1,18,498,485,False,243,24,218,146,49,48,218,146,49,48,218,17,12,5,25
C9H6N2O2,19,275,273,False,137,13,123,82,28,27,123,82,28,27,123,9,2,1,9
C9H6N2O3,20,1,0,True,0,0,0,0,0,0,0,0,0,0,0,0,0,0,0
C9H6N4,19,627,328,False,164,16,148,98,33,33,148,98,33,33,148,4,3,7,10
C9H6N4O1,20,146,145,False,73,7,65,44,15,14,65,44,15,14,65,1,4,1,5
C9H6O1,16,288,144,False,72,7,65,43,15,14,65,43,15,14,65,1,2,0,8
C9H6O2,17,1367,1173,False,587,58,528,352,118,117,528,352,118,117,528,40,15,15,48
C9H6O3,18,1470,1170,False,585,58,527,351,117,117,527,351,117,117,527,46,11,10,53
C9H7N1,17,21,21,False,11,0,10,7,2,2,10,7,2,2,10,0,0,0,2
C9H7N1O1,18,4466,1571,False,786,78,707,472,157,157,707,472,157,157,707,48,16,20,64
C9H7N1O2,19,3002,2408,False,1204,120,1084,722,241,241,1084,722,241,241,1084,88,24,29,95
C9H7N1O3,20,264,261,False,131,12,118,79,26,26,118,79,26,26,118,8,3,2,8
C9H7N1O4,21,1,0,True,0,0,0,0,0,0,0,0,0,0,0,0,0,0,0
C9H7N3,19,578,290,False,145,14,131,87,29,29,131,87,29,29,131,11,3,3,19
C9H7N3O1,20,467,462,False,231,23,208,139,46,46,208,139,46,46,208,19,7,6,17
C9H7N5,21,420,417,False,209,20,188,125,42,42,188,125,42,42,188,3,2,1,5
C9H8,17,368,332,False,166,17,149,100,33,33,149,100,33,33,149,14,7,4,24
C9H8N2,19,5981,2712,False,1356,136,1220,814,271,271,1220,814,271,271,1220,77,34,22,108
C9H8N2O1,20,4004,3772,False,1886,189,1697,1132,377,377,1697,1132,377,377,1697,95,26,31,165
C9H8N2O2,21,1626,1286,False,643,64,579,386,129,128,579,386,129,128,579,15,6,5,36
C9H8N2O3,22,1,0,True,0,0,0,0,0,0,0,0,0,0,0,0,0,0,0
C9H8N4,21,1000,989,False,495,49,445,297,99,99,445,297,99,99,445,15,8,7,12
C9H8N4O1,22,127,125,False,63,6,56,38,13,12,56,38,13,12,56,0,0,0,0
C9H8N4O2,23,2,0,True,0,0,0,0,0,0,0,0,0,0,0,0,0,0,0
C9H8O1,18,212,65,False,33,3,29,20,7,6,29,20,7,6,29,2,0,1,7
C9H8O2,19,790,782,False,391,39,352,235,78,78,352,235,78,78,352,25,12,8,21
C9H8O3,20,844,673,False,337,33,303,202,68,67,303,202,68,67,303,31,8,14,29
C9H8O4,21,589,581,False,291,28,262,175,58,58,262,175,58,58,262,4,1,2,2
C9H9N1,19,446,121,False,61,5,55,37,12,12,55,37,12,12,55,7,0,0,9
C9H9N1O1,20,1958,1801,False,901,89,811,541,180,180,811,541,180,180,811,59,23,22,78
C9H9N1O2,21,2175,2161,False,1081,107,973,649,216,216,973,649,216,216,973,25,7,9,13
C9H9N1O3,22,873,713,False,357,35,321,214,72,71,321,214,72,71,321,6,4,1,12
C9H9N1O4,23,111,107,False,54,5,48,32,11,11,48,32,11,11,48,7,5,2,3
C9H9N3,21,2835,2806,False,1403,140,1263,842,281,280,1263,842,281,280,1263,8,3,2,14
C9H9N3O1,22,879,871,False,436,43,392,262,87,87,392,262,87,87,392,10,3,2,5
C9H9N3O2,23,240,233,False,117,11,105,70,24,23,105,70,24,23,105,3,2,1,3
C9H9N5,23,119,112,False,56,6,50,34,11,11,50,34,11,11,50,4,0,1,1
C9H9N5O1,24,2,0,True,0,0,0,0,0,0,0,0,0,0,0,0,0,0,0
C9H9N5O2,25,1,0,True,0,0,0,0,0,0,0,0,0,0,0,0,0,0,0
H10O5,15,6276,6249,False,3125,312,2812,1875,625,625,2812,1875,625,625,2812,121,47,50,441
H12O6,18,7142,7111,False,3556,355,3200,2134,711,711,3200,2134,711,711,3200,180,65,62,453
H14O7,21,9799,9753,False,4877,487,4389,2926,976,975,4389,2926,976,975,4389,152,36,54,341
H16O8,24,1767,1759,False,880,87,792,528,176,176,792,528,176,176,792,34,16,10,38
H18O9,27,1738,1730,False,865,86,779,519,173,173,779,519,173,173,779,6,5,0,19
H1N1O1,3,682,680,False,340,34,306,204,68,68,306,204,68,68,306,40,14,15,108
H1N1O2,4,2079,2073,False,1037,103,933,622,208,207,933,622,208,207,933,121,48,43,153
H1N1O3,5,161,161,False,81,7,73,49,16,16,73,49,16,16,73,6,1,3,5
H1N1O4,6,60,60,False,30,3,27,18,6,6,27,18,6,6,27,2,0,0,1
H1N3,4,241,233,False,117,11,105,70,24,23,105,70,24,23,105,15,3,2,29
H1N3O1,5,217,141,False,71,6,64,43,14,14,64,43,14,14,64,9,1,3,16
H1N3O2,6,67,67,False,34,3,30,20,7,7,30,20,7,7,30,2,1,0,5
H20O10,30,1782,1774,False,887,89,798,532,178,177,798,532,178,177,798,8,3,2,19
H2N2,4,1578,1575,False,788,78,709,473,158,157,709,473,158,157,709,143,41,51,193
H2N2O1,5,372,133,False,67,6,60,40,14,13,60,40,14,13,60,7,2,2,5
H2N2O2,6,478,340,False,170,17,153,102,34,34,153,102,34,34,153,19,1,4,18
H2N2O3,7,806,783,False,392,39,352,235,79,78,352,235,79,78,352,57,25,22,64
H2N2O4,8,45,45,False,23,2,20,14,5,4,20,14,5,4,20,4,1,1,5
H2N4,6,293,218,False,109,11,98,65,22,22,98,65,22,22,98,14,1,1,17
H2O1,3,675,675,False,338,33,304,203,68,67,304,203,68,67,304,14,6,7,86
H2O2,4,1436,1433,False,717,71,645,430,144,143,645,430,144,143,645,74,24,27,169
H2O3,5,1752,1749,False,875,87,787,525,175,175,787,525,175,175,787,179,54,52,266
H2O4,6,165,165,False,83,8,74,50,17,16,74,50,17,16,74,5,3,3,9
H2O5,7,59,59,False,30,2,27,18,6,6,27,18,6,6,27,0,0,2,1
H3N1,4,1104,1101,False,551,54,496,331,110,110,496,331,110,110,496,34,17,10,143
H3N1O1,5,1861,1858,False,929,93,836,557,186,186,836,557,186,186,836,79,31,39,202
H3N1O2,6,975,275,False,138,13,124,83,28,27,124,83,28,27,124,8,4,5,18
H3N1O3,7,532,343,False,172,17,154,103,35,34,154,103,35,34,154,25,7,5,18
H3N1O4,8,83,83,False,42,4,37,25,9,8,37,25,9,8,37,4,0,3,7
H3N1O5,9,71,71,False,36,3,32,22,7,7,32,22,7,7,32,4,1,1,3
H3N3,6,348,145,False,73,7,65,44,15,14,65,44,15,14,65,5,1,4,22
H3N3O1,7,518,261,False,131,12,118,79,26,26,118,79,26,26,118,16,5,7,27
H3N3O2,8,52,52,False,26,3,23,16,5,5,23,16,5,5,23,5,1,1,7
H4N2,6,2594,2590,False,1295,129,1166,777,259,259,1166,777,259,259,1166,143,40,46,290
H4N2O1,7,1329,241,False,121,11,109,73,24,24,109,73,24,24,109,21,7,6,21
H4N2O2,8,832,455,False,228,22,205,137,46,45,205,137,46,45,205,32,10,11,10
H4N2O3,9,56,56,False,28,3,25,17,6,5,25,17,6,5,25,4,2,1,4
H4N2O4,10,4,0,True,0,0,0,0,0,0,0,0,0,0,0,0,0,0,0
H4N4,8,350,189,False,95,9,85,57,19,19,85,57,19,19,85,11,3,1,16
H4N4O1,9,1,0,True,0,0,0,0,0,0,0,0,0,0,0,0,0,0,0
H4O2,6,58262,58241,False,29121,2911,26209,17473,5824,5824,26209,17473,5824,5824,26209,1746,545,598,2630
H4O3,7,936,91,False,46,4,41,28,9,9,41,28,9,9,41,2,2,1,6
H4O4,8,160,69,False,35,3,31,21,7,7,31,21,7,7,31,5,0,2,5
H4O5,9,29,29,False,15,1,13,9,3,3,13,9,3,3,13,1,0,1,1
H4O6,10,30,30,False,15,1,14,9,3,3,14,9,3,3,14,2,0,1,4
H5N1O1,7,1608,54,False,27,3,24,16,6,5,24,16,6,5,24,1,1,0,2
H5N1O2,8,1636,116,False,58,6,52,35,12,11,52,35,12,11,52,4,1,0,5
H5N1O3,9,354,99,False,50,4,45,30,10,10,45,30,10,10,45,5,3,3,12
H5N1O4,10,27,27,False,14,1,12,8,3,3,12,8,3,3,12,1,1,1,5
H5N3,8,551,102,False,51,5,46,31,10,10,46,31,10,10,46,3,3,1,6
H5N3O1,9,664,283,False,142,14,127,85,29,28,127,85,29,28,127,16,4,8,20
H5N3O2,10,37,37,False,19,1,17,11,4,4,17,11,4,4,17,0,1,1,4
H5N3O3,11,3,0,True,0,0,0,0,0,0,0,0,0,0,0,0,0,0,0
H6N2,8,847,26,False,13,1,12,8,3,2,12,8,3,2,12,2,0,0,3
H6N2O1,9,1261,127,False,64,6,57,38,13,13,57,38,13,13,57,9,3,1,9
H6N2O2,10,515,148,False,74,7,67,44,15,15,67,44,15,15,67,6,2,4,22
H6N2O3,11,31,31,False,16,1,14,10,3,3,14,10,3,3,14,3,1,1,1
H6N4,10,318,174,False,87,9,78,52,18,17,78,52,18,17,78,6,1,5,10
H6O3,9,1755,1748,False,874,87,787,524,175,175,787,524,175,175,787,38,10,9,124
H7N3,10,630,93,False,47,4,42,28,10,9,42,28,10,9,42,1,1,0,6
H7N3O1,11,306,85,False,43,4,38,26,9,8,38,26,9,8,38,2,1,1,8
H8N4,12,104,43,False,22,2,19,13,5,4,19,13,5,4,19,5,0,0,4
H8O4,12,2632,2620,False,1310,131,1179,786,262,262,1179,786,262,262,1179,54,16,13,167
N2,2,511,510,False,255,25,230,153,51,51,230,153,51,51,230,42,12,19,101
N2O1,3,200,200,False,100,10,90,60,20,20,90,60,20,20,90,10,3,5,32
N2O2,4,142,142,False,71,7,64,43,14,14,64,43,14,14,64,14,3,3,6
N2O3,5,1,0,True,0,0,0,0,0,0,0,0,0,0,0,0,0,0,0
N4,4,138,103,False,52,5,46,31,11,10,46,31,11,10,46,3,2,2,14
O2,2,360,360,False,180,18,162,108,36,36,162,108,36,36,162,24,15,6,45
O3,3,552,544,False,272,27,245,163,55,54,245,163,55,54,245,23,5,7,51
O4,4,83,83,False,42,4,37,25,9,8,37,25,9,8,37,0,0,0,0
