system,system_domain,n_atoms,n_configs,train_configs,val_configs,test_id_configs,test_ood_configs,train_dft_available,val_dft_available,test_id_dft_available,test_ood_dft_available,train_cc_available,val_cc_available,test_id_cc_available,test_ood_cc_available
C10H10,test_ood,20,392,0,0,0,392,0,0,0,248,0,0,0,46
C10H10N2,test_ood,22,5024,0,0,0,5024,0,0,0,3272,0,0,0,214
C10H10N2O1,seen,23,2279,1367,456,456,0,1251,407,407,0,29,6,8,0
C10H10N2O2,seen,24,836,502,167,167,0,289,106,109,0,28,10,8,0
C10H10N4,seen,24,206,124,41,41,0,119,39,40,0,2,0,1,0
C10H10N4O1,test_ood,25,6,0,0,0,6,0,0,0,0,0,0,0,0
C10H10N4O2,seen,26,1,1,0,0,0,0,0,0,0,0,0,0,0
C10H10O1,seen,21,891,535,178,178,0,451,141,146,0,20,7,7,0
C10H10O2,seen,22,2457,1474,492,491,0,1363,457,442,0,33,14,6,0
C10H10O3,seen,23,1332,799,267,266,0,477,169,175,0,41,16,19,0
C10H10O4,seen,24,2,1,1,0,0,0,0,0,0,0,0,0,0
C10H10O5,seen,25,3,2,1,0,0,0,0,0,0,0,0,0,0
C10H11N1,seen,22,886,532,177,177,0,524,176,170,0,10,6,4,0
C10H11N1O1,test_ood,23,2883,0,0,0,2883,0,0,0,2599,0,0,0,35
C10H11N1O2,test_ood,24,1781,0,0,0,1781,0,0,0,1473,0,0,0,66
C10H11N1O3,test_ood,25,209,0,0,0,209,0,0,0,200,0,0,0,2
C10H11N3,seen,24,1619,971,324,324,0,951,320,324,0,28,10,6,0
C10H11N3O1,seen,25,275,165,55,55,0,162,54,55,0,2,1,0,0
C10H11N3O2,test_ood,26,140,0,0,0,140,0,0,0,137,0,0,0,0
C10H11N5,seen,26,1,1,0,0,0,0,0,0,0,0,0,0,0
C10H12,seen,22,254,152,51,51,0,152,49,48,0,0,0,0,0
C10H12N2,seen,24,1178,707,236,235,0,520,173,185,0,38,18,20,0
C10H12N2O1,test_ood,25,1359,0,0,0,1359,0,0,0,1338,0,0,0,27
C10H12N2O2,seen,26,198,119,40,39,0,111,36,36,0,5,0,0,0
C10H12N2O3,seen,27,3,2,1,0,0,0,0,0,0,0,0,0,0
C10H12N2O4,seen,28,2,1,1,0,0,0,0,0,0,0,0,0,0
C10H12N4,seen,26,123,74,25,24,0,70,25,23,0,4,0,0,0
C10H12N4O1,seen,27,239,143,48,48,0,137,45,47,0,2,2,0,0
C10H12N4O2,seen,28,3,2,1,0,0,0,0,0,0,0,0,0,0
C10H12N6,seen,28,1,1,0,0,0,0,0,0,0,0,0,0,0
C10H12O1,seen,23,1213,728,243,242,0,537,175,168,0,36,11,10,0
C10H12O2,seen,24,1811,1087,362,362,0,819,274,276,0,28,9,9,0
C10H12O3,seen,25,1076,646,215,215,0,638,214,213,0,13,7,6,0
C10H12O4,seen,26,596,358,119,119,0,350,117,114,0,7,1,4,0
C10H13N1,seen,24,2540,1524,508,508,0,1047,355,363,0,68,12,21,0
C10H13N1O1,seen,25,2772,1663,555,554,0,1643,549,546,0,17,8,7,0
C10H13N1O2,test_ood,26,1317,0,0,0,1317,0,0,0,1304,0,0,0,18
C10H13N1O3,test_ood,27,1464,0,0,0,1464,0,0,0,1432,0,0,0,51
C10H13N1O4,test_ood,28,2,0,0,0,2,0,0,0,0,0,0,0,0
C10H13N3,test_ood,26,1837,0,0,0,1837,0,0,0,1815,0,0,0,50
C10H13N3O1,seen,27,332,199,67,66,0,194,66,65,0,5,2,1,0
C10H13N3O2,seen,28,125,75,25,25,0,70,25,24,0,0,0,0,0
C10H13N5,seen,28,146,88,29,29,0,83,29,27,0,0,0,0,0
C10H13N5O1,seen,29,1,1,0,0,0,0,0,0,0,0,0,0,0
C10H14,test_ood,24,244,0,0,0,244,0,0,0,100,0,0,0,11
C10H14N2,seen,26,1237,742,248,247,0,730,246,240,0,9,4,4,0
C10H14N2O1,test_ood,27,694,0,0,0,694,0,0,0,678,0,0,0,15
C10H14N2O2,test_ood,28,99,0,0,0,99,0,0,0,96,0,0,0,3
C10H14N2O3,seen,29,11,7,2,2,0,0,0,0,0,0,0,0,0
C10H14N2O4,test_ood,30,3,0,0,0,3,0,0,0,0,0,0,0,0
C10H14N4,test_ood,28,467,0,0,0,467,0,0,0,458,0,0,0,11
C10H14N4O1,seen,29,244,146,49,49,0,141,48,48,0,4,4,1,0
C10H14N4O2,seen,30,2,1,1,0,0,0,0,0,0,0,0,0,0
C10H14N4O3,seen,31,1,1,0,0,0,0,0,0,0,0,0,0,0
C10H14N4O5,seen,33,1122,673,225,224,0,645,222,215,0,16,5,1,0
C10H14N6,seen,30,1,1,0,0,0,0,0,0,0,0,0,0,0
C10H14O1,test_ood,25,60,0,0,0,60,0,0,0,60,0,0,0,1
C10H14O2,seen,26,594,356,119,119,0,352,117,116,0,3,3,1,0
C10H14O3,seen,27,418,251,84,83,0,249,82,81,0,2,1,2,0
C10H14O4,seen,28,402,241,81,80,0,240,79,79,0,4,0,0,0
C10H14O5,seen,29,2,1,1,0,0,0,0,0,0,0,0,0,0
C10H15N1,seen,26,363,218,73,72,0,216,73,72,0,8,2,2,0
C10H15N1O1,test_ood,27,844,0,0,0,844,0,0,0,838,0,0,0,29
C10H15N1O2,test_ood,28,392,0,0,0,392,0,0,0,382,0,0,0,9
C10H15N1O3,seen,29,190,114,38,38,0,108,37,36,0,0,0,2,0
C10H15N1O4,seen,30,3,2,1,0,0,0,0,0,0,0,0,0,0
C10H15N3,test_ood,28,928,0,0,0,928,0,0,0,913,0,0,0,17
C10H15N3O1,test_ood,29,431,0,0,0,431,0,0,0,415,0,0,0,8
C10H15N3O2,seen,30,4,2,1,1,0,0,0,0,0,0,0,0,0
C10H15N5,seen,30,2,1,1,0,0,0,0,0,0,0,0,0,0
C10H15N5O1,seen,31,2,1,1,0,0,0,0,0,0,0,0,0,0
C10H15N5O4,test_ood,34,1119,0,0,0,1119,0,0,0,1079,0,0,0,53
C10H15N5O5,seen,35,1,1,0,0,0,0,0,0,0,0,0,0,0
C10H16,seen,26,219,131,44,44,0,130,43,43,0,11,6,2,0
C10H16N2,seen,28,740,444,148,148,0,432,147,143,0,19,7,9,0
C10H16N2O1,test_ood,29,574,0,0,0,574,0,0,0,567,0,0,0,25
C10H16N2O2,test_ood,30,339,0,0,0,339,0,0,0,326,0,0,0,11
C10H16N2O3,test_ood,31,461,0,0,0,461,0,0,0,440,0,0,0,24
C10H16N2O4,seen,32,1,1,0,0,0,0,0,0,0,0,0,0,0
C10H16N2O5,seen,33,1094,656,219,219,0,634,209,211,0,21,10,8,0
C10H16N2O7,test_ood,35,451,0,0,0,451,0,0,0,397,0,0,0,44
C10H16N4,seen,30,178,107,36,35,0,107,35,35,0,1,1,1,0
C10H16N4O1,seen,31,1,1,0,0,0,0,0,0,0,0,0,0,0
C10H16N4O2,test_ood,32,1,0,0,0,1,0,0,0,0,0,0,0,0
C10H16N4O4,seen,34,1110,666,222,222,0,642,214,214,0,22,7,3,0
C10H16N6,test_ood,32,113,0,0,0,113,0,0,0,109,0,0,0,0
C10H16O1,seen,27,428,257,86,85,0,250,83,82,0,9,10,1,0
C10H16O2,seen,28,1196,718,239,239,0,708,235,236,0,29,13,1,0
C10H16O3,test_ood,29,3,0,0,0,3,0,0,0,0,0,0,0,0
C10H16O4,seen,30,3,2,1,0,0,0,0,0,0,0,0,0,0
C10H16O5,seen,31,2,1,1,0,0,0,0,0,0,0,0,0,0
C10H17N1,test_ood,28,1064,0,0,0,1064,0,0,0,1057,0,0,0,30
C10H17N1O1,test_ood,29,820,0,0,0,820,0,0,0,783,0,0,0,22
C10H17N1O2,seen,30,351,211,70,70,0,205,69,67,0,3,4,2,0
C10H17N1O3,test_ood,31,3,0,0,0,3,0,0,0,0,0,0,0,0
C10H17N1O4,seen,32,3,2,1,0,0,0,0,0,0,0,0,0,0
C10H17N1O5,test_ood,33,1,0,0,0,1,0,0,0,0,0,0,0,0
C10H17N3,seen,30,119,71,24,24,0,70,23,23,0,2,0,2,0
C10H17N3O1,seen,31,5,3,1,1,0,0,0,0,0,0,0,0,0
C10H17N3O2,test_ood,32,1,0,0,0,1,0,0,0,0,0,0,0,0
C10H17N3O3,seen,33,1,1,0,0,0,0,0,0,0,0,0,0,0
C10H17N3O4,seen,34,884,530,177,177,0,505,170,169,0,16,2,4,0
C10H17N3O6,seen,36,1102,661,221,220,0,640,209,213,0,16,9,10,0
C10H17N5,seen,32,1,1,0,0,0,0,0,0,0,0,0,0,0
C10H17N5O1,test_ood,33,1,0,0,0,1,0,0,0,0,0,0,0,0
C10H18,test_ood,28,6,0,0,0,6,0,0,0,6,0,0,0,0
C10H18N2,seen,30,375,225,75,75,0,220,74,75,0,6,4,3,0
C10H18N2O1,test_ood,31,183,0,0,0,183,0,0,0,180,0,0,0,1
C10H18N2O2,seen,32,3,2,1,0,0,0,0,0,0,0,0,0,0
C10H18N2O3,test_ood,33,948,0,0,0,948,0,0,0,906,0,0,0,15
C10H18N2O5,seen,35,2494,1496,499,499,0,1416,481,477,0,51,14,21,0
C10H18N4,seen,32,1,1,0,0,0,0,0,0,0,0,0,0,0
C10H18N4O1,seen,33,4,2,1,1,0,0,0,0,0,0,0,0,0
C10H18N4O5,seen,37,536,322,107,107,0,310,101,105,0,18,4,11,0
C10H18N6O3,test_ood,37,1,0,0,0,1,0,0,0,0,0,0,0,0
C10H18O1,test_ood,29,552,0,0,0,552,0,0,0,547,0,0,0,17
C10H18O2,test_ood,30,694,0,0,0,694,0,0,0,679,0,0,0,27
C10H18O3,test_ood,31,485,0,0,0,485,0,0,0,478,0,0,0,36
C10H18O4,seen,32,408,245,82,81,0,241,80,81,0,16,6,0,0
C10H19N1,seen,30,440,264,88,88,0,261,86,84,0,6,4,1,0
C10H19N1O1,seen,31,483,290,97,96,0,289,96,94,0,6,1,6,0
C10H19N1O2,test_ood,32,244,0,0,0,244,0,0,0,234,0,0,0,0
C10H19N1O3,seen,33,255,153,51,51,0,150,49,50,0,6,2,0,0
C10H19N1O4,test_ood,34,98,0,0,0,98,0,0,0,97,0,0,0,6
C10H19N3,seen,32,228,137,46,45,0,135,44,45,0,0,0,0,0
C10H19N3O1,seen,33,1,1,0,0,0,0,0,0,0,0,0,0,0
C10H19N3O2,seen,34,2,1,1,0,0,0,0,0,0,0,0,0,0
C10H19N3O3,test_ood,35,1,0,0,0,1,0,0,0,0,0,0,0,0
C10H19N3O4,test_ood,36,2452,0,0,0,2452,0,0,0,2332,0,0,0,69
C10H19N3O5,seen,37,1038,623,208,207,0,596,198,204,0,16,5,5,0
C10H19N5,seen,34,125,75,25,25,0,75,24,25,0,1,1,2,0
C10H19N5O5,seen,39,1150,690,230,230,0,674,219,217,0,13,5,2,0
C10H20,seen,30,3,2,1,0,0,2,1,0,0,0,0,0,0
C10H20N2,seen,32,447,268,90,89,0,265,87,87,0,4,1,4,0
C10H20N2O1,seen,33,301,181,60,60,0,175,57,57,0,8,4,3,0
C10H20N2O2,test_ood,34,201,0,0,0,201,0,0,0,195,0,0,0,7
C10H20N2O3,test_ood,35,448,0,0,0,448,0,0,0,427,0,0,0,37
C10H20N2O4,seen,36,1467,880,294,293,0,841,275,271,0,23,8,7,0
C10H20N4,test_ood,34,114,0,0,0,114,0,0,0,113,0,0,0,2
C10H20N4O4,test_ood,38,863,0,0,0,863,0,0,0,795,0,0,0,16
C10H20N6O4,test_ood,40,973,0,0,0,973,0,0,0,933,0,0,0,15
C10H20O1,seen,31,666,400,133,133,0,392,130,131,0,8,2,1,0
C10H20O2,seen,32,182,109,37,36,0,109,37,36,0,0,2,0,0
C10H20O3,seen,33,1,1,0,0,0,0,0,0,0,0,0,0,0
C10H20O4,test_ood,34,1,0,0,0,1,0,0,0,0,0,0,0,0
C10H20O5,seen,35,125,75,25,25,0,72,24,24,0,2,2,0,0
C10H20O6,seen,36,1,1,0,0,0,0,0,0,0,0,0,0,0
C10H21N1,test_ood,32,193,0,0,0,193,0,0,0,192,0,0,0,3
C10H21N1O1,test_ood,33,530,0,0,0,530,0,0,0,525,0,0,0,15
C10H21N1O2,seen,34,431,259,86,86,0,257,85,83,0,12,4,5,0
C10H21N1O4,test_ood,36,130,0,0,0,130,0,0,0,127,0,0,0,9
C10H21N3O1,test_ood,35,111,0,0,0,111,0,0,0,104,0,0,0,0
C10H21N3O3,seen,37,1,1,0,0,0,0,0,0,0,0,0,0,0
C10H21N3O4,seen,38,940,564,188,188,0,544,179,177,0,23,12,4,0
C10H21N5O1,seen,37,1,1,0,0,0,0,0,0,0,0,0,0,0
C10H21N5O4,seen,40,1065,639,213,213,0,615,208,202,0,20,10,10,0
C10H22N2,test_ood,34,109,0,0,0,109,0,0,0,107,0,0,0,0
C10H22N2O1,test_ood,35,1,0,0,0,1,0,0,0,0,0,0,0,0
C10H22N2O3,test_ood,37,1,0,0,0,1,0,0,0,0,0,0,0,0
C10H22N2O4,test_ood,38,1,0,0,0,1,0,0,0,0,0,0,0,0
C10H22N4,seen,36,274,164,55,55,0,163,55,55,0,11,0,5,0
C10H22N4O2,seen,38,1,1,0,0,0,0,0,0,0,0,0,0,0
C10H22O1,seen,33,3,2,1,0,0,2,1,0,0,0,0,0,0
C10H22O2,test_ood,34,24,0,0,0,24,0,0,0,24,0,0,0,0
C10H22O3,seen,35,407,244,82,81,0,243,81,81,0,10,10,4,0
C10H22O6,seen,38,137,82,28,27,0,78,28,26,0,0,0,0,0
C10H23N1,seen,34,12,7,3,2,0,7,3,2,0,0,0,0,0
C10H23N1O1,test_ood,35,54,0,0,0,54,0,0,0,54,0,0,0,0
C10H23N1O3,test_ood,37,1,0,0,0,1,0,0,0,0,0,0,0,0
C10H23N3O1,seen,37,1,1,0,0,0,0,0,0,0,0,0,0,0
C10H23N3O2,seen,38,117,70,24,23,0,70,24,22,0,1,3,2,0
C10H24N2,seen,36,25,15,5,5,0,15,5,5,0,0,0,0,0
C10H24N2O1,test_ood,37,2,0,0,0,2,0,0,0,0,0,0,0,0
C10H24N2O2,seen,38,1,1,0,0,0,0,0,0,0,0,0,0,0
C10H24N2O4,seen,40,159,95,32,32,0,92,32,31,0,4,2,1,0
C10H24N4,seen,38,86,52,17,17,0,52,16,17,0,3,1,1,0
C10H24N4O1,seen,39,1,1,0,0,0,0,0,0,0,0,0,0,0
C10H24O2,seen,36,3,2,1,0,0,2,1,0,0,0,0,0,0
C10H25N1,test_ood,36,2,0,0,0,2,0,0,0,2,0,0,0,0
C10H25N1O1,test_ood,37,3,0,0,0,3,0,0,0,3,0,0,0,0
C10H25N3,test_ood,38,1,0,0,0,1,0,0,0,0,0,0,0,0
C10H25N3O1,test_ood,39,1,0,0,0,1,0,0,0,0,0,0,0,0
C10H25N3O3,seen,41,1,1,0,0,0,0,0,0,0,0,0,0,0
C10H26N2,seen,38,4,2,1,1,0,2,1,1,0,0,0,0,0
C10H26N2O6,seen,44,1,1,0,0,0,0,0,0,0,0,0,0,0
C10H26N4,seen,40,1,1,0,0,0,0,0,0,0,0,0,0,0
C10H26N4O2,test_ood,42,1,0,0,0,1,0,0,0,0,0,0,0,0
C10H26N6,seen,42,1,1,0,0,0,0,0,0,0,0,0,0,0
C10H3N1O1,test_ood,15,3,0,0,0,3,0,0,0,3,0,0,0,0
C10H4N2,seen,16,4,2,1,1,0,2,1,1,0,0,0,0,0
C10H5N1,seen,16,2,1,1,0,0,1,1,0,0,0,0,0,0
C10H5N1O1,seen,17,6,4,1,1,0,4,1,1,0,2,0,0,0
C10H6,seen,16,127,76,26,25,0,74,26,24,0,5,7,3,0
C10H6N2,seen,18,143,86,29,28,0,86,29,28,0,12,2,4,0
C10H6N4,test_ood,20,149,0,0,0,149,0,0,0,146,0,0,0,19
C10H6O1,seen,17,4,2,1,1,0,2,1,1,0,0,0,1,0
C10H6O2,seen,18,294,176,59,59,0,173,59,57,0,18,6,13,0
C10H6O3,seen,19,132,79,27,26,0,79,27,26,0,8,4,2,0
C10H7N1,test_ood,18,4,0,0,0,4,0,0,0,4,0,0,0,0
C10H7N1O1,test_ood,19,705,0,0,0,705,0,0,0,557,0,0,0,71
C10H7N1O2,seen,20,1076,646,215,215,0,544,185,192,0,74,27,28,0
C10H7N1O3,test_ood,21,359,0,0,0,359,0,0,0,353,0,0,0,7
C10H7N3,seen,20,481,289,96,96,0,284,96,95,0,36,18,16,0
C10H7N3O1,test_ood,21,283,0,0,0,283,0,0,0,279,0,0,0,13
C10H8,seen,18,29,17,6,6,0,16,6,6,0,1,1,2,0
C10H8N2,seen,20,3745,2247,749,749,0,512,178,166,0,220,67,72,0
C10H8N2O1,test_ood,21,1179,0,0,0,1179,0,0,0,1030,0,0,0,32
C10H8N2O2,seen,22,271,163,54,54,0,159,52,54,0,6,3,3,0
C10H8N4,test_ood,22,249,0,0,0,249,0,0,0,245,0,0,0,7
C10H8O1,seen,19,1809,1085,362,362,0,141,37,47,0,86,25,23,0
C10H8O2,seen,20,3039,1823,608,608,0,1700,566,572,0,217,67,65,0
C10H8O3,seen,21,1391,835,278,278,0,736,246,254,0,33,9,13,0
C10H9N1,seen,20,3177,1906,636,635,0,700,224,236,0,161,44,51,0
C10H9N1O1,seen,21,3390,2034,678,678,0,2008,673,672,0,26,7,6,0
C10H9N1O2,seen,22,2466,1480,493,493,0,991,328,340,0,59,28,26,0
C10H9N1O3,seen,23,136,82,27,27,0,82,26,27,0,2,1,1,0
C10H9N3,seen,22,500,300,100,100,0,297,99,98,0,8,6,1,0
C10H9N3O1,seen,23,658,395,132,131,0,391,132,129,0,14,6,5,0
C10H9N5,seen,24,154,92,31,31,0,91,30,29,0,6,3,1,0
C10H9N5O1,seen,25,1,1,0,0,0,0,0,0,0,0,0,0,0
C11H10,seen,21,210,126,42,42,0,126,42,42,0,1,1,0,0
C11H10N2,seen,23,1583,950,317,316,0,765,240,249,0,32,11,12,0
C11H10N2O1,test_ood,24,330,0,0,0,330,0,0,0,326,0,0,0,10
C11H10N2O2,seen,25,2,1,1,0,0,0,0,0,0,0,0,0,0
C11H10N4,test_ood,25,1,0,0,0,1,0,0,0,0,0,0,0,0
C11H10O1,seen,22,803,482,161,160,0,480,159,160,0,3,2,0,0
C11H10O2,seen,23,398,239,80,79,0,238,80,79,0,4,2,2,0
C11H10O3,seen,24,245,147,49,49,0,145,48,49,0,0,0,0,0
C11H10O4,seen,25,2,1,1,0,0,0,0,0,0,0,0,0,0
C11H10O7,seen,28,1,1,0,0,0,0,0,0,0,0,0,0,0
C11H11N1,test_ood,23,811,0,0,0,811,0,0,0,807,0,0,0,6
C11H11N1O1,seen,24,1861,1117,372,372,0,1016,337,342,0,20,7,7,0
C11H11N1O2,seen,25,495,297,99,99,0,290,99,97,0,7,5,4,0
C11H11N1O3,test_ood,26,135,0,0,0,135,0,0,0,131,0,0,0,7
C11H11N3,seen,25,252,151,51,50,0,149,51,48,0,1,1,0,0
C11H11N3O1,test_ood,26,104,0,0,0,104,0,0,0,104,0,0,0,0
C11H11N3O2,seen,27,2,1,1,0,0,0,0,0,0,0,0,0,0
C11H12,test_ood,23,16,0,0,0,16,0,0,0,16,0,0,0,2
C11H12N2,test_ood,25,829,0,0,0,829,0,0,0,821,0,0,0,27
C11H12N2O1,test_ood,26,1254,0,0,0,1254,0,0,0,1235,0,0,0,32
C11H12N2O2,test_ood,27,1314,0,0,0,1314,0,0,0,1292,0,0,0,10
C11H12N4,test_ood,27,1,0,0,0,1,0,0,0,0,0,0,0,0
C11H12N4O2,seen,29,1,1,0,0,0,0,0,0,0,0,0,0,0
C11H12O1,test_ood,24,634,0,0,0,634,0,0,0,486,0,0,0,19
C11H12O2,seen,25,1496,898,299,299,0,894,297,295,0,21,4,10,0
C11H12O3,test_ood,26,99,0,0,0,99,0,0,0,98,0,0,0,0
C11H12O4,seen,27,1,1,0,0,0,0,0,0,0,0,0,0,0
C11H13N1,seen,25,2050,1230,410,410,0,1214,404,403,0,47,14,8,0
C11H13N1O1,test_ood,26,2144,0,0,0,2144,0,0,0,2109,0,0,0,43
C11H13N1O2,seen,27,1144,686,229,229,0,679,225,229,0,20,5,4,0
C11H13N1O3,seen,28,2,1,1,0,0,0,0,0,0,0,0,0,0
C11H13N1O4,seen,29,4,2,1,1,0,0,0,0,0,0,0,0,0
C11H13N3,seen,27,977,586,196,195,0,578,191,190,0,20,3,6,0
C11H13N3O1,seen,28,268,161,54,53,0,156,54,53,0,3,1,3,0
C11H13N3O2,test_ood,29,115,0,0,0,115,0,0,0,108,0,0,0,6
C11H13N5O1,test_ood,30,1,0,0,0,1,0,0,0,0,0,0,0,0
C11H14,seen,25,17,10,4,3,0,10,4,3,0,0,0,0,0
C11H14N2,seen,27,1730,1038,346,346,0,1026,345,345,0,18,4,7,0
C11H14N2O1,seen,28,561,337,112,112,0,328,112,111,0,2,2,2,0
C11H14N2O2,test_ood,29,250,0,0,0,250,0,0,0,246,0,0,0,1
C11H14N2O3,seen,30,760,456,152,152,0,429,145,145,0,10,6,3,0
C11H14N2O4,seen,31,784,470,157,157,0,451,142,151,0,8,5,3,0
C11H14N4,seen,29,4,2,1,1,0,0,0,0,0,0,0,0,0
C11H14N4O1,seen,30,2,1,1,0,0,0,0,0,0,0,0,0,0
C11H14N4O2,seen,31,1,1,0,0,0,0,0,0,0,0,0,0,0
C11H14N4O3,seen,32,2,1,1,0,0,0,0,0,0,0,0,0,0
C11H14O1,seen,26,299,179,60,60,0,178,60,60,0,4,3,1,0
C11H14O2,seen,27,1247,748,250,249,0,738,245,245,0,5,1,3,0
C11H14O3,seen,28,301,181,60,60,0,178,59,60,0,2,1,0,0
C11H14O4,seen,29,96,58,19,19,0,55,19,18,0,2,0,1,0
C11H15N1,seen,27,1135,681,227,227,0,675,227,224,0,5,2,5,0
C11H15N1O1,seen,28,2087,1252,418,417,0,1235,417,415,0,6,3,3,0
C11H15N1O2,seen,29,1215,729,243,243,0,715,237,237,0,12,3,2,0
C11H15N1O3,test_ood,30,2,0,0,0,2,0,0,0,0,0,0,0,0
C11H15N1O4,seen,31,2,1,1,0,0,0,0,0,0,0,0,0,0
C11H15N1O5,seen,32,1,1,0,0,0,0,0,0,0,0,0,0,0
C11H15N3,seen,29,986,592,197,197,0,583,192,194,0,13,5,7,0
C11H15N3O1,test_ood,30,6,0,0,0,6,0,0,0,0,0,0,0,0
C11H15N3O2,seen,31,2,1,1,0,0,0,0,0,0,0,0,0,0
C11H15N3O3,seen,32,1,1,0,0,0,0,0,0,0,0,0,0,0
C11H15N5O1,seen,32,1,1,0,0,0,0,0,0,0,0,0,0,0
C11H16,seen,27,18,11,4,3,0,11,4,3,0,0,0,0,0
C11H16N2,test_ood,29,999,0,0,0,999,0,0,0,992,0,0,0,15
C11H16N2O1,seen,30,715,429,143,143,0,418,140,137,0,7,4,2,0
C11H16N2O2,seen,31,215,129,43,43,0,126,40,42,0,5,0,0,0
C11H16N2O3,seen,32,2,1,1,0,0,0,0,0,0,0,0,0,0
C11H16N4,test_ood,31,109,0,0,0,109,0,0,0,105,0,0,0,12
C11H16N4O2,seen,33,1,1,0,0,0,0,0,0,0,0,0,0,0
C11H16N4O3,test_ood,34,1071,0,0,0,1071,0,0,0,1030,0,0,0,38
C11H16N4O5,seen,36,1111,667,222,222,0,642,215,214,0,25,10,9,0
C11H16O1,seen,28,153,92,31,30,0,91,31,30,0,5,3,1,0
C11H16O2,seen,29,378,227,76,75,0,226,76,74,0,9,2,3,0
C11H16O3,test_ood,30,95,0,0,0,95,0,0,0,92,0,0,0,0
C11H16O4,seen,31,110,66,22,22,0,64,22,22,0,3,1,1,0
C11H17N1,seen,29,205,123,41,41,0,123,41,41,0,2,1,1,0
C11H17N1O1,seen,30,174,104,35,35,0,104,33,35,0,4,2,0,0
C11H17N1O2,seen,31,845,507,169,169,0,499,167,167,0,10,6,3,0
C11H17N1O3,test_ood,32,216,0,0,0,216,0,0,0,211,0,0,0,5
C11H17N1O4,seen,33,2,1,1,0,0,0,0,0,0,0,0,0,0
C11H17N3,test_ood,31,345,0,0,0,345,0,0,0,333,0,0,0,3
C11H17N3O1,test_ood,32,412,0,0,0,412,0,0,0,403,0,0,0,8
C11H17N3O2,seen,33,3,2,1,0,0,0,0,0,0,0,0,0,0
C11H17N3O6,test_ood,37,1,0,0,0,1,0,0,0,0,0,0,0,0
C11H17N5O4,test_ood,37,1053,0,0,0,1053,0,0,0,1013,0,0,0,22
C11H17N9O2,seen,39,1,1,0,0,0,0,0,0,0,0,0,0,0
C11H18,test_ood,29,133,0,0,0,133,0,0,0,132,0,0,0,0
C11H18N2,test_ood,31,217,0,0,0,217,0,0,0,210,0,0,0,4
C11H18N2O1,seen,32,238,143,48,47,0,140,48,46,0,5,1,0,0
C11H18N2O2,seen,33,108,65,22,21,0,61,21,20,0,2,0,1,0
C11H18N2O3,seen,34,1,1,0,0,0,0,0,0,0,0,0,0,0
C11H18N4,test_ood,33,2,0,0,0,2,0,0,0,0,0,0,0,0
C11H18N4O1,seen,34,1,1,0,0,0,0,0,0,0,0,0,0,0
C11H18N4O3,seen,36,1067,640,214,213,0,619,202,206,0,18,8,6,0
C11H18N4O4,test_ood,37,1,0,0,0,1,0,0,0,0,0,0,0,0
C11H18O1,seen,30,139,83,28,28,0,83,28,28,0,0,0,0,0
C11H18O2,seen,31,244,146,49,49,0,144,48,48,0,3,1,0,0
C11H18O3,seen,32,3,2,1,0,0,0,0,0,0,0,0,0,0
C11H18O4,seen,33,2,1,1,0,0,0,0,0,0,0,0,0,0
C11H19N1,seen,31,301,181,60,60,0,180,60,58,0,4,2,1,0
C11H19N1O1,seen,32,114,68,23,23,0,67,23,23,0,1,0,0,0
C11H19N1O2,test_ood,33,112,0,0,0,112,0,0,0,108,0,0,0,0
C11H19N1O3,test_ood,34,2,0,0,0,2,0,0,0,0,0,0,0,0
C11H19N3,seen,33,2,1,1,0,0,0,0,0,0,0,0,0,0
C11H19N3O1,test_ood,34,6,0,0,0,6,0,0,0,0,0,0,0,0
C11H20,seen,31,17,10,4,3,0,10,4,3,0,0,0,0,0
C11H20N2,seen,33,85,51,17,17,0,51,17,16,0,0,0,0,0
C11H20N2O1,test_ood,34,231,0,0,0,231,0,0,0,225,0,0,0,1
C11H20N2O2,test_ood,35,1,0,0,0,1,0,0,0,0,0,0,0,0
C11H20N2O3,seen,36,1390,834,278,278,0,778,263,267,0,24,7,5,0
C11H20N2O5,seen,38,1574,944,315,315,0,903,301,290,0,44,8,10,0
C11H20N4,test_ood,35,205,0,0,0,205,0,0,0,198,0,0,0,5
C11H20N6O4,seen,41,1,1,0,0,0,0,0,0,0,0,0,0,0
C11H20O1,test_ood,32,100,0,0,0,100,0,0,0,100,0,0,0,2
C11H20O2,seen,33,304,182,61,61,0,179,58,59,0,2,1,1,0
C11H20O3,test_ood,34,405,0,0,0,405,0,0,0,403,0,0,0,8
C11H20O4,seen,35,133,80,27,26,0,80,27,25,0,3,2,1,0
C11H21N1,seen,33,365,219,73,73,0,216,71,73,0,9,1,2,0
C11H21N1O1,test_ood,34,80,0,0,0,80,0,0,0,79,0,0,0,4
C11H21N1O2,seen,35,2,1,1,0,0,0,0,0,0,0,0,0,0
C11H21N3,test_ood,35,202,0,0,0,202,0,0,0,199,0,0,0,6
C11H21N3O1,test_ood,36,90,0,0,0,90,0,0,0,90,0,0,0,3
C11H21N3O3,seen,38,924,554,185,185,0,532,177,175,0,13,5,5,0
C11H21N3O4,seen,39,1507,904,302,301,0,860,285,282,0,17,7,9,0
C11H21N3O5,seen,40,980,588,196,196,0,561,187,192,0,21,7,8,0
C11H21N5O3,test_ood,40,1077,0,0,0,1077,0,0,0,1037,0,0,0,57
C11H21N5O5,seen,42,1085,651,217,217,0,625,215,205,0,0,0,0,0
C11H22,seen,33,7,4,2,1,0,4,2,1,0,0,0,0,0
C11H22N2,seen,35,58,35,12,11,0,35,12,11,0,0,1,0,0
C11H22N2O1,seen,36,1,1,0,0,0,0,0,0,0,0,0,0,0
C11H22N2O3,test_ood,38,1214,0,0,0,1214,0,0,0,1134,0,0,0,19
C11H22N4O1,test_ood,38,1,0,0,0,1,0,0,0,0,0,0,0,0
C11H22N4O4,test_ood,41,937,0,0,0,937,0,0,0,897,0,0,0,18
C11H22N6O4,seen,43,1061,637,212,212,0,608,204,209,0,0,0,0,0
C11H22O1,test_ood,34,129,0,0,0,129,0,0,0,129,0,0,0,3
C11H22O2,seen,35,1,1,0,0,0,0,0,0,0,0,0,0,0
C11H22O3,seen,36,223,134,45,44,0,134,43,43,0,3,1,2,0
C11H22O4,seen,37,2,1,1,0,0,0,0,0,0,0,0,0,0
C11H23N1,seen,35,118,71,24,23,0,71,24,23,0,1,0,0,0
C11H23N1O1,test_ood,36,73,0,0,0,73,0,0,0,71,0,0,0,0
C11H23N3O3,test_ood,40,886,0,0,0,886,0,0,0,846,0,0,0,25
C11H23N5O3,seen,42,993,596,199,198,0,573,188,186,0,25,3,5,0
C11H24,seen,35,4,2,1,1,0,2,1,1,0,0,0,0,0
C11H24N2,test_ood,37,1,0,0,0,1,0,0,0,0,0,0,0,0
C11H24N2O3,seen,40,1,1,0,0,0,0,0,0,0,0,0,0,0
C11H24N4,seen,39,1,1,0,0,0,0,0,0,0,0,0,0,0
C11H24N4O1,seen,40,2,1,1,0,0,0,0,0,0,0,0,0,0
C11H24O1,test_ood,36,8,0,0,0,8,0,0,0,8,0,0,0,0
C11H24O3,seen,38,427,256,86,85,0,252,83,84,0,14,4,5,0
C11H24O4,test_ood,39,135,0,0,0,135,0,0,0,131,0,0,0,15
C11H25N1,seen,37,11,7,2,2,0,7,2,2,0,0,0,0,0
C11H25N1O2,seen,39,113,68,23,22,0,68,23,22,0,1,1,0,0
C11H25N3O1,test_ood,40,1,0,0,0,1,0,0,0,0,0,0,0,0
C11H26N4O1,test_ood,42,88,0,0,0,88,0,0,0,33,0,0,0,4
C11H27N1,seen,39,1,1,0,0,0,1,0,0,0,0,0,0,0
C11H3N1,test_ood,15,2,0,0,0,2,0,0,0,2,0,0,0,0
C11H4O1,test_ood,16,1,0,0,0,1,0,0,0,1,0,0,0,0
C11H5N1,seen,17,4,2,1,1,0,2,1,1,0,0,0,0,0
C11H6,seen,17,1,1,0,0,0,1,0,0,0,0,0,0,0
C11H6N2,seen,19,144,86,29,29,0,85,29,29,0,18,1,6,0
C11H6O1,seen,18,5,3,1,1,0,3,1,1,0,0,0,0,0
C11H6O2,seen,19,132,79,27,26,0,79,27,26,0,5,2,3,0
C11H7N1,seen,19,15,9,3,3,0,9,3,3,0,0,0,0,0
C11H7N1O1,seen,20,338,203,68,67,0,199,67,67,0,21,7,9,0
C11H8,test_ood,19,4,0,0,0,4,0,0,0,4,0,0,0,0
C11H8N2,seen,21,547,328,110,109,0,327,108,109,0,17,3,5,0
C11H8N2O2,test_ood,23,2,0,0,0,2,0,0,0,0,0,0,0,0
C11H8N4,seen,23,1,1,0,0,0,0,0,0,0,0,0,0,0
C11H8O1,seen,20,236,142,47,47,0,142,47,47,0,15,7,2,0
C11H8O2,test_ood,21,888,0,0,0,888,0,0,0,886,0,0,0,17
C11H8O3,seen,22,2,1,1,0,0,0,0,0,0,0,0,0,0
C11H9N1,test_ood,21,328,0,0,0,328,0,0,0,327,0,0,0,0
C11H9N1O1,seen,22,866,520,173,173,0,427,137,150,0,11,7,1,0
C11H9N1O2,seen,23,114,68,23,23,0,68,23,23,0,1,1,0,0
C11H9N1O3,seen,24,2,1,1,0,0,0,0,0,0,0,0,0,0
C11H9N3,test_ood,23,152,0,0,0,152,0,0,0,152,0,0,0,0
C11H9N3O1,test_ood,24,119,0,0,0,119,0,0,0,119,0,0,0,5
C12H10,seen,22,1431,859,286,286,0,73,27,35,0,73,21,28,0
C12H10N2,seen,24,1425,855,285,285,0,755,260,246,0,56,10,13,0
C12H10N2O1,seen,25,1,1,0,0,0,0,0,0,0,0,0,0,0
C12H10O1,test_ood,23,198,0,0,0,198,0,0,0,194,0,0,0,2
C12H10O2,test_ood,24,968,0,0,0,968,0,0,0,823,0,0,0,30
C12H10O3,seen,25,133,80,27,26,0,78,26,25,0,0,0,0,0
C12H11N1,test_ood,24,341,0,0,0,341,0,0,0,340,0,0,0,5
C12H11N1O1,test_ood,25,1649,0,0,0,1649,0,0,0,1634,0,0,0,26
C12H11N1O2,seen,26,332,199,67,66,0,197,67,66,0,5,0,0,0
C12H11N1O3,seen,27,1,1,0,0,0,0,0,0,0,0,0,0,0
C12H11N3,test_ood,26,90,0,0,0,90,0,0,0,89,0,0,0,3
C12H12,seen,24,1515,909,303,303,0,704,245,236,0,28,4,6,0
C12H12N2,seen,26,599,359,120,120,0,355,116,118,0,5,3,2,0
C12H12N2O1,seen,27,357,214,72,71,0,207,68,70,0,3,3,2,0
C12H12N2O2,seen,28,2,1,1,0,0,0,0,0,0,0,0,0,0
C12H12N4,test_ood,28,2,0,0,0,2,0,0,0,0,0,0,0,0
C12H12O1,test_ood,25,669,0,0,0,669,0,0,0,661,0,0,0,2
C12H12O2,seen,26,235,141,47,47,0,140,46,47,0,3,1,1,0
C12H13N1,seen,26,986,592,197,197,0,586,197,193,0,4,1,1,0
C12H13N1O1,test_ood,27,1321,0,0,0,1321,0,0,0,1305,0,0,0,21
C12H13N1O2,test_ood,28,128,0,0,0,128,0,0,0,121,0,0,0,0
C12H13N1O3,test_ood,29,2,0,0,0,2,0,0,0,0,0,0,0,0
C12H13N3,seen,28,74,44,15,15,0,39,14,15,0,0,0,0,0
C12H13N3O1,test_ood,29,94,0,0,0,94,0,0,0,88,0,0,0,4
C12H13N3O2,test_ood,30,1,0,0,0,1,0,0,0,0,0,0,0,0
C12H14,test_ood,26,129,0,0,0,129,0,0,0,126,0,0,0,1
C12H14N12O1,test_ood,39,1,0,0,0,1,0,0,0,0,0,0,0,0
C12H14N2,test_ood,28,1177,0,0,0,1177,0,0,0,1168,0,0,0,19
C12H14N2O1,seen,29,471,283,94,94,0,275,93,92,0,4,4,3,0
C12H14N2O2,seen,30,4,2,1,1,0,0,0,0,0,0,0,0,0
C12H14N2O8,seen,36,1,1,0,0,0,0,0,0,0,0,0,0,0
C12H14N4,seen,30,1,1,0,0,0,0,0,0,0,0,0,0,0
C12H14N4O5,test_ood,35,1,0,0,0,1,0,0,0,0,0,0,0,0
C12H14N8O1,seen,35,1,1,0,0,0,0,0,0,0,0,0,0,0
C12H14O1,seen,27,126,76,25,25,0,76,25,25,0,0,0,0,0
C12H14O2,seen,28,481,289,96,96,0,285,94,94,0,16,3,5,0
C12H14O3,seen,29,2,1,1,0,0,0,0,0,0,0,0,0,0
C12H15N1,seen,28,2732,1639,547,546,0,1616,537,541,0,19,5,3,0
C12H15N1O1,test_ood,29,746,0,0,0,746,0,0,0,727,0,0,0,26
C12H15N1O2,seen,30,115,69,23,23,0,65,22,22,0,1,0,0,0
C12H15N1O3,seen,31,3,2,1,0,0,0,0,0,0,0,0,0,0
C12H15N3,test_ood,30,366,0,0,0,366,0,0,0,361,0,0,0,16
C12H15N3O1,seen,31,2,1,1,0,0,0,0,0,0,0,0,0,0
C12H16,seen,28,34,20,7,7,0,20,7,7,0,0,0,0,0
C12H16N2,test_ood,30,932,0,0,0,932,0,0,0,912,0,0,0,16
C12H16N2O1,seen,31,282,169,57,56,0,163,56,55,0,0,0,0,0
C12H16N2O2,seen,32,3,2,1,0,0,0,0,0,0,0,0,0,0
C12H16N2O3,seen,33,755,453,151,151,0,427,144,142,0,4,3,3,0
C12H16N2O4,seen,34,1474,884,295,295,0,835,280,279,0,17,7,6,0
C12H16N2O5,test_ood,35,889,0,0,0,889,0,0,0,849,0,0,0,17
C12H16N4,seen,32,2,1,1,0,0,0,0,0,0,0,0,0,0
C12H16N4O1,test_ood,33,2,0,0,0,2,0,0,0,0,0,0,0,0
C12H16N6O3,seen,37,573,344,115,114,0,330,112,111,0,0,0,0,0
C12H16O1,test_ood,29,61,0,0,0,61,0,0,0,61,0,0,0,2
C12H16O2,seen,30,566,340,113,113,0,335,110,112,0,7,4,1,0
C12H16O3,seen,31,96,58,19,19,0,57,18,18,0,0,0,0,0
C12H16O4,seen,32,1,1,0,0,0,0,0,0,0,0,0,0,0
C12H17N1,seen,30,893,536,179,178,0,534,177,178,0,7,0,4,0
C12H17N1O1,seen,31,882,529,177,176,0,518,172,167,0,8,6,1,0
C12H17N1O2,seen,32,814,488,163,163,0,485,161,163,0,8,5,4,0
C12H17N1O3,seen,33,1,1,0,0,0,0,0,0,0,0,0,0,0
C12H17N3,test_ood,32,301,0,0,0,301,0,0,0,292,0,0,0,7
C12H17N3O1,test_ood,33,3,0,0,0,3,0,0,0,0,0,0,0,0
C12H17N5,seen,34,3,2,1,0,0,0,0,0,0,0,0,0,0
C12H17N5O4,test_ood,38,1,0,0,0,1,0,0,0,0,0,0,0,0
C12H18,test_ood,30,312,0,0,0,312,0,0,0,306,0,0,0,18
C12H18N2,seen,32,833,500,167,166,0,493,165,161,0,6,3,0,0
C12H18N2O1,seen,33,125,75,25,25,0,73,19,22,0,4,1,0,0
C12H18N2O2,test_ood,34,128,0,0,0,128,0,0,0,125,0,0,0,1
C12H18N2O4,seen,36,1,1,0,0,0,0,0,0,0,0,0,0,0
C12H18N4,seen,34,2,1,1,0,0,0,0,0,0,0,0,0,0
C12H18N4O3,seen,37,1,1,0,0,0,0,0,0,0,0,0,0,0
C12H18N8O2,seen,40,1,1,0,0,0,0,0,0,0,0,0,0,0
C12H18O1,test_ood,31,1,0,0,0,1,0,0,0,0,0,0,0,0
C12H18O2,test_ood,32,442,0,0,0,442,0,0,0,440,0,0,0,7
C12H18O3,seen,33,143,86,29,28,0,84,29,28,0,3,2,2,0
C12H19N1O1,seen,33,2,1,1,0,0,0,0,0,0,0,0,0,0
C12H19N1O2,test_ood,34,212,0,0,0,212,0,0,0,205,0,0,0,0
C12H19N1O3,test_ood,35,1,0,0,0,1,0,0,0,0,0,0,0,0
C12H19N3,seen,34,3,2,1,0,0,0,0,0,0,0,0,0,0
C12H19N3O1,seen,35,132,79,27,26,0,77,26,26,0,1,0,0,0
C12H19N3O7,seen,41,1,1,0,0,0,0,0,0,0,0,0,0,0
C12H20,test_ood,32,31,0,0,0,31,0,0,0,31,0,0,0,0
C12H20N2,seen,34,771,463,154,154,0,437,150,144,0,22,8,3,0
C12H20N2O1,seen,35,112,67,23,22,0,63,23,22,0,3,0,1,0
C12H20N2O2,seen,36,2,1,1,0,0,0,0,0,0,0,0,0,0
C12H20N4,test_ood,36,2,0,0,0,2,0,0,0,0,0,0,0,0
C12H20N4O3,seen,39,1539,923,308,308,0,875,297,287,0,17,6,6,0
C12H20N4O6,test_ood,42,1,0,0,0,1,0,0,0,0,0,0,0,0
C12H20N6O1,test_ood,39,1,0,0,0,1,0,0,0,0,0,0,0,0
C12H20O1,test_ood,33,77,0,0,0,77,0,0,0,77,0,0,0,0
C12H21N1,test_ood,34,126,0,0,0,126,0,0,0,122,0,0,0,4
C12H21N1O2,seen,36,1,1,0,0,0,0,0,0,0,0,0,0,0
C12H21N3,seen,36,73,44,15,14,0,42,15,13,0,3,2,2,0
C12H21N3O1,seen,37,1,1,0,0,0,0,0,0,0,0,0,0,0
C12H21N3O2,seen,38,2,1,1,0,0,0,0,0,0,0,0,0,0
C12H21N5O3,seen,41,937,562,188,187,0,534,180,183,0,21,0,9,0
C12H21N7O3,seen,43,1167,700,234,233,0,678,225,224,0,0,0,0,0
C12H22,seen,34,102,61,21,20,0,59,20,19,0,4,0,0,0
C12H22N2,test_ood,36,1,0,0,0,1,0,0,0,0,0,0,0,0
C12H22N2O1,test_ood,37,91,0,0,0,91,0,0,0,88,0,0,0,0
C12H22N4O1,seen,39,95,57,19,19,0,56,18,19,0,2,0,0,0
C12H22O1,test_ood,35,430,0,0,0,430,0,0,0,426,0,0,0,12
C12H22O2,seen,36,90,54,18,18,0,52,17,16,0,0,0,0,0
C12H22O3,seen,37,1,1,0,0,0,0,0,0,0,0,0,0,0
C12H22O4,seen,38,1,1,0,0,0,0,0,0,0,0,0,0,0
C12H23N1O1,seen,37,78,47,16,15,0,47,16,15,0,6,2,1,0
C12H23N1O4,seen,40,1,1,0,0,0,0,0,0,0,0,0,0,0
C12H23N3,seen,38,84,50,17,17,0,48,17,17,0,2,0,0,0
C12H23N5O3,seen,43,1,1,0,0,0,0,0,0,0,0,0,0,0
C12H23N7O3,seen,45,1,1,0,0,0,0,0,0,0,0,0,0,0
C12H24,seen,36,98,59,20,19,0,59,20,19,0,4,1,0,0
C12H24N2,seen,38,187,112,38,37,0,106,36,32,0,10,2,0,0
C12H24N2O1,test_ood,39,201,0,0,0,201,0,0,0,195,0,0,0,5
C12H24N2O2,test_ood,40,77,0,0,0,77,0,0,0,74,0,0,0,1
C12H24N2O3,test_ood,41,1323,0,0,0,1323,0,0,0,1243,0,0,0,97
C12H24N4,seen,40,2,1,1,0,0,0,0,0,0,0,0,0,0
C12H24O1,test_ood,37,108,0,0,0,108,0,0,0,107,0,0,0,6
C12H24O3,test_ood,39,1,0,0,0,1,0,0,0,0,0,0,0,0
C12H24O4,test_ood,40,409,0,0,0,409,0,0,0,407,0,0,0,21
C12H24O6,seen,42,130,78,26,26,0,78,26,26,0,7,0,2,0
C12H25N1,seen,38,75,45,15,15,0,45,15,15,0,3,0,0,0
C12H25N1O1,seen,39,107,64,22,21,0,63,21,21,0,4,0,0,0
C12H25N1O2,seen,40,101,61,20,20,0,61,20,20,0,5,1,1,0
C12H25N1O5,seen,43,121,73,24,24,0,73,24,24,0,3,0,1,0
C12H25N3O1,seen,41,3,2,1,0,0,0,0,0,0,0,0,0,0
C12H25N3O3,seen,43,1139,683,228,228,0,637,209,213,0,14,2,6,0
C12H25N5O3,seen,45,1679,1007,336,336,0,963,319,317,0,47,17,17,0
C12H26,seen,38,1,1,0,0,0,1,0,0,0,0,0,0,0
C12H26N2O1,seen,41,88,53,18,17,0,51,18,17,0,2,0,2,0
C12H26N2O2,seen,42,1,1,0,0,0,0,0,0,0,0,0,0,0
C12H26N2O3,seen,43,1,1,0,0,0,0,0,0,0,0,0,0,0
C12H26N4,seen,42,1,1,0,0,0,0,0,0,0,0,0,0,0
C12H26N4O1,test_ood,43,1,0,0,0,1,0,0,0,0,0,0,0,0
C12H26N4O3,seen,45,362,217,73,72,0,203,70,69,0,19,10,11,0
C12H26N6O3,seen,47,1045,627,209,209,0,603,201,201,0,0,0,0,0
C12H26N8O3,test_ood,49,540,0,0,0,540,0,0,0,520,0,0,0,0
C12H26O3,seen,41,281,169,56,56,0,166,55,55,0,12,4,3,0
C12H26O7,test_ood,45,134,0,0,0,134,0,0,0,129,0,0,0,8
C12H27N1O8,test_ood,48,3,0,0,0,3,0,0,0,0,0,0,0,0
C12H27N3,seen,42,57,34,12,11,0,33,12,11,0,0,0,0,0
C12H27N3O1,seen,43,4,2,1,1,0,0,0,0,0,0,0,0,0
C12H27N3O2,test_ood,44,2,0,0,0,2,0,0,0,0,0,0,0,0
C12H27N3O3,test_ood,45,110,0,0,0,110,0,0,0,109,0,0,0,3
C12H27N5,seen,44,1,1,0,0,0,0,0,0,0,0,0,0,0
C12H28N4,seen,44,111,67,22,22,0,23,9,5,0,1,1,1,0
C12H28N4O1,test_ood,45,105,0,0,0,105,0,0,0,105,0,0,0,0
C12H28O3,seen,43,1,1,0,0,0,0,0,0,0,0,0,0,0
C12H29N1O4,seen,46,2,1,1,0,0,0,0,0,0,0,0,0,0
C12H29N5O1,test_ood,47,124,0,0,0,124,0,0,0,121,0,0,0,9
C12H30N6O2,test_ood,50,1,0,0,0,1,0,0,0,0,0,0,0,0
C12H31N5O2,seen,50,1,1,0,0,0,0,0,0,0,0,0,0,0
C12H6,test_ood,18,3,0,0,0,3,0,0,0,3,0,0,0,0
C12H8,test_ood,20,254,0,0,0,254,0,0,0,249,0,0,0,20
C12H8N2,test_ood,22,112,0,0,0,112,0,0,0,112,0,0,0,2
C12H8N2O1,seen,23,1,1,0,0,0,0,0,0,0,0,0,0,0
C12H8O1,seen,21,410,246,82,82,0,245,82,82,0,6,2,3,0
C12H8O2,test_ood,22,117,0,0,0,117,0,0,0,117,0,0,0,0
C12H9N1,test_ood,22,113,0,0,0,113,0,0,0,110,0,0,0,3
C12H9N1O1,seen,23,1065,639,213,213,0,632,212,211,0,21,4,6,0
C12H9N1O2,test_ood,24,140,0,0,0,140,0,0,0,139,0,0,0,6
C12H9N3,test_ood,24,398,0,0,0,398,0,0,0,391,0,0,0,7
C13H10,seen,23,240,144,48,48,0,142,48,47,0,0,0,0,0
C13H10N2,seen,25,267,160,54,53,0,157,53,53,0,4,1,0,0
C13H10O1,seen,24,253,152,51,50,0,149,51,49,0,0,0,0,0
C13H10O2,seen,25,116,70,23,23,0,70,23,23,0,3,0,0,0
C13H11N1,seen,25,370,222,74,74,0,220,73,72,0,11,4,2,0
C13H11N1O2,seen,27,1,1,0,0,0,0,0,0,0,0,0,0,0
C13H12N2O1,test_ood,28,3,0,0,0,3,0,0,0,0,0,0,0,0
C13H12O1,test_ood,26,293,0,0,0,293,0,0,0,289,0,0,0,1
C13H12O2,test_ood,27,210,0,0,0,210,0,0,0,205,0,0,0,0
C13H13N1,test_ood,27,813,0,0,0,813,0,0,0,805,0,0,0,10
C13H13N1O1,seen,28,222,133,45,44,0,131,42,43,0,1,0,3,0
C13H13N1O2,test_ood,29,125,0,0,0,125,0,0,0,123,0,0,0,5
C13H13N1O3,test_ood,30,2,0,0,0,2,0,0,0,0,0,0,0,0
C13H13N3,seen,29,1,1,0,0,0,0,0,0,0,0,0,0,0
C13H14N2,seen,29,326,196,65,65,0,194,65,65,0,4,2,0,0
C13H14N2O1,seen,30,1,1,0,0,0,0,0,0,0,0,0,0,0
C13H14N2O6,seen,35,1,1,0,0,0,0,0,0,0,0,0,0,0
C13H14O1,seen,28,106,64,21,21,0,63,21,19,0,1,0,0,0
C13H14O2,test_ood,29,119,0,0,0,119,0,0,0,115,0,0,0,0
C13H15N1,test_ood,29,791,0,0,0,791,0,0,0,777,0,0,0,14
C13H15N1O1,seen,30,460,276,92,92,0,275,92,92,0,2,1,2,0
C13H15N3,seen,31,1,1,0,0,0,0,0,0,0,0,0,0,0
C13H15N3O3,test_ood,34,983,0,0,0,983,0,0,0,943,0,0,0,28
C13H15N3O6,test_ood,37,1,0,0,0,1,0,0,0,0,0,0,0,0
C13H15N5O5,seen,38,1,1,0,0,0,0,0,0,0,0,0,0,0
C13H16N2,seen,31,355,213,71,71,0,206,70,68,0,4,1,0,0
C13H16N2O1,seen,32,1,1,0,0,0,0,0,0,0,0,0,0,0
C13H16N2O5,seen,36,923,554,185,184,0,526,178,179,0,9,5,10,0
C13H16N2O6,seen,37,930,558,186,186,0,535,179,176,0,0,0,0,0
C13H16N4O5,test_ood,38,1,0,0,0,1,0,0,0,0,0,0,0,0
C13H16O1,test_ood,30,104,0,0,0,104,0,0,0,104,0,0,0,2
C13H16O2,test_ood,31,3,0,0,0,3,0,0,0,0,0,0,0,0
C13H17N1,test_ood,31,2436,0,0,0,2436,0,0,0,2382,0,0,0,19
C13H17N1O1,test_ood,32,552,0,0,0,552,0,0,0,548,0,0,0,5
C13H17N1O2,seen,33,4,2,1,1,0,0,0,0,0,0,0,0,0
C13H17N1O3,seen,34,1,1,0,0,0,0,0,0,0,0,0,0,0
C13H17N3,test_ood,33,114,0,0,0,114,0,0,0,107,0,0,0,0
C13H17N3O1,seen,34,2,1,1,0,0,0,0,0,0,0,0,0,0
C13H17N3O4,seen,37,864,518,173,173,0,399,137,136,0,12,7,1,0
C13H17N3O5,test_ood,38,826,0,0,0,826,0,0,0,786,0,0,0,0
C13H17N7O1,seen,38,1,1,0,0,0,0,0,0,0,0,0,0,0
C13H18N2,seen,33,2,1,1,0,0,0,0,0,0,0,0,0,0
C13H18N2O1,seen,34,4,2,1,1,0,0,0,0,0,0,0,0,0
C13H18N2O4,seen,37,959,575,192,192,0,554,183,182,0,19,7,2,0
C13H18N2O5,test_ood,38,822,0,0,0,822,0,0,0,782,0,0,0,19
C13H18N4,seen,35,1,1,0,0,0,0,0,0,0,0,0,0,0
C13H18N8O2,seen,41,1,1,0,0,0,0,0,0,0,0,0,0,0
C13H18O2,seen,33,185,111,37,37,0,108,37,36,0,0,1,1,0
C13H19N1,seen,33,616,370,123,123,0,367,121,120,0,1,1,1,0
C13H19N1O1,seen,34,317,190,64,63,0,186,62,60,0,0,0,0,0
C13H19N1O3,seen,36,1,1,0,0,0,0,0,0,0,0,0,0,0
C13H19N3,test_ood,35,1,0,0,0,1,0,0,0,0,0,0,0,0
C13H19N3O1,test_ood,36,2,0,0,0,2,0,0,0,0,0,0,0,0
C13H20N2,test_ood,35,335,0,0,0,335,0,0,0,325,0,0,0,5
C13H20N2O1,seen,36,95,57,19,19,0,55,18,19,0,1,0,1,0
C13H20N2O2,seen,37,1,1,0,0,0,0,0,0,0,0,0,0,0
C13H20O1,test_ood,34,67,0,0,0,67,0,0,0,66,0,0,0,2
C13H20O2,seen,35,384,230,77,77,0,230,77,76,0,1,0,0,0
C13H21N1O1,seen,36,2,1,1,0,0,0,0,0,0,0,0,0,0
C13H21N1O2,test_ood,37,301,0,0,0,301,0,0,0,296,0,0,0,7
C13H21N1O3,test_ood,38,129,0,0,0,129,0,0,0,128,0,0,0,0
C13H21N1O4,seen,39,1,1,0,0,0,0,0,0,0,0,0,0,0
C13H21N3,seen,37,2,1,1,0,0,0,0,0,0,0,0,0,0
C13H21N3O1,seen,38,2,1,1,0,0,0,0,0,0,0,0,0,0
C13H21N3O6,seen,43,1,1,0,0,0,0,0,0,0,0,0,0,0
C13H21N9O1,seen,44,1,1,0,0,0,0,0,0,0,0,0,0,0
C13H22,test_ood,35,1,0,0,0,1,0,0,0,0,0,0,0,0
C13H22N2O1,test_ood,38,113,0,0,0,113,0,0,0,111,0,0,0,0
C13H22N2O4,seen,41,2,1,1,0,0,0,0,0,0,0,0,0,0
C13H23N1O1,seen,38,117,70,24,23,0,66,24,23,0,3,0,1,0
C13H23N3,seen,39,74,44,15,15,0,43,15,15,0,3,1,1,0
C13H24N2,test_ood,39,3,0,0,0,3,0,0,0,0,0,0,0,0
C13H24N2O1,seen,40,1,1,0,0,0,0,0,0,0,0,0,0,0
C13H24N2O2,seen,41,1,1,0,0,0,0,0,0,0,0,0,0,0
C13H24N2O4,test_ood,43,1,0,0,0,1,0,0,0,0,0,0,0,0
C13H24N4,test_ood,41,2,0,0,0,2,0,0,0,0,0,0,0,0
C13H24O1,test_ood,38,124,0,0,0,124,0,0,0,120,0,0,0,7
C13H24O2,seen,39,1,1,0,0,0,0,0,0,0,0,0,0,0
C13H25N1,seen,39,97,58,20,19,0,55,20,19,0,0,1,0,0
C13H25N3,test_ood,41,129,0,0,0,129,0,0,0,128,0,0,0,8
C13H25N3O1,test_ood,42,1,0,0,0,1,0,0,0,0,0,0,0,0
C13H26N4,test_ood,43,1,0,0,0,1,0,0,0,0,0,0,0,0
C13H26O1,seen,40,1,1,0,0,0,0,0,0,0,0,0,0,0
C13H26O2,seen,41,1,1,0,0,0,0,0,0,0,0,0,0,0
C13H27N1O1,seen,42,84,50,17,17,0,50,16,17,0,3,0,2,0
C13H27N3O1,seen,44,1,1,0,0,0,0,0,0,0,0,0,0,0
C13H28N2,seen,43,1,1,0,0,0,0,0,0,0,0,0,0,0
C13H28N2O1,seen,44,115,69,23,23,0,69,23,23,0,3,0,0,0
C13H30O4,seen,47,1,1,0,0,0,0,0,0,0,0,0,0,0
C13H9N1,seen,23,112,67,23,22,0,64,23,22,0,0,0,0,0
C14H10,seen,24,112,67,23,22,0,66,23,21,0,5,0,1,0
C14H11N1,seen,26,605,363,121,121,0,358,121,120,0,7,4,5,0
C14H11N3,test_ood,28,2,0,0,0,2,0,0,0,0,0,0,0,0
C14H12,test_ood,26,107,0,0,0,107,0,0,0,107,0,0,0,2
C14H12N2,seen,28,1,1,0,0,0,0,0,0,0,0,0,0,0
C14H12O2,test_ood,28,1,0,0,0,1,0,0,0,0,0,0,0,0
C14H13N1,seen,28,116,70,23,23,0,69,23,22,0,1,1,0,0
C14H13N1O1,test_ood,29,1,0,0,0,1,0,0,0,0,0,0,0,0
C14H13N1O2,seen,30,1,1,0,0,0,0,0,0,0,0,0,0,0
C14H14N2,seen,30,5,3,1,1,0,0,0,0,0,0,0,0,0
C14H14N6O3,test_ood,37,1,0,0,0,1,0,0,0,0,0,0,0,0
C14H14O2,test_ood,30,1,0,0,0,1,0,0,0,0,0,0,0,0
C14H15N1,seen,30,115,69,23,23,0,68,23,23,0,0,0,0,0
C14H16N2O1,seen,33,1,1,0,0,0,0,0,0,0,0,0,0,0
C14H16N2O5,seen,37,1,1,0,0,0,0,0,0,0,0,0,0,0
C14H16N4O1,seen,35,1,1,0,0,0,0,0,0,0,0,0,0,0
C14H16O1,seen,31,46,28,9,9,0,27,9,8,0,1,0,1,0
C14H17N1,test_ood,32,219,0,0,0,219,0,0,0,217,0,0,0,2
C14H17N1O1,test_ood,33,332,0,0,0,332,0,0,0,332,0,0,0,4
C14H17N1O2,seen,34,1,1,0,0,0,0,0,0,0,0,0,0,0
C14H17N3,test_ood,34,1,0,0,0,1,0,0,0,0,0,0,0,0
C14H17N3O3,test_ood,37,1023,0,0,0,1023,0,0,0,983,0,0,0,14
C14H17N3O4,seen,38,1016,610,203,203,0,588,197,191,0,0,0,0,0
C14H17N3O7,seen,41,1,1,0,0,0,0,0,0,0,0,0,0,0
C14H17N7O3,test_ood,41,1,0,0,0,1,0,0,0,0,0,0,0,0
C14H18N2,test_ood,34,120,0,0,0,120,0,0,0,115,0,0,0,1
C14H18N2O3,seen,37,808,485,162,161,0,459,158,151,0,8,5,1,0
C14H18N2O4,seen,38,930,558,186,186,0,536,176,178,0,7,1,5,0
C14H18N2O5,seen,39,915,549,183,183,0,525,175,175,0,0,0,0,0
C14H18N2O6,test_ood,40,919,0,0,0,919,0,0,0,879,0,0,0,0
C14H19N1,test_ood,34,1,0,0,0,1,0,0,0,0,0,0,0,0
C14H19N1O1,test_ood,35,3,0,0,0,3,0,0,0,0,0,0,0,0
C14H19N3,seen,36,1,1,0,0,0,0,0,0,0,0,0,0,0
C14H19N3O4,seen,40,856,514,171,171,0,494,156,166,0,0,0,0,0
C14H19N3O5,test_ood,41,933,0,0,0,933,0,0,0,893,0,0,0,0
C14H19N3O6,seen,42,1,1,0,0,0,0,0,0,0,0,0,0,0
C14H20,seen,34,1,1,0,0,0,0,0,0,0,0,0,0,0
C14H20N2,test_ood,36,111,0,0,0,111,0,0,0,49,0,0,0,0
C14H20N2O1,seen,37,1,1,0,0,0,0,0,0,0,0,0,0,0
C14H20N2O3,test_ood,39,777,0,0,0,777,0,0,0,737,0,0,0,14
C14H20N2O4,test_ood,40,756,0,0,0,756,0,0,0,716,0,0,0,10
C14H20N4O6,seen,44,1,1,0,0,0,0,0,0,0,0,0,0,0
C14H21N1,seen,36,145,87,29,29,0,82,28,29,0,0,0,0,0
C14H21N1O1,test_ood,37,1,0,0,0,1,0,0,0,0,0,0,0,0
C14H21N1O2,seen,38,125,75,25,25,0,73,25,23,0,4,1,0,0
C14H21N5O3,seen,43,1,1,0,0,0,0,0,0,0,0,0,0,0
C14H22N2,test_ood,38,83,0,0,0,83,0,0,0,82,0,0,0,2
C14H22N2O1,seen,39,93,56,19,18,0,18,12,1,0,0,0,0,0
C14H22N2O2,test_ood,40,1,0,0,0,1,0,0,0,0,0,0,0,0
C14H22N6O2,test_ood,44,2,0,0,0,2,0,0,0,0,0,0,0,0
C14H22O1,seen,37,89,53,18,18,0,52,18,17,0,1,0,1,0
C14H22O2,seen,38,104,62,21,21,0,62,21,21,0,0,0,0,0
C14H23N1,test_ood,38,88,0,0,0,88,0,0,0,88,0,0,0,2
C14H23N1O1,seen,39,1,1,0,0,0,0,0,0,0,0,0,0,0
C14H23N1O2,seen,40,199,119,40,40,0,117,40,40,0,2,2,3,0
C14H23N1O3,seen,41,1,1,0,0,0,0,0,0,0,0,0,0,0
C14H23N3,test_ood,40,2,0,0,0,2,0,0,0,0,0,0,0,0
C14H23N3O4,seen,44,1,1,0,0,0,0,0,0,0,0,0,0,0
C14H24N2,seen,40,1,1,0,0,0,0,0,0,0,0,0,0,0
C14H24N2O1,test_ood,41,332,0,0,0,332,0,0,0,326,0,0,0,7
C14H24N6O3,seen,47,1,1,0,0,0,0,0,0,0,0,0,0,0
C14H24O1,seen,39,1,1,0,0,0,0,0,0,0,0,0,0,0
C14H25N1O4,seen,44,1,1,0,0,0,0,0,0,0,0,0,0,0
C14H25N3,test_ood,42,571,0,0,0,571,0,0,0,553,0,0,0,38
C14H25N3O2,seen,44,2,1,1,0,0,0,0,0,0,0,0,0,0
C14H26N2,seen,42,2,1,1,0,0,0,0,0,0,0,0,0,0
C14H26N2O2,test_ood,44,2,0,0,0,2,0,0,0,0,0,0,0,0
C14H27N3O1,seen,45,2,1,1,0,0,0,0,0,0,0,0,0,0
C14H27N3O2,seen,46,1,1,0,0,0,0,0,0,0,0,0,0,0
C14H27N3O8,test_ood,52,1,0,0,0,1,0,0,0,0,0,0,0,0
C14H28N4,test_ood,46,2,0,0,0,2,0,0,0,0,0,0,0,0
C14H28O3,seen,45,131,79,26,26,0,79,25,26,0,6,2,1,0
C14H28O4,seen,46,140,84,28,28,0,84,28,27,0,1,1,0,0
C14H28O7,seen,49,1,1,0,0,0,0,0,0,0,0,0,0,0
C14H29N1,seen,44,3,2,1,0,0,0,0,0,0,0,0,0,0
C14H32N4,test_ood,50,106,0,0,0,106,0,0,0,105,0,0,0,8
C14H34N4O2,seen,54,1,1,0,0,0,0,0,0,0,0,0,0,0
C15H16N4O4,test_ood,39,1,0,0,0,1,0,0,0,0,0,0,0,0
C15H17N1,test_ood,33,195,0,0,0,195,0,0,0,190,0,0,0,6
C15H17N3O5,test_ood,40,1103,0,0,0,1103,0,0,0,1063,0,0,0,0
C15H17N5O3,test_ood,40,1,0,0,0,1,0,0,0,0,0,0,0,0
C15H18N4O2,test_ood,39,1,0,0,0,1,0,0,0,0,0,0,0,0
C15H18N4O3,seen,40,975,585,195,195,0,561,185,188,0,0,0,0,0
C15H18N4O4,test_ood,41,1703,0,0,0,1703,0,0,0,1623,0,0,0,0
C15H19N1,seen,35,107,64,22,21,0,63,22,21,0,0,0,0,0
C15H19N1O8,seen,43,1,1,0,0,0,0,0,0,0,0,0,0,0
C15H19N3O4,test_ood,41,1063,0,0,0,1063,0,0,0,1022,0,0,0,0
C15H19N3O5,test_ood,42,1,0,0,0,1,0,0,0,0,0,0,0,0
C15H20N2,seen,37,115,69,23,23,0,69,23,22,0,1,0,0,0
C15H20N2O4,seen,41,1,1,0,0,0,0,0,0,0,0,0,0,0
C15H21N3O4,seen,43,1,1,0,0,0,0,0,0,0,0,0,0,0
C15H21N5O4,test_ood,45,1,0,0,0,1,0,0,0,0,0,0,0,0
C15H22N2O1,seen,40,2,1,1,0,0,0,0,0,0,0,0,0,0
C15H22N2O3,test_ood,42,1259,0,0,0,1259,0,0,0,1179,0,0,0,25
C15H22N2O4,test_ood,43,1325,0,0,0,1325,0,0,0,1245,0,0,0,0
C15H23N1,test_ood,39,72,0,0,0,72,0,0,0,70,0,0,0,0
C15H23N3O3,test_ood,44,820,0,0,0,820,0,0,0,780,0,0,0,0
C15H23N3O4,seen,45,700,420,140,140,0,398,133,129,0,0,0,0,0
C15H23N5O3,test_ood,46,837,0,0,0,837,0,0,0,797,0,0,0,0
C15H23N5O4,seen,47,989,593,198,198,0,571,191,187,0,0,0,0,0
C15H25N1O7,test_ood,48,1,0,0,0,1,0,0,0,0,0,0,0,0
C15H27N7O2,test_ood,51,1,0,0,0,1,0,0,0,0,0,0,0,0
C15H28N2O8,test_ood,53,1,0,0,0,1,0,0,0,0,0,0,0,0
C15H29N3,test_ood,47,4,0,0,0,4,0,0,0,0,0,0,0,0
C15H30N4,seen,49,2,1,1,0,0,0,0,0,0,0,0,0,0
C16H17N7O1,seen,41,1,1,0,0,0,0,0,0,0,0,0,0,0
C16H19N1O3,test_ood,39,1,0,0,0,1,0,0,0,0,0,0,0,0
C16H19N3O3,test_ood,41,1023,0,0,0,1023,0,0,0,982,0,0,0,0
C16H19N3O5,seen,43,1135,681,227,227,0,656,220,219,0,0,0,0,0
C16H20N4O3,test_ood,43,1,0,0,0,1,0,0,0,0,0,0,0,0
C16H20N4O4,seen,44,996,598,199,199,0,574,191,191,0,0,0,0,0
C16H21N1,seen,38,1,1,0,0,0,0,0,0,0,0,0,0,0
C16H21N3O3,test_ood,43,836,0,0,0,836,0,0,0,796,0,0,0,0
C16H22N4O3,test_ood,45,1,0,0,0,1,0,0,0,0,0,0,0,0
C16H23N5O3,test_ood,47,1,0,0,0,1,0,0,0,0,0,0,0,0
C16H23N5O4,seen,48,1,1,0,0,0,0,0,0,0,0,0,0,0
C16H24N6O5,test_ood,51,1,0,0,0,1,0,0,0,0,0,0,0,0
C16H25N5O5,seen,51,1,1,0,0,0,0,0,0,0,0,0,0,0
C16H26N2O3,seen,47,1,1,0,0,0,0,0,0,0,0,0,0,0
C16H27N3,test_ood,46,1,0,0,0,1,0,0,0,0,0,0,0,0
C16H31N3,test_ood,50,2,0,0,0,2,0,0,0,0,0,0,0,0
C17H17N1O6,seen,41,1,1,0,0,0,0,0,0,0,0,0,0,0
C17H19N5O3,seen,44,918,551,184,183,0,529,173,176,0,0,0,0,0
C17H20N6O3,test_ood,46,1,0,0,0,1,0,0,0,0,0,0,0,0
C17H20N8,test_ood,45,1,0,0,0,1,0,0,0,0,0,0,0,0
C17H21N5O1,seen,44,1,1,0,0,0,0,0,0,0,0,0,0,0
C17H22N4O4,test_ood,47,1,0,0,0,1,0,0,0,0,0,0,0,0
C17H22N6O1,test_ood,46,1,0,0,0,1,0,0,0,0,0,0,0,0
C17H23N3O3,test_ood,46,1720,0,0,0,1720,0,0,0,1640,0,0,0,0
C17H23N3O5,seen,48,1,1,0,0,0,0,0,0,0,0,0,0,0
C17H24N4O3,test_ood,48,803,0,0,0,803,0,0,0,763,0,0,0,0
C17H24N6O3,seen,50,1127,676,226,225,0,654,218,215,0,0,0,0,0
C17H27N5O3,seen,52,1,1,0,0,0,0,0,0,0,0,0,0,0
C17H30N2,seen,49,97,58,20,19,0,58,19,19,0,1,3,1,0
C17H33N3O4,seen,57,1,1,0,0,0,0,0,0,0,0,0,0,0
C17H36O2,test_ood,55,55,0,0,0,55,0,0,0,51,0,0,0,3
C18H14N2O4,test_ood,38,1,0,0,0,1,0,0,0,0,0,0,0,0
C18H16N4O1,test_ood,39,1,0,0,0,1,0,0,0,0,0,0,0,0
C18H18N2O3,seen,41,1,1,0,0,0,0,0,0,0,0,0,0,0
C18H19N1O5,seen,43,1,1,0,0,0,0,0,0,0,0,0,0,0
C18H19N3O4,seen,44,2,1,1,0,0,0,0,0,0,0,0,0,0
C18H20N2O3,test_ood,43,443,0,0,0,443,0,0,0,423,0,0,0,0
C18H20N2O4,seen,44,735,441,147,147,0,416,139,140,0,0,0,0,0
C18H20N2O5,test_ood,45,472,0,0,0,472,0,0,0,356,0,0,0,0
C18H24N4O1,seen,47,1,1,0,0,0,0,0,0,0,0,0,0,0
C18H25N3O1,seen,47,1,1,0,0,0,0,0,0,0,0,0,0,0
C18H27N3O2,seen,50,1,1,0,0,0,0,0,0,0,0,0,0,0
C18H27N3O6,test_ood,54,1,0,0,0,1,0,0,0,0,0,0,0,0
C19H19N5O1,test_ood,44,1,0,0,0,1,0,0,0,0,0,0,0,0
C19H20N4O2,test_ood,45,1,0,0,0,1,0,0,0,0,0,0,0,0
C19H23N3O2,seen,47,1,1,0,0,0,0,0,0,0,0,0,0,0
C19H25N5,seen,49,1,1,0,0,0,0,0,0,0,0,0,0,0
C19H31N5O3,test_ood,58,1,0,0,0,1,0,0,0,0,0,0,0,0
C19H33N3O3,test_ood,58,1,0,0,0,1,0,0,0,0,0,0,0,0
C19H36N4O3,seen,62,1,1,0,0,0,0,0,0,0,0,0,0,0
C1H1N1,seen,3,231,139,46,46,0,138,44,46,0,21,12,9,0
C1H1N1O1,test_ood,4,229,0,0,0,229,0,0,0,225,0,0,0,53
C1H1N3O1,test_ood,6,2561,0,0,0,2561,0,0,0,2560,0,0,0,558
C1H1N3O2,seen,7,5099,3059,1020,1020,0,3050,1019,1018,0,625,210,245,0
C1H1N3O3,seen,8,1571,943,314,314,0,936,311,312,0,220,65,62,0
C1H1N5O2,test_ood,9,492,0,0,0,492,0,0,0,487,0,0,0,95
C1H2N2,test_ood,5,458,0,0,0,458,0,0,0,446,0,0,0,84
C1H2N2O1,seen,6,246,148,49,49,0,102,34,31,0,28,8,5,0
C1H2N2O2,seen,7,35,21,7,7,0,21,7,7,0,3,1,2,0
C1H2N2O4,test_ood,9,10,0,0,0,10,0,0,0,10,0,0,0,0
C1H2N2O5,test_ood,10,2,0,0,0,2,0,0,0,2,0,0,0,0
C1H2N4,test_ood,7,2831,0,0,0,2831,0,0,0,2828,0,0,0,549
C1H2N4O1,test_ood,8,12268,0,0,0,12268,0,0,0,12237,0,0,0,2408
C1H2N4O2,seen,9,4478,2687,896,895,0,2669,889,893,0,313,100,126,0
C1H2N4O3,seen,10,1810,1086,362,362,0,1061,353,354,0,187,63,56,0
C1H2O1,test_ood,4,1206,0,0,0,1206,0,0,0,1203,0,0,0,167
C1H2O2,test_ood,5,2287,0,0,0,2287,0,0,0,2281,0,0,0,404
C1H2O3,seen,6,2771,1663,554,554,0,1656,553,550,0,331,128,147,0
C1H2O4,test_ood,7,49,0,0,0,49,0,0,0,49,0,0,0,5
C1H3N1O1,test_ood,6,4148,0,0,0,4148,0,0,0,4139,0,0,0,602
C1H3N1O2,test_ood,7,3276,0,0,0,3276,0,0,0,3134,0,0,0,463
C1H3N1O3,seen,8,140,84,28,28,0,84,28,28,0,16,1,2,0
C1H3N1O4,seen,9,69,41,14,14,0,41,14,14,0,13,4,0,0
C1H3N3O1,seen,8,62,37,13,12,0,37,13,12,0,8,0,2,0
C1H3N3O2,seen,9,17,10,4,3,0,10,4,3,0,0,0,1,0
C1H3N3O3,test_ood,10,42,0,0,0,42,0,0,0,42,0,0,0,1
C1H3N5,seen,9,5453,3272,1091,1090,0,3265,1087,1089,0,565,194,191,0
C1H3N5O1,test_ood,10,4954,0,0,0,4954,0,0,0,4930,0,0,0,549
C1H3N5O2,test_ood,11,4630,0,0,0,4630,0,0,0,4544,0,0,0,575
C1H3N5O3,seen,12,1,1,0,0,0,1,0,0,0,0,0,0,0
C1H3N7,test_ood,11,1,0,0,0,1,0,0,0,1,0,0,0,0
C1H4,seen,5,1376,826,275,275,0,825,274,274,0,113,29,31,0
C1H4N2,seen,7,5717,3430,1144,1143,0,3346,1116,1120,0,423,162,147,0
C1H4N2O1,test_ood,8,8361,0,0,0,8361,0,0,0,8120,0,0,0,843
C1H4N2O2,seen,9,7786,4672,1557,1557,0,4588,1520,1523,0,642,215,190,0
C1H4N2O3,seen,10,1703,1022,341,340,0,1016,340,340,0,158,61,49,0
C1H4N4,seen,9,43,26,9,8,0,26,9,8,0,3,2,1,0
C1H4N4O1,seen,10,519,311,104,104,0,307,104,104,0,40,23,19,0
C1H4N4O2,test_ood,11,670,0,0,0,670,0,0,0,381,0,0,0,92
C1H4N4O3,test_ood,12,5,0,0,0,5,0,0,0,5,0,0,0,0
C1H4N4O4,seen,13,2,1,1,0,0,1,1,0,0,1,1,0,0
C1H4N6,seen,11,1808,1085,362,361,0,1084,361,360,0,158,48,56,0
C1H4N6O1,test_ood,12,4745,0,0,0,4745,0,0,0,4661,0,0,0,610
C1H4N6O2,seen,13,1,1,0,0,0,0,0,0,0,0,0,0,0
C1H4O1,seen,6,1684,1010,337,337,0,1007,337,337,0,137,33,37,0
C1H4O2,test_ood,7,756,0,0,0,756,0,0,0,216,0,0,0,73
C1H4O3,seen,8,416,250,83,83,0,144,44,56,0,27,10,13,0
C1H4O4,test_ood,9,83,0,0,0,83,0,0,0,83,0,0,0,10
C1H4O5,seen,10,45,27,9,9,0,27,9,9,0,6,3,4,0
C1H5N1,seen,7,2127,1276,426,425,0,1273,426,425,0,165,76,71,0
C1H5N1O1,seen,8,1289,773,258,258,0,259,99,92,0,86,25,36,0
C1H5N1O2,seen,9,744,446,149,149,0,208,75,78,0,45,17,16,0
C1H5N1O3,seen,10,106,64,21,21,0,64,21,20,0,14,3,2,0
C1H5N1O4,seen,11,58,35,12,11,0,35,12,11,0,6,1,2,0
C1H5N3,seen,9,5554,3332,1111,1111,0,3303,1105,1101,0,305,111,99,0
C1H5N3O1,seen,10,10568,6341,2114,2113,0,6330,2106,2108,0,704,224,214,0
C1H5N3O2,seen,11,2538,1523,508,507,0,1518,506,506,0,200,83,79,0
C1H5N3O3,test_ood,12,433,0,0,0,433,0,0,0,427,0,0,0,62
C1H5N3O5,test_ood,14,1,0,0,0,1,0,0,0,1,0,0,0,1
C1H5N5O1,test_ood,12,42,0,0,0,42,0,0,0,42,0,0,0,4
C1H5N5O2,seen,13,2,1,1,0,0,0,1,0,0,0,0,0,0
C1H5N5O3,seen,14,2,1,1,0,0,0,1,0,0,0,0,0,0
C1H5N7,test_ood,13,1186,0,0,0,1186,0,0,0,1164,0,0,0,140
C1H5N7O1,seen,14,15,9,3,3,0,8,3,3,0,1,1,1,0
C1H6N2,test_ood,9,600,0,0,0,600,0,0,0,240,0,0,0,83
C1H6N2O1,seen,10,755,453,151,151,0,234,84,83,0,66,26,18,0
C1H6N2O2,seen,11,154,92,31,31,0,92,31,31,0,18,2,6,0
C1H6N2O3,seen,12,64,38,13,13,0,37,13,13,0,8,2,2,0
C1H6N2O4,test_ood,13,34,0,0,0,34,0,0,0,33,0,0,0,3
C1H6N2O5,seen,14,3,2,1,0,0,2,1,0,0,1,0,0,0
C1H6N4,seen,11,5295,3177,1059,1059,0,3169,1058,1057,0,458,158,136,0
C1H6N4O1,seen,12,1603,962,321,320,0,958,315,318,0,136,39,35,0
C1H6N4O2,seen,13,854,512,171,171,0,506,169,168,0,58,15,29,0
C1H6N4O3,test_ood,14,1,0,0,0,1,0,0,0,0,0,0,0,0
C1H6N4O4,test_ood,15,1,0,0,0,1,0,0,0,0,0,0,0,0
C1H6N6O1,test_ood,14,2,0,0,0,2,0,0,0,1,0,0,0,1
C1H6O1,test_ood,8,554,0,0,0,554,0,0,0,56,0,0,0,36
C1H6O2,test_ood,9,744,0,0,0,744,0,0,0,101,0,0,0,70
C1H6O3,seen,10,299,179,60,60,0,61,27,25,0,23,5,6,0
C1H6O4,test_ood,11,22,0,0,0,22,0,0,0,22,0,0,0,0
C1H7N1,seen,9,806,484,161,161,0,34,7,12,0,51,13,21,0
C1H7N1O1,seen,10,1294,776,259,259,0,94,26,34,0,75,38,29,0
C1H7N1O2,seen,11,477,286,96,95,0,88,27,27,0,30,11,13,0
C1H7N1O3,test_ood,12,22,0,0,0,22,0,0,0,22,0,0,0,2
C1H7N3,seen,11,288,173,58,57,0,106,41,39,0,28,9,16,0
C1H7N3O1,test_ood,12,80,0,0,0,80,0,0,0,80,0,0,0,7
C1H7N3O2,seen,13,32,19,7,6,0,19,7,6,0,1,0,0,0
C1H7N3O3,seen,14,27,16,6,5,0,16,6,5,0,4,0,1,0
C1H7N5,seen,13,868,521,174,173,0,516,173,173,0,71,22,23,0
C1H7N5O1,test_ood,14,532,0,0,0,532,0,0,0,526,0,0,0,54
C1H7N5O2,test_ood,15,2,0,0,0,2,0,0,0,2,0,0,0,0
C1H8N2,test_ood,11,562,0,0,0,562,0,0,0,115,0,0,0,61
C1H8N2O1,seen,12,353,212,71,70,0,60,12,24,0,28,5,10,0
C1H8N4,seen,13,25,15,5,5,0,15,5,5,0,2,2,0,0
C1H8N4O1,seen,14,16,10,3,3,0,10,3,3,0,1,0,0,0
C1H8N4O2,seen,15,45,27,9,9,0,27,9,9,0,1,0,3,0
C1H8N4O3,test_ood,16,1,0,0,0,1,0,0,0,1,0,0,0,0
C1H8N4O4,test_ood,17,2,0,0,0,2,0,0,0,2,0,0,0,0
C1H8N6,seen,15,364,218,73,73,0,215,73,73,0,37,8,3,0
C1H8N6O1,seen,16,3,2,1,0,0,1,1,0,0,0,0,0,0
C1H9N3,test_ood,13,95,0,0,0,95,0,0,0,25,0,0,0,11
C1H9N5O1,test_ood,16,33,0,0,0,33,0,0,0,32,0,0,0,1
C1H9N5O2,test_ood,17,1,0,0,0,1,0,0,0,1,0,0,0,0
C1N2O3,seen,6,592,355,119,118,0,355,119,117,0,74,20,31,0
C1N4O3,seen,8,676,406,135,135,0,402,134,135,0,60,20,23,0
C1O1,test_ood,2,457,0,0,0,457,0,0,0,455,0,0,0,95
C1O2,test_ood,3,531,0,0,0,531,0,0,0,531,0,0,0,134
C20H21N3O3,seen,47,995,597,199,199,0,572,191,192,0,0,0,0,0
C20H21N3O4,seen,48,919,551,184,184,0,525,178,176,0,0,0,0,0
C20H23N3,test_ood,46,1,0,0,0,1,0,0,0,0,0,0,0,0
C20H28N2O1,seen,51,1,1,0,0,0,0,0,0,0,0,0,0,0
C20H28N4O2,seen,54,1,1,0,0,0,0,0,0,0,0,0,0,0
C20H38O4,seen,62,1,1,0,0,0,0,0,0,0,0,0,0,0
C21H27N1O1,test_ood,50,1,0,0,0,1,0,0,0,0,0,0,0,0
C21H27N5O2,test_ood,55,1,0,0,0,1,0,0,0,0,0,0,0,0
C21H35N5O2,seen,63,1,1,0,0,0,0,0,0,0,0,0,0,0
C22H22N4O3,test_ood,51,549,0,0,0,549,0,0,0,529,0,0,0,0
C22H26N2O2,seen,52,1,1,0,0,0,0,0,0,0,0,0,0,0
C22H27N1O2,seen,52,1,1,0,0,0,0,0,0,0,0,0,0,0
C22H27N5O1,test_ood,55,1,0,0,0,1,0,0,0,0,0,0,0,0
C22H29N3O1,seen,55,1,1,0,0,0,0,0,0,0,0,0,0,0
C24H25N5O1,seen,55,1,1,0,0,0,0,0,0,0,0,0,0,0
C2H10N2,test_ood,14,99,0,0,0,99,0,0,0,56,0,0,0,9
C2H10N2O1,seen,15,26,16,5,5,0,16,5,5,0,2,0,2,0
C2H10N4,test_ood,16,1,0,0,0,1,0,0,0,1,0,0,0,0
C2H10N4O1,seen,17,71,43,14,14,0,43,14,13,0,6,0,3,0
C2H10N4O2,seen,18,2,1,1,0,0,1,1,0,0,0,0,0,0
C2H10N4O3,test_ood,19,1,0,0,0,1,0,0,0,1,0,0,0,1
C2H10N6,test_ood,18,505,0,0,0,505,0,0,0,485,0,0,0,75
C2H10N6O1,test_ood,19,1,0,0,0,1,0,0,0,1,0,0,0,1
C2H10N6O3,test_ood,21,1,0,0,0,1,0,0,0,1,0,0,0,0
C2H11N3,seen,16,11,7,2,2,0,7,2,2,0,2,1,0,0
C2H11N5,test_ood,18,1,0,0,0,1,0,0,0,1,0,0,0,0
C2H11N5O1,seen,19,1,1,0,0,0,1,0,0,0,1,0,0,0
C2H1N1O1,test_ood,5,1357,0,0,0,1357,0,0,0,1357,0,0,0,192
C2H1N1O2,seen,6,1984,1190,397,397,0,1190,396,397,0,240,62,70,0
C2H1N1O3,seen,7,588,353,118,117,0,353,118,117,0,61,27,19,0
C2H1N1O4,test_ood,8,1120,0,0,0,1120,0,0,0,1116,0,0,0,168
C2H1N1O5,test_ood,9,501,0,0,0,501,0,0,0,490,0,0,0,65
C2H1N3,seen,6,216,130,43,43,0,128,43,42,0,28,9,10,0
C2H1N3O2,seen,8,3373,2024,675,674,0,2017,674,674,0,425,146,137,0
C2H1N3O3,test_ood,9,6242,0,0,0,6242,0,0,0,6162,0,0,0,1102
C2H1N3O4,seen,10,104,62,21,21,0,53,18,18,0,15,4,4,0
C2H1N5,seen,8,686,412,137,137,0,410,137,134,0,56,24,20,0
C2H1N5O1,test_ood,9,5490,0,0,0,5490,0,0,0,5331,0,0,0,1119
C2H1N5O2,seen,10,242,145,49,48,0,132,43,39,0,32,12,11,0
C2H1N5O5,test_ood,13,1,0,0,0,1,0,0,0,1,0,0,0,0
C2H2,seen,4,1706,1024,341,341,0,1023,340,340,0,246,101,77,0
C2H2N2,seen,6,211,127,42,42,0,92,33,25,0,25,9,9,0
C2H2N2O1,seen,7,7866,4720,1573,1573,0,4716,1572,1573,0,797,261,287,0
C2H2N2O2,seen,8,9575,5745,1915,1915,0,5732,1909,1906,0,828,290,284,0
C2H2N2O3,seen,9,7368,4421,1474,1473,0,4396,1469,1462,0,554,197,170,0
C2H2N2O4,test_ood,10,5500,0,0,0,5500,0,0,0,5426,0,0,0,642
C2H2N2O5,test_ood,11,39,0,0,0,39,0,0,0,34,0,0,0,9
C2H2N4,test_ood,8,2161,0,0,0,2161,0,0,0,2155,0,0,0,452
C2H2N4O1,seen,9,6470,3882,1294,1294,0,3865,1287,1293,0,641,206,214,0
C2H2N4O2,test_ood,10,20035,0,0,0,20035,0,0,0,19682,0,0,0,2422
C2H2N4O3,seen,11,396,238,79,79,0,207,66,65,0,47,14,8,0
C2H2N6,test_ood,10,5593,0,0,0,5593,0,0,0,5506,0,0,0,632
C2H2N6O1,test_ood,11,292,0,0,0,292,0,0,0,249,0,0,0,53
C2H2N6O3,seen,13,3,2,1,0,0,2,1,0,0,0,0,0,0
C2H2N6O4,seen,14,3,2,1,0,0,2,1,0,0,0,0,0,0
C2H2O2,test_ood,6,1991,0,0,0,1991,0,0,0,1985,0,0,0,281
C2H2O3,seen,7,1385,831,277,277,0,741,255,242,0,95,28,33,0
C2H2O4,test_ood,8,1205,0,0,0,1205,0,0,0,1202,0,0,0,245
C2H3N1,seen,6,1133,680,227,226,0,680,226,226,0,72,24,13,0
C2H3N1O1,seen,7,1774,1064,355,355,0,990,329,327,0,150,54,50,0
C2H3N1O2,test_ood,8,7819,0,0,0,7819,0,0,0,7811,0,0,0,1201
C2H3N1O3,seen,9,8528,5117,1706,1705,0,5099,1697,1702,0,853,253,282,0
C2H3N1O4,seen,10,648,389,130,129,0,386,125,124,0,65,15,25,0
C2H3N3,seen,8,4529,2717,906,906,0,2714,905,906,0,294,100,94,0
C2H3N3O1,test_ood,9,14783,0,0,0,14783,0,0,0,14724,0,0,0,2459
C2H3N3O2,test_ood,10,18663,0,0,0,18663,0,0,0,18555,0,0,0,1944
C2H3N3O3,seen,11,17418,10451,3484,3483,0,10241,3424,3420,0,1218,445,398,0
C2H3N3O4,test_ood,12,316,0,0,0,316,0,0,0,273,0,0,0,43
C2H3N3O5,seen,13,2,1,1,0,0,1,1,0,0,1,0,0,0
C2H3N5,seen,10,3627,2176,726,725,0,2165,724,720,0,337,126,127,0
C2H3N5O1,seen,11,23881,14329,4776,4776,0,14135,4705,4696,0,1645,537,574,0
C2H3N5O2,test_ood,12,1018,0,0,0,1018,0,0,0,863,0,0,0,159
C2H3N7,seen,12,65,39,13,13,0,32,12,12,0,7,4,3,0
C2H3N7O1,test_ood,13,1,0,0,0,1,0,0,0,1,0,0,0,0
C2H3N7O2,seen,14,6,4,1,1,0,4,1,1,0,2,0,0,0
C2H3N7O3,test_ood,15,7,0,0,0,7,0,0,0,7,0,0,0,2
C2H4,test_ood,6,1957,0,0,0,1957,0,0,0,1954,0,0,0,96
C2H4N2,seen,8,3620,2172,724,724,0,2073,698,699,0,526,172,184,0
C2H4N2O1,test_ood,9,6679,0,0,0,6679,0,0,0,6664,0,0,0,756
C2H4N2O2,seen,10,18912,11347,3783,3782,0,11223,3745,3744,0,1323,466,430,0
C2H4N2O3,seen,11,6013,3608,1203,1202,0,3566,1192,1195,0,415,120,148,0
C2H4N2O4,seen,12,2896,1738,579,579,0,1691,561,564,0,231,79,93,0
C2H4N2O5,seen,13,2,1,1,0,0,1,1,0,0,1,0,0,0
C2H4N4,seen,10,7956,4774,1591,1591,0,4669,1562,1557,0,649,246,215,0
C2H4N4O1,seen,11,19114,11468,3823,3823,0,11295,3771,3777,0,1122,372,408,0
C2H4N4O2,seen,12,25513,15308,5103,5102,0,15014,5011,5001,0,1754,624,534,0
C2H4N4O3,seen,13,348,209,70,69,0,179,64,60,0,25,10,5,0
C2H4N4O4,test_ood,14,1,0,0,0,1,0,0,0,1,0,0,0,0
C2H4N6,seen,12,11378,6827,2276,2275,0,6694,2238,2228,0,860,284,273,0
C2H4N6O1,test_ood,13,1141,0,0,0,1141,0,0,0,988,0,0,0,173
C2H4N8O1,test_ood,15,1,0,0,0,1,0,0,0,1,0,0,0,0
C2H4N8O2,seen,16,19,11,4,4,0,11,4,4,0,0,1,0,0
C2H4O1,test_ood,7,5839,0,0,0,5839,0,0,0,5381,0,0,0,865
C2H4O2,seen,8,4980,2988,996,996,0,2753,931,926,0,383,111,121,0
C2H4O3,seen,9,3132,1879,627,626,0,1584,538,539,0,323,98,111,0
C2H4O4,test_ood,10,187,0,0,0,187,0,0,0,185,0,0,0,50
C2H4O5,seen,11,7,4,2,1,0,4,2,1,0,1,0,0,0
C2H5N1,seen,8,2903,1742,581,580,0,1498,498,502,0,206,74,71,0
C2H5N1O1,seen,9,6593,3956,1319,1318,0,3696,1238,1228,0,369,141,131,0
C2H5N1O2,test_ood,10,14294,0,0,0,14294,0,0,0,13669,0,0,0,1327
C2H5N1O3,test_ood,11,2044,0,0,0,2044,0,0,0,1742,0,0,0,277
C2H5N1O4,seen,12,66,40,13,13,0,40,12,12,0,2,1,1,0
C2H5N1O5,seen,13,1,1,0,0,0,1,0,0,0,1,0,0,0
C2H5N1O6,test_ood,14,1,0,0,0,1,0,0,0,1,0,0,0,0
C2H5N3,seen,10,4972,2983,995,994,0,2981,992,993,0,359,123,109,0
C2H5N3O1,seen,11,14300,8580,2860,2860,0,8540,2848,2850,0,1013,372,349,0
C2H5N3O2,seen,12,9413,5648,1883,1882,0,5596,1868,1855,0,570,176,216,0
C2H5N3O3,seen,13,8185,4911,1637,1637,0,4828,1596,1609,0,565,206,186,0
C2H5N3O4,test_ood,14,33,0,0,0,33,0,0,0,31,0,0,0,6
C2H5N3O5,seen,15,1,1,0,0,0,0,0,0,0,0,0,0,0
C2H5N5,test_ood,12,7397,0,0,0,7397,0,0,0,7218,0,0,0,688
C2H5N5O1,test_ood,13,18896,0,0,0,18896,0,0,0,18492,0,0,0,2064
C2H5N5O2,seen,14,521,313,104,104,0,277,91,99,0,53,22,23,0
C2H5N5O3,seen,15,487,292,98,97,0,278,98,94,0,32,12,11,0
C2H5N5O4,test_ood,16,2,0,0,0,2,0,0,0,2,0,0,0,0
C2H5N5O5,test_ood,17,1,0,0,0,1,0,0,0,1,0,0,0,0
C2H5N7,seen,14,366,220,73,73,0,195,61,58,0,28,9,7,0
C2H5N9,seen,16,1,1,0,0,0,1,0,0,0,0,0,0,0
C2H5N9O1,seen,17,4,2,1,1,0,2,1,1,0,0,0,0,0
C2H6,seen,8,1836,1102,367,367,0,1009,345,338,0,171,52,57,0
C2H6N10,seen,18,1,1,0,0,0,1,0,0,0,0,0,0,0
C2H6N2,seen,10,7243,4346,1449,1448,0,4136,1373,1385,0,242,73,80,0
C2H6N2O1,seen,11,24612,14767,4923,4922,0,14647,4883,4898,0,1212,402,385,0
C2H6N2O2,seen,12,6185,3711,1237,1237,0,3510,1174,1175,0,435,152,159,0
C2H6N2O3,test_ood,13,1273,0,0,0,1273,0,0,0,1252,0,0,0,153
C2H6N2O4,seen,14,3,2,1,0,0,2,1,0,0,1,0,0,0
C2H6N2O5,seen,15,5,3,1,1,0,2,0,0,0,0,0,0,0
C2H6N2O6,test_ood,16,1,0,0,0,1,0,0,0,0,0,0,0,0
C2H6N4,seen,12,7072,4243,1415,1414,0,4219,1406,1407,0,513,185,164,0
C2H6N4O1,seen,13,7908,4745,1582,1581,0,4698,1573,1564,0,534,149,168,0
C2H6N4O2,seen,14,13995,8397,2799,2799,0,8177,2737,2749,0,947,344,305,0
C2H6N4O3,test_ood,15,206,0,0,0,206,0,0,0,177,0,0,0,38
C2H6N4O4,test_ood,16,2,0,0,0,2,0,0,0,0,0,0,0,0
C2H6N6,test_ood,14,6373,0,0,0,6373,0,0,0,6222,0,0,0,745
C2H6N6O1,seen,15,417,250,84,83,0,215,79,75,0,38,10,9,0
C2H6N6O2,seen,16,3,2,1,0,0,2,1,0,0,0,0,0,0
C2H6N6O3,test_ood,17,7,0,0,0,7,0,0,0,7,0,0,0,0
C2H6N6O4,seen,18,1,1,0,0,0,1,0,0,0,0,0,0,0
C2H6O1,seen,9,3031,1819,606,606,0,1550,506,519,0,126,25,40,0
C2H6O2,seen,10,3961,2377,792,792,0,1170,414,389,0,199,73,62,0
C2H6O3,seen,11,117,70,24,23,0,70,24,23,0,6,0,2,0
C2H6O4,seen,12,74,44,15,15,0,44,15,15,0,4,3,3,0
C2H7N1,test_ood,10,3604,0,0,0,3604,0,0,0,2914,0,0,0,204
C2H7N1O1,test_ood,11,2207,0,0,0,2207,0,0,0,1755,0,0,0,137
C2H7N1O2,seen,12,184,110,37,37,0,110,37,37,0,16,5,6,0
C2H7N1O3,seen,13,142,85,29,28,0,85,29,28,0,19,4,8,0
C2H7N1O4,test_ood,14,15,0,0,0,15,0,0,0,15,0,0,0,1
C2H7N1O5,test_ood,15,1,0,0,0,1,0,0,0,1,0,0,0,0
C2H7N3,seen,12,12022,7213,2405,2404,0,7203,2402,2400,0,476,147,149,0
C2H7N3O1,seen,13,9491,5695,1898,1898,0,5664,1891,1888,0,663,207,214,0
C2H7N3O2,test_ood,14,3384,0,0,0,3384,0,0,0,3208,0,0,0,426
C2H7N3O3,seen,15,469,281,94,94,0,268,90,90,0,31,11,16,0
C2H7N3O4,seen,16,9,5,2,2,0,2,1,0,0,1,0,1,0
C2H7N3O5,test_ood,17,1,0,0,0,1,0,0,0,0,0,0,0,0
C2H7N5,test_ood,14,3602,0,0,0,3602,0,0,0,3546,0,0,0,431
C2H7N5O1,test_ood,15,9763,0,0,0,9763,0,0,0,9512,0,0,0,1095
C2H7N5O2,seen,16,298,179,60,59,0,158,53,50,0,27,9,11,0
C2H7N5O3,seen,17,1,1,0,0,0,0,0,0,0,0,0,0,0
C2H7N5O4,test_ood,18,3,0,0,0,3,0,0,0,0,0,0,0,0
C2H7N7,seen,16,195,117,39,39,0,101,34,35,0,13,7,8,0
C2H7N7O1,test_ood,17,3,0,0,0,3,0,0,0,3,0,0,0,2
C2H7N7O2,test_ood,18,7,0,0,0,7,0,0,0,7,0,0,0,0
C2H7N7O3,test_ood,19,8,0,0,0,8,0,0,0,8,0,0,0,1
C2H8,seen,10,238,143,48,47,0,27,6,7,0,14,7,3,0
C2H8N2,seen,12,1882,1129,377,376,0,832,271,260,0,92,21,19,0
C2H8N2O1,seen,13,287,172,58,57,0,91,25,27,0,25,6,6,0
C2H8N2O2,test_ood,14,198,0,0,0,198,0,0,0,197,0,0,0,22
C2H8N2O3,seen,15,99,59,20,20,0,56,20,19,0,5,5,2,0
C2H8N2O4,test_ood,16,1,0,0,0,1,0,0,0,0,0,0,0,0
C2H8N4,test_ood,14,4081,0,0,0,4081,0,0,0,4053,0,0,0,389
C2H8N4O1,seen,15,1921,1153,384,384,0,1140,377,376,0,141,43,40,0
C2H8N4O2,seen,16,2272,1363,455,454,0,1318,447,444,0,183,66,62,0
C2H8N4O3,seen,17,6,4,1,1,0,4,0,0,0,0,0,1,0
C2H8N4O4,test_ood,18,1,0,0,0,1,0,0,0,0,0,0,0,0
C2H8N4O5,seen,19,1,1,0,0,0,1,0,0,0,0,0,0,0
C2H8N6,test_ood,16,4974,0,0,0,4974,0,0,0,4833,0,0,0,594
C2H8N6O1,seen,17,265,159,53,53,0,133,43,45,0,22,2,8,0
C2H8N6O2,seen,18,1,1,0,0,0,0,0,0,0,0,0,0,0
C2H8N6O3,test_ood,19,2,0,0,0,2,0,0,0,0,0,0,0,0
C2H8N8,seen,18,1,1,0,0,0,1,0,0,0,0,0,0,0
C2H8N8O1,seen,19,5,3,1,1,0,3,1,1,0,0,0,0,0
C2H8N8O2,test_ood,20,6,0,0,0,6,0,0,0,6,0,0,0,1
C2H8O1,test_ood,11,188,0,0,0,188,0,0,0,75,0,0,0,19
C2H8O2,test_ood,12,277,0,0,0,277,0,0,0,140,0,0,0,25
C2H8O3,test_ood,13,51,0,0,0,51,0,0,0,51,0,0,0,9
C2H8O4,seen,14,33,20,7,6,0,20,7,6,0,1,0,2,0
C2H9N1,seen,12,441,265,88,88,0,63,18,26,0,35,12,7,0
C2H9N1O1,seen,13,279,167,56,56,0,50,19,25,0,19,7,4,0
C2H9N1O2,seen,14,21,13,4,4,0,13,4,4,0,5,0,0,0
C2H9N1O3,seen,15,39,23,8,8,0,23,8,8,0,5,0,1,0
C2H9N3,seen,14,64,38,13,13,0,38,13,13,0,9,2,2,0
C2H9N3O1,seen,15,37,22,8,7,0,22,8,7,0,2,2,0,0
C2H9N3O2,test_ood,16,142,0,0,0,142,0,0,0,138,0,0,0,9
C2H9N3O3,test_ood,17,1,0,0,0,1,0,0,0,0,0,0,0,0
C2H9N5,seen,16,858,515,172,171,0,511,170,167,0,52,24,20,0
C2H9N5O1,test_ood,17,1386,0,0,0,1386,0,0,0,1335,0,0,0,149
C2H9N5O2,test_ood,18,4,0,0,0,4,0,0,0,4,0,0,0,0
C2H9N5O3,test_ood,19,2,0,0,0,2,0,0,0,2,0,0,0,0
C2H9N5O4,seen,20,2,1,1,0,0,1,1,0,0,0,0,0,0
C2H9N7,test_ood,18,29,0,0,0,29,0,0,0,26,0,0,0,6
C2H9N7O3,seen,21,1,1,0,0,0,0,0,0,0,0,0,0,0
C2H9N9O1,seen,21,1,1,0,0,0,1,0,0,0,0,0,0,0
C2N2,seen,4,1006,604,201,201,0,604,201,201,0,109,34,39,0
C2N2O4,seen,8,617,370,124,123,0,369,121,118,0,73,27,22,0
C2N2O5,test_ood,9,16,0,0,0,16,0,0,0,13,0,0,0,4
C2N4O1,test_ood,7,647,0,0,0,647,0,0,0,644,0,0,0,103
C2N4O2,seen,8,687,412,138,137,0,403,135,134,0,78,33,23,0
C2N4O3,test_ood,9,32,0,0,0,32,0,0,0,25,0,0,0,8
C2N6O1,seen,9,13,8,3,2,0,7,2,2,0,0,0,0,0
C3H10,seen,13,70,42,14,14,0,21,6,10,0,8,2,3,0
C3H10N2,test_ood,15,2504,0,0,0,2504,0,0,0,2496,0,0,0,128
C3H10N2O1,test_ood,16,981,0,0,0,981,0,0,0,833,0,0,0,77
C3H10N2O2,test_ood,17,911,0,0,0,911,0,0,0,906,0,0,0,106
C3H10N2O3,seen,18,152,91,31,30,0,90,30,30,0,8,5,5,0
C3H10N2O4,seen,19,3,2,1,0,0,2,1,0,0,0,0,0,0
C3H10N2O5,seen,20,1,1,0,0,0,0,0,0,0,0,0,0,0
C3H10N4,seen,17,1721,1033,344,344,0,1004,336,333,0,98,45,36,0
C3H10N4O1,seen,18,3251,1951,650,650,0,1895,638,629,0,217,61,73,0
C3H10N4O2,seen,19,142,85,29,28,0,70,26,20,0,13,6,2,0
C3H10N4O3,test_ood,20,10,0,0,0,10,0,0,0,6,0,0,0,1
C3H10N4O4,test_ood,21,4,0,0,0,4,0,0,0,2,0,0,0,0
C3H10N4O5,seen,22,2,1,1,0,0,1,0,0,0,0,0,0,0
C3H10N6,seen,19,433,260,87,86,0,223,74,74,0,40,9,7,0
C3H10N6O1,seen,20,7,4,2,1,0,4,2,1,0,1,0,0,0
C3H10N6O2,seen,21,5,3,1,1,0,3,1,1,0,0,0,0,0
C3H10N6O3,test_ood,22,17,0,0,0,17,0,0,0,15,0,0,0,0
C3H10N8,seen,21,4,2,1,1,0,2,1,1,0,0,0,0,0
C3H10N8O1,seen,22,29,17,6,6,0,17,6,6,0,0,0,0,0
C3H10O1,test_ood,14,25,0,0,0,25,0,0,0,18,0,0,0,4
C3H10O2,seen,15,27,16,6,5,0,16,6,5,0,3,0,0,0
C3H10O3,seen,16,65,39,13,13,0,39,13,13,0,7,2,1,0
C3H10O4,seen,17,7,4,2,1,0,4,2,1,0,0,0,0,0
C3H11N1,seen,15,31,19,6,6,0,16,4,5,0,3,1,0,0
C3H11N1O1,test_ood,16,22,0,0,0,22,0,0,0,22,0,0,0,4
C3H11N1O2,seen,17,37,22,8,7,0,22,8,7,0,2,2,0,0
C3H11N1O3,test_ood,18,21,0,0,0,21,0,0,0,21,0,0,0,0
C3H11N1O4,test_ood,19,1,0,0,0,1,0,0,0,1,0,0,0,0
C3H11N3,test_ood,17,1081,0,0,0,1081,0,0,0,1047,0,0,0,153
C3H11N3O1,seen,18,195,117,39,39,0,117,39,39,0,10,1,4,0
C3H11N3O2,seen,19,9,5,2,2,0,5,2,2,0,1,1,1,0
C3H11N3O3,test_ood,20,7,0,0,0,7,0,0,0,4,0,0,0,0
C3H11N3O4,seen,21,1,1,0,0,0,0,0,0,0,0,0,0,0
C3H11N5,test_ood,19,1064,0,0,0,1064,0,0,0,1018,0,0,0,121
C3H11N5O1,seen,20,134,80,27,27,0,69,23,21,0,10,5,4,0
C3H11N5O2,test_ood,21,7,0,0,0,7,0,0,0,7,0,0,0,0
C3H11N5O3,test_ood,22,11,0,0,0,11,0,0,0,7,0,0,0,1
C3H11N5O4,seen,23,2,1,1,0,0,1,0,0,0,0,0,0,0
C3H11N7,seen,21,2,1,1,0,0,1,1,0,0,0,0,0,0
C3H11N7O1,test_ood,22,5,0,0,0,5,0,0,0,5,0,0,0,0
C3H11N7O2,test_ood,23,3,0,0,0,3,0,0,0,3,0,0,0,0
C3H11N9,test_ood,23,3,0,0,0,3,0,0,0,3,0,0,0,0
C3H12N2,seen,17,10,6,2,2,0,6,2,2,0,3,0,0,0
C3H12N2O1,seen,18,32,19,7,6,0,19,7,6,0,0,0,0,0
C3H12N2O2,test_ood,19,36,0,0,0,36,0,0,0,36,0,0,0,4
C3H12N2O3,seen,20,3,2,1,0,0,1,1,0,0,0,0,0,0
C3H12N4,seen,19,2,1,1,0,0,1,1,0,0,0,1,0,0
C3H12N4O1,seen,20,5,3,1,1,0,3,1,1,0,0,1,0,0
C3H12N4O2,seen,21,4,2,1,1,0,0,1,1,0,0,0,0,0
C3H12N4O3,seen,22,2,1,1,0,0,0,0,0,0,0,0,0,0
C3H12N4O4,test_ood,23,1,0,0,0,1,0,0,0,0,0,0,0,0
C3H12N6,seen,21,91,55,18,18,0,44,16,16,0,0,1,1,0
C3H12N6O1,seen,22,4,2,1,1,0,2,1,1,0,0,0,0,0
C3H12N6O2,seen,23,10,6,2,2,0,5,2,2,0,0,1,0,0
C3H12N6O3,seen,24,5,3,1,1,0,3,0,1,0,0,0,0,0
C3H12N8O1,test_ood,24,13,0,0,0,13,0,0,0,13,0,0,0,3
C3H13N3,seen,19,1,1,0,0,0,1,0,0,0,1,0,0,0
C3H13N3O1,seen,20,3,2,1,0,0,2,1,0,0,0,0,0,0
C3H13N3O2,test_ood,21,2,0,0,0,2,0,0,0,1,0,0,0,0
C3H13N3O3,seen,22,1,1,0,0,0,0,0,0,0,0,0,0,0
C3H13N5O2,seen,23,1,1,0,0,0,0,0,0,0,0,0,0,0
C3H13N7,seen,23,2,1,1,0,0,1,1,0,0,0,0,0,0
C3H13N7O1,test_ood,24,5,0,0,0,5,0,0,0,5,0,0,0,0
C3H13N7O2,seen,25,8,5,2,1,0,5,1,1,0,1,0,1,0
C3H13N9,seen,25,2,1,1,0,0,1,1,0,0,0,0,0,0
C3H14N4O1,seen,22,1,1,0,0,0,0,0,0,0,0,0,0,0
C3H14N8,seen,25,2,1,1,0,0,1,1,0,0,0,0,0,0
C3H14N8O1,test_ood,26,2,0,0,0,2,0,0,0,2,0,0,0,0
C3H15N9,test_ood,27,2,0,0,0,2,0,0,0,2,0,0,0,0
C3H1N1,seen,5,1251,751,250,250,0,748,250,250,0,136,60,45,0
C3H1N1O2,seen,7,1073,644,215,214,0,638,215,214,0,97,39,29,0
C3H1N1O3,seen,8,1428,857,286,285,0,857,286,285,0,149,45,60,0
C3H1N1O4,seen,9,715,429,143,143,0,421,141,142,0,93,23,31,0
C3H1N1O5,seen,10,66,40,13,13,0,36,12,12,0,5,3,2,0
C3H1N3O1,seen,8,2697,1618,540,539,0,1612,539,536,0,230,77,81,0
C3H1N3O2,test_ood,9,2569,0,0,0,2569,0,0,0,2517,0,0,0,373
C3H1N3O3,test_ood,10,204,0,0,0,204,0,0,0,177,0,0,0,43
C3H1N5,seen,9,537,322,108,107,0,316,108,103,0,68,16,17,0
C3H1N5O1,seen,10,65,39,13,13,0,34,12,11,0,8,6,5,0
C3H2N2,seen,7,1140,684,228,228,0,684,228,228,0,135,35,34,0
C3H2N2O1,test_ood,8,3312,0,0,0,3312,0,0,0,3303,0,0,0,729
C3H2N2O2,seen,9,9799,5879,1960,1960,0,5852,1953,1955,0,609,172,205,0
C3H2N2O3,test_ood,10,16886,0,0,0,16886,0,0,0,16644,0,0,0,2139
C3H2N2O4,test_ood,11,382,0,0,0,382,0,0,0,324,0,0,0,69
C3H2N2O5,seen,12,1,1,0,0,0,1,0,0,0,0,0,0,0
C3H2N4,seen,9,1444,866,289,289,0,859,288,288,0,100,36,37,0
C3H2N4O1,test_ood,10,20758,0,0,0,20758,0,0,0,20357,0,0,0,2951
C3H2N4O2,seen,11,1364,818,273,273,0,691,236,239,0,158,56,57,0
C3H2N4O3,seen,12,1,1,0,0,0,1,0,0,0,1,0,0,0
C3H2N4O5,seen,14,1,1,0,0,0,1,0,0,0,0,0,0,0
C3H2N6,seen,11,76,46,15,15,0,34,10,14,0,9,2,3,0
C3H2N6O1,seen,12,1,1,0,0,0,1,0,0,0,0,0,0,0
C3H2N6O3,test_ood,14,1,0,0,0,1,0,0,0,1,0,0,0,0
C3H2O1,seen,6,1223,734,245,244,0,734,244,244,0,136,51,66,0
C3H2O2,seen,7,982,589,197,196,0,589,197,196,0,71,26,23,0
C3H2O3,test_ood,8,1516,0,0,0,1516,0,0,0,1511,0,0,0,273
C3H2O4,test_ood,9,1330,0,0,0,1330,0,0,0,1318,0,0,0,183
C3H2O5,seen,10,1002,601,201,200,0,587,196,199,0,105,26,38,0
C3H3N1,seen,7,1307,784,262,261,0,783,262,261,0,56,15,16,0
C3H3N1O1,seen,8,8542,5125,1709,1708,0,5112,1707,1707,0,633,226,207,0
C3H3N1O2,test_ood,9,9039,0,0,0,9039,0,0,0,9004,0,0,0,1142
C3H3N1O3,seen,10,8757,5254,1752,1751,0,5224,1748,1745,0,486,184,187,0
C3H3N1O4,test_ood,11,8343,0,0,0,8343,0,0,0,8212,0,0,0,942
C3H3N1O5,seen,12,57,34,12,11,0,33,11,10,0,6,3,2,0
C3H3N3,test_ood,9,5141,0,0,0,5141,0,0,0,5131,0,0,0,738
C3H3N3O1,test_ood,10,14963,0,0,0,14963,0,0,0,14882,0,0,0,1775
C3H3N3O2,seen,11,41575,24945,8315,8315,0,24549,8186,8177,0,2836,932,1011,0
C3H3N3O3,seen,12,1723,1034,345,344,0,901,301,296,0,136,42,56,0
C3H3N3O5,seen,14,1,1,0,0,0,1,0,0,0,0,0,0,0
C3H3N5,test_ood,11,17543,0,0,0,17543,0,0,0,17129,0,0,0,2167
C3H3N5O1,seen,12,2202,1321,441,440,0,1133,385,376,0,219,58,51,0
C3H3N5O2,seen,13,3,2,1,0,0,2,1,0,0,0,0,0,0
C3H3N5O3,test_ood,14,8,0,0,0,8,0,0,0,8,0,0,0,1
C3H3N5O4,test_ood,15,12,0,0,0,12,0,0,0,12,0,0,0,4
C3H3N7O2,test_ood,15,1,0,0,0,1,0,0,0,1,0,0,0,0
C3H4,seen,7,1699,1019,340,340,0,1014,340,337,0,90,28,35,0
C3H4N2,seen,9,10260,6156,2052,2052,0,6147,2052,2048,0,701,236,230,0
C3H4N2O1,seen,10,20433,12260,4087,4086,0,12128,4044,4045,0,1393,450,449,0
C3H4N2O2,seen,11,23456,14074,4691,4691,0,13888,4641,4627,0,1392,451,441,0
C3H4N2O3,seen,12,29125,17475,5825,5825,0,17037,5686,5701,0,1982,645,700,0
C3H4N2O4,seen,13,519,311,104,104,0,262,90,95,0,48,19,17,0
C3H4N4,seen,11,12148,7289,2430,2429,0,7066,2366,2341,0,836,259,250,0
C3H4N4O1,seen,12,49667,29800,9934,9933,0,29173,9705,9728,0,3324,1098,1093,0
C3H4N4O2,seen,13,2757,1654,552,551,0,1449,483,483,0,208,87,74,0
C3H4N4O3,test_ood,14,2,0,0,0,2,0,0,0,2,0,0,0,1
C3H4N4O4,test_ood,15,6,0,0,0,6,0,0,0,6,0,0,0,2
C3H4N4O5,test_ood,16,10,0,0,0,10,0,0,0,10,0,0,0,2
C3H4N6,test_ood,13,1483,0,0,0,1483,0,0,0,1290,0,0,0,245
C3H4N6O1,seen,14,1,1,0,0,0,1,0,0,0,1,0,0,0
C3H4N6O2,seen,15,11,7,2,2,0,7,2,2,0,4,0,0,0
C3H4N6O3,seen,16,26,16,5,5,0,16,5,5,0,3,0,2,0
C3H4N8,test_ood,15,2,0,0,0,2,0,0,0,2,0,0,0,0
C3H4N8O1,test_ood,16,4,0,0,0,4,0,0,0,4,0,0,0,1
C3H4O1,seen,8,3141,1885,628,628,0,1750,580,585,0,130,33,41,0
C3H4O2,seen,9,10807,6484,2162,2161,0,6115,2051,2051,0,619,214,237,0
C3H4O3,test_ood,10,5157,0,0,0,5157,0,0,0,4995,0,0,0,799
C3H4O4,seen,11,1142,685,229,228,0,680,228,226,0,105,27,31,0
C3H4O5,seen,12,650,390,130,130,0,385,129,130,0,58,17,17,0
C3H4O6,test_ood,13,1,0,0,0,1,0,0,0,1,0,0,0,0
C3H5N1,test_ood,9,2605,0,0,0,2605,0,0,0,2604,0,0,0,132
C3H5N1O1,seen,10,18157,10894,3632,3631,0,10888,3631,3628,0,1044,385,331,0
C3H5N1O2,test_ood,11,14898,0,0,0,14898,0,0,0,14102,0,0,0,1585
C3H5N1O3,seen,12,7914,4748,1583,1583,0,4720,1573,1575,0,619,191,224,0
C3H5N1O4,test_ood,13,5203,0,0,0,5203,0,0,0,4819,0,0,0,598
C3H5N1O5,seen,14,5,3,1,1,0,3,1,1,0,1,1,0,0
C3H5N3,seen,11,11893,7136,2379,2378,0,7024,2344,2340,0,699,213,231,0
C3H5N3O1,test_ood,12,28478,0,0,0,28478,0,0,0,28020,0,0,0,2433
C3H5N3O2,seen,13,49066,29440,9813,9813,0,28692,9563,9571,0,3330,1122,1089,0
C3H5N3O3,seen,14,1786,1072,357,357,0,930,319,322,0,142,39,52,0
C3H5N3O4,seen,15,3,2,1,0,0,2,1,0,0,0,0,0,0
C3H5N3O5,seen,16,1,1,0,0,0,1,0,0,0,0,0,0,0
C3H5N5,test_ood,13,20073,0,0,0,20073,0,0,0,19676,0,0,0,2124
C3H5N5O1,test_ood,14,3114,0,0,0,3114,0,0,0,2711,0,0,0,412
C3H5N5O2,seen,15,181,109,36,36,0,101,35,36,0,18,6,5,0
C3H5N5O3,test_ood,16,10,0,0,0,10,0,0,0,10,0,0,0,0
C3H5N5O4,test_ood,17,16,0,0,0,16,0,0,0,16,0,0,0,3
C3H5N7,seen,15,1,1,0,0,0,1,0,0,0,0,0,0,0
C3H5N7O1,seen,16,7,4,2,1,0,4,2,1,0,2,0,0,0
C3H5N7O2,test_ood,17,38,0,0,0,38,0,0,0,38,0,0,0,9
C3H5N9,test_ood,17,3,0,0,0,3,0,0,0,3,0,0,0,0
C3H6,seen,9,3834,2300,767,767,0,2217,735,740,0,149,48,52,0
C3H6N2,test_ood,11,18038,0,0,0,18038,0,0,0,18004,0,0,0,1675
C3H6N2O1,test_ood,12,22560,0,0,0,22560,0,0,0,22430,0,0,0,1988
C3H6N2O2,seen,13,17227,10336,3446,3445,0,9810,3291,3271,0,952,323,297,0
C3H6N2O3,seen,14,14247,8548,2850,2849,0,8280,2772,2746,0,928,322,318,0
C3H6N2O4,seen,15,785,471,157,157,0,335,117,124,0,64,20,27,0
C3H6N2O5,test_ood,16,2,0,0,0,2,0,0,0,1,0,0,0,0
C3H6N4,test_ood,13,14442,0,0,0,14442,0,0,0,14015,0,0,0,1236
C3H6N4O1,seen,14,39067,23440,7814,7813,0,22817,7591,7593,0,2497,833,841,0
C3H6N4O2,test_ood,15,3080,0,0,0,3080,0,0,0,2735,0,0,0,435
C3H6N4O3,seen,16,304,182,61,61,0,170,58,58,0,21,9,11,0
C3H6N4O4,seen,17,8,5,2,1,0,5,2,1,0,1,1,0,0
C3H6N4O5,test_ood,18,6,0,0,0,6,0,0,0,6,0,0,0,1
C3H6N6,seen,15,1602,961,321,320,0,826,276,284,0,110,38,50,0
C3H6N6O1,seen,16,4,2,1,1,0,2,0,1,0,0,0,0,0
C3H6N6O2,seen,17,26,16,5,5,0,16,5,5,0,2,1,0,0
C3H6N6O3,seen,18,676,406,135,135,0,386,129,130,0,63,20,27,0
C3H6N8,test_ood,17,5,0,0,0,5,0,0,0,5,0,0,0,0
C3H6N8O1,seen,18,27,16,6,5,0,16,6,5,0,5,1,1,0
C3H6N8O3,seen,20,1,1,0,0,0,0,0,0,0,1,0,0,0
C3H6O1,test_ood,10,9811,0,0,0,9811,0,0,0,9682,0,0,0,589
C3H6O2,seen,11,15053,9032,3011,3010,0,8073,2674,2717,0,840,287,261,0
C3H6O3,seen,12,6074,3644,1215,1215,0,3294,1090,1101,0,493,170,162,0
C3H6O4,seen,13,382,229,77,76,0,226,77,74,0,31,13,5,0
C3H6O5,seen,14,2,1,1,0,0,0,1,0,0,0,0,0,0
C3H7N1,seen,11,7573,4544,1515,1514,0,4508,1506,1497,0,188,65,78,0
C3H7N1O1,test_ood,12,18211,0,0,0,18211,0,0,0,16244,0,0,0,1372
C3H7N1O2,seen,13,13017,7810,2604,2603,0,7114,2348,2341,0,749,245,266,0
C3H7N1O3,seen,14,3540,2124,708,708,0,2014,667,681,0,229,80,81,0
C3H7N1O4,seen,15,272,163,55,54,0,158,52,51,0,27,7,7,0
C3H7N1O5,test_ood,16,5,0,0,0,5,0,0,0,5,0,0,0,1
C3H7N3,seen,13,14293,8576,2859,2858,0,8535,2840,2850,0,749,237,260,0
C3H7N3O1,test_ood,14,11770,0,0,0,11770,0,0,0,11505,0,0,0,1036
C3H7N3O2,seen,15,26429,15857,5286,5286,0,15250,5100,5099,0,1686,591,564,0
C3H7N3O3,seen,16,1649,989,330,330,0,910,305,299,0,142,51,44,0
C3H7N3O4,seen,17,836,502,167,167,0,397,134,129,0,75,31,24,0
C3H7N3O6,seen,19,2,1,1,0,0,1,1,0,0,0,0,0,0
C3H7N5,test_ood,15,15339,0,0,0,15339,0,0,0,14686,0,0,0,1727
C3H7N5O1,seen,16,2743,1646,549,548,0,1426,480,467,0,220,77,84,0
C3H7N5O2,seen,17,21,13,4,4,0,13,4,4,0,2,0,0,0
C3H7N5O3,test_ood,18,32,0,0,0,32,0,0,0,31,0,0,0,6
C3H7N5O4,test_ood,19,95,0,0,0,95,0,0,0,92,0,0,0,23
C3H7N7,test_ood,17,27,0,0,0,27,0,0,0,22,0,0,0,0
C3H7N7O1,seen,18,11,7,2,2,0,7,2,2,0,0,1,1,0
C3H7N7O2,test_ood,19,36,0,0,0,36,0,0,0,36,0,0,0,3
C3H7N9,seen,19,8,5,2,1,0,5,2,1,0,0,2,0,0
C3H8,seen,11,1015,609,203,203,0,554,175,190,0,20,6,7,0
C3H8N2,seen,13,15313,9188,3063,3062,0,9168,3058,3055,0,446,130,182,0
C3H8N2O1,test_ood,14,16354,0,0,0,16354,0,0,0,15683,0,0,0,1481
C3H8N2O2,seen,15,6193,3716,1239,1238,0,3228,1091,1103,0,372,106,116,0
C3H8N2O3,test_ood,16,2347,0,0,0,2347,0,0,0,2297,0,0,0,290
C3H8N2O4,seen,17,23,14,5,4,0,10,3,3,0,1,3,2,0
C3H8N2O5,test_ood,18,2,0,0,0,2,0,0,0,2,0,0,0,0
C3H8N4,test_ood,15,7576,0,0,0,7576,0,0,0,7506,0,0,0,654
C3H8N4O1,seen,16,18471,11083,3694,3694,0,10764,3573,3583,0,1194,382,403,0
C3H8N4O2,seen,17,1510,906,302,302,0,799,269,263,0,117,45,36,0
C3H8N4O3,test_ood,18,18,0,0,0,18,0,0,0,16,0,0,0,3
C3H8N4O4,seen,19,14,8,3,3,0,8,2,2,0,2,1,0,0
C3H8N4O5,seen,20,9,5,2,2,0,4,0,1,0,2,0,1,0
C3H8N6,test_ood,17,1128,0,0,0,1128,0,0,0,972,0,0,0,140
C3H8N6O1,test_ood,18,12,0,0,0,12,0,0,0,11,0,0,0,0
C3H8N6O2,seen,19,40,24,8,8,0,24,8,7,0,3,0,2,0
C3H8N6O3,seen,20,34,20,7,7,0,20,7,7,0,1,1,0,0
C3H8N6O4,test_ood,21,4,0,0,0,4,0,0,0,0,0,0,0,0
C3H8N8,seen,19,1,1,0,0,0,1,0,0,0,0,0,0,0
C3H8N8O1,test_ood,20,25,0,0,0,25,0,0,0,25,0,0,0,7
C3H8O1,test_ood,12,3409,0,0,0,3409,0,0,0,2990,0,0,0,166
C3H8O2,test_ood,13,4972,0,0,0,4972,0,0,0,4815,0,0,0,362
C3H8O3,test_ood,14,1430,0,0,0,1430,0,0,0,1424,0,0,0,184
C3H8O4,seen,15,119,71,24,24,0,71,24,24,0,7,2,4,0
C3H8O6,test_ood,17,1,0,0,0,1,0,0,0,1,0,0,0,0
C3H9N1,seen,13,4301,2581,860,860,0,2401,790,804,0,93,43,40,0
C3H9N1O1,seen,14,5104,3062,1021,1021,0,2775,898,934,0,178,67,63,0
C3H9N1O2,seen,15,1077,646,216,215,0,552,186,187,0,79,18,18,0
C3H9N1O3,test_ood,16,339,0,0,0,339,0,0,0,339,0,0,0,35
C3H9N1O4,seen,17,7,4,2,1,0,4,2,1,0,0,0,0,0
C3H9N1O5,seen,18,2,1,1,0,0,1,1,0,0,0,0,0,0
C3H9N3,seen,15,7873,4724,1575,1574,0,4688,1564,1565,0,324,121,114,0
C3H9N3O1,seen,16,4470,2682,894,894,0,2654,881,886,0,242,88,84,0
C3H9N3O2,seen,17,3895,2337,779,779,0,2281,762,756,0,242,79,95,0
C3H9N3O3,seen,18,632,379,127,126,0,369,126,124,0,43,12,12,0
C3H9N3O4,seen,19,6,4,1,1,0,2,1,1,0,1,0,0,0
C3H9N3O5,seen,20,3,2,1,0,0,1,0,0,0,1,0,0,0
C3H9N3O6,test_ood,21,1,0,0,0,1,0,0,0,0,0,0,0,0
C3H9N5,seen,17,7580,4548,1516,1516,0,4423,1476,1471,0,497,144,155,0
C3H9N5O1,test_ood,18,1198,0,0,0,1198,0,0,0,1040,0,0,0,146
C3H9N5O2,test_ood,19,529,0,0,0,529,0,0,0,510,0,0,0,60
C3H9N5O3,test_ood,20,16,0,0,0,16,0,0,0,13,0,0,0,1
C3H9N5O4,seen,21,8,5,2,1,0,5,2,1,0,0,0,0,0
C3H9N7,test_ood,19,1,0,0,0,1,0,0,0,1,0,0,0,0
C3H9N7O1,seen,20,14,8,3,3,0,8,3,3,0,0,0,0,0
C3H9N7O2,seen,21,43,26,9,8,0,26,9,8,0,0,0,0,0
C3H9N7O3,seen,22,1,1,0,0,0,0,0,0,0,0,0,0,0
C3H9N9,seen,21,14,8,3,3,0,8,3,3,0,0,0,0,0
C3N2O1,seen,6,644,386,129,129,0,383,129,129,0,62,21,18,0
C3N2O3,seen,8,143,86,29,28,0,85,29,28,0,9,2,2,0
C3O5,seen,8,59,35,12,12,0,33,12,11,0,10,2,0,0
C4H10,seen,14,2345,1407,469,469,0,437,149,139,0,91,24,27,0
C4H10N2,seen,16,12396,7438,2479,2479,0,7379,2456,2461,0,493,158,151,0
C4H10N2O1,test_ood,17,5204,0,0,0,5204,0,0,0,5044,0,0,0,418
C4H10N2O2,seen,18,6243,3746,1249,1248,0,3318,1110,1083,0,394,135,155,0
C4H10N2O3,seen,19,1133,680,227,226,0,395,143,131,0,94,21,31,0
C4H10N2O4,test_ood,20,11,0,0,0,11,0,0,0,10,0,0,0,1
C4H10N2O5,test_ood,21,2,0,0,0,2,0,0,0,0,0,0,0,0
C4H10N2O6,test_ood,22,2,0,0,0,2,0,0,0,2,0,0,0,0
C4H10N4,seen,18,13067,7840,2614,2613,0,7576,2505,2538,0,844,284,317,0
C4H10N4O1,seen,19,3867,2320,774,773,0,1897,614,633,0,291,102,99,0
C4H10N4O2,seen,20,615,369,123,123,0,363,121,119,0,46,14,16,0
C4H10N4O3,seen,21,50,30,10,10,0,27,10,8,0,1,0,1,0
C4H10N4O4,seen,22,38,23,8,7,0,22,8,6,0,0,2,0,0
C4H10N6,test_ood,20,11,0,0,0,11,0,0,0,9,0,0,0,1
C4H10N6O1,seen,21,67,40,14,13,0,40,14,13,0,0,0,1,0
C4H10N6O2,test_ood,22,149,0,0,0,149,0,0,0,147,0,0,0,6
C4H10N6O3,test_ood,23,1,0,0,0,1,0,0,0,0,0,0,0,0
C4H10N8,seen,22,39,23,8,8,0,23,8,8,0,0,0,0,0
C4H10N8O1,test_ood,23,1,0,0,0,1,0,0,0,0,0,0,0,0
C4H10O1,seen,15,4716,2830,943,943,0,2672,886,901,0,92,19,34,0
C4H10O2,seen,16,3711,2227,742,742,0,1887,636,623,0,207,57,75,0
C4H10O3,test_ood,17,787,0,0,0,787,0,0,0,784,0,0,0,102
C4H10O4,seen,18,199,119,40,40,0,118,40,40,0,14,10,3,0
C4H10O5,seen,19,2,1,1,0,0,1,1,0,0,0,0,0,0
C4H11N1,test_ood,16,5506,0,0,0,5506,0,0,0,5495,0,0,0,166
C4H11N1O1,seen,17,4856,2914,971,971,0,2899,968,961,0,221,62,76,0
C4H11N1O2,test_ood,18,965,0,0,0,965,0,0,0,816,0,0,0,92
C4H11N1O3,seen,19,472,283,95,94,0,199,62,64,0,38,18,15,0
C4H11N1O4,seen,20,8,5,2,1,0,5,2,1,0,0,0,0,0
C4H11N1O5,test_ood,21,1,0,0,0,1,0,0,0,0,0,0,0,0
C4H11N1O6,test_ood,22,3,0,0,0,3,0,0,0,0,0,0,0,0
C4H11N3,test_ood,18,1258,0,0,0,1258,0,0,0,1227,0,0,0,131
C4H11N3O1,seen,19,3411,2047,682,682,0,1969,667,665,0,192,66,73,0
C4H11N3O2,test_ood,20,1300,0,0,0,1300,0,0,0,1227,0,0,0,139
C4H11N3O3,test_ood,21,24,0,0,0,24,0,0,0,18,0,0,0,0
C4H11N3O4,test_ood,22,15,0,0,0,15,0,0,0,9,0,0,0,0
C4H11N3O5,seen,23,3,2,1,0,0,2,0,0,0,0,0,0,0
C4H11N5,test_ood,20,1137,0,0,0,1137,0,0,0,1003,0,0,0,144
C4H11N5O1,test_ood,21,34,0,0,0,34,0,0,0,33,0,0,0,0
C4H11N5O2,test_ood,22,436,0,0,0,436,0,0,0,145,0,0,0,37
C4H11N5O3,test_ood,23,45,0,0,0,45,0,0,0,42,0,0,0,1
C4H11N7,test_ood,22,20,0,0,0,20,0,0,0,19,0,0,0,1
C4H11N7O1,test_ood,23,82,0,0,0,82,0,0,0,82,0,0,0,4
C4H11N7O5,test_ood,27,1,0,0,0,1,0,0,0,0,0,0,0,0
C4H12,test_ood,16,6,0,0,0,6,0,0,0,6,0,0,0,0
C4H12N2,seen,18,2710,1626,542,542,0,1613,538,537,0,98,41,29,0
C4H12N2O1,seen,19,494,296,99,99,0,212,70,68,0,39,12,13,0
C4H12N2O2,seen,20,122,73,25,24,0,71,25,24,0,7,2,3,0
C4H12N2O3,seen,21,11,7,2,2,0,5,2,2,0,0,0,0,0
C4H12N2O4,test_ood,22,1,0,0,0,1,0,0,0,0,0,0,0,0
C4H12N2O5,seen,23,1,1,0,0,0,1,0,0,0,0,0,0,0
C4H12N2O6,seen,24,1,1,0,0,0,0,0,0,0,0,0,0,0
C4H12N4,seen,20,4005,2403,801,801,0,2324,785,775,0,253,94,93,0
C4H12N4O1,test_ood,21,391,0,0,0,391,0,0,0,340,0,0,0,7
C4H12N4O2,seen,22,21,13,4,4,0,12,4,4,0,0,0,0,0
C4H12N4O3,seen,23,22,13,5,4,0,10,5,4,0,1,1,0,0
C4H12N4O4,seen,24,16,10,3,3,0,9,2,3,0,0,0,0,0
C4H12N6,test_ood,22,76,0,0,0,76,0,0,0,75,0,0,0,0
C4H12N6O1,seen,23,38,23,8,7,0,23,8,7,0,0,0,0,0
C4H12N6O2,test_ood,24,47,0,0,0,47,0,0,0,46,0,0,0,4
C4H12N8,seen,24,26,16,5,5,0,16,5,5,0,0,0,0,0
C4H12N8O1,test_ood,25,1,0,0,0,1,0,0,0,0,0,0,0,0
C4H12O1,seen,17,2,1,1,0,0,1,1,0,0,0,0,0,0
C4H12O2,test_ood,18,50,0,0,0,50,0,0,0,50,0,0,0,4
C4H12O3,seen,19,74,44,15,15,0,44,15,15,0,1,0,1,0
C4H12O4,seen,20,1,1,0,0,0,1,0,0,0,0,0,0,0
C4H12O5,test_ood,21,1,0,0,0,1,0,0,0,1,0,0,0,0
C4H13N1,seen,18,2,1,1,0,0,1,1,0,0,0,0,0,0
C4H13N1O1,test_ood,19,24,0,0,0,24,0,0,0,24,0,0,0,3
C4H13N1O2,test_ood,20,230,0,0,0,230,0,0,0,228,0,0,0,24
C4H13N1O4,test_ood,22,1,0,0,0,1,0,0,0,1,0,0,0,0
C4H13N3,seen,20,2,1,1,0,0,1,1,0,0,0,1,0,0
C4H13N3O1,test_ood,21,368,0,0,0,368,0,0,0,360,0,0,0,32
C4H13N3O2,seen,22,4,2,1,1,0,2,0,1,0,0,0,0,0
C4H13N3O3,seen,23,7,4,2,1,0,3,2,0,0,0,0,0,0
C4H13N3O4,seen,24,1,1,0,0,0,1,0,0,0,0,0,0,0
C4H13N5,seen,22,142,85,29,28,0,75,27,24,0,5,2,2,0
C4H13N5O1,seen,23,12,7,3,2,0,7,3,2,0,0,0,0,0
C4H13N5O2,seen,24,508,305,102,101,0,299,99,98,0,17,5,8,0
C4H13N5O3,seen,25,35,21,7,7,0,21,7,7,0,0,0,0,0
C4H13N7,seen,24,15,9,3,3,0,9,3,3,0,0,0,0,0
C4H13N7O1,test_ood,25,21,0,0,0,21,0,0,0,21,0,0,0,0
C4H14N2,test_ood,20,1,0,0,0,1,0,0,0,1,0,0,0,0
C4H14N2O1,test_ood,21,115,0,0,0,115,0,0,0,115,0,0,0,0
C4H14N2O2,seen,22,2,1,1,0,0,1,0,0,0,0,0,0,0
C4H14N4,test_ood,22,3,0,0,0,3,0,0,0,3,0,0,0,0
C4H14N4O1,seen,23,1,1,0,0,0,1,0,0,0,0,0,0,0
C4H14N4O2,test_ood,24,6,0,0,0,6,0,0,0,2,0,0,0,0
C4H14N4O3,seen,25,3,2,1,0,0,1,0,0,0,0,0,0,0
C4H14N6,test_ood,24,6,0,0,0,6,0,0,0,6,0,0,0,0
C4H14N6O1,test_ood,25,19,0,0,0,19,0,0,0,18,0,0,0,0
C4H14N6O2,test_ood,26,30,0,0,0,30,0,0,0,27,0,0,0,0
C4H14N6O3,seen,27,1,1,0,0,0,0,0,0,0,0,0,0,0
C4H14N8,seen,26,7,4,2,1,0,4,2,1,0,0,0,0,0
C4H15N3,seen,22,2,1,1,0,0,1,1,0,0,0,0,0,0
C4H15N3O1,test_ood,23,1,0,0,0,1,0,0,0,1,0,0,0,0
C4H15N5,seen,24,1,1,0,0,0,1,0,0,0,0,0,0,0
C4H15N5O2,seen,26,2,1,1,0,0,1,1,0,0,0,0,0,0
C4H15N5O3,test_ood,27,1,0,0,0,1,0,0,0,1,0,0,0,0
C4H15N5O4,test_ood,28,3,0,0,0,3,0,0,0,0,0,0,0,0
C4H15N7,seen,26,2,1,1,0,0,0,1,0,0,0,0,0,0
C4H15N7O1,test_ood,27,15,0,0,0,15,0,0,0,15,0,0,0,0
C4H16N4,test_ood,24,2,0,0,0,2,0,0,0,1,0,0,0,0
C4H16N6O1,test_ood,27,1,0,0,0,1,0,0,0,1,0,0,0,0
C4H16N8,test_ood,28,4,0,0,0,4,0,0,0,4,0,0,0,0
C4H17N7O2,test_ood,30,1,0,0,0,1,0,0,0,0,0,0,0,0
C4H1N1O1,test_ood,7,1030,0,0,0,1030,0,0,0,1021,0,0,0,127
C4H1N1O2,test_ood,8,480,0,0,0,480,0,0,0,470,0,0,0,57
C4H1N1O3,seen,9,1020,612,204,204,0,604,202,203,0,106,47,43,0
C4H1N1O4,test_ood,10,96,0,0,0,96,0,0,0,83,0,0,0,26
C4H1N3,seen,8,367,220,74,73,0,220,74,73,0,44,13,7,0
C4H1N3O1,test_ood,9,1009,0,0,0,1009,0,0,0,990,0,0,0,198
C4H1N3O2,test_ood,10,164,0,0,0,164,0,0,0,142,0,0,0,32
C4H2,seen,6,1495,897,299,299,0,897,299,299,0,154,52,49,0
C4H2N2,seen,8,1425,855,285,285,0,849,284,285,0,135,39,45,0
C4H2N2O1,test_ood,9,4884,0,0,0,4884,0,0,0,4863,0,0,0,576
C4H2N2O2,test_ood,10,9159,0,0,0,9159,0,0,0,9008,0,0,0,1567
C4H2N2O3,test_ood,11,584,0,0,0,584,0,0,0,505,0,0,0,125
C4H2N2O4,seen,12,144,86,29,29,0,0,0,0,0,9,4,2,0
C4H2N4,seen,10,4005,2403,801,801,0,2368,786,794,0,422,140,153,0
C4H2N4O1,test_ood,11,330,0,0,0,330,0,0,0,284,0,0,0,85
C4H2N4O2,seen,12,1,1,0,0,0,1,0,0,0,0,0,0,0
C4H2N4O4,seen,14,2,1,1,0,0,1,1,0,0,0,0,0,0
C4H2N6O2,seen,14,2,1,1,0,0,1,1,0,0,0,0,0,0
C4H2O2,test_ood,8,656,0,0,0,656,0,0,0,650,0,0,0,100
C4H2O3,seen,9,1132,679,227,226,0,672,225,222,0,106,40,29,0
C4H2O4,seen,10,1360,816,272,272,0,803,268,263,0,112,30,29,0
C4H2O5,seen,11,2,1,1,0,0,1,1,0,0,0,1,0,0
C4H3N1,test_ood,8,2134,0,0,0,2134,0,0,0,2134,0,0,0,260
C4H3N1O1,seen,9,4504,2702,901,901,0,2692,898,899,0,448,156,137,0
C4H3N1O2,test_ood,10,10109,0,0,0,10109,0,0,0,9766,0,0,0,1057
C4H3N1O3,seen,11,14461,8677,2892,2892,0,8549,2840,2837,0,1051,339,350,0
C4H3N1O4,test_ood,12,586,0,0,0,586,0,0,0,533,0,0,0,117
C4H3N3,seen,10,3602,2161,721,720,0,2148,714,717,0,232,85,71,0
C4H3N3O1,test_ood,11,24905,0,0,0,24905,0,0,0,24428,0,0,0,2906
C4H3N3O2,seen,12,2716,1630,543,543,0,1414,486,469,0,225,67,79,0
C4H3N3O3,seen,13,138,83,28,27,0,82,28,27,0,16,5,4,0
C4H3N3O4,seen,14,1,1,0,0,0,1,0,0,0,1,0,0,0
C4H3N3O5,seen,15,3,2,1,0,0,2,1,0,0,0,0,0,0
C4H3N5,test_ood,12,503,0,0,0,503,0,0,0,444,0,0,0,92
C4H3N5O1,seen,13,133,80,27,26,0,79,27,26,0,15,6,6,0
C4H3N5O3,test_ood,15,1,0,0,0,1,0,0,0,1,0,0,0,0
C4H4,seen,8,1781,1069,356,356,0,1052,351,351,0,136,52,45,0
C4H4N2,seen,10,5157,3094,1032,1031,0,3087,1029,1029,0,389,132,127,0
C4H4N2O1,seen,11,20922,12553,4185,4184,0,12478,4163,4160,0,1198,428,404,0
C4H4N2O2,test_ood,12,46225,0,0,0,46225,0,0,0,44471,0,0,0,5033
C4H4N2O3,test_ood,13,2036,0,0,0,2036,0,0,0,1780,0,0,0,267
C4H4N2O4,seen,14,418,251,84,83,0,78,24,27,0,31,12,10,0
C4H4N2O6,seen,16,2,1,1,0,0,0,1,0,0,1,0,0,0
C4H4N4,seen,12,21007,12604,4202,4201,0,12359,4119,4126,0,1593,525,548,0
C4H4N4O1,test_ood,13,4685,0,0,0,4685,0,0,0,3855,0,0,0,617
C4H4N4O2,seen,14,10,6,2,2,0,6,2,2,0,0,0,1,0
C4H4N4O3,test_ood,15,798,0,0,0,798,0,0,0,501,0,0,0,111
C4H4N4O4,test_ood,16,29,0,0,0,29,0,0,0,29,0,0,0,3
C4H4N6,test_ood,14,295,0,0,0,295,0,0,0,150,0,0,0,29
C4H4N6O1,test_ood,15,385,0,0,0,385,0,0,0,380,0,0,0,50
C4H4N6O2,seen,16,270,162,54,54,0,162,54,52,0,26,5,10,0
C4H4N8,seen,16,1,1,0,0,0,1,0,0,0,1,0,0,0
C4H4O1,seen,9,3756,2254,751,751,0,2254,749,750,0,219,78,79,0
C4H4O2,seen,10,7545,4527,1509,1509,0,4484,1501,1497,0,508,162,187,0
C4H4O3,test_ood,11,4054,0,0,0,4054,0,0,0,4042,0,0,0,386
C4H4O4,seen,12,6361,3817,1272,1272,0,3459,1153,1157,0,459,147,143,0
C4H4O5,test_ood,13,730,0,0,0,730,0,0,0,566,0,0,0,92
C4H4O6,test_ood,14,515,0,0,0,515,0,0,0,499,0,0,0,104
C4H5N1,test_ood,10,6534,0,0,0,6534,0,0,0,6530,0,0,0,412
C4H5N1O1,test_ood,11,15878,0,0,0,15878,0,0,0,15811,0,0,0,1528
C4H5N1O2,seen,12,20032,12019,4007,4006,0,11951,3985,3981,0,1082,365,373,0
C4H5N1O3,test_ood,13,21793,0,0,0,21793,0,0,0,21196,0,0,0,2340
C4H5N1O4,test_ood,14,682,0,0,0,682,0,0,0,611,0,0,0,97
C4H5N1O5,test_ood,15,393,0,0,0,393,0,0,0,103,0,0,0,42
C4H5N3,seen,12,18065,10839,3613,3613,0,10613,3523,3528,0,884,299,302,0
C4H5N3O1,seen,13,59141,35485,11828,11828,0,34700,11563,11544,0,3857,1281,1208,0
C4H5N3O2,test_ood,14,4989,0,0,0,4989,0,0,0,3874,0,0,0,598
C4H5N3O3,seen,15,640,384,128,128,0,203,75,68,0,36,24,16,0
C4H5N3O4,seen,16,333,200,67,66,0,90,27,36,0,30,10,4,0
C4H5N3O5,seen,17,19,11,4,4,0,11,4,4,0,2,1,0,0
C4H5N5,seen,14,2419,1451,484,484,0,1234,416,420,0,212,70,79,0
C4H5N5O1,seen,15,9,5,2,2,0,5,2,2,0,0,1,0,0
C4H5N5O2,seen,16,29,17,6,6,0,17,6,6,0,1,1,0,0
C4H5N5O3,seen,17,75,45,15,15,0,45,15,15,0,8,4,4,0
C4H5N7,test_ood,16,270,0,0,0,270,0,0,0,268,0,0,0,37
C4H5N7O1,seen,17,18,11,4,3,0,11,4,3,0,3,2,1,0
C4H6,test_ood,10,3209,0,0,0,3209,0,0,0,3034,0,0,0,132
C4H6N2,test_ood,12,18679,0,0,0,18679,0,0,0,18147,0,0,0,1687
C4H6N2O1,test_ood,13,30892,0,0,0,30892,0,0,0,30375,0,0,0,2599
C4H6N2O2,test_ood,14,51684,0,0,0,51684,0,0,0,50516,0,0,0,5625
C4H6N2O3,test_ood,15,3029,0,0,0,3029,0,0,0,2699,0,0,0,400
C4H6N2O4,seen,16,251,151,50,50,0,147,49,49,0,16,5,8,0
C4H6N2O5,seen,17,9,5,2,2,0,5,2,2,0,1,0,0,0
C4H6N2O6,seen,18,5,3,1,1,0,3,1,1,0,0,0,0,0
C4H6N4,test_ood,14,34606,0,0,0,34606,0,0,0,33835,0,0,0,3714
C4H6N4O1,seen,15,5933,3560,1187,1186,0,2899,927,973,0,433,143,144,0
C4H6N4O2,test_ood,16,784,0,0,0,784,0,0,0,770,0,0,0,117
C4H6N4O3,test_ood,17,53,0,0,0,53,0,0,0,53,0,0,0,11
C4H6N4O4,seen,18,66,40,13,13,0,39,13,12,0,5,2,0,0
C4H6N4O5,test_ood,19,2,0,0,0,2,0,0,0,0,0,0,0,1
C4H6N6,seen,16,5,3,1,1,0,3,1,1,0,0,0,0,0
C4H6N6O1,test_ood,17,676,0,0,0,676,0,0,0,659,0,0,0,110
C4H6N6O2,test_ood,18,88,0,0,0,88,0,0,0,86,0,0,0,11
C4H6N8,seen,18,76,46,15,15,0,46,15,15,0,3,4,1,0
C4H6N8O1,test_ood,19,1,0,0,0,1,0,0,0,0,0,0,0,0
C4H6O1,seen,11,14809,8885,2962,2962,0,8716,2890,2899,0,649,205,195,0
C4H6O2,seen,12,18814,11288,3763,3763,0,10711,3563,3586,0,1190,372,402,0
C4H6O3,test_ood,13,6638,0,0,0,6638,0,0,0,5669,0,0,0,658
C4H6O4,test_ood,14,4572,0,0,0,4572,0,0,0,4209,0,0,0,496
C4H6O5,test_ood,15,421,0,0,0,421,0,0,0,130,0,0,0,44
C4H6O6,seen,16,92,55,19,18,0,54,19,18,0,8,3,5,0
C4H6O8,seen,18,1,1,0,0,0,0,0,0,0,0,0,0,0
C4H7N1,seen,12,7893,4736,1579,1578,0,4646,1537,1556,0,223,84,77,0
C4H7N1O1,seen,13,21695,13017,4339,4339,0,12562,4204,4218,0,1148,398,394,0
C4H7N1O2,seen,14,11331,6799,2266,2266,0,6227,2088,2073,0,729,220,250,0
C4H7N1O3,test_ood,15,11249,0,0,0,11249,0,0,0,10836,0,0,0,1181
C4H7N1O4,seen,16,2108,1265,422,421,0,1075,357,346,0,160,49,56,0
C4H7N1O5,test_ood,17,343,0,0,0,343,0,0,0,192,0,0,0,44
C4H7N1O6,seen,18,2,1,1,0,0,0,0,0,0,0,0,0,0
C4H7N1O7,seen,19,1,1,0,0,0,0,0,0,0,0,0,0,0
C4H7N3,seen,14,18239,10943,3648,3648,0,10585,3525,3529,0,916,298,330,0
C4H7N3O1,test_ood,15,51694,0,0,0,51694,0,0,0,49981,0,0,0,5392
C4H7N3O2,seen,16,6046,3628,1209,1209,0,3177,1053,1067,0,421,145,149,0
C4H7N3O3,test_ood,17,221,0,0,0,221,0,0,0,76,0,0,0,27
C4H7N3O4,test_ood,18,112,0,0,0,112,0,0,0,106,0,0,0,23
C4H7N3O5,test_ood,19,19,0,0,0,19,0,0,0,19,0,0,0,2
C4H7N5,seen,16,3067,1840,614,613,0,1644,521,528,0,236,80,82,0
C4H7N5O1,seen,17,436,262,87,87,0,73,19,14,0,35,12,10,0
C4H7N5O2,seen,18,361,217,72,72,0,116,48,48,0,17,3,7,0
C4H7N5O3,test_ood,19,221,0,0,0,221,0,0,0,219,0,0,0,32
C4H7N7,seen,18,11,7,2,2,0,7,2,2,0,1,0,1,0
C4H7N7O1,test_ood,19,74,0,0,0,74,0,0,0,72,0,0,0,12
C4H7N7O2,test_ood,20,1,0,0,0,1,0,0,0,0,0,0,0,0
C4H7N9,test_ood,20,1,0,0,0,1,0,0,0,0,0,0,0,0
C4H8,test_ood,12,4718,0,0,0,4718,0,0,0,4682,0,0,0,426
C4H8N2,seen,14,21177,12706,4236,4235,0,12439,4156,4157,0,1056,377,387,0
C4H8N2O1,seen,15,16775,10065,3355,3355,0,9504,3179,3179,0,905,311,286,0
C4H8N2O2,seen,16,24553,14732,4911,4910,0,13788,4606,4631,0,1553,514,516,0
C4H8N2O3,seen,17,3307,1984,662,661,0,1818,605,600,0,252,78,84,0
C4H8N2O4,seen,18,188,113,38,37,0,105,37,36,0,18,4,7,0
C4H8N2O5,test_ood,19,5,0,0,0,5,0,0,0,4,0,0,0,0
C4H8N2O6,test_ood,20,3,0,0,0,3,0,0,0,2,0,0,0,1
C4H8N4,test_ood,16,28090,0,0,0,28090,0,0,0,27166,0,0,0,2975
C4H8N4O1,seen,17,6419,3851,1284,1284,0,3336,1133,1146,0,462,159,184,0
C4H8N4O2,test_ood,18,972,0,0,0,972,0,0,0,791,0,0,0,142
C4H8N4O3,seen,19,75,45,15,15,0,43,14,15,0,6,2,1,0
C4H8N4O4,test_ood,20,83,0,0,0,83,0,0,0,82,0,0,0,13
C4H8N6,seen,18,47,28,10,9,0,28,9,9,0,6,2,1,0
C4H8N6O1,test_ood,19,172,0,0,0,172,0,0,0,168,0,0,0,31
C4H8N6O2,seen,20,140,84,28,28,0,83,27,28,0,12,2,7,0
C4H8N6O3,seen,21,1,1,0,0,0,0,0,0,0,0,0,0,0
C4H8N8,seen,20,24,14,5,5,0,14,4,5,0,2,3,0,0
C4H8N8O1,test_ood,21,1,0,0,0,1,0,0,0,0,0,0,0,0
C4H8O1,test_ood,13,21172,0,0,0,21172,0,0,0,21004,0,0,0,1259
C4H8O2,seen,14,14713,8828,2943,2942,0,7952,2657,2651,0,801,262,257,0
C4H8O3,seen,15,3546,2128,709,709,0,1609,525,528,0,236,78,67,0
C4H8O4,test_ood,16,1802,0,0,0,1802,0,0,0,1753,0,0,0,238
C4H8O5,seen,17,4,2,1,1,0,2,1,1,0,0,0,0,0
C4H9N1,test_ood,14,19184,0,0,0,19184,0,0,0,19156,0,0,0,725
C4H9N1O1,test_ood,15,20499,0,0,0,20499,0,0,0,17520,0,0,0,1500
C4H9N1O2,test_ood,16,4397,0,0,0,4397,0,0,0,3584,0,0,0,468
C4H9N1O3,test_ood,17,4829,0,0,0,4829,0,0,0,4299,0,0,0,537
C4H9N1O4,test_ood,18,227,0,0,0,227,0,0,0,222,0,0,0,30
C4H9N1O5,test_ood,19,141,0,0,0,141,0,0,0,140,0,0,0,22
C4H9N1O6,seen,20,2,1,1,0,0,0,0,0,0,0,0,0,0
C4H9N3,test_ood,16,8177,0,0,0,8177,0,0,0,7934,0,0,0,732
C4H9N3O1,seen,17,17991,10795,3598,3598,0,10394,3478,3454,0,1211,388,379,0
C4H9N3O2,seen,18,2808,1685,562,561,0,1453,475,485,0,196,77,76,0
C4H9N3O3,test_ood,19,448,0,0,0,448,0,0,0,443,0,0,0,68
C4H9N3O4,seen,20,37,22,8,7,0,21,8,7,0,0,2,0,0
C4H9N3O5,seen,21,20,12,4,4,0,11,4,4,0,2,0,0,0
C4H9N5,seen,18,3087,1852,618,617,0,1517,523,507,0,211,66,83,0
C4H9N5O1,seen,19,102,61,21,20,0,58,20,20,0,5,1,1,0
C4H9N5O2,seen,20,208,125,42,41,0,125,41,38,0,22,9,5,0
C4H9N5O3,seen,21,148,89,30,29,0,89,29,29,0,0,0,0,0
C4H9N7,seen,20,192,115,39,38,0,111,39,36,0,13,9,7,0
C4H9N7O1,test_ood,21,106,0,0,0,106,0,0,0,104,0,0,0,6
C4N2,test_ood,6,698,0,0,0,698,0,0,0,696,0,0,0,126
C4N2O2,test_ood,8,168,0,0,0,168,0,0,0,160,0,0,0,31
C4N2O3,seen,9,18,11,4,3,0,9,2,3,0,4,1,0,0
C4N4,seen,8,2,1,1,0,0,1,1,0,0,0,0,0,0
C4N4O1,seen,9,15,9,3,3,0,9,3,2,0,5,1,1,0
C5H10,seen,15,10268,6161,2054,2053,0,4598,1518,1512,0,309,113,108,0
C5H10N2,seen,17,9771,5863,1954,1954,0,5805,1930,1943,0,549,187,188,0
C5H10N2O1,seen,18,21481,12889,4296,4296,0,12309,4095,4101,0,1423,520,494,0
C5H10N2O2,test_ood,19,4872,0,0,0,4872,0,0,0,3655,0,0,0,585
C5H10N2O3,seen,20,2842,1705,569,568,0,1663,551,560,0,211,59,58,0
C5H10N2O4,test_ood,21,1400,0,0,0,1400,0,0,0,1355,0,0,0,105
C5H10N2O5,seen,22,34,20,7,7,0,20,7,6,0,0,0,0,0
C5H10N4,seen,19,6187,3712,1238,1237,0,3218,1081,1074,0,487,163,168,0
C5H10N4O1,seen,20,288,173,58,57,0,168,56,56,0,17,5,9,0
C5H10N4O2,test_ood,21,751,0,0,0,751,0,0,0,732,0,0,0,10
C5H10N4O3,seen,22,426,256,85,85,0,252,85,84,0,12,1,2,0
C5H10N4O4,test_ood,23,2,0,0,0,2,0,0,0,0,0,0,0,0
C5H10N6,seen,21,270,162,54,54,0,159,52,54,0,18,4,2,0
C5H10N6O1,seen,22,259,155,52,52,0,153,52,52,0,3,1,0,0
C5H10N6O2,seen,23,6,4,1,1,0,0,0,0,0,0,0,0,0
C5H10O1,test_ood,16,14465,0,0,0,14465,0,0,0,14058,0,0,0,967
C5H10O2,seen,17,1887,1132,378,377,0,921,320,316,0,107,34,44,0
C5H10O3,test_ood,18,3301,0,0,0,3301,0,0,0,2657,0,0,0,378
C5H10O4,seen,19,255,153,51,51,0,153,51,51,0,17,6,7,0
C5H10O5,seen,20,985,591,197,197,0,299,103,103,0,69,31,17,0
C5H10O6,seen,21,1,1,0,0,0,0,0,0,0,0,0,0,0
C5H11N1,test_ood,17,14074,0,0,0,14074,0,0,0,13959,0,0,0,729
C5H11N1O1,seen,18,4064,2438,813,813,0,831,271,257,0,234,83,75,0
C5H11N1O2,seen,19,6893,4136,1379,1378,0,3323,1078,1100,0,461,162,143,0
C5H11N1O3,seen,20,611,367,122,122,0,72,36,34,0,46,21,13,0
C5H11N1O4,test_ood,21,801,0,0,0,801,0,0,0,468,0,0,0,53
C5H11N1O5,test_ood,22,8,0,0,0,8,0,0,0,7,0,0,0,0
C5H11N1O6,test_ood,23,2,0,0,0,2,0,0,0,2,0,0,0,0
C5H11N3,seen,19,13479,8087,2696,2696,0,7726,2599,2585,0,942,332,295,0
C5H11N3O1,test_ood,20,4209,0,0,0,4209,0,0,0,3512,0,0,0,487
C5H11N3O2,seen,21,864,518,173,173,0,433,136,143,0,28,8,10,0
C5H11N3O3,seen,22,1290,774,258,258,0,661,226,226,0,17,4,9,0
C5H11N3O4,test_ood,23,96,0,0,0,96,0,0,0,94,0,0,0,2
C5H11N3O5,test_ood,24,1,0,0,0,1,0,0,0,0,0,0,0,0
C5H11N5,test_ood,21,947,0,0,0,947,0,0,0,912,0,0,0,53
C5H11N5O1,seen,22,288,173,58,57,0,171,58,55,0,14,4,3,0
C5H11N5O2,test_ood,23,644,0,0,0,644,0,0,0,633,0,0,0,38
C5H11N5O3,test_ood,24,4,0,0,0,4,0,0,0,0,0,0,0,0
C5H11N7,seen,23,89,53,18,18,0,53,18,18,0,3,1,2,0
C5H11N7O1,test_ood,24,1,0,0,0,1,0,0,0,0,0,0,0,0
C5H11N7O2,seen,25,1,1,0,0,0,0,0,0,0,0,0,0,0
C5H12,test_ood,17,1017,0,0,0,1017,0,0,0,1016,0,0,0,36
C5H12N2,seen,19,779,467,156,156,0,450,151,152,0,45,16,17,0
C5H12N2O1,seen,20,4868,2921,974,973,0,2830,941,936,0,316,100,99,0
C5H12N2O2,seen,21,880,528,176,176,0,474,164,158,0,9,1,0,0
C5H12N2O3,test_ood,22,179,0,0,0,179,0,0,0,171,0,0,0,8
C5H12N2O4,test_ood,23,36,0,0,0,36,0,0,0,36,0,0,0,0
C5H12N2O5,test_ood,24,12,0,0,0,12,0,0,0,12,0,0,0,1
C5H12N4,test_ood,21,2386,0,0,0,2386,0,0,0,2092,0,0,0,36
C5H12N4O1,test_ood,22,266,0,0,0,266,0,0,0,126,0,0,0,21
C5H12N4O2,test_ood,23,1038,0,0,0,1038,0,0,0,743,0,0,0,69
C5H12N4O3,seen,24,579,347,116,116,0,336,112,115,0,16,5,9,0
C5H12N4O4,seen,25,3,2,1,0,0,0,0,0,0,0,0,0,0
C5H12N6,test_ood,23,366,0,0,0,366,0,0,0,184,0,0,0,24
C5H12N6O1,test_ood,24,244,0,0,0,244,0,0,0,242,0,0,0,6
C5H12N6O2,test_ood,25,1,0,0,0,1,0,0,0,0,0,0,0,0
C5H12N6O3,test_ood,26,1,0,0,0,1,0,0,0,0,0,0,0,0
C5H12O1,seen,18,2458,1475,492,491,0,1469,487,484,0,108,41,34,0
C5H12O2,test_ood,19,1621,0,0,0,1621,0,0,0,914,0,0,0,151
C5H12O3,seen,20,232,139,47,46,0,137,47,46,0,24,9,5,0
C5H12O4,test_ood,21,109,0,0,0,109,0,0,0,107,0,0,0,0
C5H12O5,seen,22,2,1,1,0,0,1,0,0,0,0,0,0,0
C5H12O6,seen,23,2,1,1,0,0,0,0,0,0,0,0,0,0
C5H13N1,test_ood,19,3376,0,0,0,3376,0,0,0,3060,0,0,0,196
C5H13N1O1,test_ood,20,557,0,0,0,557,0,0,0,413,0,0,0,56
C5H13N1O2,test_ood,21,267,0,0,0,267,0,0,0,254,0,0,0,21
C5H13N1O3,test_ood,22,5,0,0,0,5,0,0,0,5,0,0,0,0
C5H13N1O4,test_ood,23,4,0,0,0,4,0,0,0,4,0,0,0,0
C5H13N1O5,test_ood,24,4,0,0,0,4,0,0,0,1,0,0,0,0
C5H13N1O6,seen,25,3,2,1,0,0,0,0,0,0,0,0,0,0
C5H13N3,seen,21,2363,1418,473,472,0,1361,460,454,0,38,15,20,0
C5H13N3O1,seen,22,781,469,156,156,0,401,133,138,0,3,2,0,0
C5H13N3O2,test_ood,23,59,0,0,0,59,0,0,0,55,0,0,0,0
C5H13N3O3,seen,24,65,39,13,13,0,38,13,12,0,0,0,0,0
C5H13N3O4,seen,25,46,28,9,9,0,19,8,6,0,2,0,0,0
C5H13N3O5,seen,26,2,1,1,0,0,0,0,0,0,0,0,0,0
C5H13N5,seen,23,21,13,4,4,0,13,4,4,0,0,0,0,0
C5H13N5O1,seen,24,100,60,20,20,0,59,20,19,0,2,1,1,0
C5H13N5O2,test_ood,25,368,0,0,0,368,0,0,0,354,0,0,0,17
C5H13N5O3,test_ood,26,5,0,0,0,5,0,0,0,0,0,0,0,0
C5H13N5O4,test_ood,27,1,0,0,0,1,0,0,0,0,0,0,0,0
C5H13N7,seen,25,96,58,19,19,0,58,19,18,0,0,0,0,0
C5H13N7O2,test_ood,27,1,0,0,0,1,0,0,0,0,0,0,0,0
C5H14N2,test_ood,21,73,0,0,0,73,0,0,0,73,0,0,0,3
C5H14N2O1,seen,22,4,2,1,1,0,2,1,1,0,0,0,0,0
C5H14N2O2,seen,23,255,153,51,51,0,148,51,48,0,8,5,1,0
C5H14N2O3,seen,24,8,5,2,1,0,4,2,0,0,0,0,0,0
C5H14N2O4,seen,25,3,2,1,0,0,1,0,0,0,0,0,0,0
C5H14N2O5,seen,26,2,1,1,0,0,1,0,0,0,0,0,0,0
C5H14N4,seen,23,320,192,64,64,0,171,54,58,0,6,3,2,0
C5H14N4O1,test_ood,24,115,0,0,0,115,0,0,0,109,0,0,0,2
C5H14N4O2,test_ood,25,99,0,0,0,99,0,0,0,95,0,0,0,2
C5H14N4O3,seen,26,66,40,13,13,0,36,13,12,0,0,0,0,0
C5H14N4O4,seen,27,1,1,0,0,0,0,0,0,0,0,0,0,0
C5H14N6,test_ood,25,34,0,0,0,34,0,0,0,33,0,0,0,0
C5H14N6O1,test_ood,26,136,0,0,0,136,0,0,0,135,0,0,0,6
C5H14N6O2,test_ood,27,1,0,0,0,1,0,0,0,0,0,0,0,0
C5H14N6O3,seen,28,4,2,1,1,0,0,0,0,0,0,0,0,0
C5H14O1,seen,20,7,4,2,1,0,4,2,1,0,0,1,0,0
C5H14O2,test_ood,21,93,0,0,0,93,0,0,0,93,0,0,0,0
C5H14O3,test_ood,22,1,0,0,0,1,0,0,0,1,0,0,0,0
C5H14O4,seen,23,1,1,0,0,0,1,0,0,0,0,0,0,0
C5H15N1O1,test_ood,22,122,0,0,0,122,0,0,0,122,0,0,0,0
C5H15N1O2,seen,23,3,2,1,0,0,2,1,0,0,0,0,0,0
C5H15N3,test_ood,23,81,0,0,0,81,0,0,0,81,0,0,0,6
C5H15N3O1,seen,24,11,7,2,2,0,7,2,0,0,0,0,0,0
C5H15N3O2,test_ood,25,13,0,0,0,13,0,0,0,11,0,0,0,0
C5H15N3O3,test_ood,26,10,0,0,0,10,0,0,0,7,0,0,0,0
C5H15N3O4,test_ood,27,3,0,0,0,3,0,0,0,3,0,0,0,0
C5H15N5,test_ood,25,14,0,0,0,14,0,0,0,14,0,0,0,0
C5H15N5O1,seen,26,52,31,11,10,0,30,11,10,0,0,0,0,0
C5H15N5O2,test_ood,27,57,0,0,0,57,0,0,0,56,0,0,0,0
C5H15N5O3,seen,28,7,4,2,1,0,0,0,0,0,0,0,0,0
C5H15N7,seen,27,52,31,11,10,0,29,11,10,0,0,0,0,0
C5H15N7O2,seen,29,1,1,0,0,0,0,0,0,0,0,0,0,0
C5H16N2,seen,23,1,1,0,0,0,1,0,0,0,0,0,0,0
C5H16N2O1,seen,24,2,1,1,0,0,1,1,0,0,0,0,0,0
C5H16N2O2,seen,25,1,1,0,0,0,1,0,0,0,0,0,0,0
C5H16N4,seen,25,1,1,0,0,0,1,0,0,0,0,0,0,0
C5H16N4O1,seen,26,7,4,2,1,0,4,2,1,0,0,0,0,0
C5H16N4O2,test_ood,27,8,0,0,0,8,0,0,0,7,0,0,0,0
C5H16N4O3,test_ood,28,5,0,0,0,5,0,0,0,5,0,0,0,0
C5H16N6,test_ood,27,19,0,0,0,19,0,0,0,19,0,0,0,0
C5H16N6O1,seen,28,44,26,9,9,0,26,9,9,0,0,0,0,0
C5H16N6O2,test_ood,29,1,0,0,0,1,0,0,0,0,0,0,0,0
C5H16N6O3,seen,30,2,1,1,0,0,0,0,0,0,0,0,0,0
C5H17N5O1,test_ood,28,5,0,0,0,5,0,0,0,4,0,0,0,0
C5H17N5O2,test_ood,29,9,0,0,0,9,0,0,0,7,0,0,0,0
C5H17N7,seen,29,17,10,4,3,0,10,4,3,0,0,0,0,0
C5H18N4O2,seen,29,1,1,0,0,0,0,0,0,0,0,0,0,0
C5H18N6,test_ood,29,3,0,0,0,3,0,0,0,3,0,0,0,0
C5H18N6O1,seen,30,6,4,1,1,0,4,1,1,0,0,0,0,0
C5H18N6O2,seen,31,1,1,0,0,0,0,0,0,0,0,0,0,0
C5H1N1,seen,7,515,309,103,103,0,307,98,103,0,42,23,16,0
C5H1N1O2,seen,9,288,173,58,57,0,170,58,56,0,28,9,6,0
C5H1N1O3,seen,10,20,12,4,4,0,11,4,3,0,2,1,0,0
C5H1N3O1,test_ood,10,47,0,0,0,47,0,0,0,41,0,0,0,5
C5H1N5O2,seen,13,4,2,1,1,0,2,1,1,0,0,0,1,0
C5H2N2,seen,9,333,200,67,66,0,200,67,66,0,21,11,10,0
C5H2N2O1,seen,10,2635,1581,527,527,0,1549,523,520,0,237,75,80,0
C5H2N2O2,test_ood,11,299,0,0,0,299,0,0,0,272,0,0,0,56
C5H2N2O3,seen,12,137,82,28,27,0,81,28,27,0,11,3,5,0
C5H2N2O4,seen,13,1,1,0,0,0,1,0,0,0,0,0,0,0
C5H2N4,seen,11,25,15,5,5,0,13,5,4,0,1,2,1,0
C5H2N4O1,seen,12,1,1,0,0,0,1,0,0,0,0,0,0,0
C5H2N4O2,seen,13,1,1,0,0,0,1,0,0,0,0,0,0,0
C5H2N4O3,seen,14,3,2,1,0,0,2,1,0,0,0,0,0,0
C5H2N6,seen,13,2,1,1,0,0,1,1,0,0,0,0,0,0
C5H2N6O1,seen,14,9,5,2,2,0,5,2,2,0,1,0,0,0
C5H2O1,seen,8,664,398,133,133,0,397,133,133,0,86,30,24,0
C5H2O2,seen,9,112,67,23,22,0,66,23,22,0,7,5,3,0
C5H2O3,seen,10,757,454,152,151,0,443,150,147,0,83,33,22,0
C5H2O4,seen,11,90,54,18,18,0,46,12,14,0,10,3,4,0
C5H3N1,test_ood,9,1248,0,0,0,1248,0,0,0,1240,0,0,0,192
C5H3N1O1,test_ood,10,3014,0,0,0,3014,0,0,0,2994,0,0,0,330
C5H3N1O2,seen,11,8925,5355,1785,1785,0,5257,1752,1739,0,665,223,221,0
C5H3N1O3,seen,12,806,484,161,161,0,406,135,139,0,49,21,19,0
C5H3N1O4,test_ood,13,135,0,0,0,135,0,0,0,135,0,0,0,26
C5H3N1O5,seen,14,138,83,28,27,0,83,27,27,0,7,12,4,0
C5H3N3,seen,11,6041,3625,1208,1208,0,3565,1185,1182,0,583,182,181,0
C5H3N3O1,seen,12,822,493,165,164,0,424,143,125,0,81,28,19,0
C5H3N3O2,seen,13,123,74,25,24,0,74,24,23,0,3,3,3,0
C5H3N3O3,test_ood,14,1,0,0,0,1,0,0,0,1,0,0,0,0
C5H3N3O4,seen,15,4,2,1,1,0,2,1,1,0,0,1,0,0
C5H3N5,seen,13,276,166,55,55,0,82,29,24,0,20,8,7,0
C5H3N5O1,seen,14,1,1,0,0,0,1,0,0,0,0,0,0,0
C5H3N5O2,seen,15,12,7,3,2,0,7,3,2,0,2,2,0,0
C5H3N7,test_ood,15,5,0,0,0,5,0,0,0,5,0,0,0,1
C5H4,seen,9,1882,1129,377,376,0,1129,377,376,0,108,23,28,0
C5H4N2,seen,11,3460,2076,692,692,0,2057,687,688,0,210,71,83,0
C5H4N2O1,test_ood,12,21971,0,0,0,21971,0,0,0,21409,0,0,0,2587
C5H4N2O2,seen,13,3239,1943,648,648,0,1641,536,542,0,298,94,106,0
C5H4N2O3,test_ood,14,122,0,0,0,122,0,0,0,120,0,0,0,12
C5H4N2O4,test_ood,15,153,0,0,0,153,0,0,0,153,0,0,0,25
C5H4N2O5,test_ood,16,4,0,0,0,4,0,0,0,4,0,0,0,0
C5H4N4,seen,13,1162,697,233,232,0,619,211,205,0,106,34,30,0
C5H4N4O1,seen,14,380,228,76,76,0,228,76,75,0,20,10,12,0
C5H4N4O2,test_ood,15,724,0,0,0,724,0,0,0,432,0,0,0,84
C5H4N4O3,seen,16,155,93,31,31,0,93,31,30,0,17,5,2,0
C5H4N6,test_ood,15,128,0,0,0,128,0,0,0,128,0,0,0,16
C5H4N6O1,seen,16,8,5,2,1,0,5,2,1,0,1,0,1,0
C5H4O1,test_ood,10,2758,0,0,0,2758,0,0,0,2729,0,0,0,389
C5H4O2,seen,11,3878,2327,776,775,0,2311,770,769,0,265,82,100,0
C5H4O3,test_ood,12,7052,0,0,0,7052,0,0,0,6928,0,0,0,956
C5H4O4,test_ood,13,243,0,0,0,243,0,0,0,211,0,0,0,43
C5H5N1,seen,11,2994,1796,599,599,0,1787,595,597,0,177,56,47,0
C5H5N1O1,seen,12,11560,6936,2312,2312,0,6901,2296,2302,0,769,263,254,0
C5H5N1O2,test_ood,13,31683,0,0,0,31683,0,0,0,28326,0,0,0,3339
C5H5N1O3,test_ood,14,1914,0,0,0,1914,0,0,0,1407,0,0,0,231
C5H5N1O4,test_ood,15,3,0,0,0,3,0,0,0,3,0,0,0,0
C5H5N1O5,test_ood,16,7,0,0,0,7,0,0,0,7,0,0,0,1
C5H5N1O6,seen,17,7,4,2,1,0,4,2,1,0,0,1,1,0
C5H5N3,test_ood,13,17159,0,0,0,17159,0,0,0,16805,0,0,0,1962
C5H5N3O1,test_ood,14,4164,0,0,0,4164,0,0,0,3517,0,0,0,527
C5H5N3O2,seen,15,294,176,59,59,0,91,24,32,0,24,5,11,0
C5H5N3O3,seen,16,447,268,90,89,0,178,66,56,0,31,11,14,0
C5H5N3O4,seen,17,58,35,12,11,0,35,12,11,0,4,1,2,0
C5H5N5,seen,15,1248,749,250,249,0,650,216,218,0,99,33,41,0
C5H5N5O1,seen,16,871,523,174,174,0,433,151,141,0,65,21,30,0
C5H5N5O2,seen,17,36,22,7,7,0,22,7,7,0,4,0,2,0
C5H5N7,seen,17,5,3,1,1,0,3,1,1,0,0,0,0,0
C5H6,test_ood,11,5693,0,0,0,5693,0,0,0,5685,0,0,0,191
C5H6N2,seen,13,11808,7085,2362,2361,0,7032,2345,2345,0,633,218,167,0
C5H6N2O1,test_ood,14,47308,0,0,0,47308,0,0,0,44848,0,0,0,4936
C5H6N2O2,seen,15,7903,4742,1581,1580,0,2972,967,980,0,576,186,142,0
C5H6N2O3,test_ood,16,486,0,0,0,486,0,0,0,346,0,0,0,60
C5H6N2O4,seen,17,392,235,79,78,0,232,78,77,0,28,14,10,0
C5H6N2O5,seen,18,34,20,7,7,0,20,7,7,0,6,2,3,0
C5H6N4,test_ood,15,3689,0,0,0,3689,0,0,0,2959,0,0,0,482
C5H6N4O1,seen,16,1074,644,215,215,0,472,154,151,0,89,29,24,0
C5H6N4O2,seen,17,77,46,16,15,0,46,16,15,0,11,0,4,0
C5H6N4O3,seen,18,144,86,29,29,0,86,29,29,0,8,5,3,0
C5H6N4O4,test_ood,19,1,0,0,0,1,0,0,0,0,0,0,0,0
C5H6N6,test_ood,17,1143,0,0,0,1143,0,0,0,809,0,0,0,152
C5H6N6O1,test_ood,18,50,0,0,0,50,0,0,0,50,0,0,0,10
C5H6O1,test_ood,12,12595,0,0,0,12595,0,0,0,12521,0,0,0,1169
C5H6O2,seen,13,10438,6263,2088,2087,0,6129,2046,2031,0,602,193,219,0
C5H6O3,seen,14,16434,9860,3287,3287,0,9559,3202,3176,0,1106,348,362,0
C5H6O4,seen,15,1483,890,297,296,0,632,204,205,0,118,42,28,0
C5H6O5,test_ood,16,1,0,0,0,1,0,0,0,1,0,0,0,0
C5H7N1,seen,13,11722,7033,2345,2344,0,6752,2252,2241,0,712,190,193,0
C5H7N1O1,test_ood,14,12962,0,0,0,12962,0,0,0,12581,0,0,0,1140
C5H7N1O2,seen,15,35724,21434,7145,7145,0,20325,6762,6789,0,2326,795,787,0
C5H7N1O3,test_ood,16,2716,0,0,0,2716,0,0,0,2158,0,0,0,364
C5H7N1O4,test_ood,17,320,0,0,0,320,0,0,0,172,0,0,0,42
C5H7N1O5,seen,18,307,184,62,61,0,182,61,59,0,29,11,11,0
C5H7N1O6,test_ood,19,6,0,0,0,6,0,0,0,6,0,0,0,0
C5H7N3,seen,15,35739,21443,7148,7148,0,20756,6912,6898,0,2315,786,782,0
C5H7N3O1,test_ood,16,9155,0,0,0,9155,0,0,0,6175,0,0,0,1027
C5H7N3O2,seen,17,174,104,35,35,0,100,35,33,0,21,8,7,0
C5H7N3O3,test_ood,18,489,0,0,0,489,0,0,0,340,0,0,0,57
C5H7N3O4,seen,19,129,77,26,26,0,76,26,26,0,13,4,3,0
C5H7N3O5,seen,20,1,1,0,0,0,0,0,0,0,0,0,0,0
C5H7N5,test_ood,17,221,0,0,0,221,0,0,0,212,0,0,0,26
C5H7N5O1,seen,18,751,451,150,150,0,439,142,144,0,63,17,33,0
C5H7N5O2,test_ood,19,826,0,0,0,826,0,0,0,806,0,0,0,127
C5H7N5O3,test_ood,20,1,0,0,0,1,0,0,0,0,0,0,0,0
C5H7N7,seen,19,17,10,4,3,0,10,4,3,0,2,1,2,0
C5H8,seen,13,7614,4568,1523,1523,0,4382,1468,1463,0,190,56,75,0
C5H8N2,seen,15,15950,9570,3190,3190,0,9145,3054,3030,0,783,290,280,0
C5H8N2O1,test_ood,16,52532,0,0,0,52532,0,0,0,50590,0,0,0,5632
C5H8N2O2,seen,17,7740,4644,1548,1548,0,3964,1314,1335,0,588,197,187,0
C5H8N2O3,seen,18,409,245,82,82,0,145,53,55,0,36,15,11,0
C5H8N2O4,test_ood,19,449,0,0,0,449,0,0,0,432,0,0,0,70
C5H8N2O5,seen,20,62,37,13,12,0,37,12,12,0,5,2,1,0
C5H8N4,seen,17,5399,3239,1080,1080,0,2693,909,914,0,368,121,136,0
C5H8N4O1,seen,18,554,332,111,111,0,160,53,37,0,50,18,10,0
C5H8N4O2,test_ood,19,1335,0,0,0,1335,0,0,0,878,0,0,0,168
C5H8N4O3,test_ood,20,300,0,0,0,300,0,0,0,300,0,0,0,36
C5H8N4O4,test_ood,21,2,0,0,0,2,0,0,0,0,0,0,0,0
C5H8N6,seen,19,19,11,4,4,0,11,4,4,0,1,1,2,0
C5H8N6O1,test_ood,20,379,0,0,0,379,0,0,0,374,0,0,0,68
C5H8N6O2,test_ood,21,2,0,0,0,2,0,0,0,0,0,0,0,0
C5H8N6O3,test_ood,22,3,0,0,0,3,0,0,0,0,0,0,0,0
C5H8O1,seen,14,18667,11200,3734,3733,0,10943,3620,3664,0,865,279,260,0
C5H8O2,test_ood,15,10453,0,0,0,10453,0,0,0,8959,0,0,0,1111
C5H8O3,seen,16,14729,8837,2946,2946,0,8055,2659,2683,0,916,306,338,0
C5H8O4,test_ood,17,1211,0,0,0,1211,0,0,0,1147,0,0,0,184
C5H8O5,seen,18,338,203,68,67,0,29,6,11,0,17,6,8,0
C5H8O6,seen,19,7,4,2,1,0,2,1,0,0,0,0,0,0
C5H8O7,test_ood,20,1,0,0,0,1,0,0,0,1,0,0,0,0
C5H9N1,test_ood,15,14763,0,0,0,14763,0,0,0,14640,0,0,0,1125
C5H9N1O1,seen,16,11268,6761,2254,2253,0,6630,2205,2213,0,716,226,218,0
C5H9N1O2,seen,17,21579,12947,4316,4316,0,12276,4080,4090,0,1433,472,431,0
C5H9N1O3,seen,18,1361,817,272,272,0,504,170,163,0,106,38,45,0
C5H9N1O4,seen,19,1889,1133,378,378,0,1031,336,346,0,162,52,55,0
C5H9N1O5,test_ood,20,20,0,0,0,20,0,0,0,20,0,0,0,3
C5H9N1O6,test_ood,21,14,0,0,0,14,0,0,0,10,0,0,0,0
C5H9N3,seen,17,34409,20645,6882,6882,0,20006,6638,6674,0,2223,740,719,0
C5H9N3O1,seen,18,9178,5507,1836,1835,0,4663,1551,1561,0,662,225,200,0
C5H9N3O2,test_ood,19,472,0,0,0,472,0,0,0,325,0,0,0,63
C5H9N3O3,seen,20,205,123,41,41,0,118,40,41,0,11,6,3,0
C5H9N3O4,test_ood,21,168,0,0,0,168,0,0,0,162,0,0,0,3
C5H9N5,test_ood,19,165,0,0,0,165,0,0,0,20,0,0,0,26
C5H9N5O1,test_ood,20,121,0,0,0,121,0,0,0,119,0,0,0,19
C5H9N5O2,seen,21,597,358,120,119,0,352,119,117,0,17,5,3,0
C5H9N5O3,seen,22,3,2,1,0,0,0,0,0,0,0,0,0,0
C5H9N5O4,seen,23,1,1,0,0,0,0,0,0,0,0,0,0,0
C5H9N7,seen,21,58,35,12,11,0,34,12,10,0,0,0,0,0
C5N2O1,seen,8,201,121,40,40,0,121,40,40,0,23,12,5,0
C6H10,test_ood,16,7826,0,0,0,7826,0,0,0,7607,0,0,0,658
C6H10N2,test_ood,18,32396,0,0,0,32396,0,0,0,31423,0,0,0,3471
C6H10N2O1,test_ood,19,11886,0,0,0,11886,0,0,0,9923,0,0,0,1460
C6H10N2O2,seen,20,1517,910,304,303,0,576,214,194,0,91,32,36,0
C6H10N2O3,seen,21,882,529,177,176,0,438,146,136,0,13,7,1,0
C6H10N2O4,test_ood,22,579,0,0,0,579,0,0,0,572,0,0,0,28
C6H10N2O5,seen,23,1391,835,278,278,0,719,238,248,0,79,26,28,0
C6H10N4,seen,20,255,153,51,51,0,151,50,51,0,14,6,7,0
C6H10N4O1,seen,21,299,179,60,60,0,178,58,59,0,15,2,4,0
C6H10N4O2,seen,22,948,569,190,189,0,565,190,186,0,16,7,4,0
C6H10N4O3,seen,23,127,76,26,25,0,73,26,25,0,4,1,0,0
C6H10N6,seen,22,543,326,109,108,0,225,73,60,0,35,11,12,0
C6H10N6O1,seen,23,3,2,1,0,0,0,0,0,0,0,0,0,0
C6H10N6O2,seen,24,1,1,0,0,0,0,0,0,0,0,0,0,0
C6H10N6O3,seen,25,1,1,0,0,0,0,0,0,0,0,0,0,0
C6H10O1,test_ood,17,5082,0,0,0,5082,0,0,0,5050,0,0,0,517
C6H10O2,test_ood,18,18028,0,0,0,18028,0,0,0,16381,0,0,0,2024
C6H10O3,test_ood,19,2777,0,0,0,2777,0,0,0,1977,0,0,0,350
C6H10O4,seen,20,2669,1601,534,534,0,1393,485,471,0,168,55,54,0
C6H10O5,test_ood,21,746,0,0,0,746,0,0,0,733,0,0,0,34
C6H10O6,seen,22,8,5,2,1,0,4,2,1,0,0,0,0,0
C6H11N1,test_ood,18,9129,0,0,0,9129,0,0,0,8766,0,0,0,878
C6H11N1O1,seen,19,20711,12427,4142,4142,0,11853,3931,3952,0,1380,486,493,0
C6H11N1O2,test_ood,20,2953,0,0,0,2953,0,0,0,2405,0,0,0,356
C6H11N1O3,seen,21,760,456,152,152,0,204,66,60,0,37,8,13,0
C6H11N1O4,seen,22,931,559,186,186,0,119,41,42,0,50,17,11,0
C6H11N1O5,test_ood,23,54,0,0,0,54,0,0,0,51,0,0,0,0
C6H11N1O6,test_ood,24,1,0,0,0,1,0,0,0,0,0,0,0,0
C6H11N3,seen,20,8761,5257,1752,1752,0,4470,1501,1483,0,640,215,204,0
C6H11N3O1,test_ood,21,295,0,0,0,295,0,0,0,292,0,0,0,19
C6H11N3O2,seen,22,417,250,84,83,0,247,84,79,0,7,1,4,0
C6H11N3O3,seen,23,747,448,150,149,0,441,150,147,0,28,9,12,0
C6H11N3O4,seen,24,1394,836,279,279,0,709,242,250,0,45,13,13,0
C6H11N5,test_ood,22,511,0,0,0,511,0,0,0,509,0,0,0,27
C6H11N5O1,seen,23,562,337,113,112,0,246,85,83,0,16,6,4,0
C6H11N5O2,seen,24,90,54,18,18,0,52,16,18,0,3,0,0,0
C6H11N5O3,seen,25,2,1,1,0,0,0,0,0,0,0,0,0,0
C6H11N7,seen,24,1,1,0,0,0,0,0,0,0,0,0,0,0
C6H11N7O1,test_ood,25,1,0,0,0,1,0,0,0,0,0,0,0,0
C6H11N9O4,test_ood,30,1,0,0,0,1,0,0,0,0,0,0,0,0
C6H12,seen,18,7001,4201,1400,1400,0,2770,937,942,0,263,100,103,0
C6H12N2,seen,20,17520,10512,3504,3504,0,10100,3372,3370,0,1119,412,379,0
C6H12N2O1,seen,21,6066,3640,1213,1213,0,3112,1023,1047,0,77,24,23,0
C6H12N2O2,seen,22,1069,641,214,214,0,543,181,181,0,31,6,6,0
C6H12N2O3,test_ood,23,1364,0,0,0,1364,0,0,0,1045,0,0,0,68
C6H12N2O4,test_ood,24,2515,0,0,0,2515,0,0,0,2411,0,0,0,111
C6H12N2O5,seen,25,568,341,114,113,0,325,110,109,0,24,8,13,0
C6H12N2O6,test_ood,26,305,0,0,0,305,0,0,0,295,0,0,0,25
C6H12N4,test_ood,22,489,0,0,0,489,0,0,0,477,0,0,0,30
C6H12N4O1,seen,23,542,325,109,108,0,322,109,106,0,16,9,5,0
C6H12N4O2,seen,24,1905,1143,381,381,0,1120,377,376,0,16,3,3,0
C6H12N4O3,test_ood,25,3,0,0,0,3,0,0,0,0,0,0,0,0
C6H12N4O4,test_ood,26,3,0,0,0,3,0,0,0,0,0,0,0,0
C6H12N4O6,test_ood,28,1,0,0,0,1,0,0,0,0,0,0,0,0
C6H12N6,seen,24,394,236,79,79,0,234,79,78,0,17,3,5,0
C6H12N6O1,seen,25,4,2,1,1,0,0,0,0,0,0,0,0,0
C6H12N6O3,test_ood,27,645,0,0,0,645,0,0,0,610,0,0,0,29
C6H12O1,seen,19,1358,815,272,271,0,220,55,78,0,88,24,33,0
C6H12O2,seen,20,1966,1180,393,393,0,1062,357,350,0,121,45,36,0
C6H12O3,test_ood,21,314,0,0,0,314,0,0,0,306,0,0,0,18
C6H12O4,test_ood,22,588,0,0,0,588,0,0,0,407,0,0,0,29
C6H12O5,seen,23,1240,744,248,248,0,644,213,216,0,27,8,6,0
C6H12O6,test_ood,24,597,0,0,0,597,0,0,0,587,0,0,0,45
C6H13N1,test_ood,20,544,0,0,0,544,0,0,0,520,0,0,0,54
C6H13N1O1,test_ood,21,1309,0,0,0,1309,0,0,0,1109,0,0,0,53
C6H13N1O2,seen,22,3615,2169,723,723,0,1812,584,604,0,84,36,32,0
C6H13N1O3,seen,23,1788,1073,358,357,0,705,249,246,0,59,18,20,0
C6H13N1O4,seen,24,4857,2914,972,971,0,2374,774,778,0,97,29,47,0
C6H13N1O5,seen,25,720,432,144,144,0,430,144,142,0,29,10,10,0
C6H13N1O7,seen,27,1,1,0,0,0,0,0,0,0,0,0,0,0
C6H13N3,seen,22,4681,2809,936,936,0,2329,806,775,0,47,26,17,0
C6H13N3O1,seen,23,343,206,69,68,0,111,38,44,0,14,0,3,0
C6H13N3O2,seen,24,842,505,169,168,0,414,133,134,0,14,10,7,0
C6H13N3O3,seen,25,794,476,159,159,0,474,157,159,0,8,3,4,0
C6H13N3O4,seen,26,2,1,1,0,0,0,0,0,0,0,0,0,0
C6H13N3O7,seen,29,2,1,1,0,0,0,0,0,0,0,0,0,0
C6H13N5,seen,24,572,343,115,114,0,170,56,58,0,31,6,9,0
C6H13N5O1,test_ood,25,473,0,0,0,473,0,0,0,471,0,0,0,11
C6H13N5O2,test_ood,26,140,0,0,0,140,0,0,0,134,0,0,0,7
C6H13N5O3,seen,27,2,1,1,0,0,0,0,0,0,0,0,0,0
C6H13N5O4,test_ood,28,1,0,0,0,1,0,0,0,0,0,0,0,0
C6H13N7,test_ood,26,119,0,0,0,119,0,0,0,116,0,0,0,4
C6H13N7O4,seen,30,1,1,0,0,0,0,0,0,0,0,0,0,0
C6H14,test_ood,20,531,0,0,0,531,0,0,0,527,0,0,0,31
C6H14N2,seen,22,1813,1088,363,362,0,1051,344,348,0,33,14,11,0
C6H14N2O1,seen,23,2290,1374,458,458,0,1103,388,372,0,40,17,12,0
C6H14N2O2,test_ood,24,2025,0,0,0,2025,0,0,0,1850,0,0,0,70
C6H14N2O3,test_ood,25,649,0,0,0,649,0,0,0,646,0,0,0,19
C6H14N2O4,seen,26,89,53,18,18,0,52,17,18,0,2,1,0,0
C6H14N2O5,test_ood,27,6,0,0,0,6,0,0,0,0,0,0,0,0
C6H14N2O6,test_ood,28,2,0,0,0,2,0,0,0,0,0,0,0,0
C6H14N4,seen,24,224,134,45,45,0,132,45,44,0,6,3,1,0
C6H14N4O1,seen,25,187,112,38,37,0,112,38,37,0,1,5,2,0
C6H14N4O2,seen,26,2309,1385,462,462,0,1366,458,453,0,46,19,14,0
C6H14N4O3,test_ood,27,6,0,0,0,6,0,0,0,0,0,0,0,0
C6H14N4O4,seen,28,3,2,1,0,0,0,0,0,0,0,0,0,0
C6H14N4O6,seen,30,1,1,0,0,0,0,0,0,0,0,0,0,0
C6H14N6,seen,26,171,103,34,34,0,102,34,34,0,1,1,0,0
C6H14N6O1,seen,27,3,2,1,0,0,0,0,0,0,0,0,0,0
C6H14N6O2,test_ood,28,5,0,0,0,5,0,0,0,0,0,0,0,0
C6H14N6O3,test_ood,29,1,0,0,0,1,0,0,0,0,0,0,0,0
C6H14N6O4,test_ood,30,2,0,0,0,2,0,0,0,0,0,0,0,0
C6H14N6O5,test_ood,31,1,0,0,0,1,0,0,0,0,0,0,0,0
C6H14N8O3,seen,31,1,1,0,0,0,0,0,0,0,0,0,0,0
C6H14O1,test_ood,21,97,0,0,0,97,0,0,0,97,0,0,0,0
C6H14O2,seen,22,451,271,90,90,0,165,54,47,0,30,5,10,0
C6H14O3,seen,23,192,115,39,38,0,113,38,38,0,6,3,3,0
C6H14O4,test_ood,24,4,0,0,0,4,0,0,0,4,0,0,0,0
C6H14O5,test_ood,25,3,0,0,0,3,0,0,0,2,0,0,0,0
C6H14O6,seen,26,168,101,34,33,0,98,34,30,0,4,1,4,0
C6H14O7,test_ood,27,5,0,0,0,5,0,0,0,0,0,0,0,0
C6H15N1,seen,22,1,1,0,0,0,1,0,0,0,0,0,0,0
C6H15N1O1,test_ood,23,96,0,0,0,96,0,0,0,95,0,0,0,3
C6H15N1O2,test_ood,24,12,0,0,0,12,0,0,0,8,0,0,0,0
C6H15N1O3,seen,25,8,5,2,1,0,5,2,1,0,0,0,0,0
C6H15N1O4,test_ood,26,11,0,0,0,11,0,0,0,4,0,0,0,0
C6H15N1O5,test_ood,27,8,0,0,0,8,0,0,0,2,0,0,0,0
C6H15N1O6,test_ood,28,7,0,0,0,7,0,0,0,0,0,0,0,0
C6H15N3,test_ood,24,736,0,0,0,736,0,0,0,522,0,0,0,26
C6H15N3O1,seen,25,43,26,9,8,0,26,9,8,0,0,0,0,0
C6H15N3O2,seen,26,507,304,102,101,0,302,100,101,0,12,2,8,0
C6H15N3O3,seen,27,140,84,28,28,0,82,26,27,0,1,1,1,0
C6H15N3O4,test_ood,28,7,0,0,0,7,0,0,0,0,0,0,0,0
C6H15N3O5,test_ood,29,1,0,0,0,1,0,0,0,0,0,0,0,0
C6H15N5,seen,26,119,71,24,24,0,70,24,23,0,3,2,2,0
C6H15N5O1,seen,27,304,182,61,61,0,181,60,60,0,0,0,0,0
C6H15N5O2,seen,28,8,5,2,1,0,0,0,0,0,0,0,0,0
C6H15N5O3,seen,29,4,2,1,1,0,0,0,0,0,0,0,0,0
C6H15N7,seen,28,2,1,1,0,0,0,0,0,0,0,0,0,0
C6H15N7O1,seen,29,2,1,1,0,0,0,0,0,0,0,0,0,0
C6H15N7O3,test_ood,31,5,0,0,0,5,0,0,0,0,0,0,0,0
C6H15N7O4,seen,32,2,1,1,0,0,0,0,0,0,0,0,0,0
C6H16N2,test_ood,24,42,0,0,0,42,0,0,0,42,0,0,0,2
C6H16N2O1,seen,25,24,14,5,5,0,14,5,5,0,0,0,0,0
C6H16N2O2,seen,26,135,81,27,27,0,79,26,26,0,0,0,0,0
C6H16N2O3,seen,27,25,15,5,5,0,15,4,5,0,0,0,0,0
C6H16N2O4,seen,28,155,93,31,31,0,89,30,30,0,4,5,1,0
C6H16N2O5,seen,29,2,1,1,0,0,0,0,0,0,0,0,0,0
C6H16N4,seen,26,17,10,4,3,0,9,4,3,0,0,0,0,0
C6H16N4O1,seen,27,204,122,41,41,0,121,40,41,0,5,0,1,0
C6H16N4O2,seen,28,586,352,117,117,0,349,115,117,0,17,3,5,0
C6H16N4O3,seen,29,6,4,1,1,0,0,0,0,0,0,0,0,0
C6H16N4O4,seen,30,5,3,1,1,0,0,0,0,0,0,0,0,0
C6H16N6,seen,28,95,57,19,19,0,57,19,19,0,0,0,0,0
C6H16N6O2,test_ood,30,7,0,0,0,7,0,0,0,0,0,0,0,0
C6H16N8,test_ood,30,1,0,0,0,1,0,0,0,0,0,0,0,0
C6H16N8O3,seen,33,2,1,1,0,0,0,0,0,0,0,0,0,0
C6H16O1,seen,23,30,18,6,6,0,18,6,6,0,0,0,0,0
C6H16O4,seen,26,1,1,0,0,0,1,0,0,0,0,0,0,0
C6H17N1,test_ood,24,1,0,0,0,1,0,0,0,1,0,0,0,1
C6H17N1O1,seen,25,1,1,0,0,0,1,0,0,0,0,0,0,0
C6H17N1O3,seen,27,2,1,1,0,0,1,1,0,0,0,0,0,0
C6H17N1O4,seen,28,2,1,1,0,0,1,1,0,0,0,0,0,0
C6H17N3,test_ood,26,18,0,0,0,18,0,0,0,17,0,0,0,0
C6H17N3O1,seen,27,17,10,4,3,0,10,4,3,0,0,0,0,0
C6H17N3O2,test_ood,28,30,0,0,0,30,0,0,0,25,0,0,0,0
C6H17N3O3,test_ood,29,28,0,0,0,28,0,0,0,26,0,0,0,0
C6H17N3O4,seen,30,3,2,1,0,0,0,0,0,0,0,0,0,0
C6H17N5,seen,28,32,19,7,6,0,19,7,6,0,0,0,0,0
C6H17N5O1,test_ood,29,106,0,0,0,106,0,0,0,106,0,0,0,0
C6H17N5O2,test_ood,30,339,0,0,0,339,0,0,0,327,0,0,0,21
C6H17N7O2,seen,32,1,1,0,0,0,0,0,0,0,0,0,0,0
C6H18N2O2,seen,28,3,2,1,0,0,2,0,0,0,0,0,0,0
C6H18N2O3,seen,29,2,1,1,0,0,0,1,0,0,0,0,0,0
C6H18N2O4,seen,30,1,1,0,0,0,1,0,0,0,0,0,0,0
C6H18N2O5,seen,31,1,1,0,0,0,0,0,0,0,0,0,0,0
C6H18N4,seen,28,2,1,1,0,0,1,1,0,0,0,0,0,0
C6H18N4O1,seen,29,17,10,4,3,0,10,4,3,0,0,0,0,0
C6H18N4O2,test_ood,30,18,0,0,0,18,0,0,0,14,0,0,0,1
C6H18N4O3,seen,31,5,3,1,1,0,0,0,0,0,0,0,0,0
C6H18N4O4,test_ood,32,1,0,0,0,1,0,0,0,0,0,0,0,0
C6H18N6,test_ood,30,40,0,0,0,40,0,0,0,39,0,0,0,0
C6H18N6O2,seen,32,2,1,1,0,0,0,0,0,0,0,0,0,0
C6H19N3,test_ood,28,1,0,0,0,1,0,0,0,1,0,0,0,0
C6H19N3O1,test_ood,29,1,0,0,0,1,0,0,0,1,0,0,0,0
C6H19N3O2,seen,30,2,1,1,0,0,1,0,0,0,0,0,0,0
C6H19N3O3,test_ood,31,1,0,0,0,1,0,0,0,0,0,0,0,0
C6H19N5,seen,30,5,3,1,1,0,3,1,1,0,0,0,0,0
C6H19N5O1,seen,31,11,7,2,2,0,7,2,2,0,0,0,0,0
C6H19N5O2,seen,32,1,1,0,0,0,0,0,0,0,0,0,0,0
C6H19N5O4,seen,34,1,1,0,0,0,0,0,0,0,0,0,0,0
C6H19N7O2,seen,34,1,1,0,0,0,0,0,0,0,0,0,0,0
C6H1N1O1,seen,9,261,157,52,52,0,154,52,52,0,24,11,10,0
C6H1N1O2,seen,10,16,10,3,3,0,8,2,3,0,3,1,1,0
C6H1N3O1,seen,11,1,1,0,0,0,1,0,0,0,0,0,0,0
C6H1N3O3,test_ood,13,1,0,0,0,1,0,0,0,1,0,0,0,1
C6H2,test_ood,8,369,0,0,0,369,0,0,0,365,0,0,0,86
C6H20N6,test_ood,32,5,0,0,0,5,0,0,0,5,0,0,0,0
C6H20N6O2,test_ood,34,2,0,0,0,2,0,0,0,0,0,0,0,0
C6H20N6O3,seen,35,1,1,0,0,0,0,0,0,0,0,0,0,0
C6H21N7O2,test_ood,36,2,0,0,0,2,0,0,0,0,0,0,0,0
C6H2N2,seen,10,382,229,77,76,0,227,77,76,0,41,11,14,0
C6H2N2O1,seen,11,53,32,11,10,0,28,10,10,0,6,2,4,0
C6H2N2O2,test_ood,12,1,0,0,0,1,0,0,0,1,0,0,0,0
C6H2N2O3,seen,13,1,1,0,0,0,1,0,0,0,1,0,0,0
C6H2N4O2,seen,14,13,8,3,2,0,8,3,2,0,1,1,0,0
C6H2N6,test_ood,14,2,0,0,0,2,0,0,0,2,0,0,0,2
C6H2O2,seen,10,132,79,27,26,0,77,27,26,0,16,4,4,0
C6H2O3,seen,11,17,10,4,3,0,9,3,3,0,3,0,0,0
C6H3N1,seen,10,369,221,74,74,0,216,71,74,0,38,11,11,0
C6H3N1O1,seen,11,3046,1828,609,609,0,1793,597,598,0,246,90,77,0
C6H3N1O2,seen,12,308,185,62,61,0,164,51,53,0,39,12,9,0
C6H3N1O3,seen,13,1,1,0,0,0,1,0,0,0,0,0,0,0
C6H3N3,test_ood,12,48,0,0,0,48,0,0,0,37,0,0,0,7
C6H3N3O1,test_ood,13,3,0,0,0,3,0,0,0,3,0,0,0,0
C6H3N3O2,seen,14,7,4,2,1,0,4,2,1,0,1,0,0,0
C6H3N3O3,seen,15,17,10,4,3,0,10,4,3,0,2,0,1,0
C6H3N5,seen,14,141,85,28,28,0,84,28,28,0,12,3,7,0
C6H3N5O1,seen,15,11,7,2,2,0,7,2,2,0,1,0,1,0
C6H4,test_ood,10,1170,0,0,0,1170,0,0,0,1160,0,0,0,196
C6H4N2,seen,12,4011,2407,802,802,0,2373,777,789,0,335,109,104,0
C6H4N2O1,seen,13,940,564,188,188,0,497,162,169,0,71,20,32,0
C6H4N2O2,test_ood,14,551,0,0,0,551,0,0,0,403,0,0,0,80
C6H4N2O3,seen,15,5,3,1,1,0,3,1,1,0,0,0,0,0
C6H4N2O4,seen,16,17,10,4,3,0,8,3,3,0,0,1,1,0
C6H4N4,test_ood,14,396,0,0,0,396,0,0,0,391,0,0,0,46
C6H4N4O1,seen,15,127,76,26,25,0,76,26,25,0,11,4,1,0
C6H4N4O2,seen,16,571,343,114,114,0,338,113,113,0,47,18,17,0
C6H4N6,test_ood,16,295,0,0,0,295,0,0,0,292,0,0,0,41
C6H4N6O2,seen,18,1,1,0,0,0,0,0,0,0,0,0,0,0
C6H4O1,seen,11,654,392,131,131,0,391,130,131,0,47,12,15,0
C6H4O2,seen,12,3207,1924,642,641,0,1898,636,629,0,277,86,80,0
C6H4O3,test_ood,13,320,0,0,0,320,0,0,0,261,0,0,0,50
C6H4O4,seen,14,561,337,112,112,0,144,42,47,0,39,12,11,0
C6H4O5,seen,15,123,74,25,24,0,74,25,24,0,15,7,7,0
C6H5N1,seen,12,1158,695,232,231,0,694,231,227,0,67,22,18,0
C6H5N1O1,seen,13,11091,6655,2218,2218,0,6358,2133,2108,0,736,239,240,0
C6H5N1O2,seen,14,2673,1604,535,534,0,1044,361,359,0,186,75,66,0
C6H5N1O3,seen,15,2259,1355,452,452,0,995,342,317,0,162,52,57,0
C6H5N1O4,seen,16,268,161,54,53,0,161,54,53,0,25,4,7,0
C6H5N1O5,test_ood,17,7,0,0,0,7,0,0,0,7,0,0,0,3
C6H5N3,test_ood,14,2083,0,0,0,2083,0,0,0,1939,0,0,0,302
C6H5N3O1,seen,15,1387,832,278,277,0,646,222,208,0,85,29,34,0
C6H5N3O2,seen,16,410,246,82,82,0,246,81,82,0,35,11,10,0
C6H5N3O3,test_ood,17,191,0,0,0,191,0,0,0,189,0,0,0,23
C6H5N5,test_ood,16,425,0,0,0,425,0,0,0,134,0,0,0,46
C6H5N5O1,test_ood,17,42,0,0,0,42,0,0,0,41,0,0,0,6
C6H5N5O3,seen,19,2,1,1,0,0,0,0,0,0,0,0,0,0
C6H5N7,seen,18,1,1,0,0,0,0,0,0,0,0,0,0,0
C6H6,test_ood,12,2836,0,0,0,2836,0,0,0,2811,0,0,0,300
C6H6N2,test_ood,14,13406,0,0,0,13406,0,0,0,13146,0,0,0,1560
C6H6N2O1,seen,15,5039,3023,1008,1008,0,2276,775,766,0,363,143,128,0
C6H6N2O2,test_ood,16,3623,0,0,0,3623,0,0,0,3130,0,0,0,438
C6H6N2O3,seen,17,450,270,90,90,0,265,90,90,0,37,8,9,0
C6H6N2O4,seen,18,62,37,13,12,0,37,12,12,0,5,4,1,0
C6H6N4,test_ood,16,1510,0,0,0,1510,0,0,0,1062,0,0,0,171
C6H6N4O1,seen,17,1568,941,314,313,0,742,238,247,0,134,39,44,0
C6H6N4O2,seen,18,495,297,99,99,0,295,98,99,0,52,18,11,0
C6H6N4O3,test_ood,19,107,0,0,0,107,0,0,0,104,0,0,0,17
C6H6N4O4,seen,20,1,1,0,0,0,0,0,0,0,0,0,0,0
C6H6N6,seen,18,162,97,33,32,0,96,33,32,0,16,8,7,0
C6H6N6O1,test_ood,19,191,0,0,0,191,0,0,0,185,0,0,0,24
C6H6O1,test_ood,13,5198,0,0,0,5198,0,0,0,5017,0,0,0,514
C6H6O2,seen,14,21003,12602,4201,4200,0,11447,3756,3793,0,1400,476,449,0
C6H6O3,test_ood,15,2507,0,0,0,2507,0,0,0,1889,0,0,0,292
C6H6O4,test_ood,16,809,0,0,0,809,0,0,0,651,0,0,0,108
C6H6O5,seen,17,3,2,1,0,0,1,1,0,0,1,0,0,0
C6H6O6,seen,18,2,1,1,0,0,0,1,0,0,0,0,0,0
C6H6O7,seen,19,2,1,1,0,0,0,0,0,0,0,0,0,0
C6H7N1,seen,14,2962,1777,593,592,0,1678,556,560,0,159,49,60,0
C6H7N1O1,test_ood,15,30990,0,0,0,30990,0,0,0,27898,0,0,0,3212
C6H7N1O2,test_ood,16,8185,0,0,0,8185,0,0,0,4440,0,0,0,908
C6H7N1O3,seen,17,324,194,65,65,0,102,33,32,0,25,11,6,0
C6H7N1O4,test_ood,18,34,0,0,0,34,0,0,0,30,0,0,0,5
C6H7N1O5,seen,19,36,22,7,7,0,21,7,7,0,4,0,0,0
C6H7N1O6,seen,20,1,1,0,0,0,0,0,0,0,0,0,0,0
C6H7N3,seen,16,2882,1729,577,576,0,1490,510,500,0,233,80,60,0
C6H7N3O1,seen,17,3886,2332,777,777,0,379,133,124,0,176,62,55,0
C6H7N3O2,test_ood,18,1117,0,0,0,1117,0,0,0,1102,0,0,0,134
C6H7N3O3,seen,19,170,102,34,34,0,101,34,33,0,15,2,3,0
C6H7N3O4,seen,20,1,1,0,0,0,0,0,0,0,0,0,0,0
C6H7N3O5,test_ood,21,1,0,0,0,1,0,0,0,0,0,0,0,0
C6H7N5,seen,18,1547,928,310,309,0,623,205,203,0,96,34,35,0
C6H7N5O1,seen,19,1053,632,211,210,0,539,179,174,0,90,24,32,0
C6H7N5O2,test_ood,20,268,0,0,0,268,0,0,0,258,0,0,0,24
C6H8,test_ood,14,7747,0,0,0,7747,0,0,0,7689,0,0,0,638
C6H8N2,seen,16,26351,15811,5270,5270,0,15438,5137,5127,0,1651,522,510,0
C6H8N2O1,seen,17,12994,7796,2599,2599,0,4250,1317,1420,0,860,280,265,0
C6H8N2O2,seen,18,1156,694,231,231,0,413,147,136,0,93,30,33,0
C6H8N2O3,test_ood,19,848,0,0,0,848,0,0,0,833,0,0,0,138
C6H8N2O4,seen,20,379,227,76,76,0,223,76,75,0,36,12,15,0
C6H8N2O5,seen,21,2,1,1,0,0,0,0,0,0,0,0,0,0
C6H8N4,test_ood,18,673,0,0,0,673,0,0,0,229,0,0,0,106
C6H8N4O1,test_ood,19,911,0,0,0,911,0,0,0,611,0,0,0,133
C6H8N4O2,test_ood,20,763,0,0,0,763,0,0,0,745,0,0,0,106
C6H8N4O3,seen,21,254,152,51,51,0,148,49,50,0,6,6,5,0
C6H8N6,seen,20,576,346,115,115,0,342,115,115,0,39,11,15,0
C6H8N6O1,test_ood,21,4,0,0,0,4,0,0,0,0,0,0,0,0
C6H8N6O2,test_ood,22,2,0,0,0,2,0,0,0,0,0,0,0,0
C6H8N8,seen,22,1,1,0,0,0,0,0,0,0,0,0,0,0
C6H8O1,test_ood,15,9709,0,0,0,9709,0,0,0,9074,0,0,0,889
C6H8O2,seen,16,30436,18262,6087,6087,0,17799,5915,5942,0,2040,700,709,0
C6H8O3,test_ood,17,2685,0,0,0,2685,0,0,0,2180,0,0,0,347
C6H8O4,seen,18,661,397,132,132,0,133,44,40,0,40,12,15,0
C6H8O5,seen,19,11,7,2,2,0,6,1,2,0,0,0,0,0
C6H8O6,test_ood,20,131,0,0,0,131,0,0,0,130,0,0,0,21
C6H9N1,seen,16,9656,5794,1931,1931,0,5742,1916,1911,0,529,185,176,0
C6H9N1O1,seen,17,45000,27000,9000,9000,0,26152,8682,8741,0,2901,957,975,0
C6H9N1O2,seen,18,7640,4584,1528,1528,0,3390,1124,1165,0,518,182,178,0
C6H9N1O3,seen,19,849,509,170,170,0,164,49,52,0,51,19,22,0
C6H9N1O4,test_ood,20,795,0,0,0,795,0,0,0,503,0,0,0,102
C6H9N1O5,seen,21,645,387,129,129,0,383,128,124,0,9,7,7,0
C6H9N1O6,seen,22,1,1,0,0,0,0,0,0,0,0,0,0,0
C6H9N3,seen,18,7162,4297,1433,1432,0,3501,1153,1166,0,512,155,165,0
C6H9N3O1,test_ood,19,1503,0,0,0,1503,0,0,0,62,0,0,0,144
C6H9N3O2,test_ood,20,2112,0,0,0,2112,0,0,0,2082,0,0,0,205
C6H9N3O3,seen,21,1029,617,206,206,0,604,206,203,0,15,6,3,0
C6H9N3O4,seen,22,217,130,44,43,0,127,42,39,0,8,1,1,0
C6H9N5,seen,20,592,355,119,118,0,351,115,116,0,50,14,17,0
C6H9N5O1,test_ood,21,396,0,0,0,396,0,0,0,386,0,0,0,33
C6H9N5O2,seen,22,120,72,24,24,0,67,22,24,0,2,2,3,0
C6H9N5O3,seen,23,3,2,1,0,0,0,0,0,0,0,0,0,0
C6H9N7,seen,22,205,123,41,41,0,120,41,40,0,1,1,1,0
C6H9N7O1,test_ood,23,1,0,0,0,1,0,0,0,0,0,0,0,0
C6N2,seen,8,200,120,40,40,0,114,40,38,0,23,11,6,0
C6N4,seen,10,216,130,43,43,0,127,41,42,0,23,10,6,0
C7H10,test_ood,17,2835,0,0,0,2835,0,0,0,2804,0,0,0,296
C7H10N2,seen,19,6616,3970,1323,1323,0,3276,1099,1104,0,465,157,179,0
C7H10N2O1,seen,20,500,300,100,100,0,294,98,99,0,39,14,11,0
C7H10N2O2,seen,21,1915,1149,383,383,0,1136,379,379,0,47,17,20,0
C7H10N2O3,test_ood,22,1722,0,0,0,1722,0,0,0,1538,0,0,0,91
C7H10N2O4,seen,23,122,73,25,24,0,66,25,23,0,2,1,2,0
C7H10N2O5,seen,24,1,1,0,0,0,0,0,0,0,0,0,0,0
C7H10N4,seen,21,777,466,156,155,0,372,124,125,0,29,6,12,0
C7H10N4O1,seen,22,1243,746,249,248,0,738,246,246,0,29,14,11,0
C7H10N4O2,seen,23,107,64,22,21,0,59,21,17,0,1,0,0,0
C7H10N4O3,seen,24,1,1,0,0,0,0,0,0,0,0,0,0,0
C7H10N6,seen,23,204,122,41,41,0,121,41,41,0,0,0,0,0
C7H10O1,seen,18,18165,10899,3633,3633,0,10598,3526,3530,0,1271,411,402,0
C7H10O2,test_ood,19,4949,0,0,0,4949,0,0,0,4075,0,0,0,616
C7H10O3,test_ood,20,108,0,0,0,108,0,0,0,104,0,0,0,9
C7H10O4,test_ood,21,288,0,0,0,288,0,0,0,285,0,0,0,13
C7H10O5,test_ood,22,295,0,0,0,295,0,0,0,290,0,0,0,29
C7H10O6,test_ood,23,1,0,0,0,1,0,0,0,0,0,0,0,0
C7H11N1,test_ood,19,21491,0,0,0,21491,0,0,0,20903,0,0,0,2258
C7H11N1O1,test_ood,20,10614,0,0,0,10614,0,0,0,9001,0,0,0,1262
C7H11N1O2,test_ood,21,1453,0,0,0,1453,0,0,0,1011,0,0,0,79
C7H11N1O3,test_ood,22,1683,0,0,0,1683,0,0,0,1492,0,0,0,88
C7H11N1O4,seen,23,327,196,66,65,0,193,63,64,0,12,5,4,0
C7H11N1O5,test_ood,24,5,0,0,0,5,0,0,0,0,0,0,0,0
C7H11N3,seen,21,147,88,30,29,0,88,30,29,0,6,0,0,0
C7H11N3O1,test_ood,22,827,0,0,0,827,0,0,0,637,0,0,0,63
C7H11N3O2,seen,23,913,548,183,182,0,538,180,180,0,12,2,6,0
C7H11N3O3,test_ood,24,278,0,0,0,278,0,0,0,263,0,0,0,9
C7H11N3O4,seen,25,4,2,1,1,0,0,0,0,0,0,0,0,0
C7H11N5,test_ood,23,574,0,0,0,574,0,0,0,425,0,0,0,38
C7H11N5O1,seen,24,257,154,52,51,0,148,51,50,0,9,1,3,0
C7H11N5O2,seen,25,7,4,2,1,0,0,0,0,0,0,0,0,0
C7H11N5O3,seen,26,1,1,0,0,0,0,0,0,0,0,0,0,0
C7H11N7O1,seen,26,4,2,1,1,0,0,0,0,0,0,0,0,0
C7H12,seen,19,1655,993,331,331,0,989,328,328,0,98,43,33,0
C7H12N2,seen,21,10277,6166,2056,2055,0,5349,1767,1784,0,89,28,29,0
C7H12N2O1,seen,22,743,446,149,148,0,249,77,82,0,29,8,10,0
C7H12N2O2,seen,23,1371,823,274,274,0,717,241,237,0,14,7,4,0
C7H12N2O3,seen,24,1858,1115,372,371,0,977,330,325,0,42,19,15,0
C7H12N2O4,test_ood,25,5,0,0,0,5,0,0,0,0,0,0,0,0
C7H12N2O5,test_ood,26,2036,0,0,0,2036,0,0,0,1954,0,0,0,159
C7H12N2O6,test_ood,27,1155,0,0,0,1155,0,0,0,1115,0,0,0,49
C7H12N4,test_ood,23,547,0,0,0,547,0,0,0,543,0,0,0,19
C7H12N4O1,seen,24,982,589,197,196,0,419,134,135,0,27,8,12,0
C7H12N4O2,test_ood,25,499,0,0,0,499,0,0,0,485,0,0,0,31
C7H12N4O3,test_ood,26,2,0,0,0,2,0,0,0,0,0,0,0,0
C7H12N6,seen,25,137,82,28,27,0,82,28,24,0,7,2,0,0
C7H12N6O1,test_ood,26,5,0,0,0,5,0,0,0,0,0,0,0,0
C7H12N6O2,test_ood,27,3,0,0,0,3,0,0,0,0,0,0,0,0
C7H12O1,seen,20,5773,3464,1155,1154,0,3317,1114,1109,0,391,130,129,0
C7H12O2,seen,21,2102,1261,421,420,0,1012,347,346,0,33,10,11,0
C7H12O3,test_ood,22,220,0,0,0,220,0,0,0,215,0,0,0,12
C7H12O4,test_ood,23,308,0,0,0,308,0,0,0,126,0,0,0,40
C7H12O5,seen,24,152,91,31,30,0,88,31,30,0,3,3,3,0
C7H12O6,seen,25,349,209,70,70,0,202,65,68,0,13,6,2,0
C7H12O7,test_ood,26,1,0,0,0,1,0,0,0,0,0,0,0,0
C7H13N1,seen,21,8079,4847,1616,1616,0,4661,1562,1559,0,179,67,60,0
C7H13N1O1,seen,22,4052,2431,811,810,0,2129,702,701,0,53,16,15,0
C7H13N1O2,seen,23,709,425,142,142,0,346,105,107,0,23,6,6,0
C7H13N1O3,seen,24,1213,728,243,242,0,263,91,90,0,45,23,15,0
C7H13N1O4,seen,25,298,179,60,59,0,175,57,57,0,5,0,4,0
C7H13N1O5,test_ood,26,4,0,0,0,4,0,0,0,0,0,0,0,0
C7H13N3,seen,23,1399,839,280,280,0,819,272,275,0,56,17,18,0
C7H13N3O1,seen,24,451,271,90,90,0,185,61,59,0,11,6,3,0
C7H13N3O2,seen,25,867,520,174,173,0,513,173,171,0,6,2,2,0
C7H13N3O3,seen,26,147,88,30,29,0,84,26,28,0,1,2,0,0
C7H13N3O4,seen,27,1910,1146,382,382,0,1091,367,366,0,52,18,14,0
C7H13N3O5,test_ood,28,1139,0,0,0,1139,0,0,0,1098,0,0,0,48
C7H13N5,test_ood,25,256,0,0,0,256,0,0,0,256,0,0,0,1
C7H13N5O1,seen,26,223,134,45,44,0,132,43,42,0,6,2,4,0
C7H13N5O2,test_ood,27,1,0,0,0,1,0,0,0,0,0,0,0,0
C7H14,seen,21,25,15,5,5,0,14,5,5,0,0,0,0,0
C7H14N2,test_ood,23,4672,0,0,0,4672,0,0,0,4166,0,0,0,107
C7H14N2O1,seen,24,872,523,175,174,0,431,143,136,0,19,3,4,0
C7H14N2O2,test_ood,25,843,0,0,0,843,0,0,0,832,0,0,0,12
C7H14N2O3,test_ood,26,1946,0,0,0,1946,0,0,0,1891,0,0,0,66
C7H14N2O4,test_ood,27,1084,0,0,0,1084,0,0,0,1042,0,0,0,39
C7H14N2O5,seen,28,1164,698,233,233,0,676,224,224,0,30,14,12,0
C7H14N2O6,seen,29,2,1,1,0,0,0,0,0,0,0,0,0,0
C7H14N4,test_ood,25,404,0,0,0,404,0,0,0,396,0,0,0,18
C7H14N4O1,test_ood,26,830,0,0,0,830,0,0,0,826,0,0,0,23
C7H14N4O2,seen,27,4,2,1,1,0,0,0,0,0,0,0,0,0
C7H14N4O3,seen,28,4,2,1,1,0,0,0,0,0,0,0,0,0
C7H14N4O4,seen,29,2,1,1,0,0,0,0,0,0,0,0,0,0
C7H14N6O1,test_ood,28,2,0,0,0,2,0,0,0,0,0,0,0,0
C7H14N6O4,seen,31,1,1,0,0,0,0,0,0,0,0,0,0,0
C7H14O1,seen,22,935,561,187,187,0,538,183,181,0,31,5,6,0
C7H14O2,test_ood,23,354,0,0,0,354,0,0,0,94,0,0,0,25
C7H14O3,test_ood,24,175,0,0,0,175,0,0,0,175,0,0,0,1
C7H14O4,seen,25,886,532,177,177,0,518,173,169,0,24,12,13,0
C7H14O5,seen,26,485,291,97,97,0,289,95,96,0,4,3,1,0
C7H14O6,seen,27,108,65,22,21,0,63,21,19,0,0,2,1,0
C7H14O7,seen,28,2,1,1,0,0,0,0,0,0,0,0,0,0
C7H15N1,test_ood,23,640,0,0,0,640,0,0,0,604,0,0,0,34
C7H15N1O1,seen,24,551,331,110,110,0,197,59,63,0,12,8,10,0
C7H15N1O2,test_ood,25,58,0,0,0,58,0,0,0,58,0,0,0,0
C7H15N1O3,test_ood,26,716,0,0,0,716,0,0,0,703,0,0,0,13
C7H15N1O4,test_ood,27,1513,0,0,0,1513,0,0,0,1501,0,0,0,43
C7H15N1O5,seen,28,217,130,44,43,0,127,42,43,0,1,0,0,0
C7H15N3,seen,25,41,25,8,8,0,25,8,7,0,0,0,0,0
C7H15N3O1,seen,26,230,138,46,46,0,138,46,44,0,0,0,0,0
C7H15N3O2,seen,27,796,478,159,159,0,474,154,158,0,9,1,5,0
C7H15N3O3,seen,28,138,83,28,27,0,82,25,26,0,4,1,3,0
C7H15N3O4,seen,29,109,65,22,22,0,62,22,22,0,3,1,1,0
C7H15N3O5,seen,30,1,1,0,0,0,0,0,0,0,0,0,0,0
C7H15N5,test_ood,27,350,0,0,0,350,0,0,0,350,0,0,0,19
C7H15N5O1,seen,28,3,2,1,0,0,0,0,0,0,0,0,0,0
C7H15N5O2,test_ood,29,5,0,0,0,5,0,0,0,0,0,0,0,0
C7H15N5O3,seen,30,5,3,1,1,0,0,0,0,0,0,0,0,0
C7H15N7O1,seen,30,1,1,0,0,0,0,0,0,0,0,0,0,0
C7H16N2,seen,25,686,412,137,137,0,373,120,120,0,10,2,0,0
C7H16N2O1,seen,26,203,122,41,40,0,121,40,40,0,4,7,1,0
C7H16N2O2,test_ood,27,499,0,0,0,499,0,0,0,487,0,0,0,12
C7H16N2O3,test_ood,28,321,0,0,0,321,0,0,0,320,0,0,0,9
C7H16N2O4,test_ood,29,4,0,0,0,4,0,0,0,0,0,0,0,0
C7H16N2O5,seen,30,1,1,0,0,0,0,0,0,0,0,0,0,0
C7H16N2O7,test_ood,32,1,0,0,0,1,0,0,0,0,0,0,0,0
C7H16N4,test_ood,27,99,0,0,0,99,0,0,0,95,0,0,0,0
C7H16N4O1,seen,28,479,287,96,96,0,287,96,96,0,1,0,1,0
C7H16N4O2,seen,29,5,3,1,1,0,0,0,0,0,0,0,0,0
C7H16N6O2,seen,31,4,2,1,1,0,0,0,0,0,0,0,0,0
C7H16N6O3,test_ood,32,1,0,0,0,1,0,0,0,0,0,0,0,0
C7H16O1,seen,24,50,30,10,10,0,29,10,9,0,2,0,0,0
C7H16O2,seen,25,7,4,2,1,0,4,2,1,0,0,0,0,0
C7H16O3,seen,26,138,83,28,27,0,82,28,27,0,2,0,0,0
C7H16O4,seen,27,149,89,30,30,0,88,30,30,0,2,1,2,0
C7H16O5,test_ood,28,8,0,0,0,8,0,0,0,5,0,0,0,0
C7H16O6,test_ood,29,2,0,0,0,2,0,0,0,0,0,0,0,0
C7H17N1,seen,25,1,1,0,0,0,1,0,0,0,0,0,0,0
C7H17N1O1,test_ood,26,83,0,0,0,83,0,0,0,81,0,0,0,0
C7H17N1O2,seen,27,17,10,4,3,0,10,4,3,0,0,0,0,0
C7H17N1O3,test_ood,28,32,0,0,0,32,0,0,0,32,0,0,0,0
C7H17N1O4,seen,29,25,15,5,5,0,12,4,5,0,0,0,0,0
C7H17N1O5,seen,30,4,2,1,1,0,0,0,0,0,0,0,0,0
C7H17N1O6,seen,31,1,1,0,0,0,0,0,0,0,0,0,0,0
C7H17N3,test_ood,27,28,0,0,0,28,0,0,0,25,0,0,0,0
C7H17N3O1,seen,28,226,136,45,45,0,134,44,45,0,7,1,1,0
C7H17N3O2,test_ood,29,274,0,0,0,274,0,0,0,273,0,0,0,3
C7H17N3O4,seen,31,1,1,0,0,0,0,0,0,0,0,0,0,0
C7H17N5,seen,29,163,98,33,32,0,97,33,32,0,1,1,0,0
C7H17N5O2,seen,31,85,51,17,17,0,47,17,16,0,0,0,0,0
C7H17N7O3,test_ood,34,1,0,0,0,1,0,0,0,0,0,0,0,0
C7H18N2,test_ood,27,15,0,0,0,15,0,0,0,14,0,0,0,0
C7H18N2O1,seen,28,29,17,6,6,0,17,6,5,0,0,0,0,0
C7H18N2O2,test_ood,29,155,0,0,0,155,0,0,0,150,0,0,0,2
C7H18N2O3,seen,30,44,26,9,9,0,26,8,9,0,0,0,0,0
C7H18N2O4,seen,31,107,64,22,21,0,64,21,20,0,0,0,0,0
C7H18N4,test_ood,29,55,0,0,0,55,0,0,0,54,0,0,0,0
C7H18N4O1,seen,30,222,133,45,44,0,132,45,44,0,0,0,0,0
C7H18N4O2,seen,31,373,224,75,74,0,219,73,71,0,6,2,6,0
C7H18N4O3,seen,32,2,1,1,0,0,0,0,0,0,0,0,0,0
C7H18N6,seen,31,1,1,0,0,0,0,0,0,0,0,0,0,0
C7H18O2,test_ood,27,1,0,0,0,1,0,0,0,1,0,0,0,0
C7H19N1O2,seen,29,3,2,1,0,0,2,1,0,0,0,0,0,0
C7H19N1O3,test_ood,30,6,0,0,0,6,0,0,0,6,0,0,0,0
C7H19N1O4,test_ood,31,4,0,0,0,4,0,0,0,2,0,0,0,0
C7H19N3,test_ood,29,213,0,0,0,213,0,0,0,207,0,0,0,16
C7H19N3O1,seen,30,39,23,8,8,0,23,8,8,0,0,0,0,0
C7H19N3O2,seen,31,49,29,10,10,0,29,10,10,0,0,0,0,0
C7H19N3O3,test_ood,32,1,0,0,0,1,0,0,0,0,0,0,0,0
C7H19N5,seen,31,59,35,12,12,0,35,12,12,0,3,0,0,0
C7H19N5O2,seen,33,274,164,55,55,0,161,53,54,0,10,3,3,0
C7H19N5O3,seen,34,2,1,1,0,0,0,0,0,0,0,0,0,0
C7H1N1,test_ood,9,147,0,0,0,147,0,0,0,143,0,0,0,21
C7H1N3,seen,11,2,1,1,0,0,1,1,0,0,1,1,0,0
C7H20N2,seen,29,1,1,0,0,0,1,0,0,0,0,0,0,0
C7H20N2O1,seen,30,2,1,1,0,0,1,1,0,0,0,0,0,0
C7H20N2O2,test_ood,31,3,0,0,0,3,0,0,0,3,0,0,0,0
C7H20N2O3,seen,32,1,1,0,0,0,1,0,0,0,0,0,0,0
C7H20N4,test_ood,31,9,0,0,0,9,0,0,0,9,0,0,0,0
C7H20N4O1,seen,32,49,29,10,10,0,28,10,10,0,0,0,0,0
C7H20N6O3,seen,36,1,1,0,0,0,0,0,0,0,0,0,0,0
C7H21N3O1,seen,32,3,2,1,0,0,2,1,0,0,0,0,0,0
C7H21N3O2,seen,33,3,2,1,0,0,2,1,0,0,0,0,0,0
C7H21N5,seen,33,15,9,3,3,0,9,3,3,0,0,0,0,0
C7H21N5O2,seen,35,2,1,1,0,0,0,0,0,0,0,0,0,0
C7H22N4O1,seen,34,1,1,0,0,0,0,0,0,0,0,0,0,0
C7H22N6O2,seen,37,3,2,1,0,0,0,0,0,0,0,0,0,0
C7H2N2,test_ood,11,17,0,0,0,17,0,0,0,15,0,0,0,0
C7H2N2O2,test_ood,13,2,0,0,0,2,0,0,0,2,0,0,0,0
C7H2N2O3,seen,14,1,1,0,0,0,1,0,0,0,0,0,0,0
C7H2N4O1,seen,14,3,2,1,0,0,2,1,0,0,0,0,0,0
C7H2O1,seen,10,89,53,18,18,0,51,17,18,0,10,3,2,0
C7H3N1,seen,11,752,451,151,150,0,442,146,148,0,81,17,17,0
C7H3N1O1,test_ood,12,47,0,0,0,47,0,0,0,43,0,0,0,11
C7H3N1O2,seen,13,1,1,0,0,0,1,0,0,0,0,0,0,0
C7H3N1O3,seen,14,3,2,1,0,0,2,1,0,0,0,0,0,0
C7H3N1O4,test_ood,15,1,0,0,0,1,0,0,0,1,0,0,0,0
C7H3N3,seen,13,133,80,27,26,0,80,27,26,0,11,3,5,0
C7H3N3O1,test_ood,14,6,0,0,0,6,0,0,0,6,0,0,0,0
C7H3N3O2,test_ood,15,20,0,0,0,20,0,0,0,20,0,0,0,1
C7H3N5,test_ood,15,2,0,0,0,2,0,0,0,1,0,0,0,0
C7H4,test_ood,11,265,0,0,0,265,0,0,0,262,0,0,0,32
C7H4N2,seen,13,86,52,17,17,0,46,15,15,0,10,1,4,0
C7H4N2O1,seen,14,7,4,2,1,0,4,2,1,0,0,0,0,0
C7H4N2O2,seen,15,142,85,29,28,0,83,28,27,0,12,6,2,0
C7H4N2O3,seen,16,288,173,58,57,0,172,58,57,0,30,12,8,0
C7H4N4,test_ood,15,643,0,0,0,643,0,0,0,494,0,0,0,82
C7H4N4O1,seen,16,162,97,33,32,0,97,30,31,0,11,1,4,0
C7H4O1,test_ood,12,1316,0,0,0,1316,0,0,0,1297,0,0,0,131
C7H4O2,test_ood,13,125,0,0,0,125,0,0,0,111,0,0,0,21
C7H4O3,test_ood,14,2,0,0,0,2,0,0,0,2,0,0,0,0
C7H5N1,test_ood,13,1447,0,0,0,1447,0,0,0,1414,0,0,0,134
C7H5N1O1,seen,14,1327,796,266,265,0,734,239,242,0,86,29,29,0
C7H5N1O2,test_ood,15,392,0,0,0,392,0,0,0,388,0,0,0,37
C7H5N1O3,seen,16,704,422,141,141,0,313,101,102,0,58,16,19,0
C7H5N1O4,seen,17,974,584,195,195,0,409,134,138,0,77,25,26,0
C7H5N3,test_ood,15,3,0,0,0,3,0,0,0,3,0,0,0,0
C7H5N3O1,seen,16,154,92,31,31,0,91,29,31,0,8,5,9,0
C7H5N3O2,seen,17,1161,697,232,232,0,594,208,201,0,73,20,36,0
C7H5N5,test_ood,17,157,0,0,0,157,0,0,0,157,0,0,0,26
C7H6,seen,13,696,418,139,139,0,418,139,139,0,36,14,5,0
C7H6N2,seen,15,1103,662,221,220,0,606,198,200,0,82,32,24,0
C7H6N2O1,seen,16,593,356,119,118,0,351,118,117,0,58,17,15,0
C7H6N2O2,test_ood,17,1097,0,0,0,1097,0,0,0,1089,0,0,0,167
C7H6N2O3,seen,18,205,123,41,41,0,123,41,40,0,11,7,7,0
C7H6N4,seen,17,1321,793,264,264,0,690,245,229,0,114,23,34,0
C7H6N4O1,seen,18,711,427,142,142,0,424,142,141,0,53,15,16,0
C7H6N4O2,seen,19,483,290,97,96,0,202,62,66,0,41,11,17,0
C7H6N4O3,seen,20,3,2,1,0,0,0,0,0,0,0,0,0,0
C7H6N6,seen,19,1,1,0,0,0,0,0,0,0,0,0,0,0
C7H6O1,seen,14,5146,3088,1029,1029,0,3020,1004,1007,0,378,125,125,0
C7H6O2,seen,15,1554,932,311,311,0,705,223,225,0,112,28,37,0
C7H6O3,seen,16,1235,741,247,247,0,734,244,245,0,101,42,29,0
C7H6O4,test_ood,17,1844,0,0,0,1844,0,0,0,1535,0,0,0,222
C7H6O5,seen,18,2,1,1,0,0,1,1,0,0,0,0,0,0
C7H7N1,seen,15,5248,3149,1050,1049,0,3091,1025,1027,0,405,138,118,0
C7H7N1O1,seen,16,3762,2257,753,752,0,1197,421,390,0,216,74,62,0
C7H7N1O2,test_ood,17,1527,0,0,0,1527,0,0,0,463,0,0,0,172
C7H7N1O3,seen,18,4452,2671,891,890,0,1863,601,626,0,331,127,99,0
C7H7N1O4,seen,19,1709,1025,342,342,0,509,159,174,0,117,36,39,0
C7H7N1O5,seen,20,2,1,1,0,0,0,0,0,0,0,0,0,0
C7H7N3,seen,17,626,376,125,125,0,277,94,88,0,41,15,20,0
C7H7N3O1,seen,18,1695,1017,339,339,0,998,335,332,0,112,38,46,0
C7H7N3O2,seen,19,1122,673,225,224,0,576,201,187,0,80,24,25,0
C7H7N3O3,test_ood,20,4,0,0,0,4,0,0,0,0,0,0,0,1
C7H7N3O4,test_ood,21,2,0,0,0,2,0,0,0,0,0,0,0,0
C7H7N5,test_ood,19,443,0,0,0,443,0,0,0,295,0,0,0,53
C7H7N5O1,test_ood,20,1,0,0,0,1,0,0,0,0,0,0,0,0
C7H7N7,test_ood,21,121,0,0,0,121,0,0,0,117,0,0,0,7
C7H8,seen,15,1968,1181,394,393,0,1174,391,385,0,103,32,30,0
C7H8N2,seen,17,2383,1430,477,476,0,1143,395,379,0,163,58,61,0
C7H8N2O1,seen,18,2862,1717,573,572,0,243,83,83,0,154,47,50,0
C7H8N2O2,test_ood,19,5098,0,0,0,5098,0,0,0,3834,0,0,0,557
C7H8N2O3,test_ood,20,1332,0,0,0,1332,0,0,0,1322,0,0,0,147
C7H8N2O4,seen,21,5,3,1,1,0,0,0,0,0,0,0,0,0
C7H8N4,test_ood,19,1738,0,0,0,1738,0,0,0,1433,0,0,0,224
C7H8N4O1,test_ood,20,953,0,0,0,953,0,0,0,798,0,0,0,124
C7H8N4O2,test_ood,21,366,0,0,0,366,0,0,0,360,0,0,0,15
C7H8N4O3,test_ood,22,1,0,0,0,1,0,0,0,0,0,0,0,0
C7H8N4O4,seen,23,1,1,0,0,0,0,0,0,0,0,0,0,0
C7H8N6,seen,21,2,1,1,0,0,0,0,0,0,0,0,0,0
C7H8N6O2,test_ood,23,1,0,0,0,1,0,0,0,0,0,0,0,0
C7H8O1,test_ood,16,17017,0,0,0,17017,0,0,0,14660,0,0,0,1760
C7H8O2,test_ood,17,4455,0,0,0,4455,0,0,0,3518,0,0,0,567
C7H8O3,test_ood,18,385,0,0,0,385,0,0,0,369,0,0,0,57
C7H8O4,seen,19,2129,1277,426,426,0,897,284,297,0,132,49,43,0
C7H8O5,test_ood,20,20,0,0,0,20,0,0,0,17,0,0,0,6
C7H8O6,test_ood,21,1,0,0,0,1,0,0,0,0,0,0,0,0
C7H9N1,seen,17,18484,11090,3697,3697,0,9719,3252,3233,0,1243,364,394,0
C7H9N1O1,test_ood,18,9382,0,0,0,9382,0,0,0,6146,0,0,0,1015
C7H9N1O2,seen,19,1911,1147,382,382,0,799,272,260,0,144,34,58,0
C7H9N1O3,test_ood,20,1035,0,0,0,1035,0,0,0,874,0,0,0,131
C7H9N1O4,test_ood,21,151,0,0,0,151,0,0,0,141,0,0,0,4
C7H9N1O5,seen,22,112,67,23,22,0,64,21,20,0,7,1,0,0
C7H9N3,seen,19,1387,832,278,277,0,368,126,122,0,99,36,40,0
C7H9N3O1,test_ood,20,735,0,0,0,735,0,0,0,575,0,0,0,96
C7H9N3O2,seen,21,1415,849,283,283,0,840,281,279,0,24,7,12,0
C7H9N3O3,test_ood,22,95,0,0,0,95,0,0,0,88,0,0,0,3
C7H9N3O4,seen,23,1,1,0,0,0,0,0,0,0,0,0,0,0
C7H9N5,seen,21,789,473,158,158,0,470,152,157,0,32,10,4,0
C7H9N5O1,seen,22,415,249,83,83,0,247,82,80,0,5,0,4,0
C7H9N5O2,seen,23,4,2,1,1,0,0,0,0,0,0,0,0,0
C7H9N5O3,test_ood,24,1,0,0,0,1,0,0,0,0,0,0,0,0
C7H9N7O1,seen,24,1,1,0,0,0,0,0,0,0,0,0,0,0
C8H10,test_ood,18,7544,0,0,0,7544,0,0,0,5937,0,0,0,820
C8H10N2,seen,20,477,286,96,95,0,286,96,95,0,33,11,12,0
C8H10N2O1,test_ood,21,1700,0,0,0,1700,0,0,0,1197,0,0,0,112
C8H10N2O2,seen,22,1840,1104,368,368,0,1079,358,360,0,49,19,17,0
C8H10N2O3,seen,23,238,143,48,47,0,139,46,46,0,1,3,1,0
C8H10N2O4,test_ood,24,6,0,0,0,6,0,0,0,0,0,0,0,0
C8H10N4,seen,22,1062,637,213,212,0,633,209,208,0,36,6,9,0
C8H10N4O1,test_ood,23,1297,0,0,0,1297,0,0,0,845,0,0,0,67
C8H10N4O2,seen,24,5,3,1,1,0,0,0,0,0,0,0,0,0
C8H10N4O3,seen,25,146,88,29,29,0,86,28,28,0,13,4,2,0
C8H10N6,test_ood,24,278,0,0,0,278,0,0,0,278,0,0,0,19
C8H10N6O1,seen,25,2,1,1,0,0,0,0,0,0,0,0,0,0
C8H10O1,seen,19,4533,2720,907,906,0,1940,632,653,0,312,115,104,0
C8H10O2,test_ood,20,1227,0,0,0,1227,0,0,0,1214,0,0,0,145
C8H10O3,seen,21,1487,892,298,297,0,883,294,291,0,30,4,9,0
C8H10O4,seen,22,147,88,30,29,0,86,27,28,0,4,0,0,0
C8H10O5,seen,23,3,2,1,0,0,0,0,0,0,0,0,0,0
C8H10O6,test_ood,24,1,0,0,0,1,0,0,0,0,0,0,0,0
C8H11N1,test_ood,20,5337,0,0,0,5337,0,0,0,4296,0,0,0,645
C8H11N1O1,seen,21,1036,622,207,207,0,384,121,124,0,31,17,16,0
C8H11N1O2,test_ood,22,1477,0,0,0,1477,0,0,0,1454,0,0,0,42
C8H11N1O3,seen,23,1147,688,230,229,0,677,228,225,0,18,9,9,0
C8H11N1O4,test_ood,24,363,0,0,0,363,0,0,0,340,0,0,0,16
C8H11N1O5,seen,25,2,1,1,0,0,0,0,0,0,0,0,0,0
C8H11N3,seen,22,1158,695,232,231,0,593,198,195,0,45,9,14,0
C8H11N3O1,test_ood,23,1087,0,0,0,1087,0,0,0,931,0,0,0,53
C8H11N3O2,seen,24,244,146,49,49,0,140,48,49,0,2,5,2,0
C8H11N3O3,seen,25,4,2,1,1,0,0,0,0,0,0,0,0,0
C8H11N5,seen,24,871,523,174,174,0,426,145,143,0,21,5,5,0
C8H11N5O1,seen,25,741,445,148,148,0,423,145,145,0,29,8,10,0
C8H11N5O2,seen,26,279,167,56,56,0,162,55,56,0,5,1,3,0
C8H11N7O1,test_ood,27,1,0,0,0,1,0,0,0,0,0,0,0,0
C8H12,seen,20,6094,3656,1219,1219,0,3539,1174,1178,0,360,118,123,0
C8H12N2,seen,22,1484,890,297,297,0,707,248,240,0,43,18,14,0
C8H12N2O1,test_ood,23,839,0,0,0,839,0,0,0,655,0,0,0,45
C8H12N2O2,seen,24,2998,1799,600,599,0,1374,469,492,0,88,26,31,0
C8H12N2O3,test_ood,25,350,0,0,0,350,0,0,0,335,0,0,0,7
C8H12N2O4,test_ood,26,7,0,0,0,7,0,0,0,0,0,0,0,0
C8H12N2O7,seen,29,556,334,111,111,0,321,106,109,0,43,7,17,0
C8H12N4,seen,24,889,533,178,178,0,359,127,111,0,33,7,11,0
C8H12N4O1,seen,25,1038,623,208,207,0,609,203,205,0,17,10,7,0
C8H12N4O2,seen,26,9,5,2,2,0,0,0,0,0,0,0,0,0
C8H12N4O3,seen,27,1066,640,213,213,0,622,203,201,0,22,7,8,0
C8H12N6,seen,26,3,2,1,0,0,0,0,0,0,0,0,0,0
C8H12N6O1,seen,27,129,77,26,26,0,76,25,26,0,4,2,2,0
C8H12N6O2,seen,28,1,1,0,0,0,0,0,0,0,0,0,0,0
C8H12N6O3,test_ood,29,1,0,0,0,1,0,0,0,0,0,0,0,0
C8H12O1,test_ood,21,4016,0,0,0,4016,0,0,0,3449,0,0,0,78
C8H12O2,seen,22,569,341,114,114,0,172,67,56,0,24,8,2,0
C8H12O3,seen,23,667,400,134,133,0,395,131,131,0,25,10,4,0
C8H12O4,seen,24,632,379,127,126,0,266,83,92,0,19,8,5,0
C8H13N1,seen,22,5850,3510,1170,1170,0,3032,1018,1006,0,51,20,24,0
C8H13N1O1,seen,23,497,298,100,99,0,42,14,9,0,35,9,13,0
C8H13N1O2,seen,24,869,521,174,174,0,328,107,105,0,22,18,10,0
C8H13N1O3,test_ood,25,746,0,0,0,746,0,0,0,735,0,0,0,31
C8H13N1O5,test_ood,27,1,0,0,0,1,0,0,0,0,0,0,0,0
C8H13N3,seen,24,528,317,106,105,0,120,40,37,0,25,6,16,0
C8H13N3O1,seen,25,1157,694,232,231,0,690,229,228,0,17,4,5,0
C8H13N3O2,seen,26,4,2,1,1,0,0,0,0,0,0,0,0,0
C8H13N3O3,seen,27,6,4,1,1,0,0,0,0,0,0,0,0,0
C8H13N3O6,seen,30,1129,677,226,226,0,655,217,217,0,22,9,9,0
C8H13N5,seen,26,533,320,107,106,0,308,105,104,0,19,4,5,0
C8H13N5O1,seen,27,449,269,90,90,0,257,90,87,0,12,9,6,0
C8H13N5O2,seen,28,3,2,1,0,0,0,0,0,0,0,0,0,0
C8H13N5O3,test_ood,29,1,0,0,0,1,0,0,0,0,0,0,0,0
C8H13N7,seen,28,1,1,0,0,0,0,0,0,0,0,0,0,0
C8H13N7O2,test_ood,30,1,0,0,0,1,0,0,0,0,0,0,0,0
C8H14,test_ood,22,1432,0,0,0,1432,0,0,0,1380,0,0,0,57
C8H14N2,seen,24,233,140,47,46,0,139,47,46,0,2,3,4,0
C8H14N2O1,test_ood,25,308,0,0,0,308,0,0,0,302,0,0,0,0
C8H14N2O2,test_ood,26,919,0,0,0,919,0,0,0,912,0,0,0,6
C8H14N2O3,test_ood,27,988,0,0,0,988,0,0,0,941,0,0,0,35
C8H14N2O4,test_ood,28,1137,0,0,0,1137,0,0,0,1092,0,0,0,43
C8H14N2O5,seen,29,1019,611,204,204,0,585,197,197,0,23,3,4,0
C8H14N2O6,seen,30,2020,1212,404,404,0,1160,390,389,0,73,22,19,0
C8H14N4,seen,26,720,432,144,144,0,428,143,144,0,21,8,5,0
C8H14N4O1,test_ood,27,316,0,0,0,316,0,0,0,310,0,0,0,5
C8H14N4O2,test_ood,28,141,0,0,0,141,0,0,0,132,0,0,0,4
C8H14N4O3,test_ood,29,2,0,0,0,2,0,0,0,0,0,0,0,0
C8H14N4O5,test_ood,31,573,0,0,0,573,0,0,0,553,0,0,0,46
C8H14N6,seen,28,1,1,0,0,0,0,0,0,0,0,0,0,0
C8H14N6O1,seen,29,3,2,1,0,0,0,0,0,0,0,0,0,0
C8H14N6O3,test_ood,31,1,0,0,0,1,0,0,0,0,0,0,0,0
C8H14O1,test_ood,23,1608,0,0,0,1608,0,0,0,1133,0,0,0,53
C8H14O2,test_ood,24,196,0,0,0,196,0,0,0,52,0,0,0,9
C8H14O3,test_ood,25,481,0,0,0,481,0,0,0,473,0,0,0,16
C8H14O4,seen,26,312,187,63,62,0,185,62,62,0,9,4,2,0
C8H14O5,seen,27,2,1,1,0,0,0,0,0,0,0,0,0,0
C8H15N1,seen,24,2131,1279,426,426,0,1108,370,383,0,18,4,7,0
C8H15N1O1,seen,25,542,325,109,108,0,321,108,104,0,6,4,5,0
C8H15N1O2,seen,26,396,238,79,79,0,235,78,76,0,4,2,2,0
C8H15N1O3,seen,27,949,569,190,190,0,562,188,187,0,12,3,4,0
C8H15N1O4,test_ood,28,246,0,0,0,246,0,0,0,237,0,0,0,21
C8H15N1O5,seen,29,1,1,0,0,0,0,0,0,0,0,0,0,0
C8H15N3,seen,26,374,224,75,75,0,222,74,74,0,6,4,1,0
C8H15N3O1,seen,27,840,504,168,168,0,503,167,166,0,6,1,0,0
C8H15N3O2,test_ood,28,104,0,0,0,104,0,0,0,101,0,0,0,3
C8H15N3O3,seen,29,3,2,1,0,0,0,0,0,0,0,0,0,0
C8H15N3O4,seen,30,1032,619,207,206,0,595,193,202,0,23,4,6,0
C8H15N3O5,seen,31,1855,1113,371,371,0,1062,356,357,0,33,14,19,0
C8H15N5,seen,28,289,173,58,58,0,171,56,58,0,5,4,1,0
C8H15N5O1,test_ood,29,1,0,0,0,1,0,0,0,0,0,0,0,0
C8H15N5O2,test_ood,30,3,0,0,0,3,0,0,0,0,0,0,0,0
C8H16,test_ood,24,471,0,0,0,471,0,0,0,462,0,0,0,23
C8H16N2,seen,26,992,595,199,198,0,575,195,192,0,17,11,7,0
C8H16N2O1,test_ood,27,892,0,0,0,892,0,0,0,869,0,0,0,45
C8H16N2O2,test_ood,28,768,0,0,0,768,0,0,0,764,0,0,0,17
C8H16N2O3,test_ood,29,2227,0,0,0,2227,0,0,0,2101,0,0,0,47
C8H16N2O4,test_ood,30,1255,0,0,0,1255,0,0,0,1208,0,0,0,68
C8H16N2O5,test_ood,31,510,0,0,0,510,0,0,0,489,0,0,0,40
C8H16N4,test_ood,28,427,0,0,0,427,0,0,0,425,0,0,0,16
C8H16N4O2,seen,30,6,4,1,1,0,0,0,0,0,0,0,0,0
C8H16N6,seen,30,2,1,1,0,0,0,0,0,0,0,0,0,0
C8H16N6O1,seen,31,1,1,0,0,0,0,0,0,0,0,0,0,0
C8H16N6O2,test_ood,32,1,0,0,0,1,0,0,0,0,0,0,0,0
C8H16O1,seen,25,106,64,21,21,0,56,19,17,0,1,0,1,0
C8H16O2,test_ood,26,239,0,0,0,239,0,0,0,234,0,0,0,12
C8H16O3,seen,27,232,139,47,46,0,139,47,45,0,5,2,3,0
C8H16O4,seen,28,288,173,58,57,0,170,58,55,0,12,4,3,0
C8H16O5,seen,29,117,70,24,23,0,69,22,22,0,0,0,0,0
C8H16O6,test_ood,30,1,0,0,0,1,0,0,0,0,0,0,0,0
C8H16O7,test_ood,31,1,0,0,0,1,0,0,0,0,0,0,0,0
C8H17N1,seen,26,191,115,38,38,0,102,31,33,0,0,0,1,0
C8H17N1O1,seen,27,385,231,77,77,0,228,76,75,0,12,0,4,0
C8H17N1O2,seen,28,124,74,25,25,0,72,25,24,0,0,0,0,0
C8H17N1O3,seen,29,577,346,116,115,0,343,113,114,0,9,2,1,0
C8H17N1O4,seen,30,209,125,42,42,0,125,42,42,0,4,1,0,0
C8H17N1O5,seen,31,125,75,25,25,0,75,25,25,0,4,0,1,0
C8H17N3,test_ood,28,495,0,0,0,495,0,0,0,481,0,0,0,23
C8H17N3O1,seen,29,651,391,130,130,0,386,126,130,0,2,1,3,0
C8H17N3O2,test_ood,30,116,0,0,0,116,0,0,0,114,0,0,0,5
C8H17N3O3,seen,31,791,475,158,158,0,454,152,144,0,8,2,2,0
C8H17N3O5,test_ood,33,1,0,0,0,1,0,0,0,0,0,0,0,0
C8H17N5,test_ood,30,1,0,0,0,1,0,0,0,0,0,0,0,0
C8H17N5O1,seen,31,4,2,1,1,0,0,0,0,0,0,0,0,0
C8H17N5O2,test_ood,32,2,0,0,0,2,0,0,0,0,0,0,0,0
C8H17N5O3,seen,33,1070,642,214,214,0,620,205,205,0,32,9,8,0
C8H17N7,seen,32,2,1,1,0,0,0,0,0,0,0,0,0,0
C8H18N2,test_ood,28,230,0,0,0,230,0,0,0,221,0,0,0,1
C8H18N2O1,test_ood,29,917,0,0,0,917,0,0,0,889,0,0,0,34
C8H18N2O2,seen,30,562,337,113,112,0,335,112,111,0,5,1,2,0
C8H18N2O3,test_ood,31,117,0,0,0,117,0,0,0,111,0,0,0,0
C8H18N2O4,test_ood,32,3,0,0,0,3,0,0,0,0,0,0,0,0
C8H18N2O5,seen,33,3,2,1,0,0,0,0,0,0,0,0,0,0
C8H18N2O6,test_ood,34,1,0,0,0,1,0,0,0,0,0,0,0,0
C8H18N4,seen,30,341,205,68,68,0,199,66,68,0,10,4,2,0
C8H18N4O1,seen,31,112,67,23,22,0,65,23,22,0,0,0,0,0
C8H18N4O2,seen,32,1,1,0,0,0,0,0,0,0,0,0,0,0
C8H18N4O3,seen,33,1,1,0,0,0,0,0,0,0,0,0,0,0
C8H18N6,seen,32,1,1,0,0,0,0,0,0,0,0,0,0,0
C8H18O1,test_ood,27,2,0,0,0,2,0,0,0,2,0,0,0,0
C8H18O2,seen,28,139,83,28,28,0,83,28,28,0,0,0,0,0
C8H18O3,seen,29,16,10,3,3,0,10,3,3,0,0,0,0,0
C8H18O4,seen,30,20,12,4,4,0,12,4,4,0,0,0,0,0
C8H19N1,test_ood,28,5,0,0,0,5,0,0,0,5,0,0,0,0
C8H19N1O1,seen,29,110,66,22,22,0,66,22,22,0,3,1,0,0
C8H19N1O2,seen,30,33,20,7,6,0,20,7,6,0,0,0,0,0
C8H19N1O3,seen,31,58,35,12,11,0,35,11,11,0,0,0,0,0
C8H19N1O5,test_ood,33,2,0,0,0,2,0,0,0,0,0,0,0,0
C8H19N3,seen,30,66,40,13,13,0,40,13,12,0,0,0,0,0
C8H19N3O1,seen,31,419,251,84,84,0,247,84,83,0,5,1,0,0
C8H19N3O2,seen,32,127,76,26,25,0,76,25,23,0,3,0,2,0
C8H19N3O3,seen,33,2,1,1,0,0,0,0,0,0,0,0,0,0
C8H19N3O4,seen,34,1,1,0,0,0,0,0,0,0,0,0,0,0
C8H19N3O5,seen,35,1,1,0,0,0,0,0,0,0,0,0,0,0
C8H19N5,seen,32,1,1,0,0,0,0,0,0,0,0,0,0,0
C8H19N5O2,seen,34,1,1,0,0,0,0,0,0,0,0,0,0,0
C8H1N3O1,seen,13,3,2,1,0,0,2,1,0,0,0,0,0,0
C8H2,seen,10,80,48,16,16,0,48,16,15,0,6,0,4,0
C8H20N2,seen,30,8,5,2,1,0,5,2,1,0,0,0,0,0
C8H20N2O1,seen,31,37,22,8,7,0,21,8,7,0,0,0,0,0
C8H20N2O2,seen,32,90,54,18,18,0,52,18,17,0,0,0,0,0
C8H20N2O3,test_ood,33,4,0,0,0,4,0,0,0,0,0,0,0,0
C8H20N2O4,seen,34,1,1,0,0,0,0,0,0,0,0,0,0,0
C8H20N2O5,test_ood,35,2,0,0,0,2,0,0,0,0,0,0,0,0
C8H20N4,test_ood,32,214,0,0,0,214,0,0,0,213,0,0,0,9
C8H20N4O1,test_ood,33,2,0,0,0,2,0,0,0,0,0,0,0,0
C8H20N4O2,seen,34,346,208,69,69,0,203,66,69,0,8,5,3,0
C8H20N4O3,seen,35,1,1,0,0,0,0,0,0,0,0,0,0,0
C8H20N6O1,test_ood,35,108,0,0,0,108,0,0,0,107,0,0,0,9
C8H20O2,seen,30,1,1,0,0,0,1,0,0,0,0,0,0,0
C8H20O3,seen,31,1,1,0,0,0,1,0,0,0,0,0,0,0
C8H20O4,test_ood,32,4,0,0,0,4,0,0,0,4,0,0,0,0
C8H21N1,seen,30,1,1,0,0,0,1,0,0,0,0,0,0,0
C8H21N1O1,seen,31,2,1,1,0,0,1,1,0,0,0,0,0,0
C8H21N1O2,test_ood,32,2,0,0,0,2,0,0,0,2,0,0,0,0
C8H21N1O3,seen,33,4,2,1,1,0,2,1,1,0,0,0,0,0
C8H21N3,test_ood,32,118,0,0,0,118,0,0,0,117,0,0,0,0
C8H21N3O1,seen,33,70,42,14,14,0,42,14,13,0,0,0,0,0
C8H21N3O3,test_ood,35,3,0,0,0,3,0,0,0,0,0,0,0,0
C8H21N5,seen,34,2,1,1,0,0,0,0,0,0,0,0,0,0
C8H21N5O2,seen,36,2,1,1,0,0,0,0,0,0,0,0,0,0
C8H22N2,test_ood,32,1,0,0,0,1,0,0,0,1,0,0,0,0
C8H22N2O1,seen,33,6,4,1,1,0,4,1,1,0,0,0,0,0
C8H22N2O2,test_ood,34,8,0,0,0,8,0,0,0,8,0,0,0,0
C8H22N4,seen,34,24,14,5,5,0,14,5,5,0,0,0,0,0
C8H22N4O3,seen,37,2,1,1,0,0,0,0,0,0,0,0,0,0
C8H22N6O2,seen,38,1,1,0,0,0,0,0,0,0,0,0,0,0
C8H22N6O3,seen,39,1,1,0,0,0,0,0,0,0,0,0,0,0
C8H23N3,test_ood,34,2,0,0,0,2,0,0,0,2,0,0,0,0
C8H23N3O1,seen,35,5,3,1,1,0,3,1,1,0,0,0,0,0
C8H23N5O2,test_ood,38,1,0,0,0,1,0,0,0,0,0,0,0,0
C8H24N4,seen,36,3,2,1,0,0,2,1,0,0,0,0,0,0
C8H24N4O1,test_ood,37,1,0,0,0,1,0,0,0,0,0,0,0,0
C8H2N2,seen,12,1,1,0,0,0,1,0,0,0,0,0,0,0
C8H2N2O2,seen,14,2,1,1,0,0,1,1,0,0,0,0,0,0
C8H2N4,seen,14,3,2,1,0,0,2,1,0,0,0,0,0,0
C8H3N1,seen,12,11,7,2,2,0,4,2,2,0,0,1,2,0
C8H3N1O1,test_ood,13,1,0,0,0,1,0,0,0,1,0,0,0,0
C8H3N1O2,test_ood,14,2,0,0,0,2,0,0,0,2,0,0,0,0
C8H3N1O3,seen,15,3,2,1,0,0,2,1,0,0,0,1,0,0
C8H3N3O1,seen,15,7,4,2,1,0,4,2,1,0,0,0,1,0
C8H4,seen,12,373,224,75,74,0,217,71,71,0,43,5,8,0
C8H4N2,seen,14,131,79,26,26,0,79,26,26,0,8,2,2,0
C8H4N2O1,test_ood,15,260,0,0,0,260,0,0,0,112,0,0,0,35
C8H4N2O2,seen,16,155,93,31,31,0,93,31,31,0,16,6,3,0
C8H4N4,seen,16,13,8,3,2,0,8,3,2,0,1,1,0,0
C8H4O1,test_ood,13,51,0,0,0,51,0,0,0,46,0,0,0,10
C8H4O2,seen,14,1,1,0,0,0,1,0,0,0,0,0,0,0
C8H4O3,seen,15,140,84,28,28,0,84,28,27,0,6,4,3,0
C8H4O4,seen,16,1,1,0,0,0,1,0,0,0,0,0,0,0
C8H5N1,seen,14,77,46,16,15,0,41,11,11,0,10,1,3,0
C8H5N1O1,seen,15,148,89,30,29,0,88,30,29,0,6,1,3,0
C8H5N1O2,test_ood,16,275,0,0,0,275,0,0,0,274,0,0,0,35
C8H5N1O3,seen,17,821,493,164,164,0,489,161,164,0,50,23,29,0
C8H5N3,test_ood,16,9,0,0,0,9,0,0,0,9,0,0,0,0
C8H5N3O1,seen,17,47,28,10,9,0,27,10,9,0,9,0,2,0
C8H5N3O3,seen,19,1,1,0,0,0,0,0,0,0,0,0,0,0
C8H6,test_ood,14,1364,0,0,0,1364,0,0,0,1341,0,0,0,185
C8H6N2,seen,16,786,472,157,157,0,472,157,156,0,57,15,15,0
C8H6N2O1,seen,17,3383,2030,677,676,0,723,252,232,0,158,74,61,0
C8H6N2O2,seen,18,1998,1199,400,399,0,1184,397,393,0,145,44,37,0
C8H6N4,test_ood,18,306,0,0,0,306,0,0,0,305,0,0,0,46
C8H6N4O1,seen,19,142,85,29,28,0,83,27,28,0,15,3,2,0
C8H6N4O2,seen,20,1,1,0,0,0,0,0,0,0,0,0,0,0
C8H6O1,seen,15,414,248,83,83,0,232,75,74,0,36,15,7,0
C8H6O2,test_ood,16,1836,0,0,0,1836,0,0,0,1252,0,0,0,188
C8H6O3,seen,17,1056,634,211,211,0,517,166,184,0,54,16,32,0
C8H6O4,test_ood,18,1108,0,0,0,1108,0,0,0,815,0,0,0,127
C8H7N1,seen,16,505,303,101,101,0,267,93,87,0,36,17,13,0
C8H7N1O1,seen,17,61,37,12,12,0,36,12,12,0,7,0,1,0
C8H7N1O2,seen,18,2833,1700,567,566,0,1572,534,520,0,181,54,57,0
C8H7N1O3,test_ood,19,1342,0,0,0,1342,0,0,0,1330,0,0,0,143
C8H7N1O4,test_ood,20,531,0,0,0,531,0,0,0,343,0,0,0,68
C8H7N1O5,seen,21,1,1,0,0,0,0,0,0,0,0,0,0,0
C8H7N3,seen,18,3985,2391,797,797,0,1097,363,346,0,210,68,74,0
C8H7N3O1,test_ood,19,2285,0,0,0,2285,0,0,0,1931,0,0,0,302
C8H7N3O2,seen,20,131,79,26,26,0,79,26,26,0,7,3,4,0
C8H7N3O3,test_ood,21,2,0,0,0,2,0,0,0,0,0,0,0,0
C8H7N5,seen,20,274,164,55,55,0,164,55,55,0,19,7,5,0
C8H8,seen,16,4374,2624,875,875,0,2563,857,858,0,301,98,118,0
C8H8N2,seen,18,783,470,157,156,0,460,157,152,0,60,20,22,0
C8H8N2O1,test_ood,19,2003,0,0,0,2003,0,0,0,1841,0,0,0,225
C8H8N2O2,seen,20,1444,866,289,289,0,856,284,286,0,101,36,46,0
C8H8N2O3,seen,21,130,78,26,26,0,76,26,26,0,0,0,0,0
C8H8N2O4,test_ood,22,2,0,0,0,2,0,0,0,0,0,0,0,0
C8H8N4,test_ood,20,1647,0,0,0,1647,0,0,0,1374,0,0,0,175
C8H8N4O1,test_ood,21,378,0,0,0,378,0,0,0,373,0,0,0,11
C8H8N4O2,test_ood,22,1,0,0,0,1,0,0,0,0,0,0,0,0
C8H8N6,seen,22,144,86,29,29,0,0,0,0,0,11,2,3,0
C8H8N6O1,seen,23,1,1,0,0,0,0,0,0,0,0,0,0,0
C8H8O1,seen,17,1796,1078,359,359,0,943,311,312,0,131,47,38,0
C8H8O2,test_ood,18,866,0,0,0,866,0,0,0,103,0,0,0,77
C8H8O3,test_ood,19,4913,0,0,0,4913,0,0,0,3428,0,0,0,487
C8H8O4,seen,20,2649,1589,530,530,0,1403,488,474,0,187,48,61,0
C8H8O6,seen,22,2,1,1,0,0,0,0,0,0,0,0,0,0
C8H9N1,test_ood,18,1739,0,0,0,1739,0,0,0,1508,0,0,0,217
C8H9N1O1,test_ood,19,2937,0,0,0,2937,0,0,0,623,0,0,0,280
C8H9N1O2,test_ood,20,1753,0,0,0,1753,0,0,0,1165,0,0,0,187
C8H9N1O3,seen,21,2284,1370,457,457,0,1356,454,456,0,34,8,7,0
C8H9N1O4,test_ood,22,127,0,0,0,127,0,0,0,119,0,0,0,2
C8H9N1O5,seen,23,1,1,0,0,0,0,0,0,0,0,0,0,0
C8H9N3,test_ood,20,1747,0,0,0,1747,0,0,0,1555,0,0,0,220
C8H9N3O1,seen,21,935,561,187,187,0,552,187,184,0,28,7,8,0
C8H9N3O2,seen,22,378,227,76,75,0,219,75,75,0,4,1,1,0
C8H9N3O3,seen,23,2,1,1,0,0,0,0,0,0,0,0,0,0
C8H9N3O4,seen,24,1,1,0,0,0,0,0,0,0,0,0,0,0
C8H9N5,test_ood,22,1121,0,0,0,1121,0,0,0,963,0,0,0,49
C8H9N5O1,seen,23,1,1,0,0,0,0,0,0,0,0,0,0,0
C9H10,test_ood,19,1270,0,0,0,1270,0,0,0,856,0,0,0,145
C9H10N2,test_ood,21,1401,0,0,0,1401,0,0,0,1206,0,0,0,24
C9H10N2O1,test_ood,22,2302,0,0,0,2302,0,0,0,1531,0,0,0,120
C9H10N2O2,seen,23,1227,736,246,245,0,728,243,240,0,16,2,6,0
C9H10N2O3,seen,24,340,204,68,68,0,201,66,66,0,6,3,4,0
C9H10N2O4,test_ood,25,4,0,0,0,4,0,0,0,0,0,0,0,0
C9H10N4,test_ood,23,1416,0,0,0,1416,0,0,0,1247,0,0,0,45
C9H10N4O1,seen,24,264,158,53,53,0,154,52,51,0,6,3,3,0
C9H10N4O2,test_ood,25,137,0,0,0,137,0,0,0,131,0,0,0,5
C9H10N4O3,seen,26,1,1,0,0,0,0,0,0,0,0,0,0,0
C9H10O1,seen,20,663,398,133,132,0,213,60,57,0,37,12,11,0
C9H10O2,seen,21,1571,943,314,314,0,580,195,185,0,56,11,17,0
C9H10O3,seen,22,2293,1376,459,458,0,1170,392,382,0,41,14,13,0
C9H10O4,seen,23,2265,1359,453,453,0,1294,435,435,0,50,9,11,0
C9H10O5,seen,24,2,1,1,0,0,0,0,0,0,0,0,0,0
C9H11N1,seen,21,664,398,133,133,0,392,133,131,0,24,9,8,0
C9H11N1O1,test_ood,22,2782,0,0,0,2782,0,0,0,1027,0,0,0,170
C9H11N1O2,seen,23,4156,2494,831,831,0,2217,728,734,0,34,20,14,0
C9H11N1O3,seen,24,3120,1872,624,624,0,1763,582,586,0,21,7,14,0
C9H11N1O4,test_ood,25,5,0,0,0,5,0,0,0,0,0,0,0,0
C9H11N1O5,seen,26,2,1,1,0,0,0,0,0,0,0,0,0,0
C9H11N3,seen,23,2464,1478,493,493,0,1383,454,460,0,32,15,11,0
C9H11N3O1,test_ood,24,1281,0,0,0,1281,0,0,0,1078,0,0,0,51
C9H11N3O2,test_ood,25,131,0,0,0,131,0,0,0,128,0,0,0,6
C9H11N3O3,seen,26,2,1,1,0,0,0,0,0,0,0,0,0,0
C9H11N3O4,seen,27,1,1,0,0,0,0,0,0,0,0,0,0,0
C9H11N5,seen,25,401,241,80,80,0,238,79,79,0,5,2,1,0
C9H11N5O1,seen,26,5,3,1,1,0,0,0,0,0,0,0,0,0
C9H12,test_ood,21,2619,0,0,0,2619,0,0,0,1757,0,0,0,97
C9H12N2,seen,23,1363,818,273,272,0,695,243,239,0,30,6,8,0
C9H12N2O1,test_ood,24,2140,0,0,0,2140,0,0,0,1511,0,0,0,92
C9H12N2O2,test_ood,25,1249,0,0,0,1249,0,0,0,1229,0,0,0,45
C9H12N2O3,seen,26,105,63,21,21,0,58,21,21,0,2,1,1,0
C9H12N2O4,seen,27,6,4,1,1,0,0,0,0,0,0,0,0,0
C9H12N4,seen,25,451,271,90,90,0,259,88,87,0,13,5,4,0
C9H12N4O1,test_ood,26,523,0,0,0,523,0,0,0,515,0,0,0,25
C9H12N4O2,seen,27,126,76,25,25,0,72,23,24,0,0,0,0,0
C9H12N4O4,seen,29,1,1,0,0,0,0,0,0,0,0,0,0,0
C9H12N6,test_ood,27,1,0,0,0,1,0,0,0,0,0,0,0,0
C9H12N6O1,seen,28,1,1,0,0,0,0,0,0,0,0,0,0,0
C9H12O1,test_ood,22,13,0,0,0,13,0,0,0,13,0,0,0,0
C9H12O2,seen,23,1654,992,331,331,0,790,252,260,0,35,12,11,0
C9H12O3,seen,24,891,535,178,178,0,527,176,175,0,11,3,1,0
C9H12O4,test_ood,25,406,0,0,0,406,0,0,0,396,0,0,0,14
C9H12O6,test_ood,27,2,0,0,0,2,0,0,0,0,0,0,0,0
C9H13N1,test_ood,23,205,0,0,0,205,0,0,0,25,0,0,0,17
C9H13N1O1,test_ood,24,954,0,0,0,954,0,0,0,371,0,0,0,71
C9H13N1O2,seen,25,1482,889,297,296,0,881,294,289,0,23,12,5,0
C9H13N1O3,seen,26,1147,688,230,229,0,677,226,225,0,19,11,12,0
C9H13N1O4,seen,27,8,5,2,1,0,0,0,0,0,0,0,0,0
C9H13N1O5,test_ood,28,2,0,0,0,2,0,0,0,0,0,0,0,0
C9H13N3,seen,25,992,595,199,198,0,590,199,194,0,19,4,6,0
C9H13N3O1,seen,26,1082,649,217,216,0,631,213,210,0,37,11,8,0
C9H13N3O2,seen,27,228,137,46,45,0,130,43,44,0,1,0,0,0
C9H13N3O3,seen,28,4,2,1,1,0,0,0,0,0,0,0,0,0
C9H13N5,seen,27,109,65,22,22,0,60,21,22,0,1,1,0,0
C9H13N5O1,test_ood,28,5,0,0,0,5,0,0,0,0,0,0,0,0
C9H14,seen,23,1592,955,319,318,0,838,265,277,0,14,3,5,0
C9H14N2,seen,25,461,277,92,92,0,270,87,91,0,8,3,1,0
C9H14N2O1,seen,26,1385,831,277,277,0,819,274,274,0,13,6,4,0
C9H14N2O2,seen,27,309,185,62,62,0,181,57,59,0,4,2,0,0
C9H14N2O3,test_ood,28,4,0,0,0,4,0,0,0,0,0,0,0,0
C9H14N2O4,test_ood,29,3,0,0,0,3,0,0,0,0,0,0,0,0
C9H14N2O5,seen,30,1113,668,223,222,0,643,213,217,0,11,1,5,0
C9H14N2O7,test_ood,32,1143,0,0,0,1143,0,0,0,1103,0,0,0,54
C9H14N4,seen,27,695,417,139,139,0,411,136,135,0,19,4,3,0
C9H14N4O1,seen,28,5,3,1,1,0,0,0,0,0,0,0,0,0
C9H14N4O2,seen,29,2,1,1,0,0,0,0,0,0,0,0,0,0
C9H14N4O3,seen,30,1073,644,215,214,0,619,207,206,0,17,6,9,0
C9H14N4O4,seen,31,1090,654,218,218,0,628,208,214,0,14,8,4,0
C9H14N6,seen,29,125,75,25,25,0,74,25,23,0,1,0,1,0
C9H14N6O1,seen,30,1,1,0,0,0,0,0,0,0,0,0,0,0
C9H14O1,test_ood,24,270,0,0,0,270,0,0,0,124,0,0,0,12
C9H14O2,seen,25,1010,606,202,202,0,594,200,200,0,13,6,4,0
C9H14O3,seen,26,898,539,180,179,0,535,178,178,0,27,3,9,0
C9H14O4,seen,27,2,1,1,0,0,0,0,0,0,0,0,0,0
C9H15N1,test_ood,25,421,0,0,0,421,0,0,0,411,0,0,0,24
C9H15N1O1,seen,26,706,424,141,141,0,414,137,139,0,20,12,9,0
C9H15N1O2,seen,27,1609,965,322,322,0,951,316,319,0,23,7,8,0
C9H15N1O3,seen,28,115,69,23,23,0,67,21,23,0,0,0,0,0
C9H15N1O4,test_ood,29,5,0,0,0,5,0,0,0,0,0,0,0,0
C9H15N1O5,seen,30,2,1,1,0,0,0,0,0,0,0,0,0,0
C9H15N3,seen,27,466,280,93,93,0,277,90,90,0,13,3,5,0
C9H15N3O1,seen,28,340,204,68,68,0,199,67,67,0,7,3,2,0
C9H15N3O2,seen,29,11,7,2,2,0,0,0,0,0,0,0,0,0
C9H15N3O3,seen,30,5,3,1,1,0,0,0,0,0,0,0,0,0
C9H15N3O4,seen,31,1014,608,203,203,0,579,195,200,0,0,0,0,0
C9H15N3O6,seen,33,2111,1267,422,422,0,1227,400,404,0,80,20,24,0
C9H15N5,seen,29,118,71,24,23,0,67,24,23,0,0,0,0,0
C9H15N5O1,seen,30,7,4,2,1,0,0,0,0,0,0,0,0,0
C9H15N5O2,seen,31,3,2,1,0,0,0,0,0,0,0,0,0,0
C9H16,test_ood,25,512,0,0,0,512,0,0,0,453,0,0,0,21
C9H16N2,seen,27,305,183,61,61,0,180,61,60,0,0,0,0,0
C9H16N2O1,test_ood,28,1067,0,0,0,1067,0,0,0,1059,0,0,0,30
C9H16N2O2,seen,29,5,3,1,1,0,0,0,0,0,0,0,0,0
C9H16N2O3,seen,30,4,2,1,1,0,0,0,0,0,0,0,0,0
C9H16N2O4,seen,31,1050,630,210,210,0,603,205,200,0,39,12,8,0
C9H16N2O5,seen,32,1044,626,209,209,0,601,199,204,0,43,14,7,0
C9H16N2O6,test_ood,33,1120,0,0,0,1120,0,0,0,1080,0,0,0,57
C9H16N4,test_ood,29,139,0,0,0,139,0,0,0,136,0,0,0,12
C9H16N4O1,seen,30,6,4,1,1,0,0,0,0,0,0,0,0,0
C9H16N4O2,test_ood,31,6,0,0,0,6,0,0,0,0,0,0,0,0
C9H16N4O3,test_ood,32,1,0,0,0,1,0,0,0,0,0,0,0,0
C9H16N4O5,test_ood,34,1092,0,0,0,1092,0,0,0,1052,0,0,0,58
C9H16N6,test_ood,31,2,0,0,0,2,0,0,0,0,0,0,0,0
C9H16N6O1,seen,32,1,1,0,0,0,0,0,0,0,0,0,0,0
C9H16O1,test_ood,26,13,0,0,0,13,0,0,0,13,0,0,0,0
C9H16O2,test_ood,27,109,0,0,0,109,0,0,0,109,0,0,0,1
C9H16O3,test_ood,28,398,0,0,0,398,0,0,0,388,0,0,0,20
C9H16O4,seen,29,1,1,0,0,0,0,0,0,0,0,0,0,0
C9H16O5,seen,30,1,1,0,0,0,0,0,0,0,0,0,0,0
C9H17N1,seen,27,16,10,3,3,0,10,3,2,0,0,0,0,0
C9H17N1O1,seen,28,493,296,99,98,0,293,96,97,0,1,1,1,0
C9H17N1O2,seen,29,886,532,177,177,0,531,176,177,0,10,3,1,0
C9H17N1O3,seen,30,144,86,29,29,0,83,26,29,0,4,0,0,0
C9H17N1O4,seen,31,2,1,1,0,0,0,0,0,0,0,0,0,0
C9H17N1O5,seen,32,1,1,0,0,0,0,0,0,0,0,0,0,0
C9H17N3,test_ood,29,402,0,0,0,402,0,0,0,401,0,0,0,14
C9H17N3O1,seen,30,124,74,25,25,0,73,25,25,0,0,0,0,0
C9H17N3O2,test_ood,31,3,0,0,0,3,0,0,0,0,0,0,0,0
C9H17N3O3,seen,32,4,2,1,1,0,0,0,0,0,0,0,0,0
C9H17N3O4,seen,33,1019,611,204,204,0,590,197,192,0,12,4,4,0
C9H17N3O5,test_ood,34,1090,0,0,0,1090,0,0,0,1050,0,0,0,63
C9H17N5O1,test_ood,32,116,0,0,0,116,0,0,0,112,0,0,0,0
C9H17N7O3,seen,36,1,1,0,0,0,0,0,0,0,0,0,0,0
C9H18,seen,27,30,18,6,6,0,15,4,5,0,2,1,0,0
C9H18N2,test_ood,29,260,0,0,0,260,0,0,0,254,0,0,0,15
C9H18N2O1,seen,30,918,551,184,183,0,548,182,182,0,9,6,3,0
C9H18N2O2,test_ood,31,115,0,0,0,115,0,0,0,112,0,0,0,2
C9H18N2O3,seen,32,1629,977,326,326,0,926,311,310,0,11,4,5,0
C9H18N2O4,test_ood,33,2450,0,0,0,2450,0,0,0,2326,0,0,0,63
C9H18N4O1,test_ood,32,2,0,0,0,2,0,0,0,0,0,0,0,0
C9H18O1,test_ood,28,130,0,0,0,130,0,0,0,127,0,0,0,0
C9H18O2,test_ood,29,51,0,0,0,51,0,0,0,51,0,0,0,1
C9H18O3,seen,30,235,141,47,47,0,140,47,47,0,7,2,5,0
C9H18O6,test_ood,33,2,0,0,0,2,0,0,0,0,0,0,0,0
C9H19N1,seen,29,18,11,4,3,0,11,4,3,0,0,0,0,0
C9H19N1O1,test_ood,30,348,0,0,0,348,0,0,0,345,0,0,0,7
C9H19N1O2,test_ood,31,504,0,0,0,504,0,0,0,497,0,0,0,21
C9H19N1O3,seen,32,448,269,90,89,0,268,89,89,0,3,4,1,0
C9H19N1O4,seen,33,1,1,0,0,0,0,0,0,0,0,0,0,0
C9H19N3,seen,31,241,145,48,48,0,145,48,48,0,2,0,2,0
C9H19N3O1,seen,32,86,52,17,17,0,52,16,16,0,0,0,0,0
C9H19N3O3,seen,34,851,511,170,170,0,488,162,160,0,10,3,2,0
C9H19N3O4,test_ood,35,946,0,0,0,946,0,0,0,906,0,0,0,29
C9H19N5O1,seen,34,1,1,0,0,0,0,0,0,0,0,0,0,0
C9H19N5O3,seen,36,1130,678,226,226,0,650,221,219,0,26,2,5,0
C9H19N5O4,seen,37,1003,602,201,200,0,576,192,195,0,19,6,10,0
C9H1N3,seen,13,1,1,0,0,0,1,0,0,0,0,0,0,0
C9H20N2,test_ood,31,45,0,0,0,45,0,0,0,42,0,0,0,0
C9H20N2O1,test_ood,32,457,0,0,0,457,0,0,0,455,0,0,0,9
C9H20N2O2,seen,33,4,2,1,1,0,0,0,0,0,0,0,0,0
C9H20N2O4,seen,35,2,1,1,0,0,0,0,0,0,0,0,0,0
C9H20N4,test_ood,33,151,0,0,0,151,0,0,0,148,0,0,0,5
C9H20O1,test_ood,30,2,0,0,0,2,0,0,0,2,0,0,0,0
C9H20O2,seen,31,14,8,3,3,0,8,3,3,0,0,0,0,0
C9H20O3,test_ood,32,183,0,0,0,183,0,0,0,181,0,0,0,5
C9H20O5,seen,34,121,73,24,24,0,71,23,24,0,5,1,0,0
C9H21N1,seen,31,5,3,1,1,0,3,1,1,0,0,0,0,0
C9H21N1O1,test_ood,32,33,0,0,0,33,0,0,0,33,0,0,0,0
C9H21N1O2,seen,33,300,180,60,60,0,178,58,60,0,4,0,0,0
C9H21N1O3,test_ood,34,1,0,0,0,1,0,0,0,0,0,0,0,0
C9H21N1O4,seen,35,154,92,31,31,0,89,29,31,0,2,1,0,0
C9H21N3,test_ood,33,432,0,0,0,432,0,0,0,424,0,0,0,20
C9H21N3O1,test_ood,34,180,0,0,0,180,0,0,0,180,0,0,0,6
C9H21N3O2,seen,35,3,2,1,0,0,0,0,0,0,0,0,0,0
C9H22N2,seen,33,15,9,3,3,0,8,3,3,0,0,0,0,0
C9H22N2O1,seen,34,85,51,17,17,0,50,17,17,0,0,0,0,0
C9H22N2O2,test_ood,35,1,0,0,0,1,0,0,0,0,0,0,0,0
C9H22N4,seen,35,83,50,17,16,0,49,15,16,0,1,0,0,0
C9H22O1,seen,32,1,1,0,0,0,1,0,0,0,0,0,0,0
C9H22O3,test_ood,34,2,0,0,0,2,0,0,0,2,0,0,0,0
C9H22O4,seen,35,1,1,0,0,0,0,0,0,0,0,0,0,0
C9H23N1O1,seen,34,3,2,1,0,0,2,1,0,0,0,0,0,0
C9H23N1O2,seen,35,11,7,2,2,0,7,2,2,0,0,0,0,0
C9H23N1O4,test_ood,37,1,0,0,0,1,0,0,0,0,0,0,0,0
C9H23N1O6,test_ood,39,1,0,0,0,1,0,0,0,0,0,0,0,0
C9H23N3,test_ood,35,25,0,0,0,25,0,0,0,25,0,0,0,2
C9H23N3O1,seen,36,1,1,0,0,0,0,0,0,0,0,0,0,0
C9H23N3O2,seen,37,3,2,1,0,0,0,0,0,0,0,0,0,0
C9H23N3O3,seen,38,1,1,0,0,0,0,0,0,0,0,0,0,0
C9H23N7,test_ood,39,119,0,0,0,119,0,0,0,117,0,0,0,3
C9H24N2O1,test_ood,36,8,0,0,0,8,0,0,0,8,0,0,0,0
C9H24N4,seen,37,1,1,0,0,0,0,0,0,0,0,0,0,0
C9H24N4O1,test_ood,38,2,0,0,0,2,0,0,0,0,0,0,0,0
C9H2N2O1,test_ood,14,1,0,0,0,1,0,0,0,1,0,0,0,1
C9H3N1O2,seen,15,1,1,0,0,0,1,0,0,0,1,0,0,0
C9H3N3,test_ood,15,2,0,0,0,2,0,0,0,2,0,0,0,0
C9H4,seen,13,51,31,10,10,0,27,9,8,0,4,1,1,0
C9H4N2,seen,15,1,1,0,0,0,1,0,0,0,0,0,0,0
C9H4N2O1,test_ood,16,13,0,0,0,13,0,0,0,13,0,0,0,1
C9H4N2O2,seen,17,145,87,29,29,0,85,27,29,0,5,2,1,0
C9H4O3,test_ood,16,1,0,0,0,1,0,0,0,1,0,0,0,1
C9H5N1,test_ood,15,2,0,0,0,2,0,0,0,2,0,0,0,0
C9H5N1O1,seen,16,284,170,57,57,0,170,57,57,0,27,9,9,0
C9H5N1O2,seen,17,319,191,64,64,0,189,63,63,0,32,5,14,0
C9H5N3,seen,17,126,76,25,25,0,72,25,24,0,7,5,3,0
C9H5N3O1,seen,18,138,83,28,27,0,82,28,25,0,12,3,2,0
C9H6,seen,15,92,55,19,18,0,46,18,16,0,10,1,3,0
C9H6N2,seen,17,263,158,53,52,0,152,52,52,0,21,8,2,0
C9H6N2O1,test_ood,18,498,0,0,0,498,0,0,0,485,0,0,0,63
C9H6N2O2,test_ood,19,275,0,0,0,275,0,0,0,273,0,0,0,22
C9H6N2O3,seen,20,1,1,0,0,0,0,0,0,0,0,0,0,0
C9H6N4,seen,19,627,376,126,125,0,205,65,58,0,36,18,12,0
C9H6N4O1,test_ood,20,146,0,0,0,146,0,0,0,145,0,0,0,11
C9H6O1,seen,16,288,173,58,57,0,83,27,34,0,12,6,6,0
C9H6O2,test_ood,17,1367,0,0,0,1367,0,0,0,1173,0,0,0,148
C9H6O3,test_ood,18,1470,0,0,0,1470,0,0,0,1170,0,0,0,155
C9H7N1,seen,17,21,13,4,4,0,13,4,4,0,1,0,1,0
C9H7N1O1,seen,18,4466,2680,893,893,0,987,292,292,0,188,56,64,0
C9H7N1O2,seen,19,3002,1801,601,600,0,1447,481,480,0,188,67,57,0
C9H7N1O3,test_ood,20,264,0,0,0,264,0,0,0,261,0,0,0,23
C9H7N1O4,seen,21,1,1,0,0,0,0,0,0,0,0,0,0,0
C9H7N3,seen,19,578,347,116,115,0,165,55,70,0,47,13,12,0
C9H7N3O1,seen,20,467,280,94,93,0,277,94,91,0,32,12,11,0
C9H7N5,test_ood,21,420,0,0,0,420,0,0,0,417,0,0,0,11
C9H8,seen,17,368,221,74,73,0,198,67,67,0,36,6,10,0
C9H8N2,test_ood,19,5981,0,0,0,5981,0,0,0,2712,0,0,0,511
C9H8N2O1,test_ood,20,4004,0,0,0,4004,0,0,0,3772,0,0,0,358
C9H8N2O2,test_ood,21,1626,0,0,0,1626,0,0,0,1286,0,0,0,99
C9H8N2O3,seen,22,1,1,0,0,0,0,0,0,0,0,0,0,0
C9H8N4,seen,21,1000,600,200,200,0,594,197,198,0,24,10,9,0
C9H8N4O1,seen,22,127,76,26,25,0,74,26,25,0,0,0,0,0
C9H8N4O2,test_ood,23,2,0,0,0,2,0,0,0,0,0,0,0,0
C9H8O1,seen,18,212,127,43,42,0,35,15,15,0,12,7,5,0
C9H8O2,test_ood,19,790,0,0,0,790,0,0,0,782,0,0,0,70
C9H8O3,seen,20,844,506,169,169,0,391,146,136,0,60,21,17,0
C9H8O4,seen,21,589,353,118,118,0,348,116,117,0,4,3,3,0
C9H9N1,test_ood,19,446,0,0,0,446,0,0,0,121,0,0,0,47
C9H9N1O1,test_ood,20,1958,0,0,0,1958,0,0,0,1801,0,0,0,204
C9H9N1O2,seen,21,2175,1305,435,435,0,1297,434,430,0,32,14,9,0
C9H9N1O3,test_ood,22,873,0,0,0,873,0,0,0,713,0,0,0,40
C9H9N1O4,seen,23,111,67,22,22,0,65,20,22,0,13,1,4,0
C9H9N3,test_ood,21,2835,0,0,0,2835,0,0,0,2806,0,0,0,28
C9H9N3O1,test_ood,22,879,0,0,0,879,0,0,0,871,0,0,0,20
C9H9N3O2,seen,23,240,144,48,48,0,139,47,47,0,4,4,1,0
C9H9N5,test_ood,23,119,0,0,0,119,0,0,0,112,0,0,0,7
C9H9N5O1,seen,24,2,1,1,0,0,0,0,0,0,0,0,0,0
C9H9N5O2,seen,25,1,1,0,0,0,0,0,0,0,0,0,0,0
H10O5,seen,15,6276,3766,1255,1255,0,3747,1253,1249,0,405,143,136,0
H12O6,seen,18,7142,4285,1429,1428,0,4264,1426,1421,0,467,172,161,0
H14O7,seen,21,9799,5879,1960,1960,0,5854,1946,1953,0,370,123,118,0
H16O8,seen,24,1767,1060,354,353,0,1055,354,350,0,64,20,22,0
H18O9,seen,27,1738,1043,348,347,0,1039,347,344,0,25,8,6,0
H1N1O1,seen,3,682,409,137,136,0,407,137,136,0,121,30,37,0
H1N1O2,seen,4,2079,1247,416,416,0,1244,416,413,0,218,86,91,0
H1N1O3,seen,5,161,97,32,32,0,97,32,32,0,11,3,3,0
H1N1O4,test_ood,6,60,0,0,0,60,0,0,0,60,0,0,0,3
H1N3,seen,4,241,145,48,48,0,143,46,44,0,28,12,11,0
H1N3O1,seen,5,217,130,44,43,0,79,32,30,0,20,12,6,0
H1N3O2,seen,6,67,40,14,13,0,40,14,13,0,5,3,1,0
H20O10,test_ood,30,1782,0,0,0,1782,0,0,0,1774,0,0,0,35
H2N2,test_ood,4,1578,0,0,0,1578,0,0,0,1575,0,0,0,454
H2N2O1,seen,5,372,223,75,74,0,82,22,29,0,26,11,11,0
H2N2O2,seen,6,478,287,96,95,0,209,65,66,0,35,9,13,0
H2N2O3,test_ood,7,806,0,0,0,806,0,0,0,783,0,0,0,180
H2N2O4,test_ood,8,45,0,0,0,45,0,0,0,45,0,0,0,12
H2N4,seen,6,293,176,59,58,0,137,42,39,0,28,8,6,0
H2O1,seen,3,675,405,135,135,0,405,135,135,0,71,26,23,0
H2O2,test_ood,4,1436,0,0,0,1436,0,0,0,1433,0,0,0,303
H2O3,seen,5,1752,1051,351,350,0,1049,351,349,0,354,116,115,0
H2O4,test_ood,6,165,0,0,0,165,0,0,0,165,0,0,0,21
H2O5,test_ood,7,59,0,0,0,59,0,0,0,59,0,0,0,3
H3N1,seen,4,1104,662,221,221,0,662,219,220,0,125,51,41,0
H3N1O1,test_ood,5,1861,0,0,0,1861,0,0,0,1858,0,0,0,372
H3N1O2,test_ood,6,975,0,0,0,975,0,0,0,275,0,0,0,107
H3N1O3,seen,7,532,319,107,106,0,210,64,69,0,36,20,23,0
H3N1O4,test_ood,8,83,0,0,0,83,0,0,0,83,0,0,0,17
H3N1O5,test_ood,9,71,0,0,0,71,0,0,0,71,0,0,0,10
H3N3,test_ood,6,348,0,0,0,348,0,0,0,145,0,0,0,52
H3N3O1,test_ood,7,518,0,0,0,518,0,0,0,261,0,0,0,90
H3N3O2,seen,8,52,31,11,10,0,31,11,10,0,9,1,5,0
H4N2,test_ood,6,2594,0,0,0,2594,0,0,0,2590,0,0,0,550
H4N2O1,seen,7,1329,797,266,266,0,131,52,58,0,89,35,38,0
H4N2O2,seen,8,832,499,167,166,0,289,80,86,0,65,19,25,0
H4N2O3,seen,9,56,34,11,11,0,34,11,11,0,7,2,2,0
H4N2O4,test_ood,10,4,0,0,0,4,0,0,0,0,0,0,0,0
H4N4,seen,8,350,210,70,70,0,109,37,43,0,29,12,7,0
H4N4O1,test_ood,9,1,0,0,0,1,0,0,0,0,0,0,0,1
H4O2,test_ood,6,58262,0,0,0,58262,0,0,0,58241,0,0,0,5813
H4O3,test_ood,7,936,0,0,0,936,0,0,0,91,0,0,0,83
H4O4,seen,8,160,96,32,32,0,44,13,12,0,9,6,8,0
H4O5,test_ood,9,29,0,0,0,29,0,0,0,29,0,0,0,4
H4O6,seen,10,30,18,6,6,0,18,6,6,0,5,1,1,0
H5N1O1,seen,7,1608,965,322,321,0,32,13,9,0,80,40,31,0
H5N1O2,test_ood,8,1636,0,0,0,1636,0,0,0,116,0,0,0,169
H5N1O3,test_ood,9,354,0,0,0,354,0,0,0,99,0,0,0,47
H5N1O4,seen,10,27,16,6,5,0,16,6,5,0,5,3,1,0
H5N3,seen,8,551,331,110,110,0,64,19,19,0,34,11,15,0
H5N3O1,test_ood,9,664,0,0,0,664,0,0,0,283,0,0,0,91
H5N3O2,seen,10,37,22,8,7,0,22,8,7,0,5,1,0,0
H5N3O3,test_ood,11,3,0,0,0,3,0,0,0,0,0,0,0,1
H6N2,test_ood,8,847,0,0,0,847,0,0,0,26,0,0,0,73
H6N2O1,seen,9,1261,757,252,252,0,83,21,23,0,78,25,26,0
H6N2O2,seen,10,515,309,103,103,0,87,31,30,0,46,10,12,0
H6N2O3,seen,11,31,19,6,6,0,19,6,6,0,4,1,1,0
H6N4,test_ood,10,318,0,0,0,318,0,0,0,174,0,0,0,43
H6O3,test_ood,9,1755,0,0,0,1755,0,0,0,1748,0,0,0,186
H7N3,seen,10,630,378,126,126,0,54,20,19,0,41,13,12,0
H7N3O1,seen,11,306,184,61,61,0,49,19,17,0,20,4,8,0
H8N4,seen,12,104,62,21,21,0,25,8,10,0,11,3,1,0
H8O4,test_ood,12,2632,0,0,0,2632,0,0,0,2620,0,0,0,260
N2,test_ood,2,511,0,0,0,511,0,0,0,510,0,0,0,187
N2O1,seen,3,200,120,40,40,0,120,40,40,0,38,4,9,0
N2O2,seen,4,142,85,29,28,0,85,29,28,0,17,5,6,0
N2O3,seen,5,1,1,0,0,0,0,0,0,0,0,0,0,0
N4,test_ood,4,138,0,0,0,138,0,0,0,103,0,0,0,26
O2,seen,2,360,216,72,72,0,216,72,72,0,59,18,19,0
O3,test_ood,3,552,0,0,0,552,0,0,0,544,0,0,0,89
O4,seen,4,83,50,17,16,0,50,17,16,0,0,0,0,0
