system,system_domain,n_atoms,n_configs,train_configs,val_configs,test_id_configs,test_ood_configs,train_dft_available,val_dft_available,test_id_dft_available,test_ood_dft_available,train_cc_available,val_cc_available,test_id_cc_available,test_ood_cc_available
C10H10,test_ood,20,392,0,0,0,392,0,0,0,248,0,0,0,46
C10H10N2,seen,22,5024,3014,1005,1005,0,1962,643,667,0,147,34,33,0
C10H10N2O1,seen,23,2279,1367,456,456,0,1247,414,404,0,23,7,13,0
C10H10N2O2,test_ood,24,836,0,0,0,836,0,0,0,504,0,0,0,46
C10H10N4,seen,24,206,124,41,41,0,120,40,38,0,1,1,1,0
C10H10N4O1,seen,25,6,4,1,1,0,0,0,0,0,0,0,0,0
C10H10N4O2,test_ood,26,1,0,0,0,1,0,0,0,0,0,0,0,0
C10H10O1,seen,21,891,535,178,178,0,440,145,153,0,26,2,6,0
C10H10O2,test_ood,22,2457,0,0,0,2457,0,0,0,2262,0,0,0,53
C10H10O3,test_ood,23,1332,0,0,0,1332,0,0,0,821,0,0,0,76
C10H10O4,test_ood,24,2,0,0,0,2,0,0,0,0,0,0,0,0
C10H10O5,seen,25,3,2,1,0,0,0,0,0,0,0,0,0,0
C10H11N1,seen,22,886,532,177,177,0,523,175,172,0,12,3,5,0
C10H11N1O1,seen,23,2883,1730,577,576,0,1563,522,514,0,22,5,8,0
C10H11N1O2,seen,24,1781,1069,356,356,0,889,293,291,0,40,13,13,0
C10H11N1O3,test_ood,25,209,0,0,0,209,0,0,0,200,0,0,0,2
C10H11N3,test_ood,24,1619,0,0,0,1619,0,0,0,1595,0,0,0,44
C10H11N3O1,test_ood,25,275,0,0,0,275,0,0,0,271,0,0,0,3
C10H11N3O2,test_ood,26,140,0,0,0,140,0,0,0,137,0,0,0,0
C10H11N5,test_ood,26,1,0,0,0,1,0,0,0,0,0,0,0,0
C10H12,seen,22,254,152,51,51,0,149,49,51,0,0,0,0,0
C10H12N2,test_ood,24,1178,0,0,0,1178,0,0,0,878,0,0,0,76
C10H12N2O1,test_ood,25,1359,0,0,0,1359,0,0,0,1338,0,0,0,27
C10H12N2O2,test_ood,26,198,0,0,0,198,0,0,0,183,0,0,0,5
C10H12N2O3,seen,27,3,2,1,0,0,0,0,0,0,0,0,0,0
C10H12N2O4,test_ood,28,2,0,0,0,2,0,0,0,0,0,0,0,0
C10H12N4,seen,26,123,74,25,24,0,71,24,23,0,2,1,1,0
C10H12N4O1,test_ood,27,239,0,0,0,239,0,0,0,229,0,0,0,4
C10H12N4O2,seen,28,3,2,1,0,0,0,0,0,0,0,0,0,0
C10H12N6,test_ood,28,1,0,0,0,1,0,0,0,0,0,0,0,0
C10H12O1,seen,23,1213,728,243,242,0,524,180,176,0,36,6,15,0
C10H12O2,seen,24,1811,1087,362,362,0,826,270,273,0,27,11,8,0
C10H12O3,test_ood,25,1076,0,0,0,1076,0,0,0,1065,0,0,0,26
C10H12O4,test_ood,26,596,0,0,0,596,0,0,0,581,0,0,0,12
C10H13N1,seen,24,2540,1524,508,508,0,1054,365,346,0,64,18,19,0
C10H13N1O1,seen,25,2772,1663,555,554,0,1643,549,546,0,21,7,4,0
C10H13N1O2,seen,26,1317,790,264,263,0,785,260,259,0,6,5,7,0
C10H13N1O3,test_ood,27,1464,0,0,0,1464,0,0,0,1432,0,0,0,51
C10H13N1O4,seen,28,2,1,1,0,0,0,0,0,0,0,0,0,0
C10H13N3,test_ood,26,1837,0,0,0,1837,0,0,0,1815,0,0,0,50
C10H13N3O1,test_ood,27,332,0,0,0,332,0,0,0,325,0,0,0,8
C10H13N3O2,seen,28,125,75,25,25,0,71,24,24,0,0,0,0,0
C10H13N5,seen,28,146,88,29,29,0,86,27,26,0,0,0,0,0
C10H13N5O1,test_ood,29,1,0,0,0,1,0,0,0,0,0,0,0,0
C10H14,seen,24,244,146,49,49,0,63,20,17,0,5,3,3,0
C10H14N2,seen,26,1237,742,248,247,0,730,245,241,0,12,3,2,0
C10H14N2O1,seen,27,694,416,139,139,0,406,134,138,0,9,3,3,0
C10H14N2O2,test_ood,28,99,0,0,0,99,0,0,0,96,0,0,0,3
C10H14N2O3,seen,29,11,7,2,2,0,0,0,0,0,0,0,0,0
C10H14N2O4,seen,30,3,2,1,0,0,0,0,0,0,0,0,0,0
C10H14N4,seen,28,467,280,94,93,0,274,92,92,0,7,2,2,0
C10H14N4O1,test_ood,29,244,0,0,0,244,0,0,0,237,0,0,0,9
C10H14N4O2,test_ood,30,2,0,0,0,2,0,0,0,0,0,0,0,0
C10H14N4O3,seen,31,1,1,0,0,0,0,0,0,0,0,0,0,0
C10H14N4O5,seen,33,1122,673,225,224,0,647,217,218,0,12,5,5,0
C10H14N6,seen,30,1,1,0,0,0,0,0,0,0,0,0,0,0
C10H14O1,seen,25,60,36,12,12,0,36,12,12,0,0,1,0,0
C10H14O2,test_ood,26,594,0,0,0,594,0,0,0,585,0,0,0,7
C10H14O3,test_ood,27,418,0,0,0,418,0,0,0,412,0,0,0,5
C10H14O4,seen,28,402,241,81,80,0,240,80,78,0,3,1,0,0
C10H14O5,seen,29,2,1,1,0,0,0,0,0,0,0,0,0,0
C10H15N1,seen,26,363,218,73,72,0,216,73,72,0,6,4,2,0
C10H15N1O1,test_ood,27,844,0,0,0,844,0,0,0,838,0,0,0,29
C10H15N1O2,test_ood,28,392,0,0,0,392,0,0,0,382,0,0,0,9
C10H15N1O3,test_ood,29,190,0,0,0,190,0,0,0,181,0,0,0,2
C10H15N1O4,test_ood,30,3,0,0,0,3,0,0,0,0,0,0,0,0
C10H15N3,test_ood,28,928,0,0,0,928,0,0,0,913,0,0,0,17
C10H15N3O1,seen,29,431,259,86,86,0,246,86,83,0,5,3,0,0
C10H15N3O2,seen,30,4,2,1,1,0,0,0,0,0,0,0,0,0
C10H15N5,seen,30,2,1,1,0,0,0,0,0,0,0,0,0,0
C10H15N5O1,seen,31,2,1,1,0,0,0,0,0,0,0,0,0,0
C10H15N5O4,test_ood,34,1119,0,0,0,1119,0,0,0,1079,0,0,0,53
C10H15N5O5,seen,35,1,1,0,0,0,0,0,0,0,0,0,0,0
C10H16,test_ood,26,219,0,0,0,219,0,0,0,216,0,0,0,19
C10H16N2,test_ood,28,740,0,0,0,740,0,0,0,722,0,0,0,35
C10H16N2O1,seen,29,574,344,115,115,0,341,113,113,0,15,5,5,0
C10H16N2O2,seen,30,339,203,68,68,0,196,66,64,0,7,2,2,0
C10H16N2O3,seen,31,461,277,92,92,0,265,86,89,0,14,8,2,0
C10H16N2O4,test_ood,32,1,0,0,0,1,0,0,0,0,0,0,0,0
C10H16N2O5,seen,33,1094,656,219,219,0,627,211,216,0,21,9,9,0
C10H16N2O7,seen,35,451,271,90,90,0,237,78,82,0,26,7,11,0
C10H16N4,seen,30,178,107,36,35,0,106,36,35,0,1,2,0,0
C10H16N4O1,seen,31,1,1,0,0,0,0,0,0,0,0,0,0,0
C10H16N4O2,seen,32,1,1,0,0,0,0,0,0,0,0,0,0,0
C10H16N4O4,test_ood,34,1110,0,0,0,1110,0,0,0,1070,0,0,0,32
C10H16N6,test_ood,32,113,0,0,0,113,0,0,0,109,0,0,0,0
C10H16O1,seen,27,428,257,86,85,0,249,84,82,0,12,5,3,0
C10H16O2,seen,28,1196,718,239,239,0,705,237,237,0,23,8,12,0
C10H16O3,seen,29,3,2,1,0,0,0,0,0,0,0,0,0,0
C10H16O4,test_ood,30,3,0,0,0,3,0,0,0,0,0,0,0,0
C10H16O5,seen,31,2,1,1,0,0,0,0,0,0,0,0,0,0
C10H17N1,seen,28,1064,638,213,213,0,634,210,213,0,17,5,8,0
C10H17N1O1,seen,29,820,492,164,164,0,466,160,157,0,12,4,6,0
C10H17N1O2,test_ood,30,351,0,0,0,351,0,0,0,341,0,0,0,9
C10H17N1O3,test_ood,31,3,0,0,0,3,0,0,0,0,0,0,0,0
C10H17N1O4,seen,32,3,2,1,0,0,0,0,0,0,0,0,0,0
C10H17N1O5,seen,33,1,1,0,0,0,0,0,0,0,0,0,0,0
C10H17N3,test_ood,30,119,0,0,0,119,0,0,0,116,0,0,0,4
C10H17N3O1,seen,31,5,3,1,1,0,0,0,0,0,0,0,0,0
C10H17N3O2,seen,32,1,1,0,0,0,0,0,0,0,0,0,0,0
C10H17N3O3,test_ood,33,1,0,0,0,1,0,0,0,0,0,0,0,0
C10H17N3O4,seen,34,884,530,177,177,0,508,167,169,0,15,4,3,0
C10H17N3O6,seen,36,1102,661,221,220,0,637,216,209,0,16,12,7,0
C10H17N5,seen,32,1,1,0,0,0,0,0,0,0,0,0,0,0
C10H17N5O1,seen,33,1,1,0,0,0,0,0,0,0,0,0,0,0
C10H18,test_ood,28,6,0,0,0,6,0,0,0,6,0,0,0,0
C10H18N2,test_ood,30,375,0,0,0,375,0,0,0,369,0,0,0,13
C10H18N2O1,seen,31,183,110,37,36,0,109,36,35,0,1,0,0,0
C10H18N2O2,test_ood,32,3,0,0,0,3,0,0,0,0,0,0,0,0
C10H18N2O3,seen,33,948,569,190,189,0,547,185,174,0,8,2,5,0
C10H18N2O5,test_ood,35,2494,0,0,0,2494,0,0,0,2374,0,0,0,86
C10H18N4,seen,32,1,1,0,0,0,0,0,0,0,0,0,0,0
C10H18N4O1,seen,33,4,2,1,1,0,0,0,0,0,0,0,0,0
C10H18N4O5,test_ood,37,536,0,0,0,536,0,0,0,516,0,0,0,33
C10H18N6O3,seen,37,1,1,0,0,0,0,0,0,0,0,0,0,0
C10H18O1,test_ood,29,552,0,0,0,552,0,0,0,547,0,0,0,17
C10H18O2,test_ood,30,694,0,0,0,694,0,0,0,679,0,0,0,27
C10H18O3,seen,31,485,291,97,97,0,286,96,96,0,22,11,3,0
C10H18O4,seen,32,408,245,82,81,0,243,82,77,0,14,4,4,0
C10H19N1,test_ood,30,440,0,0,0,440,0,0,0,431,0,0,0,11
C10H19N1O1,seen,31,483,290,97,96,0,287,97,95,0,6,3,4,0
C10H19N1O2,seen,32,244,146,49,49,0,138,48,48,0,0,0,0,0
C10H19N1O3,seen,33,255,153,51,51,0,149,50,50,0,5,2,1,0
C10H19N1O4,test_ood,34,98,0,0,0,98,0,0,0,97,0,0,0,6
C10H19N3,seen,32,228,137,46,45,0,135,44,45,0,0,0,0,0
C10H19N3O1,seen,33,1,1,0,0,0,0,0,0,0,0,0,0,0
C10H19N3O2,seen,34,2,1,1,0,0,0,0,0,0,0,0,0,0
C10H19N3O3,test_ood,35,1,0,0,0,1,0,0,0,0,0,0,0,0
C10H19N3O4,test_ood,36,2452,0,0,0,2452,0,0,0,2332,0,0,0,69
C10H19N3O5,test_ood,37,1038,0,0,0,1038,0,0,0,998,0,0,0,26
C10H19N5,seen,34,125,75,25,25,0,74,25,25,0,4,0,0,0
C10H19N5O5,seen,39,1150,690,230,230,0,662,224,224,0,12,3,5,0
C10H20,test_ood,30,3,0,0,0,3,0,0,0,3,0,0,0,0
C10H20N2,seen,32,447,268,90,89,0,263,89,87,0,3,4,2,0
C10H20N2O1,seen,33,301,181,60,60,0,173,57,59,0,7,7,1,0
C10H20N2O2,seen,34,201,121,40,40,0,117,38,40,0,5,0,2,0
C10H20N2O3,test_ood,35,448,0,0,0,448,0,0,0,427,0,0,0,37
C10H20N2O4,seen,36,1467,880,294,293,0,830,279,278,0,24,5,9,0
C10H20N4,seen,34,114,68,23,23,0,67,23,23,0,1,0,1,0
C10H20N4O4,test_ood,38,863,0,0,0,863,0,0,0,795,0,0,0,16
C10H20N6O4,test_ood,40,973,0,0,0,973,0,0,0,933,0,0,0,15
C10H20O1,seen,31,666,400,133,133,0,392,130,131,0,8,0,3,0
C10H20O2,test_ood,32,182,0,0,0,182,0,0,0,182,0,0,0,2
C10H20O3,test_ood,33,1,0,0,0,1,0,0,0,0,0,0,0,0
C10H20O4,seen,34,1,1,0,0,0,0,0,0,0,0,0,0,0
C10H20O5,seen,35,125,75,25,25,0,72,23,25,0,2,2,0,0
C10H20O6,test_ood,36,1,0,0,0,1,0,0,0,0,0,0,0,0
C10H21N1,seen,32,193,116,39,38,0,115,39,38,0,1,0,2,0
C10H21N1O1,test_ood,33,530,0,0,0,530,0,0,0,525,0,0,0,15
C10H21N1O2,seen,34,431,259,86,86,0,259,81,85,0,18,2,1,0
C10H21N1O4,seen,36,130,78,26,26,0,77,25,25,0,6,1,2,0
C10H21N3O1,test_ood,35,111,0,0,0,111,0,0,0,104,0,0,0,0
C10H21N3O3,test_ood,37,1,0,0,0,1,0,0,0,0,0,0,0,0
C10H21N3O4,seen,38,940,564,188,188,0,533,186,181,0,22,8,9,0
C10H21N5O1,test_ood,37,1,0,0,0,1,0,0,0,0,0,0,0,0
C10H21N5O4,test_ood,40,1065,0,0,0,1065,0,0,0,1025,0,0,0,40
C10H22N2,test_ood,34,109,0,0,0,109,0,0,0,107,0,0,0,0
C10H22N2O1,test_ood,35,1,0,0,0,1,0,0,0,0,0,0,0,0
C10H22N2O3,test_ood,37,1,0,0,0,1,0,0,0,0,0,0,0,0
C10H22N2O4,seen,38,1,1,0,0,0,0,0,0,0,0,0,0,0
C10H22N4,seen,36,274,164,55,55,0,163,55,55,0,10,3,3,0
C10H22N4O2,seen,38,1,1,0,0,0,0,0,0,0,0,0,0,0
C10H22O1,test_ood,33,3,0,0,0,3,0,0,0,3,0,0,0,0
C10H22O2,seen,34,24,14,5,5,0,14,5,5,0,0,0,0,0
C10H22O3,seen,35,407,244,82,81,0,242,82,81,0,14,5,5,0
C10H22O6,seen,38,137,82,28,27,0,80,26,26,0,0,0,0,0
C10H23N1,seen,34,12,7,3,2,0,7,3,2,0,0,0,0,0
C10H23N1O1,seen,35,54,32,11,11,0,32,11,11,0,0,0,0,0
C10H23N1O3,seen,37,1,1,0,0,0,0,0,0,0,0,0,0,0
C10H23N3O1,seen,37,1,1,0,0,0,0,0,0,0,0,0,0,0
C10H23N3O2,seen,38,117,70,24,23,0,69,24,23,0,5,1,0,0
C10H24N2,test_ood,36,25,0,0,0,25,0,0,0,25,0,0,0,0
C10H24N2O1,test_ood,37,2,0,0,0,2,0,0,0,0,0,0,0,0
C10H24N2O2,seen,38,1,1,0,0,0,0,0,0,0,0,0,0,0
C10H24N2O4,test_ood,40,159,0,0,0,159,0,0,0,155,0,0,0,7
C10H24N4,seen,38,86,52,17,17,0,52,17,16,0,2,1,2,0
C10H24N4O1,test_ood,39,1,0,0,0,1,0,0,0,0,0,0,0,0
C10H24O2,seen,36,3,2,1,0,0,2,1,0,0,0,0,0,0
C10H25N1,test_ood,36,2,0,0,0,2,0,0,0,2,0,0,0,0
C10H25N1O1,seen,37,3,2,1,0,0,2,1,0,0,0,0,0,0
C10H25N3,seen,38,1,1,0,0,0,0,0,0,0,0,0,0,0
C10H25N3O1,test_ood,39,1,0,0,0,1,0,0,0,0,0,0,0,0
C10H25N3O3,seen,41,1,1,0,0,0,0,0,0,0,0,0,0,0
C10H26N2,seen,38,4,2,1,1,0,2,1,1,0,0,0,0,0
C10H26N2O6,seen,44,1,1,0,0,0,0,0,0,0,0,0,0,0
C10H26N4,seen,40,1,1,0,0,0,0,0,0,0,0,0,0,0
C10H26N4O2,test_ood,42,1,0,0,0,1,0,0,0,0,0,0,0,0
C10H26N6,seen,42,1,1,0,0,0,0,0,0,0,0,0,0,0
C10H3N1O1,seen,15,3,2,1,0,0,2,1,0,0,0,0,0,0
C10H4N2,test_ood,16,4,0,0,0,4,0,0,0,4,0,0,0,0
C10H5N1,seen,16,2,1,1,0,0,1,1,0,0,0,0,0,0
C10H5N1O1,seen,17,6,4,1,1,0,4,1,1,0,1,1,0,0
C10H6,seen,16,127,76,26,25,0,74,26,24,0,7,4,4,0
C10H6N2,seen,18,143,86,29,28,0,86,29,28,0,10,3,5,0
C10H6N4,seen,20,149,89,30,30,0,87,30,29,0,10,4,5,0
C10H6O1,test_ood,17,4,0,0,0,4,0,0,0,4,0,0,0,1
C10H6O2,seen,18,294,176,59,59,0,175,57,57,0,19,8,10,0
C10H6O3,test_ood,19,132,0,0,0,132,0,0,0,132,0,0,0,14
C10H7N1,seen,18,4,2,1,1,0,2,1,1,0,0,0,0,0
C10H7N1O1,test_ood,19,705,0,0,0,705,0,0,0,557,0,0,0,71
C10H7N1O2,seen,20,1076,646,215,215,0,558,178,185,0,79,27,23,0
C10H7N1O3,seen,21,359,215,72,72,0,212,70,71,0,4,1,2,0
C10H7N3,seen,20,481,289,96,96,0,286,94,95,0,49,9,12,0
C10H7N3O1,seen,21,283,170,57,56,0,168,56,55,0,8,2,3,0
C10H8,seen,18,29,17,6,6,0,17,5,6,0,3,1,0,0
C10H8N2,seen,20,3745,2247,749,749,0,527,159,170,0,209,74,76,0
C10H8N2O1,seen,21,1179,707,236,236,0,616,207,207,0,22,5,5,0
C10H8N2O2,seen,22,271,163,54,54,0,159,54,52,0,6,4,2,0
C10H8N4,seen,22,249,149,50,50,0,147,49,49,0,4,3,0,0
C10H8O1,seen,19,1809,1085,362,362,0,137,42,46,0,80,25,29,0
C10H8O2,test_ood,20,3039,0,0,0,3039,0,0,0,2838,0,0,0,349
C10H8O3,test_ood,21,1391,0,0,0,1391,0,0,0,1236,0,0,0,55
C10H9N1,seen,20,3177,1906,636,635,0,686,233,241,0,146,52,58,0
C10H9N1O1,seen,21,3390,2034,678,678,0,2012,669,672,0,25,9,5,0
C10H9N1O2,seen,22,2466,1480,493,493,0,996,342,321,0,60,31,22,0
C10H9N1O3,seen,23,136,82,27,27,0,81,27,27,0,2,1,1,0
C10H9N3,test_ood,22,500,0,0,0,500,0,0,0,494,0,0,0,15
C10H9N3O1,test_ood,23,658,0,0,0,658,0,0,0,652,0,0,0,25
C10H9N5,seen,24,154,92,31,31,0,89,30,31,0,6,2,2,0
C10H9N5O1,test_ood,25,1,0,0,0,1,0,0,0,0,0,0,0,0
C11H10,test_ood,21,210,0,0,0,210,0,0,0,210,0,0,0,2
C11H10N2,test_ood,23,1583,0,0,0,1583,0,0,0,1254,0,0,0,55
C11H10N2O1,seen,24,330,198,66,66,0,195,65,66,0,7,1,2,0
C11H10N2O2,seen,25,2,1,1,0,0,0,0,0,0,0,0,0,0
C11H10N4,seen,25,1,1,0,0,0,0,0,0,0,0,0,0,0
C11H10O1,test_ood,22,803,0,0,0,803,0,0,0,799,0,0,0,5
C11H10O2,seen,23,398,239,80,79,0,239,79,79,0,5,1,2,0
C11H10O3,test_ood,24,245,0,0,0,245,0,0,0,242,0,0,0,0
C11H10O4,seen,25,2,1,1,0,0,0,0,0,0,0,0,0,0
C11H10O7,test_ood,28,1,0,0,0,1,0,0,0,0,0,0,0,0
C11H11N1,seen,23,811,487,162,162,0,486,160,161,0,5,1,0,0
C11H11N1O1,seen,24,1861,1117,372,372,0,1023,334,338,0,22,5,7,0
C11H11N1O2,test_ood,25,495,0,0,0,495,0,0,0,486,0,0,0,16
C11H11N1O3,test_ood,26,135,0,0,0,135,0,0,0,131,0,0,0,7
C11H11N3,seen,25,252,151,51,50,0,150,50,48,0,2,0,0,0
C11H11N3O1,test_ood,26,104,0,0,0,104,0,0,0,104,0,0,0,0
C11H11N3O2,seen,27,2,1,1,0,0,0,0,0,0,0,0,0,0
C11H12,test_ood,23,16,0,0,0,16,0,0,0,16,0,0,0,2
C11H12N2,seen,25,829,497,166,166,0,496,163,162,0,13,8,6,0
C11H12N2O1,test_ood,26,1254,0,0,0,1254,0,0,0,1235,0,0,0,32
C11H12N2O2,test_ood,27,1314,0,0,0,1314,0,0,0,1292,0,0,0,10
C11H12N4,test_ood,27,1,0,0,0,1,0,0,0,0,0,0,0,0
C11H12N4O2,seen,29,1,1,0,0,0,0,0,0,0,0,0,0,0
C11H12O1,test_ood,24,634,0,0,0,634,0,0,0,486,0,0,0,19
C11H12O2,seen,25,1496,898,299,299,0,892,297,297,0,24,5,6,0
C11H12O3,seen,26,99,59,20,20,0,59,20,19,0,0,0,0,0
C11H12O4,seen,27,1,1,0,0,0,0,0,0,0,0,0,0,0
C11H13N1,test_ood,25,2050,0,0,0,2050,0,0,0,2021,0,0,0,69
C11H13N1O1,test_ood,26,2144,0,0,0,2144,0,0,0,2109,0,0,0,43
C11H13N1O2,seen,27,1144,686,229,229,0,681,228,224,0,20,5,4,0
C11H13N1O3,seen,28,2,1,1,0,0,0,0,0,0,0,0,0,0
C11H13N1O4,seen,29,4,2,1,1,0,0,0,0,0,0,0,0,0
C11H13N3,seen,27,977,586,196,195,0,574,192,193,0,17,4,8,0
C11H13N3O1,seen,28,268,161,54,53,0,157,53,53,0,6,0,1,0
C11H13N3O2,test_ood,29,115,0,0,0,115,0,0,0,108,0,0,0,6
C11H13N5O1,seen,30,1,1,0,0,0,0,0,0,0,0,0,0,0
C11H14,seen,25,17,10,4,3,0,10,4,3,0,0,0,0,0
C11H14N2,seen,27,1730,1038,346,346,0,1028,345,343,0,18,6,5,0
C11H14N2O1,seen,28,561,337,112,112,0,330,111,110,0,2,1,3,0
C11H14N2O2,test_ood,29,250,0,0,0,250,0,0,0,246,0,0,0,1
C11H14N2O3,seen,30,760,456,152,152,0,434,141,144,0,8,7,4,0
C11H14N2O4,seen,31,784,470,157,157,0,447,149,148,0,9,5,2,0
C11H14N4,seen,29,4,2,1,1,0,0,0,0,0,0,0,0,0
C11H14N4O1,seen,30,2,1,1,0,0,0,0,0,0,0,0,0,0
C11H14N4O2,test_ood,31,1,0,0,0,1,0,0,0,0,0,0,0,0
C11H14N4O3,seen,32,2,1,1,0,0,0,0,0,0,0,0,0,0
C11H14O1,test_ood,26,299,0,0,0,299,0,0,0,298,0,0,0,8
C11H14O2,test_ood,27,1247,0,0,0,1247,0,0,0,1228,0,0,0,9
C11H14O3,test_ood,28,301,0,0,0,301,0,0,0,297,0,0,0,3
C11H14O4,test_ood,29,96,0,0,0,96,0,0,0,92,0,0,0,3
C11H15N1,seen,27,1135,681,227,227,0,676,224,226,0,8,1,3,0
C11H15N1O1,test_ood,28,2087,0,0,0,2087,0,0,0,2067,0,0,0,12
C11H15N1O2,test_ood,29,1215,0,0,0,1215,0,0,0,1189,0,0,0,17
C11H15N1O3,seen,30,2,1,1,0,0,0,0,0,0,0,0,0,0
C11H15N1O4,test_ood,31,2,0,0,0,2,0,0,0,0,0,0,0,0
C11H15N1O5,test_ood,32,1,0,0,0,1,0,0,0,0,0,0,0,0
C11H15N3,test_ood,29,986,0,0,0,986,0,0,0,969,0,0,0,25
C11H15N3O1,seen,30,6,4,1,1,0,0,0,0,0,0,0,0,0
C11H15N3O2,seen,31,2,1,1,0,0,0,0,0,0,0,0,0,0
C11H15N3O3,seen,32,1,1,0,0,0,0,0,0,0,0,0,0,0
C11H15N5O1,seen,32,1,1,0,0,0,0,0,0,0,0,0,0,0
C11H16,seen,27,18,11,4,3,0,11,4,3,0,0,0,0,0
C11H16N2,seen,29,999,599,200,200,0,593,199,200,0,10,2,3,0
C11H16N2O1,seen,30,715,429,143,143,0,421,137,137,0,6,2,5,0
C11H16N2O2,seen,31,215,129,43,43,0,124,42,42,0,1,3,1,0
C11H16N2O3,seen,32,2,1,1,0,0,0,0,0,0,0,0,0,0
C11H16N4,seen,31,109,65,22,22,0,63,21,21,0,9,0,3,0
C11H16N4O2,test_ood,33,1,0,0,0,1,0,0,0,0,0,0,0,0
C11H16N4O3,seen,34,1071,643,214,214,0,623,203,204,0,23,5,10,0
C11H16N4O5,seen,36,1111,667,222,222,0,648,211,212,0,25,6,13,0
C11H16O1,test_ood,28,153,0,0,0,153,0,0,0,152,0,0,0,9
C11H16O2,seen,29,378,227,76,75,0,226,75,75,0,9,1,4,0
C11H16O3,seen,30,95,57,19,19,0,55,19,18,0,0,0,0,0
C11H16O4,test_ood,31,110,0,0,0,110,0,0,0,108,0,0,0,5
C11H17N1,seen,29,205,123,41,41,0,123,41,41,0,3,1,0,0
C11H17N1O1,test_ood,30,174,0,0,0,174,0,0,0,172,0,0,0,6
C11H17N1O2,seen,31,845,507,169,169,0,497,168,168,0,11,5,3,0
C11H17N1O3,seen,32,216,130,43,43,0,125,43,43,0,4,0,1,0
C11H17N1O4,seen,33,2,1,1,0,0,0,0,0,0,0,0,0,0
C11H17N3,test_ood,31,345,0,0,0,345,0,0,0,333,0,0,0,3
C11H17N3O1,test_ood,32,412,0,0,0,412,0,0,0,403,0,0,0,8
C11H17N3O2,test_ood,33,3,0,0,0,3,0,0,0,0,0,0,0,0
C11H17N3O6,test_ood,37,1,0,0,0,1,0,0,0,0,0,0,0,0
C11H17N5O4,seen,37,1053,632,211,210,0,610,204,199,0,13,4,5,0
C11H17N9O2,seen,39,1,1,0,0,0,0,0,0,0,0,0,0,0
C11H18,seen,29,133,80,27,26,0,79,27,26,0,0,0,0,0
C11H18N2,test_ood,31,217,0,0,0,217,0,0,0,210,0,0,0,4
C11H18N2O1,test_ood,32,238,0,0,0,238,0,0,0,234,0,0,0,6
C11H18N2O2,test_ood,33,108,0,0,0,108,0,0,0,102,0,0,0,3
C11H18N2O3,seen,34,1,1,0,0,0,0,0,0,0,0,0,0,0
C11H18N4,test_ood,33,2,0,0,0,2,0,0,0,0,0,0,0,0
C11H18N4O1,seen,34,1,1,0,0,0,0,0,0,0,0,0,0,0
C11H18N4O3,test_ood,36,1067,0,0,0,1067,0,0,0,1027,0,0,0,32
C11H18N4O4,seen,37,1,1,0,0,0,0,0,0,0,0,0,0,0
C11H18O1,test_ood,30,139,0,0,0,139,0,0,0,139,0,0,0,0
C11H18O2,test_ood,31,244,0,0,0,244,0,0,0,240,0,0,0,4
C11H18O3,test_ood,32,3,0,0,0,3,0,0,0,0,0,0,0,0
C11H18O4,seen,33,2,1,1,0,0,0,0,0,0,0,0,0,0
C11H19N1,seen,31,301,181,60,60,0,180,60,58,0,6,0,1,0
C11H19N1O1,test_ood,32,114,0,0,0,114,0,0,0,113,0,0,0,1
C11H19N1O2,test_ood,33,112,0,0,0,112,0,0,0,108,0,0,0,0
C11H19N1O3,test_ood,34,2,0,0,0,2,0,0,0,0,0,0,0,0
C11H19N3,test_ood,33,2,0,0,0,2,0,0,0,0,0,0,0,0
C11H19N3O1,seen,34,6,4,1,1,0,0,0,0,0,0,0,0,0
C11H20,test_ood,31,17,0,0,0,17,0,0,0,17,0,0,0,0
C11H20N2,seen,33,85,51,17,17,0,50,17,17,0,0,0,0,0
C11H20N2O1,seen,34,231,139,46,46,0,134,45,46,0,1,0,0,0
C11H20N2O2,test_ood,35,1,0,0,0,1,0,0,0,0,0,0,0,0
C11H20N2O3,test_ood,36,1390,0,0,0,1390,0,0,0,1308,0,0,0,36
C11H20N2O5,seen,38,1574,944,315,315,0,896,295,303,0,38,11,13,0
C11H20N4,seen,35,205,123,41,41,0,120,39,39,0,4,1,0,0
C11H20N6O4,test_ood,41,1,0,0,0,1,0,0,0,0,0,0,0,0
C11H20O1,seen,32,100,60,20,20,0,60,20,20,0,0,1,1,0
C11H20O2,seen,33,304,182,61,61,0,179,57,60,0,3,0,1,0
C11H20O3,test_ood,34,405,0,0,0,405,0,0,0,403,0,0,0,8
C11H20O4,seen,35,133,80,27,26,0,80,27,25,0,3,2,1,0
C11H21N1,seen,33,365,219,73,73,0,217,71,72,0,6,3,3,0
C11H21N1O1,seen,34,80,48,16,16,0,48,15,16,0,2,0,2,0
C11H21N1O2,test_ood,35,2,0,0,0,2,0,0,0,0,0,0,0,0
C11H21N3,test_ood,35,202,0,0,0,202,0,0,0,199,0,0,0,6
C11H21N3O1,test_ood,36,90,0,0,0,90,0,0,0,90,0,0,0,3
C11H21N3O3,test_ood,38,924,0,0,0,924,0,0,0,884,0,0,0,23
C11H21N3O4,seen,39,1507,904,302,301,0,857,288,282,0,20,6,7,0
C11H21N3O5,seen,40,980,588,196,196,0,562,191,187,0,23,6,7,0
C11H21N5O3,seen,40,1077,646,216,215,0,624,208,205,0,35,13,9,0
C11H21N5O5,seen,42,1085,651,217,217,0,624,210,211,0,0,0,0,0
C11H22,seen,33,7,4,2,1,0,4,2,1,0,0,0,0,0
C11H22N2,test_ood,35,58,0,0,0,58,0,0,0,58,0,0,0,1
C11H22N2O1,seen,36,1,1,0,0,0,0,0,0,0,0,0,0,0
C11H22N2O3,test_ood,38,1214,0,0,0,1214,0,0,0,1134,0,0,0,19
C11H22N4O1,seen,38,1,1,0,0,0,0,0,0,0,0,0,0,0
C11H22N4O4,test_ood,41,937,0,0,0,937,0,0,0,897,0,0,0,18
C11H22N6O4,test_ood,43,1061,0,0,0,1061,0,0,0,1021,0,0,0,0
C11H22O1,seen,34,129,77,26,26,0,77,26,26,0,1,2,0,0
C11H22O2,seen,35,1,1,0,0,0,0,0,0,0,0,0,0,0
C11H22O3,seen,36,223,134,45,44,0,131,45,44,0,4,1,1,0
C11H22O4,seen,37,2,1,1,0,0,0,0,0,0,0,0,0,0
C11H23N1,seen,35,118,71,24,23,0,71,24,23,0,1,0,0,0
C11H23N1O1,seen,36,73,44,15,14,0,43,14,14,0,0,0,0,0
C11H23N3O3,seen,40,886,532,177,177,0,503,171,172,0,15,4,6,0
C11H23N5O3,seen,42,993,596,199,198,0,569,186,192,0,22,4,7,0
C11H24,test_ood,35,4,0,0,0,4,0,0,0,4,0,0,0,0
C11H24N2,test_ood,37,1,0,0,0,1,0,0,0,0,0,0,0,0
C11H24N2O3,test_ood,40,1,0,0,0,1,0,0,0,0,0,0,0,0
C11H24N4,seen,39,1,1,0,0,0,0,0,0,0,0,0,0,0
C11H24N4O1,seen,40,2,1,1,0,0,0,0,0,0,0,0,0,0
C11H24O1,seen,36,8,5,2,1,0,5,2,1,0,0,0,0,0
C11H24O3,seen,38,427,256,86,85,0,254,82,83,0,19,3,1,0
C11H24O4,seen,39,135,81,27,27,0,80,25,26,0,6,2,7,0
C11H25N1,seen,37,11,7,2,2,0,7,2,2,0,0,0,0,0
C11H25N1O2,test_ood,39,113,0,0,0,113,0,0,0,113,0,0,0,2
C11H25N3O1,seen,40,1,1,0,0,0,0,0,0,0,0,0,0,0
C11H26N4O1,test_ood,42,88,0,0,0,88,0,0,0,33,0,0,0,4
C11H27N1,test_ood,39,1,0,0,0,1,0,0,0,1,0,0,0,0
C11H3N1,seen,15,2,1,1,0,0,1,1,0,0,0,0,0,0
C11H4O1,test_ood,16,1,0,0,0,1,0,0,0,1,0,0,0,0
C11H5N1,seen,17,4,2,1,1,0,2,1,1,0,0,0,0,0
C11H6,test_ood,17,1,0,0,0,1,0,0,0,1,0,0,0,0
C11H6N2,test_ood,19,144,0,0,0,144,0,0,0,143,0,0,0,25
C11H6O1,test_ood,18,5,0,0,0,5,0,0,0,5,0,0,0,0
C11H6O2,test_ood,19,132,0,0,0,132,0,0,0,132,0,0,0,10
C11H7N1,seen,19,15,9,3,3,0,9,3,3,0,0,0,0,0
C11H7N1O1,seen,20,338,203,68,67,0,200,68,65,0,25,5,7,0
C11H8,seen,19,4,2,1,1,0,2,1,1,0,0,0,0,0
C11H8N2,test_ood,21,547,0,0,0,547,0,0,0,544,0,0,0,25
C11H8N2O2,seen,23,2,1,1,0,0,0,0,0,0,0,0,0,0
C11H8N4,seen,23,1,1,0,0,0,0,0,0,0,0,0,0,0
C11H8O1,seen,20,236,142,47,47,0,142,47,47,0,19,1,4,0
C11H8O2,test_ood,21,888,0,0,0,888,0,0,0,886,0,0,0,17
C11H8O3,test_ood,22,2,0,0,0,2,0,0,0,0,0,0,0,0
C11H9N1,seen,21,328,197,66,65,0,197,65,65,0,0,0,0,0
C11H9N1O1,seen,22,866,520,173,173,0,423,147,144,0,15,2,2,0
C11H9N1O2,test_ood,23,114,0,0,0,114,0,0,0,114,0,0,0,2
C11H9N1O3,seen,24,2,1,1,0,0,0,0,0,0,0,0,0,0
C11H9N3,test_ood,23,152,0,0,0,152,0,0,0,152,0,0,0,0
C11H9N3O1,seen,24,119,71,24,24,0,71,24,24,0,3,1,1,0
C12H10,test_ood,22,1431,0,0,0,1431,0,0,0,135,0,0,0,122
C12H10N2,seen,24,1425,855,285,285,0,765,249,247,0,46,13,20,0
C12H10N2O1,seen,25,1,1,0,0,0,0,0,0,0,0,0,0,0
C12H10O1,test_ood,23,198,0,0,0,198,0,0,0,194,0,0,0,2
C12H10O2,seen,24,968,581,194,193,0,494,170,159,0,21,5,4,0
C12H10O3,test_ood,25,133,0,0,0,133,0,0,0,129,0,0,0,0
C12H11N1,seen,24,341,205,68,68,0,204,68,68,0,4,0,1,0
C12H11N1O1,seen,25,1649,989,330,330,0,980,327,327,0,13,7,6,0
C12H11N1O2,test_ood,26,332,0,0,0,332,0,0,0,330,0,0,0,5
C12H11N1O3,seen,27,1,1,0,0,0,0,0,0,0,0,0,0,0
C12H11N3,seen,26,90,54,18,18,0,54,17,18,0,1,2,0,0
C12H12,test_ood,24,1515,0,0,0,1515,0,0,0,1185,0,0,0,38
C12H12N2,seen,26,599,359,120,120,0,354,117,118,0,5,1,4,0
C12H12N2O1,seen,27,357,214,72,71,0,204,72,69,0,6,1,1,0
C12H12N2O2,seen,28,2,1,1,0,0,0,0,0,0,0,0,0,0
C12H12N4,seen,28,2,1,1,0,0,0,0,0,0,0,0,0,0
C12H12O1,seen,25,669,401,134,134,0,397,131,133,0,2,0,0,0
C12H12O2,seen,26,235,141,47,47,0,140,47,46,0,3,1,1,0
C12H13N1,test_ood,26,986,0,0,0,986,0,0,0,976,0,0,0,6
C12H13N1O1,seen,27,1321,793,264,264,0,783,259,263,0,13,5,3,0
C12H13N1O2,seen,28,128,77,26,25,0,74,25,22,0,0,0,0,0
C12H13N1O3,seen,29,2,1,1,0,0,0,0,0,0,0,0,0,0
C12H13N3,test_ood,28,74,0,0,0,74,0,0,0,68,0,0,0,0
C12H13N3O1,seen,29,94,56,19,19,0,52,19,17,0,2,0,2,0
C12H13N3O2,seen,30,1,1,0,0,0,0,0,0,0,0,0,0,0
C12H14,test_ood,26,129,0,0,0,129,0,0,0,126,0,0,0,1
C12H14N12O1,seen,39,1,1,0,0,0,0,0,0,0,0,0,0,0
C12H14N2,seen,28,1177,706,236,235,0,699,235,234,0,9,6,4,0
C12H14N2O1,seen,29,471,283,94,94,0,277,92,91,0,8,2,1,0
C12H14N2O2,test_ood,30,4,0,0,0,4,0,0,0,0,0,0,0,0
C12H14N2O8,seen,36,1,1,0,0,0,0,0,0,0,0,0,0,0
C12H14N4,test_ood,30,1,0,0,0,1,0,0,0,0,0,0,0,0
C12H14N4O5,seen,35,1,1,0,0,0,0,0,0,0,0,0,0,0
C12H14N8O1,seen,35,1,1,0,0,0,0,0,0,0,0,0,0,0
C12H14O1,seen,27,126,76,25,25,0,76,25,25,0,0,0,0,0
C12H14O2,seen,28,481,289,96,96,0,284,94,95,0,15,3,6,0
C12H14O3,seen,29,2,1,1,0,0,0,0,0,0,0,0,0,0
C12H15N1,seen,28,2732,1639,547,546,0,1615,537,542,0,19,3,5,0
C12H15N1O1,test_ood,29,746,0,0,0,746,0,0,0,727,0,0,0,26
C12H15N1O2,seen,30,115,69,23,23,0,65,22,22,0,1,0,0,0
C12H15N1O3,seen,31,3,2,1,0,0,0,0,0,0,0,0,0,0
C12H15N3,seen,30,366,220,73,73,0,217,72,72,0,10,2,4,0
C12H15N3O1,seen,31,2,1,1,0,0,0,0,0,0,0,0,0,0
C12H16,test_ood,28,34,0,0,0,34,0,0,0,34,0,0,0,0
C12H16N2,seen,30,932,559,187,186,0,545,183,184,0,11,1,4,0
C12H16N2O1,test_ood,31,282,0,0,0,282,0,0,0,274,0,0,0,0
C12H16N2O2,seen,32,3,2,1,0,0,0,0,0,0,0,0,0,0
C12H16N2O3,seen,33,755,453,151,151,0,427,143,143,0,7,1,2,0
C12H16N2O4,seen,34,1474,884,295,295,0,840,276,278,0,18,4,8,0
C12H16N2O5,seen,35,889,533,178,178,0,512,169,168,0,9,4,4,0
C12H16N4,seen,32,2,1,1,0,0,0,0,0,0,0,0,0,0
C12H16N4O1,test_ood,33,2,0,0,0,2,0,0,0,0,0,0,0,0
C12H16N6O3,seen,37,573,344,115,114,0,334,114,105,0,0,0,0,0
C12H16O1,test_ood,29,61,0,0,0,61,0,0,0,61,0,0,0,2
C12H16O2,seen,30,566,340,113,113,0,332,113,112,0,6,5,1,0
C12H16O3,test_ood,31,96,0,0,0,96,0,0,0,93,0,0,0,0
C12H16O4,seen,32,1,1,0,0,0,0,0,0,0,0,0,0,0
C12H17N1,test_ood,30,893,0,0,0,893,0,0,0,889,0,0,0,11
C12H17N1O1,seen,31,882,529,177,176,0,511,175,171,0,7,2,6,0
C12H17N1O2,seen,32,814,488,163,163,0,487,159,163,0,10,3,4,0
C12H17N1O3,test_ood,33,1,0,0,0,1,0,0,0,0,0,0,0,0
C12H17N3,seen,32,301,181,60,60,0,175,58,59,0,5,1,1,0
C12H17N3O1,seen,33,3,2,1,0,0,0,0,0,0,0,0,0,0
C12H17N5,test_ood,34,3,0,0,0,3,0,0,0,0,0,0,0,0
C12H17N5O4,seen,38,1,1,0,0,0,0,0,0,0,0,0,0,0
C12H18,seen,30,312,187,63,62,0,182,63,61,0,12,3,3,0
C12H18N2,seen,32,833,500,167,166,0,490,165,164,0,7,1,1,0
C12H18N2O1,seen,33,125,75,25,25,0,69,20,25,0,2,1,2,0
C12H18N2O2,seen,34,128,77,26,25,0,75,26,24,0,1,0,0,0
C12H18N2O4,test_ood,36,1,0,0,0,1,0,0,0,0,0,0,0,0
C12H18N4,test_ood,34,2,0,0,0,2,0,0,0,0,0,0,0,0
C12H18N4O3,seen,37,1,1,0,0,0,0,0,0,0,0,0,0,0
C12H18N8O2,seen,40,1,1,0,0,0,0,0,0,0,0,0,0,0
C12H18O1,seen,31,1,1,0,0,0,0,0,0,0,0,0,0,0
C12H18O2,seen,32,442,265,89,88,0,264,89,87,0,4,2,1,0
C12H18O3,seen,33,143,86,29,28,0,85,28,28,0,5,1,1,0
C12H19N1O1,test_ood,33,2,0,0,0,2,0,0,0,0,0,0,0,0
C12H19N1O2,seen,34,212,127,43,42,0,123,43,39,0,0,0,0,0
C12H19N1O3,seen,35,1,1,0,0,0,0,0,0,0,0,0,0,0
C12H19N3,test_ood,34,3,0,0,0,3,0,0,0,0,0,0,0,0
C12H19N3O1,seen,35,132,79,27,26,0,78,26,25,0,1,0,0,0
C12H19N3O7,seen,41,1,1,0,0,0,0,0,0,0,0,0,0,0
C12H20,seen,32,31,19,6,6,0,19,6,6,0,0,0,0,0
C12H20N2,test_ood,34,771,0,0,0,771,0,0,0,731,0,0,0,33
C12H20N2O1,test_ood,35,112,0,0,0,112,0,0,0,108,0,0,0,4
C12H20N2O2,seen,36,2,1,1,0,0,0,0,0,0,0,0,0,0
C12H20N4,seen,36,2,1,1,0,0,0,0,0,0,0,0,0,0
C12H20N4O3,test_ood,39,1539,0,0,0,1539,0,0,0,1459,0,0,0,29
C12H20N4O6,test_ood,42,1,0,0,0,1,0,0,0,0,0,0,0,0
C12H20N6O1,seen,39,1,1,0,0,0,0,0,0,0,0,0,0,0
C12H20O1,seen,33,77,46,16,15,0,46,16,15,0,0,0,0,0
C12H21N1,test_ood,34,126,0,0,0,126,0,0,0,122,0,0,0,4
C12H21N1O2,test_ood,36,1,0,0,0,1,0,0,0,0,0,0,0,0
C12H21N3,seen,36,73,44,15,14,0,42,15,13,0,3,3,1,0
C12H21N3O1,seen,37,1,1,0,0,0,0,0,0,0,0,0,0,0
C12H21N3O2,test_ood,38,2,0,0,0,2,0,0,0,0,0,0,0,0
C12H21N5O3,test_ood,41,937,0,0,0,937,0,0,0,897,0,0,0,30
C12H21N7O3,seen,43,1167,700,234,233,0,675,226,226,0,0,0,0,0
C12H22,test_ood,34,102,0,0,0,102,0,0,0,98,0,0,0,4
C12H22N2,seen,36,1,1,0,0,0,0,0,0,0,0,0,0,0
C12H22N2O1,seen,37,91,55,18,18,0,52,18,18,0,0,0,0,0
C12H22N4O1,seen,39,95,57,19,19,0,56,18,19,0,1,0,1,0
C12H22O1,seen,35,430,258,86,86,0,257,85,84,0,4,4,4,0
C12H22O2,test_ood,36,90,0,0,0,90,0,0,0,85,0,0,0,0
C12H22O3,seen,37,1,1,0,0,0,0,0,0,0,0,0,0,0
C12H22O4,test_ood,38,1,0,0,0,1,0,0,0,0,0,0,0,0
C12H23N1O1,test_ood,37,78,0,0,0,78,0,0,0,78,0,0,0,9
C12H23N1O4,seen,40,1,1,0,0,0,0,0,0,0,0,0,0,0
C12H23N3,seen,38,84,50,17,17,0,49,16,17,0,0,1,1,0
C12H23N5O3,test_ood,43,1,0,0,0,1,0,0,0,0,0,0,0,0
C12H23N7O3,seen,45,1,1,0,0,0,0,0,0,0,0,0,0,0
C12H24,test_ood,36,98,0,0,0,98,0,0,0,98,0,0,0,5
C12H24N2,seen,38,187,112,38,37,0,107,32,35,0,5,2,5,0
C12H24N2O1,test_ood,39,201,0,0,0,201,0,0,0,195,0,0,0,5
C12H24N2O2,test_ood,40,77,0,0,0,77,0,0,0,74,0,0,0,1
C12H24N2O3,seen,41,1323,794,265,264,0,746,248,249,0,61,24,12,0
C12H24N4,test_ood,40,2,0,0,0,2,0,0,0,0,0,0,0,0
C12H24O1,seen,37,108,65,22,21,0,65,22,20,0,4,1,1,0
C12H24O3,test_ood,39,1,0,0,0,1,0,0,0,0,0,0,0,0
C12H24O4,seen,40,409,245,82,82,0,244,81,82,0,10,3,8,0
C12H24O6,seen,42,130,78,26,26,0,78,26,26,0,6,3,0,0
C12H25N1,seen,38,75,45,15,15,0,45,15,15,0,3,0,0,0
C12H25N1O1,seen,39,107,64,22,21,0,63,21,21,0,3,0,1,0
C12H25N1O2,seen,40,101,61,20,20,0,61,20,20,0,6,1,0,0
C12H25N1O5,seen,43,121,73,24,24,0,73,24,24,0,3,1,0,0
C12H25N3O1,test_ood,41,3,0,0,0,3,0,0,0,0,0,0,0,0
C12H25N3O3,seen,43,1139,683,228,228,0,635,214,210,0,15,2,5,0
C12H25N5O3,seen,45,1679,1007,336,336,0,959,323,317,0,43,30,8,0
C12H26,seen,38,1,1,0,0,0,1,0,0,0,0,0,0,0
C12H26N2O1,test_ood,41,88,0,0,0,88,0,0,0,86,0,0,0,4
C12H26N2O2,test_ood,42,1,0,0,0,1,0,0,0,0,0,0,0,0
C12H26N2O3,test_ood,43,1,0,0,0,1,0,0,0,0,0,0,0,0
C12H26N4,seen,42,1,1,0,0,0,0,0,0,0,0,0,0,0
C12H26N4O1,seen,43,1,1,0,0,0,0,0,0,0,0,0,0,0
C12H26N4O3,seen,45,362,217,73,72,0,206,68,68,0,21,8,11,0
C12H26N6O3,seen,47,1045,627,209,209,0,605,199,201,0,0,0,0,0
C12H26N8O3,test_ood,49,540,0,0,0,540,0,0,0,520,0,0,0,0
C12H26O3,test_ood,41,281,0,0,0,281,0,0,0,276,0,0,0,19
C12H26O7,test_ood,45,134,0,0,0,134,0,0,0,129,0,0,0,8
C12H27N1O8,seen,48,3,2,1,0,0,0,0,0,0,0,0,0,0
C12H27N3,seen,42,57,34,12,11,0,34,11,11,0,0,0,0,0
C12H27N3O1,test_ood,43,4,0,0,0,4,0,0,0,0,0,0,0,0
C12H27N3O2,test_ood,44,2,0,0,0,2,0,0,0,0,0,0,0,0
C12H27N3O3,seen,45,110,66,22,22,0,66,22,21,0,3,0,0,0
C12H27N5,test_ood,44,1,0,0,0,1,0,0,0,0,0,0,0,0
C12H28N4,seen,44,111,67,22,22,0,25,5,7,0,1,1,1,0
C12H28N4O1,test_ood,45,105,0,0,0,105,0,0,0,105,0,0,0,0
C12H28O3,test_ood,43,1,0,0,0,1,0,0,0,0,0,0,0,0
C12H29N1O4,seen,46,2,1,1,0,0,0,0,0,0,0,0,0,0
C12H29N5O1,seen,47,124,74,25,25,0,71,25,25,0,6,0,3,0
C12H30N6O2,test_ood,50,1,0,0,0,1,0,0,0,0,0,0,0,0
C12H31N5O2,test_ood,50,1,0,0,0,1,0,0,0,0,0,0,0,0
C12H6,seen,18,3,2,1,0,0,2,1,0,0,0,0,0,0
C12H8,test_ood,20,254,0,0,0,254,0,0,0,249,0,0,0,20
C12H8N2,test_ood,22,112,0,0,0,112,0,0,0,112,0,0,0,2
C12H8N2O1,seen,23,1,1,0,0,0,0,0,0,0,0,0,0,0
C12H8O1,test_ood,21,410,0,0,0,410,0,0,0,409,0,0,0,11
C12H8O2,seen,22,117,70,24,23,0,70,24,23,0,0,0,0,0
C12H9N1,test_ood,22,113,0,0,0,113,0,0,0,110,0,0,0,3
C12H9N1O1,test_ood,23,1065,0,0,0,1065,0,0,0,1055,0,0,0,31
C12H9N1O2,seen,24,140,84,28,28,0,84,27,28,0,3,0,3,0
C12H9N3,seen,24,398,239,80,79,0,233,79,79,0,4,1,2,0
C13H10,seen,23,240,144,48,48,0,143,47,47,0,0,0,0,0
C13H10N2,seen,25,267,160,54,53,0,158,54,51,0,3,2,0,0
C13H10O1,seen,24,253,152,51,50,0,151,48,50,0,0,0,0,0
C13H10O2,test_ood,25,116,0,0,0,116,0,0,0,116,0,0,0,3
C13H11N1,seen,25,370,222,74,74,0,218,74,73,0,9,4,4,0
C13H11N1O2,test_ood,27,1,0,0,0,1,0,0,0,0,0,0,0,0
C13H12N2O1,test_ood,28,3,0,0,0,3,0,0,0,0,0,0,0,0
C13H12O1,test_ood,26,293,0,0,0,293,0,0,0,289,0,0,0,1
C13H12O2,test_ood,27,210,0,0,0,210,0,0,0,205,0,0,0,0
C13H13N1,seen,27,813,488,163,162,0,486,161,158,0,9,0,1,0
C13H13N1O1,test_ood,28,222,0,0,0,222,0,0,0,216,0,0,0,4
C13H13N1O2,seen,29,125,75,25,25,0,73,25,25,0,2,0,3,0
C13H13N1O3,seen,30,2,1,1,0,0,0,0,0,0,0,0,0,0
C13H13N3,seen,29,1,1,0,0,0,0,0,0,0,0,0,0,0
C13H14N2,seen,29,326,196,65,65,0,194,65,65,0,3,2,1,0
C13H14N2O1,seen,30,1,1,0,0,0,0,0,0,0,0,0,0,0
C13H14N2O6,test_ood,35,1,0,0,0,1,0,0,0,0,0,0,0,0
C13H14O1,seen,28,106,64,21,21,0,62,20,21,0,1,0,0,0
C13H14O2,seen,29,119,71,24,24,0,69,23,23,0,0,0,0,0
C13H15N1,seen,29,791,475,158,158,0,467,153,157,0,7,4,3,0
C13H15N1O1,test_ood,30,460,0,0,0,460,0,0,0,459,0,0,0,5
C13H15N3,seen,31,1,1,0,0,0,0,0,0,0,0,0,0,0
C13H15N3O3,test_ood,34,983,0,0,0,983,0,0,0,943,0,0,0,28
C13H15N3O6,seen,37,1,1,0,0,0,0,0,0,0,0,0,0,0
C13H15N5O5,seen,38,1,1,0,0,0,0,0,0,0,0,0,0,0
C13H16N2,test_ood,31,355,0,0,0,355,0,0,0,344,0,0,0,5
C13H16N2O1,seen,32,1,1,0,0,0,0,0,0,0,0,0,0,0
C13H16N2O5,test_ood,36,923,0,0,0,923,0,0,0,883,0,0,0,24
C13H16N2O6,seen,37,930,558,186,186,0,533,181,176,0,0,0,0,0
C13H16N4O5,test_ood,38,1,0,0,0,1,0,0,0,0,0,0,0,0
C13H16O1,test_ood,30,104,0,0,0,104,0,0,0,104,0,0,0,2
C13H16O2,test_ood,31,3,0,0,0,3,0,0,0,0,0,0,0,0
C13H17N1,seen,31,2436,1462,487,487,0,1430,475,477,0,9,4,6,0
C13H17N1O1,seen,32,552,331,111,110,0,328,110,110,0,3,2,0,0
C13H17N1O2,test_ood,33,4,0,0,0,4,0,0,0,0,0,0,0,0
C13H17N1O3,seen,34,1,1,0,0,0,0,0,0,0,0,0,0,0
C13H17N3,test_ood,33,114,0,0,0,114,0,0,0,107,0,0,0,0
C13H17N3O1,test_ood,34,2,0,0,0,2,0,0,0,0,0,0,0,0
C13H17N3O4,test_ood,37,864,0,0,0,864,0,0,0,672,0,0,0,20
C13H17N3O5,seen,38,826,496,165,165,0,469,160,157,0,0,0,0,0
C13H17N7O1,test_ood,38,1,0,0,0,1,0,0,0,0,0,0,0,0
C13H18N2,seen,33,2,1,1,0,0,0,0,0,0,0,0,0,0
C13H18N2O1,test_ood,34,4,0,0,0,4,0,0,0,0,0,0,0,0
C13H18N2O4,test_ood,37,959,0,0,0,959,0,0,0,919,0,0,0,28
C13H18N2O5,test_ood,38,822,0,0,0,822,0,0,0,782,0,0,0,19
C13H18N4,test_ood,35,1,0,0,0,1,0,0,0,0,0,0,0,0
C13H18N8O2,test_ood,41,1,0,0,0,1,0,0,0,0,0,0,0,0
C13H18O2,test_ood,33,185,0,0,0,185,0,0,0,181,0,0,0,2
C13H19N1,seen,33,616,370,123,123,0,364,121,123,0,3,0,0,0
C13H19N1O1,test_ood,34,317,0,0,0,317,0,0,0,308,0,0,0,0
C13H19N1O3,seen,36,1,1,0,0,0,0,0,0,0,0,0,0,0
C13H19N3,seen,35,1,1,0,0,0,0,0,0,0,0,0,0,0
C13H19N3O1,seen,36,2,1,1,0,0,0,0,0,0,0,0,0,0
C13H20N2,seen,35,335,201,67,67,0,197,65,63,0,2,3,0,0
C13H20N2O1,seen,36,95,57,19,19,0,55,19,18,0,1,0,1,0
C13H20N2O2,test_ood,37,1,0,0,0,1,0,0,0,0,0,0,0,0
C13H20O1,seen,34,67,40,14,13,0,39,14,13,0,0,1,1,0
C13H20O2,seen,35,384,230,77,77,0,229,77,77,0,1,0,0,0
C13H21N1O1,test_ood,36,2,0,0,0,2,0,0,0,0,0,0,0,0
C13H21N1O2,seen,37,301,181,60,60,0,178,58,60,0,5,2,0,0
C13H21N1O3,seen,38,129,77,26,26,0,76,26,26,0,0,0,0,0
C13H21N1O4,seen,39,1,1,0,0,0,0,0,0,0,0,0,0,0
C13H21N3,seen,37,2,1,1,0,0,0,0,0,0,0,0,0,0
C13H21N3O1,seen,38,2,1,1,0,0,0,0,0,0,0,0,0,0
C13H21N3O6,seen,43,1,1,0,0,0,0,0,0,0,0,0,0,0
C13H21N9O1,test_ood,44,1,0,0,0,1,0,0,0,0,0,0,0,0
C13H22,test_ood,35,1,0,0,0,1,0,0,0,0,0,0,0,0
C13H22N2O1,seen,38,113,68,23,22,0,67,23,21,0,0,0,0,0
C13H22N2O4,test_ood,41,2,0,0,0,2,0,0,0,0,0,0,0,0
C13H23N1O1,seen,38,117,70,24,23,0,68,24,21,0,4,0,0,0
C13H23N3,seen,39,74,44,15,15,0,44,14,15,0,1,2,2,0
C13H24N2,test_ood,39,3,0,0,0,3,0,0,0,0,0,0,0,0
C13H24N2O1,test_ood,40,1,0,0,0,1,0,0,0,0,0,0,0,0
C13H24N2O2,test_ood,41,1,0,0,0,1,0,0,0,0,0,0,0,0
C13H24N2O4,test_ood,43,1,0,0,0,1,0,0,0,0,0,0,0,0
C13H24N4,seen,41,2,1,1,0,0,0,0,0,0,0,0,0,0
C13H24O1,seen,38,124,74,25,25,0,72,24,24,0,3,1,3,0
C13H24O2,seen,39,1,1,0,0,0,0,0,0,0,0,0,0,0
C13H25N1,seen,39,97,58,20,19,0,56,19,19,0,1,0,0,0
C13H25N3,seen,41,129,77,26,26,0,77,26,25,0,3,2,3,0
C13H25N3O1,seen,42,1,1,0,0,0,0,0,0,0,0,0,0,0
C13H26N4,test_ood,43,1,0,0,0,1,0,0,0,0,0,0,0,0
C13H26O1,seen,40,1,1,0,0,0,0,0,0,0,0,0,0,0
C13H26O2,seen,41,1,1,0,0,0,0,0,0,0,0,0,0,0
C13H27N1O1,seen,42,84,50,17,17,0,49,17,17,0,4,1,0,0
C13H27N3O1,seen,44,1,1,0,0,0,0,0,0,0,0,0,0,0
C13H28N2,test_ood,43,1,0,0,0,1,0,0,0,0,0,0,0,0
C13H28N2O1,seen,44,115,69,23,23,0,69,23,23,0,2,0,1,0
C13H30O4,test_ood,47,1,0,0,0,1,0,0,0,0,0,0,0,0
C13H9N1,seen,23,112,67,23,22,0,65,22,22,0,0,0,0,0
C14H10,seen,24,112,67,23,22,0,67,22,21,0,5,1,0,0
C14H11N1,seen,26,605,363,121,121,0,360,121,118,0,12,2,2,0
C14H11N3,test_ood,28,2,0,0,0,2,0,0,0,0,0,0,0,0
C14H12,seen,26,107,64,22,21,0,64,22,21,0,2,0,0,0
C14H12N2,seen,28,1,1,0,0,0,0,0,0,0,0,0,0,0
C14H12O2,seen,28,1,1,0,0,0,0,0,0,0,0,0,0,0
C14H13N1,seen,28,116,70,23,23,0,68,23,23,0,0,1,1,0
C14H13N1O1,seen,29,1,1,0,0,0,0,0,0,0,0,0,0,0
C14H13N1O2,test_ood,30,1,0,0,0,1,0,0,0,0,0,0,0,0
C14H14N2,seen,30,5,3,1,1,0,0,0,0,0,0,0,0,0
C14H14N6O3,seen,37,1,1,0,0,0,0,0,0,0,0,0,0,0
C14H14O2,test_ood,30,1,0,0,0,1,0,0,0,0,0,0,0,0
C14H15N1,seen,30,115,69,23,23,0,68,23,23,0,0,0,0,0
C14H16N2O1,seen,33,1,1,0,0,0,0,0,0,0,0,0,0,0
C14H16N2O5,test_ood,37,1,0,0,0,1,0,0,0,0,0,0,0,0
C14H16N4O1,test_ood,35,1,0,0,0,1,0,0,0,0,0,0,0,0
C14H16O1,seen,31,46,28,9,9,0,26,9,9,0,2,0,0,0
C14H17N1,seen,32,219,131,44,44,0,131,43,43,0,1,0,1,0
C14H17N1O1,test_ood,33,332,0,0,0,332,0,0,0,332,0,0,0,4
C14H17N1O2,seen,34,1,1,0,0,0,0,0,0,0,0,0,0,0
C14H17N3,test_ood,34,1,0,0,0,1,0,0,0,0,0,0,0,0
C14H17N3O3,test_ood,37,1023,0,0,0,1023,0,0,0,983,0,0,0,14
C14H17N3O4,test_ood,38,1016,0,0,0,1016,0,0,0,976,0,0,0,0
C14H17N3O7,seen,41,1,1,0,0,0,0,0,0,0,0,0,0,0
C14H17N7O3,seen,41,1,1,0,0,0,0,0,0,0,0,0,0,0
C14H18N2,seen,34,120,72,24,24,0,68,23,24,0,1,0,0,0
C14H18N2O3,test_ood,37,808,0,0,0,808,0,0,0,768,0,0,0,14
C14H18N2O4,test_ood,38,930,0,0,0,930,0,0,0,890,0,0,0,13
C14H18N2O5,seen,39,915,549,183,183,0,526,177,172,0,0,0,0,0
C14H18N2O6,test_ood,40,919,0,0,0,919,0,0,0,879,0,0,0,0
C14H19N1,test_ood,34,1,0,0,0,1,0,0,0,0,0,0,0,0
C14H19N1O1,test_ood,35,3,0,0,0,3,0,0,0,0,0,0,0,0
C14H19N3,test_ood,36,1,0,0,0,1,0,0,0,0,0,0,0,0
C14H19N3O4,seen,40,856,514,171,171,0,489,165,162,0,0,0,0,0
C14H19N3O5,seen,41,933,560,187,186,0,535,181,177,0,0,0,0,0
C14H19N3O6,seen,42,1,1,0,0,0,0,0,0,0,0,0,0,0
C14H20,seen,34,1,1,0,0,0,0,0,0,0,0,0,0,0
C14H20N2,test_ood,36,111,0,0,0,111,0,0,0,49,0,0,0,0
C14H20N2O1,seen,37,1,1,0,0,0,0,0,0,0,0,0,0,0
C14H20N2O3,seen,39,777,466,156,155,0,442,150,145,0,10,2,2,0
C14H20N2O4,test_ood,40,756,0,0,0,756,0,0,0,716,0,0,0,10
C14H20N4O6,seen,44,1,1,0,0,0,0,0,0,0,0,0,0,0
C14H21N1,seen,36,145,87,29,29,0,83,28,28,0,0,0,0,0
C14H21N1O1,test_ood,37,1,0,0,0,1,0,0,0,0,0,0,0,0
C14H21N1O2,test_ood,38,125,0,0,0,125,0,0,0,121,0,0,0,5
C14H21N5O3,test_ood,43,1,0,0,0,1,0,0,0,0,0,0,0,0
C14H22N2,seen,38,83,50,17,16,0,49,17,16,0,2,0,0,0
C14H22N2O1,seen,39,93,56,19,18,0,21,8,2,0,0,0,0,0
C14H22N2O2,seen,40,1,1,0,0,0,0,0,0,0,0,0,0,0
C14H22N6O2,test_ood,44,2,0,0,0,2,0,0,0,0,0,0,0,0
C14H22O1,test_ood,37,89,0,0,0,89,0,0,0,87,0,0,0,2
C14H22O2,test_ood,38,104,0,0,0,104,0,0,0,104,0,0,0,0
C14H23N1,test_ood,38,88,0,0,0,88,0,0,0,88,0,0,0,2
C14H23N1O1,seen,39,1,1,0,0,0,0,0,0,0,0,0,0,0
C14H23N1O2,seen,40,199,119,40,40,0,117,40,40,0,4,1,2,0
C14H23N1O3,test_ood,41,1,0,0,0,1,0,0,0,0,0,0,0,0
C14H23N3,test_ood,40,2,0,0,0,2,0,0,0,0,0,0,0,0
C14H23N3O4,test_ood,44,1,0,0,0,1,0,0,0,0,0,0,0,0
C14H24N2,test_ood,40,1,0,0,0,1,0,0,0,0,0,0,0,0
C14H24N2O1,seen,41,332,199,67,66,0,193,67,66,0,4,2,1,0
C14H24N6O3,seen,47,1,1,0,0,0,0,0,0,0,0,0,0,0
C14H24O1,test_ood,39,1,0,0,0,1,0,0,0,0,0,0,0,0
C14H25N1O4,seen,44,1,1,0,0,0,0,0,0,0,0,0,0,0
C14H25N3,seen,42,571,343,114,114,0,335,111,107,0,26,6,6,0
C14H25N3O2,seen,44,2,1,1,0,0,0,0,0,0,0,0,0,0
C14H26N2,test_ood,42,2,0,0,0,2,0,0,0,0,0,0,0,0
C14H26N2O2,seen,44,2,1,1,0,0,0,0,0,0,0,0,0,0
C14H27N3O1,test_ood,45,2,0,0,0,2,0,0,0,0,0,0,0,0
C14H27N3O2,test_ood,46,1,0,0,0,1,0,0,0,0,0,0,0,0
C14H27N3O8,test_ood,52,1,0,0,0,1,0,0,0,0,0,0,0,0
C14H28N4,test_ood,46,2,0,0,0,2,0,0,0,0,0,0,0,0
C14H28O3,seen,45,131,79,26,26,0,79,26,25,0,3,3,3,0
C14H28O4,seen,46,140,84,28,28,0,84,27,28,0,2,0,0,0
C14H28O7,seen,49,1,1,0,0,0,0,0,0,0,0,0,0,0
C14H29N1,seen,44,3,2,1,0,0,0,0,0,0,0,0,0,0
C14H32N4,test_ood,50,106,0,0,0,106,0,0,0,105,0,0,0,8
C14H34N4O2,seen,54,1,1,0,0,0,0,0,0,0,0,0,0,0
C15H16N4O4,seen,39,1,1,0,0,0,0,0,0,0,0,0,0,0
C15H17N1,test_ood,33,195,0,0,0,195,0,0,0,190,0,0,0,6
C15H17N3O5,seen,40,1103,662,221,220,0,645,207,211,0,0,0,0,0
C15H17N5O3,seen,40,1,1,0,0,0,0,0,0,0,0,0,0,0
C15H18N4O2,test_ood,39,1,0,0,0,1,0,0,0,0,0,0,0,0
C15H18N4O3,test_ood,40,975,0,0,0,975,0,0,0,934,0,0,0,0
C15H18N4O4,test_ood,41,1703,0,0,0,1703,0,0,0,1623,0,0,0,0
C15H19N1,test_ood,35,107,0,0,0,107,0,0,0,106,0,0,0,0
C15H19N1O8,seen,43,1,1,0,0,0,0,0,0,0,0,0,0,0
C15H19N3O4,seen,41,1063,638,213,212,0,612,207,203,0,0,0,0,0
C15H19N3O5,test_ood,42,1,0,0,0,1,0,0,0,0,0,0,0,0
C15H20N2,test_ood,37,115,0,0,0,115,0,0,0,114,0,0,0,1
C15H20N2O4,test_ood,41,1,0,0,0,1,0,0,0,0,0,0,0,0
C15H21N3O4,test_ood,43,1,0,0,0,1,0,0,0,0,0,0,0,0
C15H21N5O4,seen,45,1,1,0,0,0,0,0,0,0,0,0,0,0
C15H22N2O1,test_ood,40,2,0,0,0,2,0,0,0,0,0,0,0,0
C15H22N2O3,test_ood,42,1259,0,0,0,1259,0,0,0,1179,0,0,0,25
C15H22N2O4,seen,43,1325,795,265,265,0,755,247,243,0,0,0,0,0
C15H23N1,seen,39,72,43,15,14,0,42,15,13,0,0,0,0,0
C15H23N3O3,test_ood,44,820,0,0,0,820,0,0,0,780,0,0,0,0
C15H23N3O4,seen,45,700,420,140,140,0,397,129,134,0,0,0,0,0
C15H23N5O3,seen,46,837,502,168,167,0,470,164,163,0,0,0,0,0
C15H23N5O4,test_ood,47,989,0,0,0,989,0,0,0,949,0,0,0,0
C15H25N1O7,seen,48,1,1,0,0,0,0,0,0,0,0,0,0,0
C15H27N7O2,seen,51,1,1,0,0,0,0,0,0,0,0,0,0,0
C15H28N2O8,seen,53,1,1,0,0,0,0,0,0,0,0,0,0,0
C15H29N3,seen,47,4,2,1,1,0,0,0,0,0,0,0,0,0
C15H30N4,test_ood,49,2,0,0,0,2,0,0,0,0,0,0,0,0
C16H17N7O1,seen,41,1,1,0,0,0,0,0,0,0,0,0,0,0
C16H19N1O3,test_ood,39,1,0,0,0,1,0,0,0,0,0,0,0,0
C16H19N3O3,seen,41,1023,614,205,204,0,584,203,195,0,0,0,0,0
C16H19N3O5,seen,43,1135,681,227,227,0,664,218,213,0,0,0,0,0
C16H20N4O3,test_ood,43,1,0,0,0,1,0,0,0,0,0,0,0,0
C16H20N4O4,seen,44,996,598,199,199,0,571,191,194,0,0,0,0,0
C16H21N1,test_ood,38,1,0,0,0,1,0,0,0,0,0,0,0,0
C16H21N3O3,test_ood,43,836,0,0,0,836,0,0,0,796,0,0,0,0
C16H22N4O3,seen,45,1,1,0,0,0,0,0,0,0,0,0,0,0
C16H23N5O3,test_ood,47,1,0,0,0,1,0,0,0,0,0,0,0,0
C16H23N5O4,seen,48,1,1,0,0,0,0,0,0,0,0,0,0,0
C16H24N6O5,seen,51,1,1,0,0,0,0,0,0,0,0,0,0,0
C16H25N5O5,seen,51,1,1,0,0,0,0,0,0,0,0,0,0,0
C16H26N2O3,seen,47,1,1,0,0,0,0,0,0,0,0,0,0,0
C16H27N3,seen,46,1,1,0,0,0,0,0,0,0,0,0,0,0
C16H31N3,test_ood,50,2,0,0,0,2,0,0,0,0,0,0,0,0
C17H17N1O6,seen,41,1,1,0,0,0,0,0,0,0,0,0,0,0
C17H19N5O3,test_ood,44,918,0,0,0,918,0,0,0,878,0,0,0,0
C17H20N6O3,test_ood,46,1,0,0,0,1,0,0,0,0,0,0,0,0
C17H20N8,test_ood,45,1,0,0,0,1,0,0,0,0,0,0,0,0
C17H21N5O1,test_ood,44,1,0,0,0,1,0,0,0,0,0,0,0,0
C17H22N4O4,seen,47,1,1,0,0,0,0,0,0,0,0,0,0,0
C17H22N6O1,test_ood,46,1,0,0,0,1,0,0,0,0,0,0,0,0
C17H23N3O3,seen,46,1720,1032,344,344,0,984,330,326,0,0,0,0,0
C17H23N3O5,test_ood,48,1,0,0,0,1,0,0,0,0,0,0,0,0
C17H24N4O3,test_ood,48,803,0,0,0,803,0,0,0,763,0,0,0,0
C17H24N6O3,seen,50,1127,676,226,225,0,654,215,218,0,0,0,0,0
C17H27N5O3,test_ood,52,1,0,0,0,1,0,0,0,0,0,0,0,0
C17H30N2,test_ood,49,97,0,0,0,97,0,0,0,96,0,0,0,5
C17H33N3O4,test_ood,57,1,0,0,0,1,0,0,0,0,0,0,0,0
C17H36O2,seen,55,55,33,11,11,0,30,10,11,0,1,0,2,0
C18H14N2O4,seen,38,1,1,0,0,0,0,0,0,0,0,0,0,0
C18H16N4O1,seen,39,1,1,0,0,0,0,0,0,0,0,0,0,0
C18H18N2O3,seen,41,1,1,0,0,0,0,0,0,0,0,0,0,0
C18H19N1O5,seen,43,1,1,0,0,0,0,0,0,0,0,0,0,0
C18H19N3O4,test_ood,44,2,0,0,0,2,0,0,0,0,0,0,0,0
C18H20N2O3,seen,43,443,266,89,88,0,256,84,83,0,0,0,0,0
C18H20N2O4,seen,44,735,441,147,147,0,417,137,141,0,0,0,0,0
C18H20N2O5,seen,45,472,283,95,94,0,211,67,78,0,0,0,0,0
C18H24N4O1,seen,47,1,1,0,0,0,0,0,0,0,0,0,0,0
C18H25N3O1,test_ood,47,1,0,0,0,1,0,0,0,0,0,0,0,0
C18H27N3O2,seen,50,1,1,0,0,0,0,0,0,0,0,0,0,0
C18H27N3O6,test_ood,54,1,0,0,0,1,0,0,0,0,0,0,0,0
C19H19N5O1,test_ood,44,1,0,0,0,1,0,0,0,0,0,0,0,0
C19H20N4O2,seen,45,1,1,0,0,0,0,0,0,0,0,0,0,0
C19H23N3O2,seen,47,1,1,0,0,0,0,0,0,0,0,0,0,0
C19H25N5,seen,49,1,1,0,0,0,0,0,0,0,0,0,0,0
C19H31N5O3,test_ood,58,1,0,0,0,1,0,0,0,0,0,0,0,0
C19H33N3O3,seen,58,1,1,0,0,0,0,0,0,0,0,0,0,0
C19H36N4O3,test_ood,62,1,0,0,0,1,0,0,0,0,0,0,0,0
C1H1N1,test_ood,3,231,0,0,0,231,0,0,0,228,0,0,0,42
C1H1N1O1,seen,4,229,137,46,46,0,134,46,45,0,33,11,9,0
C1H1N3O1,seen,6,2561,1537,512,512,0,1536,512,512,0,336,110,112,0
C1H1N3O2,test_ood,7,5099,0,0,0,5099,0,0,0,5087,0,0,0,1080
C1H1N3O3,seen,8,1571,943,314,314,0,934,312,313,0,202,70,75,0
C1H1N5O2,test_ood,9,492,0,0,0,492,0,0,0,487,0,0,0,95
C1H2N2,seen,5,458,275,92,91,0,269,88,89,0,49,15,20,0
C1H2N2O1,test_ood,6,246,0,0,0,246,0,0,0,167,0,0,0,41
C1H2N2O2,test_ood,7,35,0,0,0,35,0,0,0,35,0,0,0,6
C1H2N2O4,seen,9,10,6,2,2,0,6,2,2,0,0,0,0,0
C1H2N2O5,test_ood,10,2,0,0,0,2,0,0,0,2,0,0,0,0
C1H2N4,test_ood,7,2831,0,0,0,2831,0,0,0,2828,0,0,0,549
C1H2N4O1,test_ood,8,12268,0,0,0,12268,0,0,0,12237,0,0,0,2408
C1H2N4O2,seen,9,4478,2687,896,895,0,2671,890,890,0,314,111,114,0
C1H2N4O3,test_ood,10,1810,0,0,0,1810,0,0,0,1768,0,0,0,306
C1H2O1,seen,4,1206,724,241,241,0,721,241,241,0,110,34,23,0
C1H2O2,seen,5,2287,1372,458,457,0,1368,458,455,0,248,74,82,0
C1H2O3,seen,6,2771,1663,554,554,0,1655,552,552,0,347,133,126,0
C1H2O4,test_ood,7,49,0,0,0,49,0,0,0,49,0,0,0,5
C1H3N1O1,test_ood,6,4148,0,0,0,4148,0,0,0,4139,0,0,0,602
C1H3N1O2,seen,7,3276,1966,655,655,0,1878,627,629,0,291,80,92,0
C1H3N1O3,seen,8,140,84,28,28,0,84,28,28,0,15,2,2,0
C1H3N1O4,test_ood,9,69,0,0,0,69,0,0,0,69,0,0,0,17
C1H3N3O1,test_ood,8,62,0,0,0,62,0,0,0,62,0,0,0,10
C1H3N3O2,test_ood,9,17,0,0,0,17,0,0,0,17,0,0,0,1
C1H3N3O3,test_ood,10,42,0,0,0,42,0,0,0,42,0,0,0,1
C1H3N5,seen,9,5453,3272,1091,1090,0,3263,1090,1088,0,565,208,177,0
C1H3N5O1,seen,10,4954,2972,991,991,0,2959,987,984,0,341,118,90,0
C1H3N5O2,test_ood,11,4630,0,0,0,4630,0,0,0,4544,0,0,0,575
C1H3N5O3,seen,12,1,1,0,0,0,1,0,0,0,0,0,0,0
C1H3N7,test_ood,11,1,0,0,0,1,0,0,0,1,0,0,0,0
C1H4,test_ood,5,1376,0,0,0,1376,0,0,0,1373,0,0,0,173
C1H4N2,test_ood,7,5717,0,0,0,5717,0,0,0,5582,0,0,0,732
C1H4N2O1,test_ood,8,8361,0,0,0,8361,0,0,0,8120,0,0,0,843
C1H4N2O2,test_ood,9,7786,0,0,0,7786,0,0,0,7631,0,0,0,1047
C1H4N2O3,seen,10,1703,1022,341,340,0,1018,339,339,0,159,61,48,0
C1H4N4,seen,9,43,26,9,8,0,26,9,8,0,4,1,1,0
C1H4N4O1,test_ood,10,519,0,0,0,519,0,0,0,515,0,0,0,82
C1H4N4O2,seen,11,670,402,134,134,0,225,81,75,0,62,19,11,0
C1H4N4O3,test_ood,12,5,0,0,0,5,0,0,0,5,0,0,0,0
C1H4N4O4,seen,13,2,1,1,0,0,1,1,0,0,1,1,0,0
C1H4N6,seen,11,1808,1085,362,361,0,1082,362,361,0,165,48,49,0
C1H4N6O1,test_ood,12,4745,0,0,0,4745,0,0,0,4661,0,0,0,610
C1H4N6O2,seen,13,1,1,0,0,0,0,0,0,0,0,0,0,0
C1H4O1,seen,6,1684,1010,337,337,0,1007,337,337,0,127,45,35,0
C1H4O2,seen,7,756,454,151,151,0,121,46,49,0,39,18,16,0
C1H4O3,test_ood,8,416,0,0,0,416,0,0,0,244,0,0,0,50
C1H4O4,test_ood,9,83,0,0,0,83,0,0,0,83,0,0,0,10
C1H4O5,seen,10,45,27,9,9,0,27,9,9,0,8,2,3,0
C1H5N1,test_ood,7,2127,0,0,0,2127,0,0,0,2124,0,0,0,312
C1H5N1O1,seen,8,1289,773,258,258,0,280,96,74,0,90,34,23,0
C1H5N1O2,seen,9,744,446,149,149,0,231,69,61,0,51,15,12,0
C1H5N1O3,test_ood,10,106,0,0,0,106,0,0,0,105,0,0,0,19
C1H5N1O4,test_ood,11,58,0,0,0,58,0,0,0,58,0,0,0,9
C1H5N3,seen,9,5554,3332,1111,1111,0,3308,1099,1102,0,310,100,105,0
C1H5N3O1,test_ood,10,10568,0,0,0,10568,0,0,0,10544,0,0,0,1142
C1H5N3O2,seen,11,2538,1523,508,507,0,1520,507,503,0,215,72,75,0
C1H5N3O3,seen,12,433,260,87,86,0,256,86,85,0,34,13,15,0
C1H5N3O5,seen,14,1,1,0,0,0,1,0,0,0,1,0,0,0
C1H5N5O1,test_ood,12,42,0,0,0,42,0,0,0,42,0,0,0,4
C1H5N5O2,test_ood,13,2,0,0,0,2,0,0,0,1,0,0,0,0
C1H5N5O3,seen,14,2,1,1,0,0,1,0,0,0,0,0,0,0
C1H5N7,seen,13,1186,712,237,237,0,698,230,236,0,82,33,25,0
C1H5N7O1,test_ood,14,15,0,0,0,15,0,0,0,14,0,0,0,3
C1H6N2,test_ood,9,600,0,0,0,600,0,0,0,240,0,0,0,83
C1H6N2O1,seen,10,755,453,151,151,0,253,76,72,0,69,20,21,0
C1H6N2O2,test_ood,11,154,0,0,0,154,0,0,0,154,0,0,0,26
C1H6N2O3,seen,12,64,38,13,13,0,37,13,13,0,8,3,1,0
C1H6N2O4,test_ood,13,34,0,0,0,34,0,0,0,33,0,0,0,3
C1H6N2O5,seen,14,3,2,1,0,0,2,1,0,0,1,0,0,0
C1H6N4,seen,11,5295,3177,1059,1059,0,3171,1055,1058,0,467,139,146,0
C1H6N4O1,seen,12,1603,962,321,320,0,952,320,319,0,117,45,48,0
C1H6N4O2,test_ood,13,854,0,0,0,854,0,0,0,843,0,0,0,102
C1H6N4O3,test_ood,14,1,0,0,0,1,0,0,0,0,0,0,0,0
C1H6N4O4,seen,15,1,1,0,0,0,0,0,0,0,0,0,0,0
C1H6N6O1,seen,14,2,1,1,0,0,0,1,0,0,1,0,0,0
C1H6O1,test_ood,8,554,0,0,0,554,0,0,0,56,0,0,0,36
C1H6O2,test_ood,9,744,0,0,0,744,0,0,0,101,0,0,0,70
C1H6O3,seen,10,299,179,60,60,0,68,24,21,0,22,2,10,0
C1H6O4,seen,11,22,13,5,4,0,13,5,4,0,0,0,0,0
C1H7N1,test_ood,9,806,0,0,0,806,0,0,0,53,0,0,0,85
C1H7N1O1,seen,10,1294,776,259,259,0,97,33,24,0,82,30,30,0
C1H7N1O2,seen,11,477,286,96,95,0,83,28,31,0,32,11,11,0
C1H7N1O3,test_ood,12,22,0,0,0,22,0,0,0,22,0,0,0,2
C1H7N3,seen,11,288,173,58,57,0,120,37,29,0,32,10,11,0
C1H7N3O1,seen,12,80,48,16,16,0,48,16,16,0,4,3,0,0
C1H7N3O2,test_ood,13,32,0,0,0,32,0,0,0,32,0,0,0,1
C1H7N3O3,seen,14,27,16,6,5,0,16,6,5,0,3,2,0,0
C1H7N5,seen,13,868,521,174,173,0,516,173,173,0,70,21,25,0
C1H7N5O1,seen,14,532,319,107,106,0,315,105,106,0,37,8,9,0
C1H7N5O2,test_ood,15,2,0,0,0,2,0,0,0,2,0,0,0,0
C1H8N2,seen,11,562,337,113,112,0,67,23,25,0,36,16,9,0
C1H8N2O1,seen,12,353,212,71,70,0,58,18,20,0,25,9,9,0
C1H8N4,test_ood,13,25,0,0,0,25,0,0,0,25,0,0,0,4
C1H8N4O1,seen,14,16,10,3,3,0,10,3,3,0,1,0,0,0
C1H8N4O2,seen,15,45,27,9,9,0,27,9,9,0,3,1,0,0
C1H8N4O3,seen,16,1,1,0,0,0,1,0,0,0,0,0,0,0
C1H8N4O4,test_ood,17,2,0,0,0,2,0,0,0,2,0,0,0,0
C1H8N6,test_ood,15,364,0,0,0,364,0,0,0,361,0,0,0,48
C1H8N6O1,seen,16,3,2,1,0,0,1,1,0,0,0,0,0,0
C1H9N3,seen,13,95,57,19,19,0,14,7,4,0,10,1,0,0
C1H9N5O1,test_ood,16,33,0,0,0,33,0,0,0,32,0,0,0,1
C1H9N5O2,test_ood,17,1,0,0,0,1,0,0,0,1,0,0,0,0
C1N2O3,seen,6,592,355,119,118,0,355,118,118,0,80,19,26,0
C1N4O3,test_ood,8,676,0,0,0,676,0,0,0,671,0,0,0,103
C1O1,test_ood,2,457,0,0,0,457,0,0,0,455,0,0,0,95
C1O2,seen,3,531,319,106,106,0,319,106,106,0,88,26,20,0
C20H21N3O3,test_ood,47,995,0,0,0,995,0,0,0,955,0,0,0,0
C20H21N3O4,seen,48,919,551,184,184,0,527,176,176,0,0,0,0,0
C20H23N3,seen,46,1,1,0,0,0,0,0,0,0,0,0,0,0
C20H28N2O1,seen,51,1,1,0,0,0,0,0,0,0,0,0,0,0
C20H28N4O2,test_ood,54,1,0,0,0,1,0,0,0,0,0,0,0,0
C20H38O4,test_ood,62,1,0,0,0,1,0,0,0,0,0,0,0,0
C21H27N1O1,seen,50,1,1,0,0,0,0,0,0,0,0,0,0,0
C21H27N5O2,seen,55,1,1,0,0,0,0,0,0,0,0,0,0,0
C21H35N5O2,seen,63,1,1,0,0,0,0,0,0,0,0,0,0,0
C22H22N4O3,test_ood,51,549,0,0,0,549,0,0,0,529,0,0,0,0
C22H26N2O2,test_ood,52,1,0,0,0,1,0,0,0,0,0,0,0,0
C22H27N1O2,seen,52,1,1,0,0,0,0,0,0,0,0,0,0,0
C22H27N5O1,seen,55,1,1,0,0,0,0,0,0,0,0,0,0,0
C22H29N3O1,test_ood,55,1,0,0,0,1,0,0,0,0,0,0,0,0
C24H25N5O1,seen,55,1,1,0,0,0,0,0,0,0,0,0,0,0
C2H10N2,seen,14,99,59,20,20,0,33,11,12,0,5,3,1,0
C2H10N2O1,test_ood,15,26,0,0,0,26,0,0,0,26,0,0,0,4
C2H10N4,seen,16,1,1,0,0,0,1,0,0,0,0,0,0,0
C2H10N4O1,test_ood,17,71,0,0,0,71,0,0,0,70,0,0,0,9
C2H10N4O2,seen,18,2,1,1,0,0,1,1,0,0,0,0,0,0
C2H10N4O3,seen,19,1,1,0,0,0,1,0,0,0,1,0,0,0
C2H10N6,test_ood,18,505,0,0,0,505,0,0,0,485,0,0,0,75
C2H10N6O1,seen,19,1,1,0,0,0,1,0,0,0,1,0,0,0
C2H10N6O3,seen,21,1,1,0,0,0,1,0,0,0,0,0,0,0
C2H11N3,seen,16,11,7,2,2,0,7,2,2,0,2,1,0,0
C2H11N5,seen,18,1,1,0,0,0,1,0,0,0,0,0,0,0
C2H11N5O1,seen,19,1,1,0,0,0,1,0,0,0,1,0,0,0
C2H1N1O1,seen,5,1357,814,272,271,0,814,272,271,0,115,46,31,0
C2H1N1O2,seen,6,1984,1190,397,397,0,1189,397,397,0,226,81,65,0
C2H1N1O3,test_ood,7,588,0,0,0,588,0,0,0,588,0,0,0,107
C2H1N1O4,test_ood,8,1120,0,0,0,1120,0,0,0,1116,0,0,0,168
C2H1N1O5,seen,9,501,301,100,100,0,294,98,98,0,44,9,12,0
C2H1N3,seen,6,216,130,43,43,0,127,43,43,0,25,10,12,0
C2H1N3O2,test_ood,8,3373,0,0,0,3373,0,0,0,3365,0,0,0,708
C2H1N3O3,seen,9,6242,3745,1249,1248,0,3695,1233,1234,0,662,219,221,0
C2H1N3O4,seen,10,104,62,21,21,0,53,16,20,0,13,5,5,0
C2H1N5,test_ood,8,686,0,0,0,686,0,0,0,681,0,0,0,100
C2H1N5O1,seen,9,5490,3294,1098,1098,0,3207,1064,1060,0,666,240,213,0
C2H1N5O2,seen,10,242,145,49,48,0,126,44,44,0,34,9,12,0
C2H1N5O5,seen,13,1,1,0,0,0,1,0,0,0,0,0,0,0
C2H2,seen,4,1706,1024,341,341,0,1023,340,340,0,258,83,83,0
C2H2N2,seen,6,211,127,42,42,0,89,28,33,0,28,5,10,0
C2H2N2O1,seen,7,7866,4720,1573,1573,0,4715,1573,1573,0,815,282,248,0
C2H2N2O2,seen,8,9575,5745,1915,1915,0,5727,1910,1910,0,872,273,257,0
C2H2N2O3,test_ood,9,7368,0,0,0,7368,0,0,0,7327,0,0,0,921
C2H2N2O4,test_ood,10,5500,0,0,0,5500,0,0,0,5426,0,0,0,642
C2H2N2O5,seen,11,39,23,8,8,0,21,6,7,0,6,2,1,0
C2H2N4,seen,8,2161,1297,432,432,0,1291,432,432,0,268,95,89,0
C2H2N4O1,test_ood,9,6470,0,0,0,6470,0,0,0,6445,0,0,0,1061
C2H2N4O2,test_ood,10,20035,0,0,0,20035,0,0,0,19682,0,0,0,2422
C2H2N4O3,seen,11,396,238,79,79,0,200,75,63,0,46,13,10,0
C2H2N6,test_ood,10,5593,0,0,0,5593,0,0,0,5506,0,0,0,632
C2H2N6O1,test_ood,11,292,0,0,0,292,0,0,0,249,0,0,0,53
C2H2N6O3,seen,13,3,2,1,0,0,2,1,0,0,0,0,0,0
C2H2N6O4,test_ood,14,3,0,0,0,3,0,0,0,3,0,0,0,0
C2H2O2,seen,6,1991,1195,398,398,0,1192,397,396,0,161,59,61,0
C2H2O3,seen,7,1385,831,277,277,0,739,248,251,0,101,23,32,0
C2H2O4,seen,8,1205,723,241,241,0,720,241,241,0,148,40,57,0
C2H3N1,test_ood,6,1133,0,0,0,1133,0,0,0,1132,0,0,0,109
C2H3N1O1,seen,7,1774,1064,355,355,0,995,321,330,0,170,35,49,0
C2H3N1O2,seen,8,7819,4691,1564,1564,0,4685,1562,1564,0,719,246,236,0
C2H3N1O3,seen,9,8528,5117,1706,1705,0,5094,1703,1701,0,822,270,296,0
C2H3N1O4,test_ood,10,648,0,0,0,648,0,0,0,635,0,0,0,105
C2H3N3,seen,8,4529,2717,906,906,0,2714,905,906,0,287,101,100,0
C2H3N3O1,seen,9,14783,8870,2957,2956,0,8832,2948,2944,0,1437,507,515,0
C2H3N3O2,test_ood,10,18663,0,0,0,18663,0,0,0,18555,0,0,0,1944
C2H3N3O3,seen,11,17418,10451,3484,3483,0,10266,3401,3418,0,1215,436,410,0
C2H3N3O4,seen,12,316,190,63,63,0,168,52,53,0,23,13,7,0
C2H3N3O5,seen,13,2,1,1,0,0,1,1,0,0,1,0,0,0
C2H3N5,test_ood,10,3627,0,0,0,3627,0,0,0,3609,0,0,0,590
C2H3N5O1,seen,11,23881,14329,4776,4776,0,14132,4697,4707,0,1631,579,546,0
C2H3N5O2,test_ood,12,1018,0,0,0,1018,0,0,0,863,0,0,0,159
C2H3N7,test_ood,12,65,0,0,0,65,0,0,0,56,0,0,0,14
C2H3N7O1,test_ood,13,1,0,0,0,1,0,0,0,1,0,0,0,0
C2H3N7O2,test_ood,14,6,0,0,0,6,0,0,0,6,0,0,0,2
C2H3N7O3,test_ood,15,7,0,0,0,7,0,0,0,7,0,0,0,2
C2H4,seen,6,1957,1174,392,391,0,1172,392,390,0,56,16,24,0
C2H4N2,test_ood,8,3620,0,0,0,3620,0,0,0,3470,0,0,0,882
C2H4N2O1,seen,9,6679,4007,1336,1336,0,3999,1331,1334,0,447,156,153,0
C2H4N2O2,seen,10,18912,11347,3783,3782,0,11209,3750,3753,0,1366,429,424,0
C2H4N2O3,seen,11,6013,3608,1203,1202,0,3574,1188,1191,0,387,160,136,0
C2H4N2O4,seen,12,2896,1738,579,579,0,1694,567,555,0,247,80,76,0
C2H4N2O5,seen,13,2,1,1,0,0,1,1,0,0,1,0,0,0
C2H4N4,test_ood,10,7956,0,0,0,7956,0,0,0,7788,0,0,0,1110
C2H4N4O1,seen,11,19114,11468,3823,3823,0,11306,3769,3768,0,1158,346,398,0
C2H4N4O2,test_ood,12,25513,0,0,0,25513,0,0,0,25026,0,0,0,2912
C2H4N4O3,seen,13,348,209,70,69,0,180,61,62,0,20,9,11,0
C2H4N4O4,seen,14,1,1,0,0,0,1,0,0,0,0,0,0,0
C2H4N6,seen,12,11378,6827,2276,2275,0,6706,2226,2228,0,858,276,283,0
C2H4N6O1,test_ood,13,1141,0,0,0,1141,0,0,0,988,0,0,0,173
C2H4N8O1,seen,15,1,1,0,0,0,1,0,0,0,0,0,0,0
C2H4N8O2,test_ood,16,19,0,0,0,19,0,0,0,19,0,0,0,1
C2H4O1,test_ood,7,5839,0,0,0,5839,0,0,0,5381,0,0,0,865
C2H4O2,test_ood,8,4980,0,0,0,4980,0,0,0,4610,0,0,0,615
C2H4O3,seen,9,3132,1879,627,626,0,1616,520,525,0,312,114,106,0
C2H4O4,seen,10,187,112,38,37,0,111,38,36,0,33,8,9,0
C2H4O5,seen,11,7,4,2,1,0,4,2,1,0,1,0,0,0
C2H5N1,seen,8,2903,1742,581,580,0,1490,510,498,0,214,75,62,0
C2H5N1O1,test_ood,9,6593,0,0,0,6593,0,0,0,6162,0,0,0,641
C2H5N1O2,seen,10,14294,8576,2859,2859,0,8215,2722,2732,0,782,277,268,0
C2H5N1O3,seen,11,2044,1226,409,409,0,1042,345,355,0,162,57,58,0
C2H5N1O4,seen,12,66,40,13,13,0,38,13,13,0,3,1,0,0
C2H5N1O5,test_ood,13,1,0,0,0,1,0,0,0,1,0,0,0,1
C2H5N1O6,seen,14,1,1,0,0,0,1,0,0,0,0,0,0,0
C2H5N3,seen,10,4972,2983,995,994,0,2980,993,993,0,354,116,121,0
C2H5N3O1,seen,11,14300,8580,2860,2860,0,8544,2846,2848,0,1073,328,333,0
C2H5N3O2,seen,12,9413,5648,1883,1882,0,5592,1868,1859,0,555,202,205,0
C2H5N3O3,seen,13,8185,4911,1637,1637,0,4823,1607,1603,0,581,175,201,0
C2H5N3O4,seen,14,33,20,7,6,0,19,7,5,0,6,0,0,0
C2H5N3O5,test_ood,15,1,0,0,0,1,0,0,0,0,0,0,0,0
C2H5N5,seen,12,7397,4438,1480,1479,0,4338,1443,1437,0,428,134,126,0
C2H5N5O1,seen,13,18896,11338,3779,3779,0,11097,3705,3690,0,1196,441,427,0
C2H5N5O2,test_ood,14,521,0,0,0,521,0,0,0,467,0,0,0,98
C2H5N5O3,seen,15,487,292,98,97,0,280,97,93,0,31,12,12,0
C2H5N5O4,seen,16,2,1,1,0,0,1,1,0,0,0,0,0,0
C2H5N5O5,seen,17,1,1,0,0,0,1,0,0,0,0,0,0,0
C2H5N7,seen,14,366,220,73,73,0,189,60,65,0,27,5,12,0
C2H5N9,test_ood,16,1,0,0,0,1,0,0,0,1,0,0,0,0
C2H5N9O1,seen,17,4,2,1,1,0,2,1,1,0,0,0,0,0
C2H6,seen,8,1836,1102,367,367,0,1017,336,339,0,169,58,53,0
C2H6N10,seen,18,1,1,0,0,0,1,0,0,0,0,0,0,0
C2H6N2,test_ood,10,7243,0,0,0,7243,0,0,0,6894,0,0,0,395
C2H6N2O1,seen,11,24612,14767,4923,4922,0,14643,4890,4895,0,1204,418,377,0
C2H6N2O2,seen,12,6185,3711,1237,1237,0,3511,1173,1175,0,457,147,142,0
C2H6N2O3,test_ood,13,1273,0,0,0,1273,0,0,0,1252,0,0,0,153
C2H6N2O4,seen,14,3,2,1,0,0,2,1,0,0,1,0,0,0
C2H6N2O5,seen,15,5,3,1,1,0,1,0,1,0,0,0,0,0
C2H6N2O6,seen,16,1,1,0,0,0,0,0,0,0,0,0,0,0
C2H6N4,seen,12,7072,4243,1415,1414,0,4224,1403,1405,0,517,168,177,0
C2H6N4O1,test_ood,13,7908,0,0,0,7908,0,0,0,7835,0,0,0,851
C2H6N4O2,test_ood,14,13995,0,0,0,13995,0,0,0,13663,0,0,0,1596
C2H6N4O3,test_ood,15,206,0,0,0,206,0,0,0,177,0,0,0,38
C2H6N4O4,seen,16,2,1,1,0,0,0,0,0,0,0,0,0,0
C2H6N6,test_ood,14,6373,0,0,0,6373,0,0,0,6222,0,0,0,745
C2H6N6O1,seen,15,417,250,84,83,0,222,73,74,0,35,11,11,0
C2H6N6O2,test_ood,16,3,0,0,0,3,0,0,0,3,0,0,0,0
C2H6N6O3,test_ood,17,7,0,0,0,7,0,0,0,7,0,0,0,0
C2H6N6O4,seen,18,1,1,0,0,0,1,0,0,0,0,0,0,0
C2H6O1,seen,9,3031,1819,606,606,0,1558,515,502,0,115,40,36,0
C2H6O2,seen,10,3961,2377,792,792,0,1203,374,396,0,223,53,58,0
C2H6O3,test_ood,11,117,0,0,0,117,0,0,0,117,0,0,0,8
C2H6O4,test_ood,12,74,0,0,0,74,0,0,0,74,0,0,0,10
C2H7N1,seen,10,3604,2162,721,721,0,1757,580,577,0,133,36,35,0
C2H7N1O1,seen,11,2207,1324,442,441,0,1059,358,338,0,90,20,27,0
C2H7N1O2,seen,12,184,110,37,37,0,110,37,37,0,13,7,7,0
C2H7N1O3,seen,13,142,85,29,28,0,85,29,28,0,17,6,8,0
C2H7N1O4,test_ood,14,15,0,0,0,15,0,0,0,15,0,0,0,1
C2H7N1O5,test_ood,15,1,0,0,0,1,0,0,0,1,0,0,0,0
C2H7N3,seen,12,12022,7213,2405,2404,0,7202,2404,2399,0,480,144,148,0
C2H7N3O1,test_ood,13,9491,0,0,0,9491,0,0,0,9443,0,0,0,1084
C2H7N3O2,test_ood,14,3384,0,0,0,3384,0,0,0,3208,0,0,0,426
C2H7N3O3,seen,15,469,281,94,94,0,266,90,92,0,27,13,18,0
C2H7N3O4,seen,16,9,5,2,2,0,2,0,1,0,1,0,1,0
C2H7N3O5,seen,17,1,1,0,0,0,0,0,0,0,0,0,0,0
C2H7N5,seen,14,3602,2161,721,720,0,2131,704,711,0,268,84,79,0
C2H7N5O1,test_ood,15,9763,0,0,0,9763,0,0,0,9512,0,0,0,1095
C2H7N5O2,test_ood,16,298,0,0,0,298,0,0,0,261,0,0,0,47
C2H7N5O3,test_ood,17,1,0,0,0,1,0,0,0,0,0,0,0,0
C2H7N5O4,test_ood,18,3,0,0,0,3,0,0,0,0,0,0,0,0
C2H7N7,test_ood,16,195,0,0,0,195,0,0,0,170,0,0,0,28
C2H7N7O1,test_ood,17,3,0,0,0,3,0,0,0,3,0,0,0,2
C2H7N7O2,test_ood,18,7,0,0,0,7,0,0,0,7,0,0,0,0
C2H7N7O3,test_ood,19,8,0,0,0,8,0,0,0,8,0,0,0,1
C2H8,seen,10,238,143,48,47,0,24,9,7,0,15,7,2,0
C2H8N2,seen,12,1882,1129,377,376,0,842,255,266,0,78,29,25,0
C2H8N2O1,seen,13,287,172,58,57,0,88,28,27,0,27,8,2,0
C2H8N2O2,seen,14,198,119,40,39,0,119,40,38,0,10,4,8,0
C2H8N2O3,seen,15,99,59,20,20,0,59,19,17,0,9,2,1,0
C2H8N2O4,test_ood,16,1,0,0,0,1,0,0,0,0,0,0,0,0
C2H8N4,seen,14,4081,2449,816,816,0,2432,813,808,0,221,74,94,0
C2H8N4O1,test_ood,15,1921,0,0,0,1921,0,0,0,1893,0,0,0,224
C2H8N4O2,seen,16,2272,1363,455,454,0,1318,446,445,0,186,65,60,0
C2H8N4O3,seen,17,6,4,1,1,0,4,0,0,0,0,0,1,0
C2H8N4O4,test_ood,18,1,0,0,0,1,0,0,0,0,0,0,0,0
C2H8N4O5,seen,19,1,1,0,0,0,1,0,0,0,0,0,0,0
C2H8N6,seen,16,4974,2984,995,995,0,2892,977,964,0,364,121,109,0
C2H8N6O1,seen,17,265,159,53,53,0,134,42,45,0,22,7,3,0
C2H8N6O2,test_ood,18,1,0,0,0,1,0,0,0,0,0,0,0,0
C2H8N6O3,test_ood,19,2,0,0,0,2,0,0,0,0,0,0,0,0
C2H8N8,test_ood,18,1,0,0,0,1,0,0,0,1,0,0,0,0
C2H8N8O1,test_ood,19,5,0,0,0,5,0,0,0,5,0,0,0,0
C2H8N8O2,test_ood,20,6,0,0,0,6,0,0,0,6,0,0,0,1
C2H8O1,seen,11,188,113,38,37,0,47,10,18,0,10,4,5,0
C2H8O2,test_ood,12,277,0,0,0,277,0,0,0,140,0,0,0,25
C2H8O3,seen,13,51,31,10,10,0,31,10,10,0,3,2,4,0
C2H8O4,test_ood,14,33,0,0,0,33,0,0,0,33,0,0,0,3
C2H9N1,seen,12,441,265,88,88,0,65,24,18,0,32,12,10,0
C2H9N1O1,test_ood,13,279,0,0,0,279,0,0,0,94,0,0,0,30
C2H9N1O2,seen,14,21,13,4,4,0,13,4,4,0,5,0,0,0
C2H9N1O3,seen,15,39,23,8,8,0,23,8,8,0,3,2,1,0
C2H9N3,seen,14,64,38,13,13,0,38,13,13,0,7,4,2,0
C2H9N3O1,seen,15,37,22,8,7,0,22,8,7,0,2,1,1,0
C2H9N3O2,seen,16,142,85,29,28,0,82,29,27,0,6,1,2,0
C2H9N3O3,test_ood,17,1,0,0,0,1,0,0,0,0,0,0,0,0
C2H9N5,test_ood,16,858,0,0,0,858,0,0,0,848,0,0,0,96
C2H9N5O1,test_ood,17,1386,0,0,0,1386,0,0,0,1335,0,0,0,149
C2H9N5O2,test_ood,18,4,0,0,0,4,0,0,0,4,0,0,0,0
C2H9N5O3,test_ood,19,2,0,0,0,2,0,0,0,2,0,0,0,0
C2H9N5O4,seen,20,2,1,1,0,0,1,1,0,0,0,0,0,0
C2H9N7,test_ood,18,29,0,0,0,29,0,0,0,26,0,0,0,6
C2H9N7O3,seen,21,1,1,0,0,0,0,0,0,0,0,0,0,0
C2H9N9O1,test_ood,21,1,0,0,0,1,0,0,0,1,0,0,0,0
C2N2,test_ood,4,1006,0,0,0,1006,0,0,0,1006,0,0,0,182
C2N2O4,test_ood,8,617,0,0,0,617,0,0,0,608,0,0,0,122
C2N2O5,seen,9,16,10,3,3,0,8,3,2,0,3,1,0,0
C2N4O1,test_ood,7,647,0,0,0,647,0,0,0,644,0,0,0,103
C2N4O2,seen,8,687,412,138,137,0,404,133,135,0,80,27,27,0
C2N4O3,seen,9,32,19,7,6,0,17,3,5,0,4,3,1,0
C2N6O1,seen,9,13,8,3,2,0,8,1,2,0,0,0,0,0
C3H10,seen,13,70,42,14,14,0,23,7,7,0,6,4,3,0
C3H10N2,test_ood,15,2504,0,0,0,2504,0,0,0,2496,0,0,0,128
C3H10N2O1,test_ood,16,981,0,0,0,981,0,0,0,833,0,0,0,77
C3H10N2O2,seen,17,911,547,182,182,0,543,181,182,0,59,19,28,0
C3H10N2O3,seen,18,152,91,31,30,0,89,31,30,0,15,1,2,0
C3H10N2O4,test_ood,19,3,0,0,0,3,0,0,0,3,0,0,0,0
C3H10N2O5,seen,20,1,1,0,0,0,0,0,0,0,0,0,0,0
C3H10N4,test_ood,17,1721,0,0,0,1721,0,0,0,1673,0,0,0,179
C3H10N4O1,test_ood,18,3251,0,0,0,3251,0,0,0,3162,0,0,0,351
C3H10N4O2,test_ood,19,142,0,0,0,142,0,0,0,116,0,0,0,21
C3H10N4O3,seen,20,10,6,2,2,0,3,1,2,0,0,0,1,0
C3H10N4O4,test_ood,21,4,0,0,0,4,0,0,0,2,0,0,0,0
C3H10N4O5,seen,22,2,1,1,0,0,1,0,0,0,0,0,0,0
C3H10N6,test_ood,19,433,0,0,0,433,0,0,0,371,0,0,0,56
C3H10N6O1,seen,20,7,4,2,1,0,4,2,1,0,1,0,0,0
C3H10N6O2,seen,21,5,3,1,1,0,3,1,1,0,0,0,0,0
C3H10N6O3,test_ood,22,17,0,0,0,17,0,0,0,15,0,0,0,0
C3H10N8,test_ood,21,4,0,0,0,4,0,0,0,4,0,0,0,0
C3H10N8O1,seen,22,29,17,6,6,0,17,6,6,0,0,0,0,0
C3H10O1,seen,14,25,15,5,5,0,11,3,4,0,2,1,1,0
C3H10O2,test_ood,15,27,0,0,0,27,0,0,0,27,0,0,0,3
C3H10O3,seen,16,65,39,13,13,0,39,13,13,0,6,2,2,0
C3H10O4,seen,17,7,4,2,1,0,4,2,1,0,0,0,0,0
C3H11N1,seen,15,31,19,6,6,0,15,6,4,0,2,1,1,0
C3H11N1O1,seen,16,22,13,5,4,0,13,5,4,0,1,1,2,0
C3H11N1O2,seen,17,37,22,8,7,0,22,8,7,0,3,0,1,0
C3H11N1O3,test_ood,18,21,0,0,0,21,0,0,0,21,0,0,0,0
C3H11N1O4,test_ood,19,1,0,0,0,1,0,0,0,1,0,0,0,0
C3H11N3,seen,17,1081,649,216,216,0,628,212,207,0,92,34,27,0
C3H11N3O1,test_ood,18,195,0,0,0,195,0,0,0,195,0,0,0,15
C3H11N3O2,test_ood,19,9,0,0,0,9,0,0,0,9,0,0,0,3
C3H11N3O3,test_ood,20,7,0,0,0,7,0,0,0,4,0,0,0,0
C3H11N3O4,seen,21,1,1,0,0,0,0,0,0,0,0,0,0,0
C3H11N5,test_ood,19,1064,0,0,0,1064,0,0,0,1018,0,0,0,121
C3H11N5O1,test_ood,20,134,0,0,0,134,0,0,0,113,0,0,0,19
C3H11N5O2,test_ood,21,7,0,0,0,7,0,0,0,7,0,0,0,0
C3H11N5O3,test_ood,22,11,0,0,0,11,0,0,0,7,0,0,0,1
C3H11N5O4,test_ood,23,2,0,0,0,2,0,0,0,1,0,0,0,0
C3H11N7,test_ood,21,2,0,0,0,2,0,0,0,2,0,0,0,0
C3H11N7O1,test_ood,22,5,0,0,0,5,0,0,0,5,0,0,0,0
C3H11N7O2,test_ood,23,3,0,0,0,3,0,0,0,3,0,0,0,0
C3H11N9,test_ood,23,3,0,0,0,3,0,0,0,3,0,0,0,0
C3H12N2,seen,17,10,6,2,2,0,6,2,2,0,1,0,2,0
C3H12N2O1,seen,18,32,19,7,6,0,19,7,6,0,0,0,0,0
C3H12N2O2,test_ood,19,36,0,0,0,36,0,0,0,36,0,0,0,4
C3H12N2O3,seen,20,3,2,1,0,0,1,1,0,0,0,0,0,0
C3H12N4,test_ood,19,2,0,0,0,2,0,0,0,2,0,0,0,1
C3H12N4O1,test_ood,20,5,0,0,0,5,0,0,0,5,0,0,0,1
C3H12N4O2,test_ood,21,4,0,0,0,4,0,0,0,2,0,0,0,0
C3H12N4O3,seen,22,2,1,1,0,0,0,0,0,0,0,0,0,0
C3H12N4O4,test_ood,23,1,0,0,0,1,0,0,0,0,0,0,0,0
C3H12N6,seen,21,91,55,18,18,0,45,15,16,0,1,1,0,0
C3H12N6O1,seen,22,4,2,1,1,0,2,1,1,0,0,0,0,0
C3H12N6O2,seen,23,10,6,2,2,0,6,2,1,0,1,0,0,0
C3H12N6O3,test_ood,24,5,0,0,0,5,0,0,0,4,0,0,0,0
C3H12N8O1,seen,24,13,8,3,2,0,8,3,2,0,3,0,0,0
C3H13N3,test_ood,19,1,0,0,0,1,0,0,0,1,0,0,0,1
C3H13N3O1,seen,20,3,2,1,0,0,2,1,0,0,0,0,0,0
C3H13N3O2,seen,21,2,1,1,0,0,1,0,0,0,0,0,0,0
C3H13N3O3,test_ood,22,1,0,0,0,1,0,0,0,0,0,0,0,0
C3H13N5O2,test_ood,23,1,0,0,0,1,0,0,0,0,0,0,0,0
C3H13N7,seen,23,2,1,1,0,0,1,1,0,0,0,0,0,0
C3H13N7O1,seen,24,5,3,1,1,0,3,1,1,0,0,0,0,0
C3H13N7O2,seen,25,8,5,2,1,0,4,2,1,0,2,0,0,0
C3H13N9,seen,25,2,1,1,0,0,1,1,0,0,0,0,0,0
C3H14N4O1,test_ood,22,1,0,0,0,1,0,0,0,0,0,0,0,0
C3H14N8,seen,25,2,1,1,0,0,1,1,0,0,0,0,0,0
C3H14N8O1,seen,26,2,1,1,0,0,1,1,0,0,0,0,0,0
C3H15N9,test_ood,27,2,0,0,0,2,0,0,0,2,0,0,0,0
C3H1N1,seen,5,1251,751,250,250,0,749,250,249,0,151,46,44,0
C3H1N1O2,test_ood,7,1073,0,0,0,1073,0,0,0,1067,0,0,0,165
C3H1N1O3,seen,8,1428,857,286,285,0,857,286,285,0,162,45,47,0
C3H1N1O4,seen,9,715,429,143,143,0,421,141,142,0,85,37,25,0
C3H1N1O5,seen,10,66,40,13,13,0,36,12,12,0,6,2,2,0
C3H1N3O1,seen,8,2697,1618,540,539,0,1613,536,538,0,247,71,70,0
C3H1N3O2,seen,9,2569,1541,514,514,0,1507,510,500,0,230,85,58,0
C3H1N3O3,seen,10,204,122,41,41,0,108,35,34,0,24,7,12,0
C3H1N5,test_ood,9,537,0,0,0,537,0,0,0,527,0,0,0,101
C3H1N5O1,seen,10,65,39,13,13,0,36,10,11,0,14,2,3,0
C3H2N2,test_ood,7,1140,0,0,0,1140,0,0,0,1140,0,0,0,204
C3H2N2O1,seen,8,3312,1987,663,662,0,1983,660,660,0,446,140,143,0
C3H2N2O2,seen,9,9799,5879,1960,1960,0,5854,1952,1954,0,623,178,185,0
C3H2N2O3,test_ood,10,16886,0,0,0,16886,0,0,0,16644,0,0,0,2139
C3H2N2O4,test_ood,11,382,0,0,0,382,0,0,0,324,0,0,0,69
C3H2N2O5,test_ood,12,1,0,0,0,1,0,0,0,1,0,0,0,0
C3H2N4,test_ood,9,1444,0,0,0,1444,0,0,0,1435,0,0,0,173
C3H2N4O1,seen,10,20758,12455,4152,4151,0,12213,4065,4079,0,1810,563,578,0
C3H2N4O2,seen,11,1364,818,273,273,0,715,220,231,0,153,61,57,0
C3H2N4O3,test_ood,12,1,0,0,0,1,0,0,0,1,0,0,0,1
C3H2N4O5,test_ood,14,1,0,0,0,1,0,0,0,1,0,0,0,0
C3H2N6,test_ood,11,76,0,0,0,76,0,0,0,58,0,0,0,14
C3H2N6O1,seen,12,1,1,0,0,0,1,0,0,0,0,0,0,0
C3H2N6O3,test_ood,14,1,0,0,0,1,0,0,0,1,0,0,0,0
C3H2O1,seen,6,1223,734,245,244,0,733,245,244,0,141,43,69,0
C3H2O2,seen,7,982,589,197,196,0,589,197,196,0,78,23,19,0
C3H2O3,test_ood,8,1516,0,0,0,1516,0,0,0,1511,0,0,0,273
C3H2O4,seen,9,1330,798,266,266,0,792,263,263,0,103,44,36,0
C3H2O5,test_ood,10,1002,0,0,0,1002,0,0,0,982,0,0,0,169
C3H3N1,test_ood,7,1307,0,0,0,1307,0,0,0,1306,0,0,0,87
C3H3N1O1,test_ood,8,8542,0,0,0,8542,0,0,0,8526,0,0,0,1066
C3H3N1O2,seen,9,9039,5423,1808,1808,0,5402,1799,1803,0,675,252,215,0
C3H3N1O3,seen,10,8757,5254,1752,1751,0,5231,1745,1741,0,488,180,189,0
C3H3N1O4,test_ood,11,8343,0,0,0,8343,0,0,0,8212,0,0,0,942
C3H3N1O5,seen,12,57,34,12,11,0,31,12,11,0,6,1,4,0
C3H3N3,seen,9,5141,3085,1028,1028,0,3079,1027,1025,0,441,149,148,0
C3H3N3O1,test_ood,10,14963,0,0,0,14963,0,0,0,14882,0,0,0,1775
C3H3N3O2,seen,11,41575,24945,8315,8315,0,24560,8178,8174,0,2829,968,982,0
C3H3N3O3,seen,12,1723,1034,345,344,0,899,296,303,0,145,42,47,0
C3H3N3O5,test_ood,14,1,0,0,0,1,0,0,0,1,0,0,0,0
C3H3N5,seen,11,17543,10526,3509,3508,0,10282,3423,3424,0,1306,437,424,0
C3H3N5O1,seen,12,2202,1321,441,440,0,1135,382,377,0,195,67,66,0
C3H3N5O2,seen,13,3,2,1,0,0,2,1,0,0,0,0,0,0
C3H3N5O3,test_ood,14,8,0,0,0,8,0,0,0,8,0,0,0,1
C3H3N5O4,seen,15,12,7,3,2,0,7,3,2,0,3,1,0,0
C3H3N7O2,seen,15,1,1,0,0,0,1,0,0,0,0,0,0,0
C3H4,seen,7,1699,1019,340,340,0,1014,338,339,0,84,29,40,0
C3H4N2,seen,9,10260,6156,2052,2052,0,6148,2047,2052,0,706,251,210,0
C3H4N2O1,seen,10,20433,12260,4087,4086,0,12126,4043,4048,0,1401,443,448,0
C3H4N2O2,seen,11,23456,14074,4691,4691,0,13883,4637,4636,0,1365,446,473,0
C3H4N2O3,seen,12,29125,17475,5825,5825,0,17063,5696,5665,0,2021,634,672,0
C3H4N2O4,seen,13,519,311,104,104,0,271,86,90,0,49,18,17,0
C3H4N4,seen,11,12148,7289,2430,2429,0,7074,2345,2354,0,829,255,261,0
C3H4N4O1,test_ood,12,49667,0,0,0,49667,0,0,0,48606,0,0,0,5515
C3H4N4O2,seen,13,2757,1654,552,551,0,1457,478,480,0,213,71,85,0
C3H4N4O3,seen,14,2,1,1,0,0,1,1,0,0,1,0,0,0
C3H4N4O4,seen,15,6,4,1,1,0,4,1,1,0,1,1,0,0
C3H4N4O5,test_ood,16,10,0,0,0,10,0,0,0,10,0,0,0,2
C3H4N6,test_ood,13,1483,0,0,0,1483,0,0,0,1290,0,0,0,245
C3H4N6O1,seen,14,1,1,0,0,0,1,0,0,0,1,0,0,0
C3H4N6O2,test_ood,15,11,0,0,0,11,0,0,0,11,0,0,0,4
C3H4N6O3,test_ood,16,26,0,0,0,26,0,0,0,26,0,0,0,5
C3H4N8,test_ood,15,2,0,0,0,2,0,0,0,2,0,0,0,0
C3H4N8O1,seen,16,4,2,1,1,0,2,1,1,0,1,0,0,0
C3H4O1,seen,8,3141,1885,628,628,0,1740,583,592,0,123,36,45,0
C3H4O2,seen,9,10807,6484,2162,2161,0,6119,2042,2056,0,655,199,216,0
C3H4O3,seen,10,5157,3094,1032,1031,0,2994,1005,996,0,496,159,144,0
C3H4O4,test_ood,11,1142,0,0,0,1142,0,0,0,1134,0,0,0,163
C3H4O5,seen,12,650,390,130,130,0,386,129,129,0,54,18,20,0
C3H4O6,seen,13,1,1,0,0,0,1,0,0,0,0,0,0,0
C3H5N1,seen,9,2605,1563,521,521,0,1562,521,521,0,82,22,28,0
C3H5N1O1,seen,10,18157,10894,3632,3631,0,10889,3631,3627,0,1084,357,319,0
C3H5N1O2,test_ood,11,14898,0,0,0,14898,0,0,0,14102,0,0,0,1585
C3H5N1O3,test_ood,12,7914,0,0,0,7914,0,0,0,7868,0,0,0,1034
C3H5N1O4,seen,13,5203,3122,1041,1040,0,2902,961,956,0,364,108,126,0
C3H5N1O5,seen,14,5,3,1,1,0,3,1,1,0,1,1,0,0
C3H5N3,seen,11,11893,7136,2379,2378,0,7020,2347,2341,0,708,219,216,0
C3H5N3O1,seen,12,28478,17087,5696,5695,0,16801,5608,5611,0,1478,459,496,0
C3H5N3O2,test_ood,13,49066,0,0,0,49066,0,0,0,47826,0,0,0,5541
C3H5N3O3,test_ood,14,1786,0,0,0,1786,0,0,0,1571,0,0,0,233
C3H5N3O4,seen,15,3,2,1,0,0,2,1,0,0,0,0,0,0
C3H5N3O5,seen,16,1,1,0,0,0,1,0,0,0,0,0,0,0
C3H5N5,seen,13,20073,12044,4015,4014,0,11793,3933,3950,0,1267,431,426,0
C3H5N5O1,seen,14,3114,1868,623,623,0,1643,525,543,0,248,81,83,0
C3H5N5O2,test_ood,15,181,0,0,0,181,0,0,0,172,0,0,0,29
C3H5N5O3,test_ood,16,10,0,0,0,10,0,0,0,10,0,0,0,0
C3H5N5O4,seen,17,16,10,3,3,0,10,3,3,0,3,0,0,0
C3H5N7,seen,15,1,1,0,0,0,1,0,0,0,0,0,0,0
C3H5N7O1,seen,16,7,4,2,1,0,4,2,1,0,2,0,0,0
C3H5N7O2,test_ood,17,38,0,0,0,38,0,0,0,38,0,0,0,9
C3H5N9,seen,17,3,2,1,0,0,2,1,0,0,0,0,0,0
C3H6,test_ood,9,3834,0,0,0,3834,0,0,0,3692,0,0,0,249
C3H6N2,seen,11,18038,10823,3608,3607,0,10802,3602,3600,0,1019,329,327,0
C3H6N2O1,test_ood,12,22560,0,0,0,22560,0,0,0,22430,0,0,0,1988
C3H6N2O2,test_ood,13,17227,0,0,0,17227,0,0,0,16372,0,0,0,1572
C3H6N2O3,seen,14,14247,8548,2850,2849,0,8279,2764,2755,0,945,326,297,0
C3H6N2O4,seen,15,785,471,157,157,0,347,124,105,0,64,23,24,0
C3H6N2O5,test_ood,16,2,0,0,0,2,0,0,0,1,0,0,0,0
C3H6N4,test_ood,13,14442,0,0,0,14442,0,0,0,14015,0,0,0,1236
C3H6N4O1,test_ood,14,39067,0,0,0,39067,0,0,0,38001,0,0,0,4171
C3H6N4O2,seen,15,3080,1848,616,616,0,1647,546,542,0,253,95,87,0
C3H6N4O3,test_ood,16,304,0,0,0,304,0,0,0,286,0,0,0,41
C3H6N4O4,seen,17,8,5,2,1,0,5,2,1,0,2,0,0,0
C3H6N4O5,seen,18,6,4,1,1,0,4,1,1,0,1,0,0,0
C3H6N6,seen,15,1602,961,321,320,0,831,269,286,0,128,36,34,0
C3H6N6O1,test_ood,16,4,0,0,0,4,0,0,0,3,0,0,0,0
C3H6N6O2,seen,17,26,16,5,5,0,16,5,5,0,1,0,2,0
C3H6N6O3,test_ood,18,676,0,0,0,676,0,0,0,645,0,0,0,110
C3H6N8,test_ood,17,5,0,0,0,5,0,0,0,5,0,0,0,0
C3H6N8O1,seen,18,27,16,6,5,0,16,6,5,0,4,2,1,0
C3H6N8O3,seen,20,1,1,0,0,0,0,0,0,0,1,0,0,0
C3H6O1,seen,10,9811,5887,1962,1962,0,5796,1943,1943,0,355,116,118,0
C3H6O2,test_ood,11,15053,0,0,0,15053,0,0,0,13464,0,0,0,1388
C3H6O3,seen,12,6074,3644,1215,1215,0,3277,1118,1090,0,524,162,139,0
C3H6O4,seen,13,382,229,77,76,0,224,77,76,0,27,10,12,0
C3H6O5,seen,14,2,1,1,0,0,0,1,0,0,0,0,0,0
C3H7N1,seen,11,7573,4544,1515,1514,0,4511,1499,1501,0,211,61,59,0
C3H7N1O1,seen,12,18211,10927,3642,3642,0,9743,3248,3253,0,807,284,281,0
C3H7N1O2,test_ood,13,13017,0,0,0,13017,0,0,0,11803,0,0,0,1260
C3H7N1O3,seen,14,3540,2124,708,708,0,2017,670,675,0,227,76,87,0
C3H7N1O4,seen,15,272,163,55,54,0,158,50,53,0,21,7,13,0
C3H7N1O5,seen,16,5,3,1,1,0,3,1,1,0,1,0,0,0
C3H7N3,test_ood,13,14293,0,0,0,14293,0,0,0,14225,0,0,0,1246
C3H7N3O1,test_ood,14,11770,0,0,0,11770,0,0,0,11505,0,0,0,1036
C3H7N3O2,seen,15,26429,15857,5286,5286,0,15293,5074,5082,0,1715,608,518,0
C3H7N3O3,seen,16,1649,989,330,330,0,902,301,311,0,141,46,50,0
C3H7N3O4,seen,17,836,502,167,167,0,399,126,135,0,78,25,27,0
C3H7N3O6,test_ood,19,2,0,0,0,2,0,0,0,2,0,0,0,0
C3H7N5,seen,15,15339,9203,3068,3068,0,8820,2944,2922,0,1021,351,355,0
C3H7N5O1,test_ood,16,2743,0,0,0,2743,0,0,0,2373,0,0,0,381
C3H7N5O2,seen,17,21,13,4,4,0,13,4,4,0,1,0,1,0
C3H7N5O3,seen,18,32,19,7,6,0,19,6,6,0,2,2,2,0
C3H7N5O4,test_ood,19,95,0,0,0,95,0,0,0,92,0,0,0,23
C3H7N7,seen,17,27,16,6,5,0,15,5,2,0,0,0,0,0
C3H7N7O1,seen,18,11,7,2,2,0,7,2,2,0,1,1,0,0
C3H7N7O2,seen,19,36,22,7,7,0,22,7,7,0,1,0,2,0
C3H7N9,test_ood,19,8,0,0,0,8,0,0,0,8,0,0,0,2
C3H8,seen,11,1015,609,203,203,0,557,181,181,0,20,8,5,0
C3H8N2,seen,13,15313,9188,3063,3062,0,9168,3058,3055,0,445,148,165,0
C3H8N2O1,seen,14,16354,9812,3271,3271,0,9419,3126,3138,0,882,305,294,0
C3H8N2O2,seen,15,6193,3716,1239,1238,0,3237,1098,1087,0,355,113,126,0
C3H8N2O3,seen,16,2347,1408,470,469,0,1377,463,457,0,169,70,51,0
C3H8N2O4,seen,17,23,14,5,4,0,10,3,3,0,3,2,1,0
C3H8N2O5,seen,18,2,1,1,0,0,1,1,0,0,0,0,0,0
C3H8N4,test_ood,15,7576,0,0,0,7576,0,0,0,7506,0,0,0,654
C3H8N4O1,test_ood,16,18471,0,0,0,18471,0,0,0,17920,0,0,0,1979
C3H8N4O2,seen,17,1510,906,302,302,0,797,272,262,0,117,46,35,0
C3H8N4O3,seen,18,18,11,4,3,0,11,2,3,0,3,0,0,0
C3H8N4O4,seen,19,14,8,3,3,0,7,3,2,0,3,0,0,0
C3H8N4O5,seen,20,9,5,2,2,0,4,1,0,0,3,0,0,0
C3H8N6,seen,17,1128,677,226,225,0,589,193,190,0,85,23,32,0
C3H8N6O1,test_ood,18,12,0,0,0,12,0,0,0,11,0,0,0,0
C3H8N6O2,seen,19,40,24,8,8,0,23,8,8,0,3,2,0,0
C3H8N6O3,test_ood,20,34,0,0,0,34,0,0,0,34,0,0,0,2
C3H8N6O4,test_ood,21,4,0,0,0,4,0,0,0,0,0,0,0,0
C3H8N8,test_ood,19,1,0,0,0,1,0,0,0,1,0,0,0,0
C3H8N8O1,seen,20,25,15,5,5,0,15,5,5,0,4,1,2,0
C3H8O1,seen,12,3409,2045,682,682,0,1779,611,600,0,94,36,36,0
C3H8O2,test_ood,13,4972,0,0,0,4972,0,0,0,4815,0,0,0,362
C3H8O3,seen,14,1430,858,286,286,0,855,285,284,0,106,38,40,0
C3H8O4,test_ood,15,119,0,0,0,119,0,0,0,119,0,0,0,13
C3H8O6,seen,17,1,1,0,0,0,1,0,0,0,0,0,0,0
C3H9N1,seen,13,4301,2581,860,860,0,2405,789,801,0,100,39,37,0
C3H9N1O1,test_ood,14,5104,0,0,0,5104,0,0,0,4607,0,0,0,308
C3H9N1O2,seen,15,1077,646,216,215,0,547,190,188,0,66,26,23,0
C3H9N1O3,seen,16,339,203,68,68,0,203,68,68,0,21,9,5,0
C3H9N1O4,seen,17,7,4,2,1,0,4,2,1,0,0,0,0,0
C3H9N1O5,test_ood,18,2,0,0,0,2,0,0,0,2,0,0,0,0
C3H9N3,test_ood,15,7873,0,0,0,7873,0,0,0,7817,0,0,0,559
C3H9N3O1,test_ood,16,4470,0,0,0,4470,0,0,0,4421,0,0,0,414
C3H9N3O2,test_ood,17,3895,0,0,0,3895,0,0,0,3799,0,0,0,416
C3H9N3O3,seen,18,632,379,127,126,0,368,126,125,0,43,17,7,0
C3H9N3O4,seen,19,6,4,1,1,0,2,1,1,0,1,0,0,0
C3H9N3O5,seen,20,3,2,1,0,0,1,0,0,0,1,0,0,0
C3H9N3O6,test_ood,21,1,0,0,0,1,0,0,0,0,0,0,0,0
C3H9N5,test_ood,17,7580,0,0,0,7580,0,0,0,7370,0,0,0,796
C3H9N5O1,seen,18,1198,719,240,239,0,623,211,206,0,87,35,24,0
C3H9N5O2,seen,19,529,317,106,106,0,307,100,103,0,36,12,12,0
C3H9N5O3,test_ood,20,16,0,0,0,16,0,0,0,13,0,0,0,1
C3H9N5O4,seen,21,8,5,2,1,0,5,2,1,0,0,0,0,0
C3H9N7,seen,19,1,1,0,0,0,1,0,0,0,0,0,0,0
C3H9N7O1,seen,20,14,8,3,3,0,8,3,3,0,0,0,0,0
C3H9N7O2,seen,21,43,26,9,8,0,26,9,8,0,0,0,0,0
C3H9N7O3,test_ood,22,1,0,0,0,1,0,0,0,0,0,0,0,0
C3H9N9,test_ood,21,14,0,0,0,14,0,0,0,14,0,0,0,0
C3N2O1,seen,6,644,386,129,129,0,384,129,128,0,61,20,20,0
C3N2O3,seen,8,143,86,29,28,0,85,29,28,0,3,3,7,0
C3O5,seen,8,59,35,12,12,0,35,11,10,0,8,1,3,0
C4H10,seen,14,2345,1407,469,469,0,451,139,135,0,88,25,29,0
C4H10N2,test_ood,16,12396,0,0,0,12396,0,0,0,12296,0,0,0,802
C4H10N2O1,seen,17,5204,3122,1041,1041,0,3022,1006,1016,0,246,81,91,0
C4H10N2O2,test_ood,18,6243,0,0,0,6243,0,0,0,5511,0,0,0,684
C4H10N2O3,seen,19,1133,680,227,226,0,394,140,135,0,95,25,26,0
C4H10N2O4,test_ood,20,11,0,0,0,11,0,0,0,10,0,0,0,1
C4H10N2O5,test_ood,21,2,0,0,0,2,0,0,0,0,0,0,0,0
C4H10N2O6,seen,22,2,1,1,0,0,1,1,0,0,0,0,0,0
C4H10N4,seen,18,13067,7840,2614,2613,0,7575,2522,2522,0,902,285,258,0
C4H10N4O1,test_ood,19,3867,0,0,0,3867,0,0,0,3144,0,0,0,492
C4H10N4O2,seen,20,615,369,123,123,0,362,121,120,0,49,10,17,0
C4H10N4O3,seen,21,50,30,10,10,0,27,9,9,0,1,0,1,0
C4H10N4O4,test_ood,22,38,0,0,0,38,0,0,0,36,0,0,0,2
C4H10N6,seen,20,11,7,2,2,0,5,2,2,0,1,0,0,0
C4H10N6O1,seen,21,67,40,14,13,0,40,14,13,0,0,1,0,0
C4H10N6O2,test_ood,22,149,0,0,0,149,0,0,0,147,0,0,0,6
C4H10N6O3,seen,23,1,1,0,0,0,0,0,0,0,0,0,0,0
C4H10N8,test_ood,22,39,0,0,0,39,0,0,0,39,0,0,0,0
C4H10N8O1,test_ood,23,1,0,0,0,1,0,0,0,0,0,0,0,0
C4H10O1,test_ood,15,4716,0,0,0,4716,0,0,0,4459,0,0,0,145
C4H10O2,test_ood,16,3711,0,0,0,3711,0,0,0,3146,0,0,0,339
C4H10O3,seen,17,787,472,158,157,0,469,158,157,0,64,17,21,0
C4H10O4,test_ood,18,199,0,0,0,199,0,0,0,198,0,0,0,27
C4H10O5,test_ood,19,2,0,0,0,2,0,0,0,2,0,0,0,0
C4H11N1,seen,16,5506,3304,1101,1101,0,3297,1100,1098,0,99,37,30,0
C4H11N1O1,test_ood,17,4856,0,0,0,4856,0,0,0,4828,0,0,0,359
C4H11N1O2,test_ood,18,965,0,0,0,965,0,0,0,816,0,0,0,92
C4H11N1O3,seen,19,472,283,95,94,0,190,68,67,0,45,14,12,0
C4H11N1O4,seen,20,8,5,2,1,0,5,2,1,0,0,0,0,0
C4H11N1O5,seen,21,1,1,0,0,0,0,0,0,0,0,0,0,0
C4H11N1O6,seen,22,3,2,1,0,0,0,0,0,0,0,0,0,0
C4H11N3,seen,18,1258,755,252,251,0,730,248,249,0,76,26,29,0
C4H11N3O1,test_ood,19,3411,0,0,0,3411,0,0,0,3301,0,0,0,331
C4H11N3O2,seen,20,1300,780,260,260,0,735,250,242,0,78,30,31,0
C4H11N3O3,seen,21,24,14,5,5,0,9,5,4,0,0,0,0,0
C4H11N3O4,test_ood,22,15,0,0,0,15,0,0,0,9,0,0,0,0
C4H11N3O5,seen,23,3,2,1,0,0,2,0,0,0,0,0,0,0
C4H11N5,seen,20,1137,682,228,227,0,615,192,196,0,87,25,32,0
C4H11N5O1,seen,21,34,20,7,7,0,20,7,6,0,0,0,0,0
C4H11N5O2,test_ood,22,436,0,0,0,436,0,0,0,145,0,0,0,37
C4H11N5O3,test_ood,23,45,0,0,0,45,0,0,0,42,0,0,0,1
C4H11N7,seen,22,20,12,4,4,0,11,4,4,0,0,0,1,0
C4H11N7O1,test_ood,23,82,0,0,0,82,0,0,0,82,0,0,0,4
C4H11N7O5,seen,27,1,1,0,0,0,0,0,0,0,0,0,0,0
C4H12,test_ood,16,6,0,0,0,6,0,0,0,6,0,0,0,0
C4H12N2,seen,18,2710,1626,542,542,0,1613,537,538,0,91,37,40,0
C4H12N2O1,seen,19,494,296,99,99,0,218,67,65,0,34,11,19,0
C4H12N2O2,seen,20,122,73,25,24,0,72,24,24,0,5,5,2,0
C4H12N2O3,seen,21,11,7,2,2,0,5,2,2,0,0,0,0,0
C4H12N2O4,seen,22,1,1,0,0,0,0,0,0,0,0,0,0,0
C4H12N2O5,test_ood,23,1,0,0,0,1,0,0,0,1,0,0,0,0
C4H12N2O6,seen,24,1,1,0,0,0,0,0,0,0,0,0,0,0
C4H12N4,test_ood,20,4005,0,0,0,4005,0,0,0,3884,0,0,0,440
C4H12N4O1,seen,21,391,235,78,78,0,205,68,67,0,5,1,1,0
C4H12N4O2,test_ood,22,21,0,0,0,21,0,0,0,20,0,0,0,0
C4H12N4O3,seen,23,22,13,5,4,0,12,4,3,0,2,0,0,0
C4H12N4O4,seen,24,16,10,3,3,0,8,3,3,0,0,0,0,0
C4H12N6,test_ood,22,76,0,0,0,76,0,0,0,75,0,0,0,0
C4H12N6O1,test_ood,23,38,0,0,0,38,0,0,0,38,0,0,0,0
C4H12N6O2,seen,24,47,28,10,9,0,27,10,9,0,3,0,1,0
C4H12N8,test_ood,24,26,0,0,0,26,0,0,0,26,0,0,0,0
C4H12N8O1,seen,25,1,1,0,0,0,0,0,0,0,0,0,0,0
C4H12O1,seen,17,2,1,1,0,0,1,1,0,0,0,0,0,0
C4H12O2,seen,18,50,30,10,10,0,30,10,10,0,2,0,2,0
C4H12O3,seen,19,74,44,15,15,0,44,15,15,0,0,1,1,0
C4H12O4,test_ood,20,1,0,0,0,1,0,0,0,1,0,0,0,0
C4H12O5,seen,21,1,1,0,0,0,1,0,0,0,0,0,0,0
C4H13N1,seen,18,2,1,1,0,0,1,1,0,0,0,0,0,0
C4H13N1O1,seen,19,24,14,5,5,0,14,5,5,0,2,0,1,0
C4H13N1O2,seen,20,230,138,46,46,0,138,45,45,0,13,6,5,0
C4H13N1O4,seen,22,1,1,0,0,0,1,0,0,0,0,0,0,0
C4H13N3,test_ood,20,2,0,0,0,2,0,0,0,2,0,0,0,1
C4H13N3O1,test_ood,21,368,0,0,0,368,0,0,0,360,0,0,0,32
C4H13N3O2,seen,22,4,2,1,1,0,1,1,1,0,0,0,0,0
C4H13N3O3,test_ood,23,7,0,0,0,7,0,0,0,5,0,0,0,0
C4H13N3O4,test_ood,24,1,0,0,0,1,0,0,0,1,0,0,0,0
C4H13N5,seen,22,142,85,29,28,0,75,27,24,0,4,4,1,0
C4H13N5O1,seen,23,12,7,3,2,0,7,3,2,0,0,0,0,0
C4H13N5O2,seen,24,508,305,102,101,0,299,98,99,0,18,6,6,0
C4H13N5O3,seen,25,35,21,7,7,0,21,7,7,0,0,0,0,0
C4H13N7,seen,24,15,9,3,3,0,9,3,3,0,0,0,0,0
C4H13N7O1,seen,25,21,13,4,4,0,13,4,4,0,0,0,0,0
C4H14N2,seen,20,1,1,0,0,0,1,0,0,0,0,0,0,0
C4H14N2O1,seen,21,115,69,23,23,0,69,23,23,0,0,0,0,0
C4H14N2O2,test_ood,22,2,0,0,0,2,0,0,0,1,0,0,0,0
C4H14N4,seen,22,3,2,1,0,0,2,1,0,0,0,0,0,0
C4H14N4O1,seen,23,1,1,0,0,0,1,0,0,0,0,0,0,0
C4H14N4O2,test_ood,24,6,0,0,0,6,0,0,0,2,0,0,0,0
C4H14N4O3,test_ood,25,3,0,0,0,3,0,0,0,1,0,0,0,0
C4H14N6,test_ood,24,6,0,0,0,6,0,0,0,6,0,0,0,0
C4H14N6O1,seen,25,19,11,4,4,0,10,4,4,0,0,0,0,0
C4H14N6O2,seen,26,30,18,6,6,0,16,6,5,0,0,0,0,0
C4H14N6O3,test_ood,27,1,0,0,0,1,0,0,0,0,0,0,0,0
C4H14N8,test_ood,26,7,0,0,0,7,0,0,0,7,0,0,0,0
C4H15N3,seen,22,2,1,1,0,0,1,1,0,0,0,0,0,0
C4H15N3O1,seen,23,1,1,0,0,0,1,0,0,0,0,0,0,0
C4H15N5,test_ood,24,1,0,0,0,1,0,0,0,1,0,0,0,0
C4H15N5O2,seen,26,2,1,1,0,0,1,1,0,0,0,0,0,0
C4H15N5O3,seen,27,1,1,0,0,0,1,0,0,0,0,0,0,0
C4H15N5O4,seen,28,3,2,1,0,0,0,0,0,0,0,0,0,0
C4H15N7,seen,26,2,1,1,0,0,0,1,0,0,0,0,0,0
C4H15N7O1,seen,27,15,9,3,3,0,9,3,3,0,0,0,0,0
C4H16N4,seen,24,2,1,1,0,0,1,0,0,0,0,0,0,0
C4H16N6O1,seen,27,1,1,0,0,0,1,0,0,0,0,0,0,0
C4H16N8,test_ood,28,4,0,0,0,4,0,0,0,4,0,0,0,0
C4H17N7O2,test_ood,30,1,0,0,0,1,0,0,0,0,0,0,0,0
C4H1N1O1,test_ood,7,1030,0,0,0,1030,0,0,0,1021,0,0,0,127
C4H1N1O2,test_ood,8,480,0,0,0,480,0,0,0,470,0,0,0,57
C4H1N1O3,test_ood,9,1020,0,0,0,1020,0,0,0,1009,0,0,0,196
C4H1N1O4,test_ood,10,96,0,0,0,96,0,0,0,83,0,0,0,26
C4H1N3,seen,8,367,220,74,73,0,220,74,73,0,41,14,9,0
C4H1N3O1,test_ood,9,1009,0,0,0,1009,0,0,0,990,0,0,0,198
C4H1N3O2,seen,10,164,98,33,33,0,82,29,31,0,19,7,6,0
C4H2,test_ood,6,1495,0,0,0,1495,0,0,0,1495,0,0,0,255
C4H2N2,seen,8,1425,855,285,285,0,851,283,284,0,129,44,46,0
C4H2N2O1,seen,9,4884,2930,977,977,0,2913,974,976,0,338,128,110,0
C4H2N2O2,seen,10,9159,5495,1832,1832,0,5401,1804,1803,0,913,323,331,0
C4H2N2O3,test_ood,11,584,0,0,0,584,0,0,0,505,0,0,0,125
C4H2N2O4,seen,12,144,86,29,29,0,0,0,0,0,6,4,5,0
C4H2N4,seen,10,4005,2403,801,801,0,2369,789,790,0,428,153,134,0
C4H2N4O1,seen,11,330,198,66,66,0,169,56,59,0,48,20,17,0
C4H2N4O2,seen,12,1,1,0,0,0,1,0,0,0,0,0,0,0
C4H2N4O4,seen,14,2,1,1,0,0,1,1,0,0,0,0,0,0
C4H2N6O2,seen,14,2,1,1,0,0,1,1,0,0,0,0,0,0
C4H2O2,seen,8,656,394,131,131,0,390,130,130,0,63,15,22,0
C4H2O3,seen,9,1132,679,227,226,0,670,227,222,0,105,28,42,0
C4H2O4,seen,10,1360,816,272,272,0,802,266,266,0,99,34,38,0
C4H2O5,test_ood,11,2,0,0,0,2,0,0,0,2,0,0,0,1
C4H3N1,test_ood,8,2134,0,0,0,2134,0,0,0,2134,0,0,0,260
C4H3N1O1,test_ood,9,4504,0,0,0,4504,0,0,0,4489,0,0,0,741
C4H3N1O2,seen,10,10109,6065,2022,2022,0,5845,1960,1961,0,650,224,183,0
C4H3N1O3,test_ood,11,14461,0,0,0,14461,0,0,0,14226,0,0,0,1740
C4H3N1O4,test_ood,12,586,0,0,0,586,0,0,0,533,0,0,0,117
C4H3N3,test_ood,10,3602,0,0,0,3602,0,0,0,3579,0,0,0,388
C4H3N3O1,seen,11,24905,14943,4981,4981,0,14660,4891,4877,0,1725,589,592,0
C4H3N3O2,seen,12,2716,1630,543,543,0,1419,477,473,0,233,60,78,0
C4H3N3O3,seen,13,138,83,28,27,0,82,28,27,0,18,3,4,0
C4H3N3O4,test_ood,14,1,0,0,0,1,0,0,0,1,0,0,0,1
C4H3N3O5,test_ood,15,3,0,0,0,3,0,0,0,3,0,0,0,0
C4H3N5,test_ood,12,503,0,0,0,503,0,0,0,444,0,0,0,92
C4H3N5O1,test_ood,13,133,0,0,0,133,0,0,0,132,0,0,0,27
C4H3N5O3,seen,15,1,1,0,0,0,1,0,0,0,0,0,0,0
C4H4,seen,8,1781,1069,356,356,0,1050,351,353,0,146,45,42,0
C4H4N2,test_ood,10,5157,0,0,0,5157,0,0,0,5145,0,0,0,648
C4H4N2O1,test_ood,11,20922,0,0,0,20922,0,0,0,20801,0,0,0,2030
C4H4N2O2,seen,12,46225,27735,9245,9245,0,26657,8899,8915,0,2990,1024,1019,0
C4H4N2O3,seen,13,2036,1222,407,407,0,1070,360,350,0,173,48,46,0
C4H4N2O4,test_ood,14,418,0,0,0,418,0,0,0,129,0,0,0,53
C4H4N2O6,seen,16,2,1,1,0,0,1,0,0,0,0,1,0,0
C4H4N4,seen,12,21007,12604,4202,4201,0,12359,4133,4112,0,1623,522,521,0
C4H4N4O1,seen,13,4685,2811,937,937,0,2311,800,744,0,383,126,108,0
C4H4N4O2,test_ood,14,10,0,0,0,10,0,0,0,10,0,0,0,1
C4H4N4O3,test_ood,15,798,0,0,0,798,0,0,0,501,0,0,0,111
C4H4N4O4,seen,16,29,17,6,6,0,17,6,6,0,3,0,0,0
C4H4N6,seen,14,295,177,59,59,0,81,38,31,0,17,6,6,0
C4H4N6O1,seen,15,385,231,77,77,0,230,75,75,0,33,7,10,0
C4H4N6O2,test_ood,16,270,0,0,0,270,0,0,0,268,0,0,0,41
C4H4N8,seen,16,1,1,0,0,0,1,0,0,0,1,0,0,0
C4H4O1,test_ood,9,3756,0,0,0,3756,0,0,0,3753,0,0,0,376
C4H4O2,seen,10,7545,4527,1509,1509,0,4489,1496,1497,0,482,199,176,0
C4H4O3,test_ood,11,4054,0,0,0,4054,0,0,0,4042,0,0,0,386
C4H4O4,seen,12,6361,3817,1272,1272,0,3480,1137,1152,0,442,137,170,0
C4H4O5,test_ood,13,730,0,0,0,730,0,0,0,566,0,0,0,92
C4H4O6,seen,14,515,309,103,103,0,300,101,98,0,56,23,25,0
C4H5N1,test_ood,10,6534,0,0,0,6534,0,0,0,6530,0,0,0,412
C4H5N1O1,seen,11,15878,9527,3176,3175,0,9487,3157,3167,0,918,304,306,0
C4H5N1O2,seen,12,20032,12019,4007,4006,0,11950,3988,3979,0,1099,344,377,0
C4H5N1O3,seen,13,21793,13076,4359,4358,0,12714,4233,4249,0,1397,470,473,0
C4H5N1O4,test_ood,14,682,0,0,0,682,0,0,0,611,0,0,0,97
C4H5N1O5,seen,15,393,236,79,78,0,59,22,22,0,26,9,7,0
C4H5N3,seen,12,18065,10839,3613,3613,0,10587,3530,3547,0,867,334,284,0
C4H5N3O1,test_ood,13,59141,0,0,0,59141,0,0,0,57807,0,0,0,6346
C4H5N3O2,seen,14,4989,2993,998,998,0,2325,775,774,0,365,116,117,0
C4H5N3O3,test_ood,15,640,0,0,0,640,0,0,0,346,0,0,0,76
C4H5N3O4,seen,16,333,200,67,66,0,93,29,31,0,30,8,6,0
C4H5N3O5,seen,17,19,11,4,4,0,11,4,4,0,2,0,1,0
C4H5N5,test_ood,14,2419,0,0,0,2419,0,0,0,2070,0,0,0,361
C4H5N5O1,seen,15,9,5,2,2,0,5,2,2,0,0,0,1,0
C4H5N5O2,test_ood,16,29,0,0,0,29,0,0,0,29,0,0,0,2
C4H5N5O3,test_ood,17,75,0,0,0,75,0,0,0,75,0,0,0,16
C4H5N7,test_ood,16,270,0,0,0,270,0,0,0,268,0,0,0,37
C4H5N7O1,seen,17,18,11,4,3,0,11,4,3,0,4,1,1,0
C4H6,test_ood,10,3209,0,0,0,3209,0,0,0,3034,0,0,0,132
C4H6N2,seen,12,18679,11207,3736,3736,0,10893,3619,3635,0,1039,312,336,0
C4H6N2O1,test_ood,13,30892,0,0,0,30892,0,0,0,30375,0,0,0,2599
C4H6N2O2,test_ood,14,51684,0,0,0,51684,0,0,0,50516,0,0,0,5625
C4H6N2O3,seen,15,3029,1817,606,606,0,1630,532,537,0,240,85,75,0
C4H6N2O4,seen,16,251,151,50,50,0,145,50,50,0,17,7,5,0
C4H6N2O5,test_ood,17,9,0,0,0,9,0,0,0,9,0,0,0,1
C4H6N2O6,test_ood,18,5,0,0,0,5,0,0,0,5,0,0,0,0
C4H6N4,seen,14,34606,20764,6921,6921,0,20296,6752,6787,0,2214,745,755,0
C4H6N4O1,test_ood,15,5933,0,0,0,5933,0,0,0,4799,0,0,0,720
C4H6N4O2,seen,16,784,470,157,157,0,460,156,154,0,75,15,27,0
C4H6N4O3,seen,17,53,32,11,10,0,32,11,10,0,7,3,1,0
C4H6N4O4,seen,18,66,40,13,13,0,38,13,13,0,4,1,2,0
C4H6N4O5,seen,19,2,1,1,0,0,0,0,0,0,0,1,0,0
C4H6N6,seen,16,5,3,1,1,0,3,1,1,0,0,0,0,0
C4H6N6O1,seen,17,676,406,135,135,0,396,130,133,0,69,22,19,0
C4H6N6O2,seen,18,88,53,18,17,0,52,17,17,0,5,3,3,0
C4H6N8,seen,18,76,46,15,15,0,46,15,15,0,5,2,1,0
C4H6N8O1,seen,19,1,1,0,0,0,0,0,0,0,0,0,0,0
C4H6O1,seen,11,14809,8885,2962,2962,0,8697,2914,2894,0,618,231,200,0
C4H6O2,test_ood,12,18814,0,0,0,18814,0,0,0,17860,0,0,0,1964
C4H6O3,seen,13,6638,3983,1328,1327,0,3391,1140,1138,0,409,124,125,0
C4H6O4,seen,14,4572,2743,915,914,0,2532,844,833,0,292,105,99,0
C4H6O5,seen,15,421,253,84,84,0,82,27,21,0,28,7,9,0
C4H6O6,seen,16,92,55,19,18,0,54,19,18,0,10,4,2,0
C4H6O8,seen,18,1,1,0,0,0,0,0,0,0,0,0,0,0
C4H7N1,seen,12,7893,4736,1579,1578,0,4637,1558,1544,0,217,91,76,0
C4H7N1O1,test_ood,13,21695,0,0,0,21695,0,0,0,20984,0,0,0,1940
C4H7N1O2,test_ood,14,11331,0,0,0,11331,0,0,0,10388,0,0,0,1199
C4H7N1O3,seen,15,11249,6749,2250,2250,0,6478,2174,2184,0,715,227,239,0
C4H7N1O4,test_ood,16,2108,0,0,0,2108,0,0,0,1778,0,0,0,265
C4H7N1O5,seen,17,343,206,69,68,0,107,44,41,0,25,13,6,0
C4H7N1O6,seen,18,2,1,1,0,0,0,0,0,0,0,0,0,0
C4H7N1O7,test_ood,19,1,0,0,0,1,0,0,0,0,0,0,0,0
C4H7N3,seen,14,18239,10943,3648,3648,0,10585,3520,3534,0,938,322,284,0
C4H7N3O1,test_ood,15,51694,0,0,0,51694,0,0,0,49981,0,0,0,5392
C4H7N3O2,test_ood,16,6046,0,0,0,6046,0,0,0,5297,0,0,0,715
C4H7N3O3,seen,17,221,133,44,44,0,46,16,14,0,17,5,5,0
C4H7N3O4,seen,18,112,67,23,22,0,66,20,20,0,16,3,4,0
C4H7N3O5,test_ood,19,19,0,0,0,19,0,0,0,19,0,0,0,2
C4H7N5,test_ood,16,3067,0,0,0,3067,0,0,0,2693,0,0,0,398
C4H7N5O1,test_ood,17,436,0,0,0,436,0,0,0,106,0,0,0,57
C4H7N5O2,test_ood,18,361,0,0,0,361,0,0,0,212,0,0,0,27
C4H7N5O3,test_ood,19,221,0,0,0,221,0,0,0,219,0,0,0,32
C4H7N7,seen,18,11,7,2,2,0,7,2,2,0,1,0,1,0
C4H7N7O1,test_ood,19,74,0,0,0,74,0,0,0,72,0,0,0,12
C4H7N7O2,seen,20,1,1,0,0,0,0,0,0,0,0,0,0,0
C4H7N9,seen,20,1,1,0,0,0,0,0,0,0,0,0,0,0
C4H8,test_ood,12,4718,0,0,0,4718,0,0,0,4682,0,0,0,426
C4H8N2,seen,14,21177,12706,4236,4235,0,12452,4153,4147,0,1062,375,383,0
C4H8N2O1,seen,15,16775,10065,3355,3355,0,9533,3162,3167,0,895,296,311,0
C4H8N2O2,seen,16,24553,14732,4911,4910,0,13811,4593,4621,0,1495,556,532,0
C4H8N2O3,test_ood,17,3307,0,0,0,3307,0,0,0,3023,0,0,0,414
C4H8N2O4,seen,18,188,113,38,37,0,106,37,35,0,18,5,6,0
C4H8N2O5,test_ood,19,5,0,0,0,5,0,0,0,4,0,0,0,0
C4H8N2O6,seen,20,3,2,1,0,0,1,1,0,0,0,1,0,0
C4H8N4,seen,16,28090,16854,5618,5618,0,16296,5450,5420,0,1817,572,586,0
C4H8N4O1,seen,17,6419,3851,1284,1284,0,3364,1140,1111,0,478,146,181,0
C4H8N4O2,test_ood,18,972,0,0,0,972,0,0,0,791,0,0,0,142
C4H8N4O3,test_ood,19,75,0,0,0,75,0,0,0,72,0,0,0,9
C4H8N4O4,seen,20,83,50,17,16,0,49,17,16,0,6,2,5,0
C4H8N6,seen,18,47,28,10,9,0,27,10,9,0,6,1,2,0
C4H8N6O1,seen,19,172,103,35,34,0,100,35,33,0,19,8,4,0
C4H8N6O2,seen,20,140,84,28,28,0,84,26,28,0,11,5,5,0
C4H8N6O3,test_ood,21,1,0,0,0,1,0,0,0,0,0,0,0,0
C4H8N8,test_ood,20,24,0,0,0,24,0,0,0,23,0,0,0,5
C4H8N8O1,seen,21,1,1,0,0,0,0,0,0,0,0,0,0,0
C4H8O1,seen,13,21172,12703,4235,4234,0,12613,4195,4196,0,767,254,238,0
C4H8O2,seen,14,14713,8828,2943,2942,0,7951,2661,2648,0,794,263,263,0
C4H8O3,seen,15,3546,2128,709,709,0,1584,538,540,0,235,71,75,0
C4H8O4,test_ood,16,1802,0,0,0,1802,0,0,0,1753,0,0,0,238
C4H8O5,test_ood,17,4,0,0,0,4,0,0,0,4,0,0,0,0
C4H9N1,seen,14,19184,11510,3837,3837,0,11498,3825,3833,0,429,158,138,0
C4H9N1O1,seen,15,20499,12299,4100,4100,0,10491,3501,3528,0,872,311,317,0
C4H9N1O2,test_ood,16,4397,0,0,0,4397,0,0,0,3584,0,0,0,468
C4H9N1O3,test_ood,17,4829,0,0,0,4829,0,0,0,4299,0,0,0,537
C4H9N1O4,seen,18,227,136,46,45,0,133,45,44,0,16,5,9,0
C4H9N1O5,seen,19,141,85,28,28,0,85,28,27,0,15,3,4,0
C4H9N1O6,test_ood,20,2,0,0,0,2,0,0,0,0,0,0,0,0
C4H9N3,seen,16,8177,4906,1636,1635,0,4763,1582,1589,0,442,149,141,0
C4H9N3O1,test_ood,17,17991,0,0,0,17991,0,0,0,17326,0,0,0,1978
C4H9N3O2,test_ood,18,2808,0,0,0,2808,0,0,0,2413,0,0,0,349
C4H9N3O3,test_ood,19,448,0,0,0,448,0,0,0,443,0,0,0,68
C4H9N3O4,test_ood,20,37,0,0,0,37,0,0,0,36,0,0,0,2
C4H9N3O5,test_ood,21,20,0,0,0,20,0,0,0,19,0,0,0,2
C4H9N5,test_ood,18,3087,0,0,0,3087,0,0,0,2547,0,0,0,360
C4H9N5O1,test_ood,19,102,0,0,0,102,0,0,0,98,0,0,0,7
C4H9N5O2,seen,20,208,125,42,41,0,122,41,41,0,16,12,8,0
C4H9N5O3,test_ood,21,148,0,0,0,148,0,0,0,147,0,0,0,0
C4H9N7,seen,20,192,115,39,38,0,112,38,36,0,20,4,5,0
C4H9N7O1,test_ood,21,106,0,0,0,106,0,0,0,104,0,0,0,6
C4N2,seen,6,698,419,140,139,0,419,138,139,0,72,31,23,0
C4N2O2,test_ood,8,168,0,0,0,168,0,0,0,160,0,0,0,31
C4N2O3,seen,9,18,11,4,3,0,9,3,2,0,3,2,0,0
C4N4,test_ood,8,2,0,0,0,2,0,0,0,2,0,0,0,0
C4N4O1,seen,9,15,9,3,3,0,8,3,3,0,5,1,1,0
C5H10,seen,15,10268,6161,2054,2053,0,4591,1528,1509,0,320,91,119,0
C5H10N2,seen,17,9771,5863,1954,1954,0,5812,1929,1937,0,555,182,187,0
C5H10N2O1,seen,18,21481,12889,4296,4296,0,12284,4095,4126,0,1449,491,497,0
C5H10N2O2,seen,19,4872,2923,975,974,0,2193,727,735,0,343,132,110,0
C5H10N2O3,seen,20,2842,1705,569,568,0,1668,553,553,0,196,48,84,0
C5H10N2O4,seen,21,1400,840,280,280,0,810,277,268,0,59,21,25,0
C5H10N2O5,test_ood,22,34,0,0,0,34,0,0,0,33,0,0,0,0
C5H10N4,test_ood,19,6187,0,0,0,6187,0,0,0,5373,0,0,0,818
C5H10N4O1,seen,20,288,173,58,57,0,167,58,55,0,21,3,7,0
C5H10N4O2,seen,21,751,451,150,150,0,438,146,148,0,7,1,2,0
C5H10N4O3,seen,22,426,256,85,85,0,252,84,85,0,8,4,3,0
C5H10N4O4,seen,23,2,1,1,0,0,0,0,0,0,0,0,0,0
C5H10N6,seen,21,270,162,54,54,0,160,53,52,0,16,5,3,0
C5H10N6O1,seen,22,259,155,52,52,0,153,52,52,0,2,0,2,0
C5H10N6O2,test_ood,23,6,0,0,0,6,0,0,0,0,0,0,0,0
C5H10O1,seen,16,14465,8679,2893,2893,0,8441,2812,2805,0,569,188,210,0
C5H10O2,test_ood,17,1887,0,0,0,1887,0,0,0,1557,0,0,0,185
C5H10O3,seen,18,3301,1981,660,660,0,1584,539,534,0,228,67,83,0
C5H10O4,seen,19,255,153,51,51,0,153,51,51,0,21,6,3,0
C5H10O5,test_ood,20,985,0,0,0,985,0,0,0,505,0,0,0,117
C5H10O6,test_ood,21,1,0,0,0,1,0,0,0,0,0,0,0,0
C5H11N1,test_ood,17,14074,0,0,0,14074,0,0,0,13959,0,0,0,729
C5H11N1O1,seen,18,4064,2438,813,813,0,789,296,274,0,241,83,68,0
C5H11N1O2,seen,19,6893,4136,1379,1378,0,3305,1079,1117,0,451,167,148,0
C5H11N1O3,seen,20,611,367,122,122,0,85,34,23,0,43,22,15,0
C5H11N1O4,seen,21,801,481,160,160,0,275,91,102,0,35,10,8,0
C5H11N1O5,seen,22,8,5,2,1,0,5,1,1,0,0,0,0,0
C5H11N1O6,seen,23,2,1,1,0,0,1,1,0,0,0,0,0,0
C5H11N3,test_ood,19,13479,0,0,0,13479,0,0,0,12910,0,0,0,1569
C5H11N3O1,seen,20,4209,2525,842,842,0,2121,707,684,0,286,102,99,0
C5H11N3O2,test_ood,21,864,0,0,0,864,0,0,0,712,0,0,0,46
C5H11N3O3,test_ood,22,1290,0,0,0,1290,0,0,0,1113,0,0,0,30
C5H11N3O4,seen,23,96,58,19,19,0,57,18,19,0,1,1,0,0
C5H11N3O5,test_ood,24,1,0,0,0,1,0,0,0,0,0,0,0,0
C5H11N5,test_ood,21,947,0,0,0,947,0,0,0,912,0,0,0,53
C5H11N5O1,seen,22,288,173,58,57,0,173,54,57,0,13,4,4,0
C5H11N5O2,test_ood,23,644,0,0,0,644,0,0,0,633,0,0,0,38
C5H11N5O3,test_ood,24,4,0,0,0,4,0,0,0,0,0,0,0,0
C5H11N7,test_ood,23,89,0,0,0,89,0,0,0,89,0,0,0,6
C5H11N7O1,test_ood,24,1,0,0,0,1,0,0,0,0,0,0,0,0
C5H11N7O2,seen,25,1,1,0,0,0,0,0,0,0,0,0,0,0
C5H12,test_ood,17,1017,0,0,0,1017,0,0,0,1016,0,0,0,36
C5H12N2,seen,19,779,467,156,156,0,448,153,152,0,52,15,11,0
C5H12N2O1,test_ood,20,4868,0,0,0,4868,0,0,0,4707,0,0,0,515
C5H12N2O2,seen,21,880,528,176,176,0,476,163,157,0,9,0,1,0
C5H12N2O3,test_ood,22,179,0,0,0,179,0,0,0,171,0,0,0,8
C5H12N2O4,seen,23,36,22,7,7,0,22,7,7,0,0,0,0,0
C5H12N2O5,test_ood,24,12,0,0,0,12,0,0,0,12,0,0,0,1
C5H12N4,seen,21,2386,1432,477,477,0,1266,418,408,0,26,4,6,0
C5H12N4O1,test_ood,22,266,0,0,0,266,0,0,0,126,0,0,0,21
C5H12N4O2,test_ood,23,1038,0,0,0,1038,0,0,0,743,0,0,0,69
C5H12N4O3,test_ood,24,579,0,0,0,579,0,0,0,563,0,0,0,30
C5H12N4O4,test_ood,25,3,0,0,0,3,0,0,0,0,0,0,0,0
C5H12N6,seen,23,366,220,73,73,0,105,40,39,0,13,7,4,0
C5H12N6O1,seen,24,244,146,49,49,0,145,48,49,0,2,1,3,0
C5H12N6O2,seen,25,1,1,0,0,0,0,0,0,0,0,0,0,0
C5H12N6O3,seen,26,1,1,0,0,0,0,0,0,0,0,0,0,0
C5H12O1,test_ood,18,2458,0,0,0,2458,0,0,0,2440,0,0,0,183
C5H12O2,test_ood,19,1621,0,0,0,1621,0,0,0,914,0,0,0,151
C5H12O3,seen,20,232,139,47,46,0,139,46,45,0,24,7,7,0
C5H12O4,seen,21,109,65,22,22,0,64,22,21,0,0,0,0,0
C5H12O5,seen,22,2,1,1,0,0,1,0,0,0,0,0,0,0
C5H12O6,seen,23,2,1,1,0,0,0,0,0,0,0,0,0,0
C5H13N1,seen,19,3376,2026,675,675,0,1838,610,612,0,108,39,49,0
C5H13N1O1,seen,20,557,334,112,111,0,244,88,81,0,31,16,9,0
C5H13N1O2,seen,21,267,160,54,53,0,153,50,51,0,15,3,3,0
C5H13N1O3,test_ood,22,5,0,0,0,5,0,0,0,5,0,0,0,0
C5H13N1O4,seen,23,4,2,1,1,0,2,1,1,0,0,0,0,0
C5H13N1O5,seen,24,4,2,1,1,0,0,0,1,0,0,0,0,0
C5H13N1O6,seen,25,3,2,1,0,0,0,0,0,0,0,0,0,0
C5H13N3,seen,21,2363,1418,473,472,0,1366,456,453,0,48,14,11,0
C5H13N3O1,seen,22,781,469,156,156,0,404,134,134,0,3,1,1,0
C5H13N3O2,test_ood,23,59,0,0,0,59,0,0,0,55,0,0,0,0
C5H13N3O3,test_ood,24,65,0,0,0,65,0,0,0,63,0,0,0,0
C5H13N3O4,seen,25,46,28,9,9,0,20,7,6,0,2,0,0,0
C5H13N3O5,seen,26,2,1,1,0,0,0,0,0,0,0,0,0,0
C5H13N5,test_ood,23,21,0,0,0,21,0,0,0,21,0,0,0,0
C5H13N5O1,seen,24,100,60,20,20,0,58,20,20,0,3,1,0,0
C5H13N5O2,seen,25,368,221,74,73,0,213,71,70,0,12,4,1,0
C5H13N5O3,seen,26,5,3,1,1,0,0,0,0,0,0,0,0,0
C5H13N5O4,test_ood,27,1,0,0,0,1,0,0,0,0,0,0,0,0
C5H13N7,test_ood,25,96,0,0,0,96,0,0,0,95,0,0,0,0
C5H13N7O2,seen,27,1,1,0,0,0,0,0,0,0,0,0,0,0
C5H14N2,seen,21,73,44,15,14,0,44,15,14,0,1,2,0,0
C5H14N2O1,test_ood,22,4,0,0,0,4,0,0,0,4,0,0,0,0
C5H14N2O2,test_ood,23,255,0,0,0,255,0,0,0,247,0,0,0,14
C5H14N2O3,seen,24,8,5,2,1,0,4,1,1,0,0,0,0,0
C5H14N2O4,seen,25,3,2,1,0,0,0,1,0,0,0,0,0,0
C5H14N2O5,seen,26,2,1,1,0,0,0,1,0,0,0,0,0,0
C5H14N4,seen,23,320,192,64,64,0,169,60,54,0,6,4,1,0
C5H14N4O1,seen,24,115,69,23,23,0,67,20,22,0,2,0,0,0
C5H14N4O2,seen,25,99,59,20,20,0,58,17,20,0,2,0,0,0
C5H14N4O3,test_ood,26,66,0,0,0,66,0,0,0,61,0,0,0,0
C5H14N4O4,seen,27,1,1,0,0,0,0,0,0,0,0,0,0,0
C5H14N6,seen,25,34,20,7,7,0,20,6,7,0,0,0,0,0
C5H14N6O1,seen,26,136,82,27,27,0,82,26,27,0,4,0,2,0
C5H14N6O2,seen,27,1,1,0,0,0,0,0,0,0,0,0,0,0
C5H14N6O3,seen,28,4,2,1,1,0,0,0,0,0,0,0,0,0
C5H14O1,seen,20,7,4,2,1,0,4,2,1,0,1,0,0,0
C5H14O2,seen,21,93,56,19,18,0,56,19,18,0,0,0,0,0
C5H14O3,test_ood,22,1,0,0,0,1,0,0,0,1,0,0,0,0
C5H14O4,seen,23,1,1,0,0,0,1,0,0,0,0,0,0,0
C5H15N1O1,seen,22,122,73,25,24,0,73,25,24,0,0,0,0,0
C5H15N1O2,test_ood,23,3,0,0,0,3,0,0,0,3,0,0,0,0
C5H15N3,seen,23,81,49,16,16,0,49,16,16,0,2,2,2,0
C5H15N3O1,seen,24,11,7,2,2,0,5,2,2,0,0,0,0,0
C5H15N3O2,seen,25,13,8,3,2,0,7,2,2,0,0,0,0,0
C5H15N3O3,test_ood,26,10,0,0,0,10,0,0,0,7,0,0,0,0
C5H15N3O4,seen,27,3,2,1,0,0,2,1,0,0,0,0,0,0
C5H15N5,seen,25,14,8,3,3,0,8,3,3,0,0,0,0,0
C5H15N5O1,seen,26,52,31,11,10,0,31,10,10,0,0,0,0,0
C5H15N5O2,test_ood,27,57,0,0,0,57,0,0,0,56,0,0,0,0
C5H15N5O3,seen,28,7,4,2,1,0,0,0,0,0,0,0,0,0
C5H15N7,test_ood,27,52,0,0,0,52,0,0,0,50,0,0,0,0
C5H15N7O2,seen,29,1,1,0,0,0,0,0,0,0,0,0,0,0
C5H16N2,seen,23,1,1,0,0,0,1,0,0,0,0,0,0,0
C5H16N2O1,test_ood,24,2,0,0,0,2,0,0,0,2,0,0,0,0
C5H16N2O2,seen,25,1,1,0,0,0,1,0,0,0,0,0,0,0
C5H16N4,test_ood,25,1,0,0,0,1,0,0,0,1,0,0,0,0
C5H16N4O1,seen,26,7,4,2,1,0,4,2,1,0,0,0,0,0
C5H16N4O2,seen,27,8,5,2,1,0,4,2,1,0,0,0,0,0
C5H16N4O3,seen,28,5,3,1,1,0,3,1,1,0,0,0,0,0
C5H16N6,test_ood,27,19,0,0,0,19,0,0,0,19,0,0,0,0
C5H16N6O1,test_ood,28,44,0,0,0,44,0,0,0,44,0,0,0,0
C5H16N6O2,seen,29,1,1,0,0,0,0,0,0,0,0,0,0,0
C5H16N6O3,seen,30,2,1,1,0,0,0,0,0,0,0,0,0,0
C5H17N5O1,seen,28,5,3,1,1,0,2,1,1,0,0,0,0,0
C5H17N5O2,seen,29,9,5,2,2,0,4,2,1,0,0,0,0,0
C5H17N7,test_ood,29,17,0,0,0,17,0,0,0,17,0,0,0,0
C5H18N4O2,seen,29,1,1,0,0,0,0,0,0,0,0,0,0,0
C5H18N6,seen,29,3,2,1,0,0,2,1,0,0,0,0,0,0
C5H18N6O1,seen,30,6,4,1,1,0,4,1,1,0,0,0,0,0
C5H18N6O2,seen,31,1,1,0,0,0,0,0,0,0,0,0,0,0
C5H1N1,test_ood,7,515,0,0,0,515,0,0,0,508,0,0,0,81
C5H1N1O2,seen,9,288,173,58,57,0,171,56,57,0,26,5,12,0
C5H1N1O3,seen,10,20,12,4,4,0,11,4,3,0,2,0,1,0
C5H1N3O1,seen,10,47,28,10,9,0,26,9,6,0,5,0,0,0
C5H1N5O2,seen,13,4,2,1,1,0,2,1,1,0,1,0,0,0
C5H2N2,seen,9,333,200,67,66,0,200,67,66,0,25,7,10,0
C5H2N2O1,seen,10,2635,1581,527,527,0,1553,519,520,0,241,75,76,0
C5H2N2O2,seen,11,299,179,60,60,0,162,55,55,0,33,8,15,0
C5H2N2O3,seen,12,137,82,28,27,0,81,28,27,0,12,4,3,0
C5H2N2O4,seen,13,1,1,0,0,0,1,0,0,0,0,0,0,0
C5H2N4,seen,11,25,15,5,5,0,13,5,4,0,3,0,1,0
C5H2N4O1,seen,12,1,1,0,0,0,1,0,0,0,0,0,0,0
C5H2N4O2,seen,13,1,1,0,0,0,1,0,0,0,0,0,0,0
C5H2N4O3,seen,14,3,2,1,0,0,2,1,0,0,0,0,0,0
C5H2N6,seen,13,2,1,1,0,0,1,1,0,0,0,0,0,0
C5H2N6O1,test_ood,14,9,0,0,0,9,0,0,0,9,0,0,0,1
C5H2O1,seen,8,664,398,133,133,0,397,133,133,0,82,32,26,0
C5H2O2,test_ood,9,112,0,0,0,112,0,0,0,111,0,0,0,15
C5H2O3,seen,10,757,454,152,151,0,445,148,147,0,82,28,28,0
C5H2O4,seen,11,90,54,18,18,0,45,13,14,0,11,1,5,0
C5H3N1,test_ood,9,1248,0,0,0,1248,0,0,0,1240,0,0,0,192
C5H3N1O1,seen,10,3014,1808,603,603,0,1796,600,598,0,211,62,57,0
C5H3N1O2,seen,11,8925,5355,1785,1785,0,5254,1751,1743,0,681,218,210,0
C5H3N1O3,seen,12,806,484,161,161,0,402,136,142,0,58,15,16,0
C5H3N1O4,test_ood,13,135,0,0,0,135,0,0,0,135,0,0,0,26
C5H3N1O5,seen,14,138,83,28,27,0,83,27,27,0,14,7,2,0
C5H3N3,test_ood,11,6041,0,0,0,6041,0,0,0,5932,0,0,0,946
C5H3N3O1,seen,12,822,493,165,164,0,413,140,139,0,73,20,35,0
C5H3N3O2,seen,13,123,74,25,24,0,72,25,24,0,5,2,2,0
C5H3N3O3,seen,14,1,1,0,0,0,1,0,0,0,0,0,0,0
C5H3N3O4,test_ood,15,4,0,0,0,4,0,0,0,4,0,0,0,1
C5H3N5,seen,13,276,166,55,55,0,80,25,30,0,26,3,6,0
C5H3N5O1,seen,14,1,1,0,0,0,1,0,0,0,0,0,0,0
C5H3N5O2,test_ood,15,12,0,0,0,12,0,0,0,12,0,0,0,4
C5H3N7,seen,15,5,3,1,1,0,3,1,1,0,1,0,0,0
C5H4,test_ood,9,1882,0,0,0,1882,0,0,0,1882,0,0,0,159
C5H4N2,test_ood,11,3460,0,0,0,3460,0,0,0,3432,0,0,0,364
C5H4N2O1,seen,12,21971,13183,4394,4394,0,12870,4279,4260,0,1576,503,508,0
C5H4N2O2,test_ood,13,3239,0,0,0,3239,0,0,0,2719,0,0,0,498
C5H4N2O3,seen,14,122,73,25,24,0,72,25,23,0,7,3,2,0
C5H4N2O4,seen,15,153,92,31,30,0,92,31,30,0,14,5,6,0
C5H4N2O5,seen,16,4,2,1,1,0,2,1,1,0,0,0,0,0
C5H4N4,test_ood,13,1162,0,0,0,1162,0,0,0,1035,0,0,0,170
C5H4N4O1,seen,14,380,228,76,76,0,227,76,76,0,27,8,7,0
C5H4N4O2,seen,15,724,434,145,145,0,268,78,86,0,52,20,12,0
C5H4N4O3,seen,16,155,93,31,31,0,93,30,31,0,18,3,3,0
C5H4N6,test_ood,15,128,0,0,0,128,0,0,0,128,0,0,0,16
C5H4N6O1,seen,16,8,5,2,1,0,5,2,1,0,2,0,0,0
C5H4O1,test_ood,10,2758,0,0,0,2758,0,0,0,2729,0,0,0,389
C5H4O2,test_ood,11,3878,0,0,0,3878,0,0,0,3850,0,0,0,447
C5H4O3,test_ood,12,7052,0,0,0,7052,0,0,0,6928,0,0,0,956
C5H4O4,seen,13,243,146,49,48,0,125,43,43,0,23,10,10,0
C5H5N1,seen,11,2994,1796,599,599,0,1786,595,598,0,176,51,53,0
C5H5N1O1,test_ood,12,11560,0,0,0,11560,0,0,0,11499,0,0,0,1286
C5H5N1O2,test_ood,13,31683,0,0,0,31683,0,0,0,28326,0,0,0,3339
C5H5N1O3,seen,14,1914,1148,383,383,0,837,283,287,0,135,52,44,0
C5H5N1O4,seen,15,3,2,1,0,0,2,1,0,0,0,0,0,0
C5H5N1O5,seen,16,7,4,2,1,0,4,2,1,0,0,1,0,0
C5H5N1O6,test_ood,17,7,0,0,0,7,0,0,0,7,0,0,0,2
C5H5N3,seen,13,17159,10295,3432,3432,0,10090,3351,3364,0,1178,381,403,0
C5H5N3O1,test_ood,14,4164,0,0,0,4164,0,0,0,3517,0,0,0,527
C5H5N3O2,seen,15,294,176,59,59,0,88,31,28,0,23,9,8,0
C5H5N3O3,test_ood,16,447,0,0,0,447,0,0,0,300,0,0,0,56
C5H5N3O4,seen,17,58,35,12,11,0,35,12,11,0,4,2,1,0
C5H5N5,test_ood,15,1248,0,0,0,1248,0,0,0,1084,0,0,0,173
C5H5N5O1,seen,16,871,523,174,174,0,438,143,144,0,70,21,25,0
C5H5N5O2,seen,17,36,22,7,7,0,22,7,7,0,3,1,2,0
C5H5N7,test_ood,17,5,0,0,0,5,0,0,0,5,0,0,0,0
C5H6,seen,11,5693,3416,1139,1138,0,3412,1138,1135,0,119,34,38,0
C5H6N2,test_ood,13,11808,0,0,0,11808,0,0,0,11722,0,0,0,1018
C5H6N2O1,test_ood,14,47308,0,0,0,47308,0,0,0,44848,0,0,0,4936
C5H6N2O2,test_ood,15,7903,0,0,0,7903,0,0,0,4919,0,0,0,904
C5H6N2O3,test_ood,16,486,0,0,0,486,0,0,0,346,0,0,0,60
C5H6N2O4,test_ood,17,392,0,0,0,392,0,0,0,387,0,0,0,52
C5H6N2O5,seen,18,34,20,7,7,0,20,7,7,0,9,0,2,0
C5H6N4,test_ood,15,3689,0,0,0,3689,0,0,0,2959,0,0,0,482
C5H6N4O1,seen,16,1074,644,215,215,0,452,161,164,0,98,19,25,0
C5H6N4O2,test_ood,17,77,0,0,0,77,0,0,0,77,0,0,0,15
C5H6N4O3,seen,18,144,86,29,29,0,86,29,29,0,11,3,2,0
C5H6N4O4,test_ood,19,1,0,0,0,1,0,0,0,0,0,0,0,0
C5H6N6,seen,17,1143,686,229,228,0,479,169,161,0,89,24,39,0
C5H6N6O1,test_ood,18,50,0,0,0,50,0,0,0,50,0,0,0,10
C5H6O1,test_ood,12,12595,0,0,0,12595,0,0,0,12521,0,0,0,1169
C5H6O2,test_ood,13,10438,0,0,0,10438,0,0,0,10206,0,0,0,1014
C5H6O3,test_ood,14,16434,0,0,0,16434,0,0,0,15937,0,0,0,1816
C5H6O4,seen,15,1483,890,297,296,0,635,206,200,0,113,35,40,0
C5H6O5,seen,16,1,1,0,0,0,1,0,0,0,0,0,0,0
C5H7N1,seen,13,11722,7033,2345,2344,0,6764,2243,2238,0,630,241,224,0
C5H7N1O1,seen,14,12962,7777,2593,2592,0,7563,2505,2513,0,688,215,237,0
C5H7N1O2,seen,15,35724,21434,7145,7145,0,20325,6783,6768,0,2363,785,760,0
C5H7N1O3,seen,16,2716,1630,543,543,0,1296,432,430,0,222,70,72,0
C5H7N1O4,test_ood,17,320,0,0,0,320,0,0,0,172,0,0,0,42
C5H7N1O5,seen,18,307,184,62,61,0,183,60,59,0,24,14,13,0
C5H7N1O6,seen,19,6,4,1,1,0,4,1,1,0,0,0,0,0
C5H7N3,seen,15,35739,21443,7148,7148,0,20770,6891,6905,0,2349,800,734,0
C5H7N3O1,test_ood,16,9155,0,0,0,9155,0,0,0,6175,0,0,0,1027
C5H7N3O2,test_ood,17,174,0,0,0,174,0,0,0,168,0,0,0,36
C5H7N3O3,seen,18,489,293,98,98,0,201,70,69,0,35,14,8,0
C5H7N3O4,test_ood,19,129,0,0,0,129,0,0,0,128,0,0,0,20
C5H7N3O5,seen,20,1,1,0,0,0,0,0,0,0,0,0,0,0
C5H7N5,seen,17,221,133,44,44,0,127,44,41,0,13,7,6,0
C5H7N5O1,test_ood,18,751,0,0,0,751,0,0,0,725,0,0,0,113
C5H7N5O2,test_ood,19,826,0,0,0,826,0,0,0,806,0,0,0,127
C5H7N5O3,seen,20,1,1,0,0,0,0,0,0,0,0,0,0,0
C5H7N7,seen,19,17,10,4,3,0,10,4,3,0,3,2,0,0
C5H8,seen,13,7614,4568,1523,1523,0,4377,1463,1473,0,203,62,56,0
C5H8N2,test_ood,15,15950,0,0,0,15950,0,0,0,15229,0,0,0,1353
C5H8N2O1,test_ood,16,52532,0,0,0,52532,0,0,0,50590,0,0,0,5632
C5H8N2O2,test_ood,17,7740,0,0,0,7740,0,0,0,6613,0,0,0,972
C5H8N2O3,test_ood,18,409,0,0,0,409,0,0,0,253,0,0,0,62
C5H8N2O4,seen,19,449,269,90,90,0,260,87,85,0,46,14,10,0
C5H8N2O5,seen,20,62,37,13,12,0,36,13,12,0,6,1,1,0
C5H8N4,test_ood,17,5399,0,0,0,5399,0,0,0,4516,0,0,0,625
C5H8N4O1,seen,18,554,332,111,111,0,146,54,50,0,42,22,14,0
C5H8N4O2,seen,19,1335,801,267,267,0,532,167,179,0,91,32,45,0
C5H8N4O3,seen,20,300,180,60,60,0,180,60,60,0,23,9,4,0
C5H8N4O4,seen,21,2,1,1,0,0,0,0,0,0,0,0,0,0
C5H8N6,test_ood,19,19,0,0,0,19,0,0,0,19,0,0,0,4
C5H8N6O1,test_ood,20,379,0,0,0,379,0,0,0,374,0,0,0,68
C5H8N6O2,test_ood,21,2,0,0,0,2,0,0,0,0,0,0,0,0
C5H8N6O3,seen,22,3,2,1,0,0,0,0,0,0,0,0,0,0
C5H8O1,test_ood,14,18667,0,0,0,18667,0,0,0,18227,0,0,0,1404
C5H8O2,test_ood,15,10453,0,0,0,10453,0,0,0,8959,0,0,0,1111
C5H8O3,seen,16,14729,8837,2946,2946,0,8048,2656,2693,0,924,323,313,0
C5H8O4,seen,17,1211,727,242,242,0,684,231,232,0,116,36,32,0
C5H8O5,test_ood,18,338,0,0,0,338,0,0,0,46,0,0,0,31
C5H8O6,seen,19,7,4,2,1,0,2,0,1,0,0,0,0,0
C5H8O7,test_ood,20,1,0,0,0,1,0,0,0,1,0,0,0,0
C5H9N1,seen,15,14763,8858,2953,2952,0,8777,2937,2926,0,671,215,239,0
C5H9N1O1,seen,16,11268,6761,2254,2253,0,6618,2219,2211,0,717,229,214,0
C5H9N1O2,seen,17,21579,12947,4316,4316,0,12260,4088,4098,0,1377,466,493,0
C5H9N1O3,test_ood,18,1361,0,0,0,1361,0,0,0,837,0,0,0,189
C5H9N1O4,seen,19,1889,1133,378,378,0,1020,345,348,0,163,51,55,0
C5H9N1O5,test_ood,20,20,0,0,0,20,0,0,0,20,0,0,0,3
C5H9N1O6,test_ood,21,14,0,0,0,14,0,0,0,10,0,0,0,0
C5H9N3,seen,17,34409,20645,6882,6882,0,20001,6668,6649,0,2242,726,714,0
C5H9N3O1,seen,18,9178,5507,1836,1835,0,4675,1544,1556,0,667,197,223,0
C5H9N3O2,seen,19,472,283,95,94,0,203,63,59,0,40,9,14,0
C5H9N3O3,seen,20,205,123,41,41,0,119,41,39,0,15,2,3,0
C5H9N3O4,seen,21,168,101,34,33,0,98,31,33,0,1,0,2,0
C5H9N5,test_ood,19,165,0,0,0,165,0,0,0,20,0,0,0,26
C5H9N5O1,seen,20,121,73,24,24,0,73,24,22,0,9,6,4,0
C5H9N5O2,test_ood,21,597,0,0,0,597,0,0,0,588,0,0,0,25
C5H9N5O3,seen,22,3,2,1,0,0,0,0,0,0,0,0,0,0
C5H9N5O4,test_ood,23,1,0,0,0,1,0,0,0,0,0,0,0,0
C5H9N7,test_ood,21,58,0,0,0,58,0,0,0,56,0,0,0,0
C5N2O1,seen,8,201,121,40,40,0,121,40,40,0,23,8,9,0
C6H10,seen,16,7826,4696,1565,1565,0,4563,1514,1530,0,393,131,134,0
C6H10N2,seen,18,32396,19438,6479,6479,0,18865,6286,6272,0,2051,728,692,0
C6H10N2O1,seen,19,11886,7132,2377,2377,0,6001,1970,1952,0,870,308,282,0
C6H10N2O2,test_ood,20,1517,0,0,0,1517,0,0,0,984,0,0,0,159
C6H10N2O3,test_ood,21,882,0,0,0,882,0,0,0,720,0,0,0,21
C6H10N2O4,test_ood,22,579,0,0,0,579,0,0,0,572,0,0,0,28
C6H10N2O5,test_ood,23,1391,0,0,0,1391,0,0,0,1205,0,0,0,133
C6H10N4,seen,20,255,153,51,51,0,151,50,51,0,16,7,4,0
C6H10N4O1,seen,21,299,179,60,60,0,175,60,60,0,14,5,2,0
C6H10N4O2,seen,22,948,569,190,189,0,563,190,188,0,17,8,2,0
C6H10N4O3,seen,23,127,76,26,25,0,73,26,25,0,3,1,1,0
C6H10N6,seen,22,543,326,109,108,0,210,72,76,0,31,18,9,0
C6H10N6O1,test_ood,23,3,0,0,0,3,0,0,0,0,0,0,0,0
C6H10N6O2,seen,24,1,1,0,0,0,0,0,0,0,0,0,0,0
C6H10N6O3,test_ood,25,1,0,0,0,1,0,0,0,0,0,0,0,0
C6H10O1,seen,17,5082,3049,1017,1016,0,3027,1015,1008,0,301,118,98,0
C6H10O2,test_ood,18,18028,0,0,0,18028,0,0,0,16381,0,0,0,2024
C6H10O3,test_ood,19,2777,0,0,0,2777,0,0,0,1977,0,0,0,350
C6H10O4,seen,20,2669,1601,534,534,0,1406,480,463,0,171,51,55,0
C6H10O5,seen,21,746,448,149,149,0,439,146,148,0,20,6,8,0
C6H10O6,seen,22,8,5,2,1,0,4,2,1,0,0,0,0,0
C6H11N1,seen,18,9129,5477,1826,1826,0,5249,1765,1752,0,523,181,174,0
C6H11N1O1,test_ood,19,20711,0,0,0,20711,0,0,0,19736,0,0,0,2359
C6H11N1O2,seen,20,2953,1772,591,590,0,1433,488,484,0,209,83,64,0
C6H11N1O3,test_ood,21,760,0,0,0,760,0,0,0,330,0,0,0,58
C6H11N1O4,seen,22,931,559,186,186,0,134,31,37,0,44,19,15,0
C6H11N1O5,test_ood,23,54,0,0,0,54,0,0,0,51,0,0,0,0
C6H11N1O6,seen,24,1,1,0,0,0,0,0,0,0,0,0,0,0
C6H11N3,seen,20,8761,5257,1752,1752,0,4449,1511,1494,0,654,188,217,0
C6H11N3O1,test_ood,21,295,0,0,0,295,0,0,0,292,0,0,0,19
C6H11N3O2,test_ood,22,417,0,0,0,417,0,0,0,410,0,0,0,12
C6H11N3O3,seen,23,747,448,150,149,0,442,149,147,0,35,9,5,0
C6H11N3O4,seen,24,1394,836,279,279,0,724,236,241,0,42,15,14,0
C6H11N5,seen,22,511,307,102,102,0,305,102,102,0,13,9,5,0
C6H11N5O1,seen,23,562,337,113,112,0,247,84,83,0,16,4,6,0
C6H11N5O2,seen,24,90,54,18,18,0,51,17,18,0,2,0,1,0
C6H11N5O3,test_ood,25,2,0,0,0,2,0,0,0,0,0,0,0,0
C6H11N7,seen,24,1,1,0,0,0,0,0,0,0,0,0,0,0
C6H11N7O1,test_ood,25,1,0,0,0,1,0,0,0,0,0,0,0,0
C6H11N9O4,seen,30,1,1,0,0,0,0,0,0,0,0,0,0,0
C6H12,test_ood,18,7001,0,0,0,7001,0,0,0,4649,0,0,0,466
C6H12N2,seen,20,17520,10512,3504,3504,0,10108,3378,3356,0,1115,377,418,0
C6H12N2O1,seen,21,6066,3640,1213,1213,0,3111,1032,1039,0,86,18,20,0
C6H12N2O2,seen,22,1069,641,214,214,0,542,181,182,0,26,4,13,0
C6H12N2O3,seen,23,1364,818,273,273,0,631,208,206,0,42,13,13,0
C6H12N2O4,seen,24,2515,1509,503,503,0,1443,484,484,0,64,25,22,0
C6H12N2O5,test_ood,25,568,0,0,0,568,0,0,0,544,0,0,0,45
C6H12N2O6,seen,26,305,183,61,61,0,178,58,59,0,18,3,4,0
C6H12N4,seen,22,489,293,98,98,0,284,96,97,0,15,8,7,0
C6H12N4O1,seen,23,542,325,109,108,0,323,106,108,0,18,4,8,0
C6H12N4O2,seen,24,1905,1143,381,381,0,1131,367,375,0,13,6,3,0
C6H12N4O3,test_ood,25,3,0,0,0,3,0,0,0,0,0,0,0,0
C6H12N4O4,test_ood,26,3,0,0,0,3,0,0,0,0,0,0,0,0
C6H12N4O6,test_ood,28,1,0,0,0,1,0,0,0,0,0,0,0,0
C6H12N6,test_ood,24,394,0,0,0,394,0,0,0,391,0,0,0,25
C6H12N6O1,test_ood,25,4,0,0,0,4,0,0,0,0,0,0,0,0
C6H12N6O3,seen,27,645,387,129,129,0,369,121,120,0,14,5,10,0
C6H12O1,test_ood,19,1358,0,0,0,1358,0,0,0,353,0,0,0,145
C6H12O2,test_ood,20,1966,0,0,0,1966,0,0,0,1769,0,0,0,202
C6H12O3,test_ood,21,314,0,0,0,314,0,0,0,306,0,0,0,18
C6H12O4,test_ood,22,588,0,0,0,588,0,0,0,407,0,0,0,29
C6H12O5,seen,23,1240,744,248,248,0,645,213,215,0,23,9,9,0
C6H12O6,seen,24,597,358,120,119,0,353,119,115,0,26,10,9,0
C6H13N1,seen,20,544,326,109,109,0,311,102,107,0,40,5,9,0
C6H13N1O1,seen,21,1309,785,262,262,0,666,225,218,0,30,11,12,0
C6H13N1O2,test_ood,22,3615,0,0,0,3615,0,0,0,3000,0,0,0,152
C6H13N1O3,seen,23,1788,1073,358,357,0,721,232,247,0,60,14,23,0
C6H13N1O4,seen,24,4857,2914,972,971,0,2328,785,813,0,106,33,34,0
C6H13N1O5,seen,25,720,432,144,144,0,432,141,143,0,26,14,9,0
C6H13N1O7,seen,27,1,1,0,0,0,0,0,0,0,0,0,0,0
C6H13N3,seen,22,4681,2809,936,936,0,2346,784,780,0,58,13,19,0
C6H13N3O1,seen,23,343,206,69,68,0,113,48,32,0,10,3,4,0
C6H13N3O2,test_ood,24,842,0,0,0,842,0,0,0,681,0,0,0,31
C6H13N3O3,seen,25,794,476,159,159,0,474,159,157,0,9,4,2,0
C6H13N3O4,seen,26,2,1,1,0,0,0,0,0,0,0,0,0,0
C6H13N3O7,test_ood,29,2,0,0,0,2,0,0,0,0,0,0,0,0
C6H13N5,seen,24,572,343,115,114,0,176,56,52,0,20,13,13,0
C6H13N5O1,test_ood,25,473,0,0,0,473,0,0,0,471,0,0,0,11
C6H13N5O2,test_ood,26,140,0,0,0,140,0,0,0,134,0,0,0,7
C6H13N5O3,seen,27,2,1,1,0,0,0,0,0,0,0,0,0,0
C6H13N5O4,seen,28,1,1,0,0,0,0,0,0,0,0,0,0,0
C6H13N7,seen,26,119,71,24,24,0,69,24,23,0,2,2,0,0
C6H13N7O4,seen,30,1,1,0,0,0,0,0,0,0,0,0,0,0
C6H14,seen,20,531,319,106,106,0,316,106,105,0,18,7,6,0
C6H14N2,seen,22,1813,1088,363,362,0,1047,347,349,0,35,13,10,0
C6H14N2O1,seen,23,2290,1374,458,458,0,1128,362,373,0,48,10,11,0
C6H14N2O2,test_ood,24,2025,0,0,0,2025,0,0,0,1850,0,0,0,70
C6H14N2O3,seen,25,649,389,130,130,0,387,130,129,0,9,6,4,0
C6H14N2O4,test_ood,26,89,0,0,0,89,0,0,0,87,0,0,0,3
C6H14N2O5,seen,27,6,4,1,1,0,0,0,0,0,0,0,0,0
C6H14N2O6,seen,28,2,1,1,0,0,0,0,0,0,0,0,0,0
C6H14N4,test_ood,24,224,0,0,0,224,0,0,0,221,0,0,0,10
C6H14N4O1,seen,25,187,112,38,37,0,112,38,37,0,3,2,3,0
C6H14N4O2,test_ood,26,2309,0,0,0,2309,0,0,0,2277,0,0,0,79
C6H14N4O3,test_ood,27,6,0,0,0,6,0,0,0,0,0,0,0,0
C6H14N4O4,seen,28,3,2,1,0,0,0,0,0,0,0,0,0,0
C6H14N4O6,test_ood,30,1,0,0,0,1,0,0,0,0,0,0,0,0
C6H14N6,test_ood,26,171,0,0,0,171,0,0,0,170,0,0,0,2
C6H14N6O1,test_ood,27,3,0,0,0,3,0,0,0,0,0,0,0,0
C6H14N6O2,test_ood,28,5,0,0,0,5,0,0,0,0,0,0,0,0
C6H14N6O3,test_ood,29,1,0,0,0,1,0,0,0,0,0,0,0,0
C6H14N6O4,seen,30,2,1,1,0,0,0,0,0,0,0,0,0,0
C6H14N6O5,seen,31,1,1,0,0,0,0,0,0,0,0,0,0,0
C6H14N8O3,seen,31,1,1,0,0,0,0,0,0,0,0,0,0,0
C6H14O1,seen,21,97,58,20,19,0,58,20,19,0,0,0,0,0
C6H14O2,seen,22,451,271,90,90,0,165,49,52,0,24,14,7,0
C6H14O3,seen,23,192,115,39,38,0,112,39,38,0,7,2,3,0
C6H14O4,seen,24,4,2,1,1,0,2,1,1,0,0,0,0,0
C6H14O5,seen,25,3,2,1,0,0,1,1,0,0,0,0,0,0
C6H14O6,seen,26,168,101,34,33,0,97,33,32,0,8,0,1,0
C6H14O7,seen,27,5,3,1,1,0,0,0,0,0,0,0,0,0
C6H15N1,seen,22,1,1,0,0,0,1,0,0,0,0,0,0,0
C6H15N1O1,test_ood,23,96,0,0,0,96,0,0,0,95,0,0,0,3
C6H15N1O2,seen,24,12,7,3,2,0,4,2,2,0,0,0,0,0
C6H15N1O3,seen,25,8,5,2,1,0,5,2,1,0,0,0,0,0
C6H15N1O4,test_ood,26,11,0,0,0,11,0,0,0,4,0,0,0,0
C6H15N1O5,seen,27,8,5,2,1,0,2,0,0,0,0,0,0,0
C6H15N1O6,seen,28,7,4,2,1,0,0,0,0,0,0,0,0,0
C6H15N3,test_ood,24,736,0,0,0,736,0,0,0,522,0,0,0,26
C6H15N3O1,seen,25,43,26,9,8,0,26,9,8,0,0,0,0,0
C6H15N3O2,seen,26,507,304,102,101,0,303,100,100,0,15,3,4,0
C6H15N3O3,test_ood,27,140,0,0,0,140,0,0,0,135,0,0,0,3
C6H15N3O4,seen,28,7,4,2,1,0,0,0,0,0,0,0,0,0
C6H15N3O5,seen,29,1,1,0,0,0,0,0,0,0,0,0,0,0
C6H15N5,test_ood,26,119,0,0,0,119,0,0,0,117,0,0,0,7
C6H15N5O1,test_ood,27,304,0,0,0,304,0,0,0,301,0,0,0,0
C6H15N5O2,seen,28,8,5,2,1,0,0,0,0,0,0,0,0,0
C6H15N5O3,seen,29,4,2,1,1,0,0,0,0,0,0,0,0,0
C6H15N7,test_ood,28,2,0,0,0,2,0,0,0,0,0,0,0,0
C6H15N7O1,seen,29,2,1,1,0,0,0,0,0,0,0,0,0,0
C6H15N7O3,test_ood,31,5,0,0,0,5,0,0,0,0,0,0,0,0
C6H15N7O4,seen,32,2,1,1,0,0,0,0,0,0,0,0,0,0
C6H16N2,seen,24,42,25,9,8,0,25,9,8,0,2,0,0,0
C6H16N2O1,seen,25,24,14,5,5,0,14,5,5,0,0,0,0,0
C6H16N2O2,seen,26,135,81,27,27,0,79,26,26,0,0,0,0,0
C6H16N2O3,seen,27,25,15,5,5,0,14,5,5,0,0,0,0,0
C6H16N2O4,seen,28,155,93,31,31,0,89,30,30,0,4,2,4,0
C6H16N2O5,seen,29,2,1,1,0,0,0,0,0,0,0,0,0,0
C6H16N4,test_ood,26,17,0,0,0,17,0,0,0,16,0,0,0,0
C6H16N4O1,seen,27,204,122,41,41,0,120,41,41,0,3,1,2,0
C6H16N4O2,test_ood,28,586,0,0,0,586,0,0,0,581,0,0,0,25
C6H16N4O3,test_ood,29,6,0,0,0,6,0,0,0,0,0,0,0,0
C6H16N4O4,test_ood,30,5,0,0,0,5,0,0,0,0,0,0,0,0
C6H16N6,seen,28,95,57,19,19,0,57,19,19,0,0,0,0,0
C6H16N6O2,test_ood,30,7,0,0,0,7,0,0,0,0,0,0,0,0
C6H16N8,seen,30,1,1,0,0,0,0,0,0,0,0,0,0,0
C6H16N8O3,seen,33,2,1,1,0,0,0,0,0,0,0,0,0,0
C6H16O1,seen,23,30,18,6,6,0,18,6,6,0,0,0,0,0
C6H16O4,test_ood,26,1,0,0,0,1,0,0,0,1,0,0,0,0
C6H17N1,test_ood,24,1,0,0,0,1,0,0,0,1,0,0,0,1
C6H17N1O1,seen,25,1,1,0,0,0,1,0,0,0,0,0,0,0
C6H17N1O3,seen,27,2,1,1,0,0,1,1,0,0,0,0,0,0
C6H17N1O4,seen,28,2,1,1,0,0,1,1,0,0,0,0,0,0
C6H17N3,test_ood,26,18,0,0,0,18,0,0,0,17,0,0,0,0
C6H17N3O1,seen,27,17,10,4,3,0,10,4,3,0,0,0,0,0
C6H17N3O2,seen,28,30,18,6,6,0,15,5,5,0,0,0,0,0
C6H17N3O3,seen,29,28,17,6,5,0,16,6,4,0,0,0,0,0
C6H17N3O4,seen,30,3,2,1,0,0,0,0,0,0,0,0,0,0
C6H17N5,seen,28,32,19,7,6,0,19,7,6,0,0,0,0,0
C6H17N5O1,test_ood,29,106,0,0,0,106,0,0,0,106,0,0,0,0
C6H17N5O2,seen,30,339,203,68,68,0,196,66,65,0,13,6,2,0
C6H17N7O2,seen,32,1,1,0,0,0,0,0,0,0,0,0,0,0
C6H18N2O2,seen,28,3,2,1,0,0,1,1,0,0,0,0,0,0
C6H18N2O3,seen,29,2,1,1,0,0,0,1,0,0,0,0,0,0
C6H18N2O4,test_ood,30,1,0,0,0,1,0,0,0,1,0,0,0,0
C6H18N2O5,seen,31,1,1,0,0,0,0,0,0,0,0,0,0,0
C6H18N4,seen,28,2,1,1,0,0,1,1,0,0,0,0,0,0
C6H18N4O1,seen,29,17,10,4,3,0,10,4,3,0,0,0,0,0
C6H18N4O2,seen,30,18,11,4,3,0,9,3,2,0,1,0,0,0
C6H18N4O3,test_ood,31,5,0,0,0,5,0,0,0,0,0,0,0,0
C6H18N4O4,seen,32,1,1,0,0,0,0,0,0,0,0,0,0,0
C6H18N6,seen,30,40,24,8,8,0,23,8,8,0,0,0,0,0
C6H18N6O2,seen,32,2,1,1,0,0,0,0,0,0,0,0,0,0
C6H19N3,test_ood,28,1,0,0,0,1,0,0,0,1,0,0,0,0
C6H19N3O1,seen,29,1,1,0,0,0,1,0,0,0,0,0,0,0
C6H19N3O2,test_ood,30,2,0,0,0,2,0,0,0,1,0,0,0,0
C6H19N3O3,test_ood,31,1,0,0,0,1,0,0,0,0,0,0,0,0
C6H19N5,seen,30,5,3,1,1,0,3,1,1,0,0,0,0,0
C6H19N5O1,seen,31,11,7,2,2,0,7,2,2,0,0,0,0,0
C6H19N5O2,seen,32,1,1,0,0,0,0,0,0,0,0,0,0,0
C6H19N5O4,test_ood,34,1,0,0,0,1,0,0,0,0,0,0,0,0
C6H19N7O2,seen,34,1,1,0,0,0,0,0,0,0,0,0,0,0
C6H1N1O1,seen,9,261,157,52,52,0,154,52,52,0,29,8,8,0
C6H1N1O2,seen,10,16,10,3,3,0,9,1,3,0,2,2,1,0
C6H1N3O1,seen,11,1,1,0,0,0,1,0,0,0,0,0,0,0
C6H1N3O3,seen,13,1,1,0,0,0,1,0,0,0,1,0,0,0
C6H2,seen,8,369,221,74,74,0,220,71,74,0,56,18,12,0
C6H20N6,test_ood,32,5,0,0,0,5,0,0,0,5,0,0,0,0
C6H20N6O2,seen,34,2,1,1,0,0,0,0,0,0,0,0,0,0
C6H20N6O3,test_ood,35,1,0,0,0,1,0,0,0,0,0,0,0,0
C6H21N7O2,test_ood,36,2,0,0,0,2,0,0,0,0,0,0,0,0
C6H2N2,seen,10,382,229,77,76,0,229,76,75,0,41,13,12,0
C6H2N2O1,test_ood,11,53,0,0,0,53,0,0,0,48,0,0,0,12
C6H2N2O2,test_ood,12,1,0,0,0,1,0,0,0,1,0,0,0,0
C6H2N2O3,seen,13,1,1,0,0,0,1,0,0,0,1,0,0,0
C6H2N4O2,seen,14,13,8,3,2,0,8,3,2,0,1,1,0,0
C6H2N6,test_ood,14,2,0,0,0,2,0,0,0,2,0,0,0,2
C6H2O2,test_ood,10,132,0,0,0,132,0,0,0,130,0,0,0,24
C6H2O3,test_ood,11,17,0,0,0,17,0,0,0,15,0,0,0,3
C6H3N1,seen,10,369,221,74,74,0,219,71,71,0,36,10,14,0
C6H3N1O1,test_ood,11,3046,0,0,0,3046,0,0,0,2988,0,0,0,413
C6H3N1O2,seen,12,308,185,62,61,0,160,55,53,0,33,15,12,0
C6H3N1O3,test_ood,13,1,0,0,0,1,0,0,0,1,0,0,0,0
C6H3N3,seen,12,48,29,10,9,0,21,7,9,0,5,1,1,0
C6H3N3O1,seen,13,3,2,1,0,0,2,1,0,0,0,0,0,0
C6H3N3O2,seen,14,7,4,2,1,0,4,2,1,0,0,1,0,0
C6H3N3O3,test_ood,15,17,0,0,0,17,0,0,0,17,0,0,0,3
C6H3N5,test_ood,14,141,0,0,0,141,0,0,0,140,0,0,0,22
C6H3N5O1,seen,15,11,7,2,2,0,7,2,2,0,2,0,0,0
C6H4,test_ood,10,1170,0,0,0,1170,0,0,0,1160,0,0,0,196
C6H4N2,test_ood,12,4011,0,0,0,4011,0,0,0,3939,0,0,0,548
C6H4N2O1,seen,13,940,564,188,188,0,495,161,172,0,78,24,21,0
C6H4N2O2,seen,14,551,331,110,110,0,244,83,76,0,39,25,16,0
C6H4N2O3,seen,15,5,3,1,1,0,3,1,1,0,0,0,0,0
C6H4N2O4,seen,16,17,10,4,3,0,7,4,3,0,1,0,1,0
C6H4N4,seen,14,396,238,79,79,0,235,77,79,0,28,8,10,0
C6H4N4O1,test_ood,15,127,0,0,0,127,0,0,0,127,0,0,0,16
C6H4N4O2,test_ood,16,571,0,0,0,571,0,0,0,564,0,0,0,82
C6H4N6,test_ood,16,295,0,0,0,295,0,0,0,292,0,0,0,41
C6H4N6O2,seen,18,1,1,0,0,0,0,0,0,0,0,0,0,0
C6H4O1,seen,11,654,392,131,131,0,391,131,130,0,45,17,12,0
C6H4O2,test_ood,12,3207,0,0,0,3207,0,0,0,3163,0,0,0,443
C6H4O3,test_ood,13,320,0,0,0,320,0,0,0,261,0,0,0,50
C6H4O4,seen,14,561,337,112,112,0,142,42,49,0,30,14,18,0
C6H4O5,test_ood,15,123,0,0,0,123,0,0,0,123,0,0,0,29
C6H5N1,seen,12,1158,695,232,231,0,691,232,229,0,62,24,21,0
C6H5N1O1,test_ood,13,11091,0,0,0,11091,0,0,0,10599,0,0,0,1215
C6H5N1O2,seen,14,2673,1604,535,534,0,1062,353,349,0,196,72,59,0
C6H5N1O3,seen,15,2259,1355,452,452,0,984,338,332,0,153,58,60,0
C6H5N1O4,seen,16,268,161,54,53,0,161,54,53,0,26,6,4,0
C6H5N1O5,seen,17,7,4,2,1,0,4,2,1,0,2,1,0,0
C6H5N3,seen,14,2083,1250,417,416,0,1169,388,382,0,172,70,60,0
C6H5N3O1,seen,15,1387,832,278,277,0,647,211,218,0,98,34,16,0
C6H5N3O2,seen,16,410,246,82,82,0,245,82,82,0,35,11,10,0
C6H5N3O3,seen,17,191,115,38,38,0,113,38,38,0,15,4,4,0
C6H5N5,test_ood,16,425,0,0,0,425,0,0,0,134,0,0,0,46
C6H5N5O1,seen,17,42,25,9,8,0,24,9,8,0,4,2,0,0
C6H5N5O3,seen,19,2,1,1,0,0,0,0,0,0,0,0,0,0
C6H5N7,seen,18,1,1,0,0,0,0,0,0,0,0,0,0,0
C6H6,test_ood,12,2836,0,0,0,2836,0,0,0,2811,0,0,0,300
C6H6N2,seen,14,13406,8044,2681,2681,0,7886,2630,2630,0,941,328,291,0
C6H6N2O1,test_ood,15,5039,0,0,0,5039,0,0,0,3817,0,0,0,634
C6H6N2O2,test_ood,16,3623,0,0,0,3623,0,0,0,3130,0,0,0,438
C6H6N2O3,test_ood,17,450,0,0,0,450,0,0,0,445,0,0,0,54
C6H6N2O4,seen,18,62,37,13,12,0,36,13,12,0,4,2,4,0
C6H6N4,seen,16,1510,906,302,302,0,639,210,213,0,106,33,32,0
C6H6N4O1,test_ood,17,1568,0,0,0,1568,0,0,0,1227,0,0,0,217
C6H6N4O2,test_ood,18,495,0,0,0,495,0,0,0,492,0,0,0,81
C6H6N4O3,test_ood,19,107,0,0,0,107,0,0,0,104,0,0,0,17
C6H6N4O4,test_ood,20,1,0,0,0,1,0,0,0,0,0,0,0,0
C6H6N6,seen,18,162,97,33,32,0,96,33,32,0,19,6,6,0
C6H6N6O1,seen,19,191,115,38,38,0,112,36,37,0,16,2,6,0
C6H6O1,test_ood,13,5198,0,0,0,5198,0,0,0,5017,0,0,0,514
C6H6O2,seen,14,21003,12602,4201,4200,0,11377,3805,3814,0,1389,452,484,0
C6H6O3,seen,15,2507,1504,502,501,0,1128,393,368,0,171,46,75,0
C6H6O4,seen,16,809,485,162,162,0,396,130,125,0,68,12,28,0
C6H6O5,seen,17,3,2,1,0,0,1,1,0,0,1,0,0,0
C6H6O6,test_ood,18,2,0,0,0,2,0,0,0,1,0,0,0,0
C6H6O7,seen,19,2,1,1,0,0,0,0,0,0,0,0,0,0
C6H7N1,seen,14,2962,1777,593,592,0,1667,575,552,0,156,57,55,0
C6H7N1O1,seen,15,30990,18594,6198,6198,0,16778,5568,5552,0,1947,627,638,0
C6H7N1O2,seen,16,8185,4911,1637,1637,0,2681,887,872,0,535,191,182,0
C6H7N1O3,test_ood,17,324,0,0,0,324,0,0,0,167,0,0,0,42
C6H7N1O4,seen,18,34,20,7,7,0,18,7,5,0,4,0,1,0
C6H7N1O5,seen,19,36,22,7,7,0,21,7,7,0,2,1,1,0
C6H7N1O6,seen,20,1,1,0,0,0,0,0,0,0,0,0,0,0
C6H7N3,seen,16,2882,1729,577,576,0,1504,504,492,0,229,83,61,0
C6H7N3O1,seen,17,3886,2332,777,777,0,377,130,129,0,165,78,50,0
C6H7N3O2,test_ood,18,1117,0,0,0,1117,0,0,0,1102,0,0,0,134
C6H7N3O3,seen,19,170,102,34,34,0,101,33,34,0,10,5,5,0
C6H7N3O4,test_ood,20,1,0,0,0,1,0,0,0,0,0,0,0,0
C6H7N3O5,test_ood,21,1,0,0,0,1,0,0,0,0,0,0,0,0
C6H7N5,test_ood,18,1547,0,0,0,1547,0,0,0,1031,0,0,0,165
C6H7N5O1,seen,19,1053,632,211,210,0,543,174,175,0,91,27,28,0
C6H7N5O2,seen,20,268,161,54,53,0,152,53,53,0,12,7,5,0
C6H8,test_ood,14,7747,0,0,0,7747,0,0,0,7689,0,0,0,638
C6H8N2,test_ood,16,26351,0,0,0,26351,0,0,0,25702,0,0,0,2683
C6H8N2O1,seen,17,12994,7796,2599,2599,0,4186,1373,1428,0,857,278,270,0
C6H8N2O2,seen,18,1156,694,231,231,0,431,127,138,0,95,33,28,0
C6H8N2O3,seen,19,848,509,170,169,0,501,166,166,0,78,35,25,0
C6H8N2O4,seen,20,379,227,76,76,0,224,75,75,0,41,12,10,0
C6H8N2O5,test_ood,21,2,0,0,0,2,0,0,0,0,0,0,0,0
C6H8N4,seen,18,673,404,135,134,0,126,49,54,0,69,17,20,0
C6H8N4O1,test_ood,19,911,0,0,0,911,0,0,0,611,0,0,0,133
C6H8N4O2,seen,20,763,458,153,152,0,448,148,149,0,69,17,20,0
C6H8N4O3,seen,21,254,152,51,51,0,148,49,50,0,11,2,4,0
C6H8N6,seen,20,576,346,115,115,0,344,115,113,0,38,12,15,0
C6H8N6O1,seen,21,4,2,1,1,0,0,0,0,0,0,0,0,0
C6H8N6O2,test_ood,22,2,0,0,0,2,0,0,0,0,0,0,0,0
C6H8N8,test_ood,22,1,0,0,0,1,0,0,0,0,0,0,0,0
C6H8O1,seen,15,9709,5825,1942,1942,0,5455,1819,1800,0,512,186,191,0
C6H8O2,seen,16,30436,18262,6087,6087,0,17810,5926,5920,0,2051,699,699,0
C6H8O3,test_ood,17,2685,0,0,0,2685,0,0,0,2180,0,0,0,347
C6H8O4,test_ood,18,661,0,0,0,661,0,0,0,217,0,0,0,67
C6H8O5,test_ood,19,11,0,0,0,11,0,0,0,9,0,0,0,0
C6H8O6,seen,20,131,79,26,26,0,78,26,26,0,16,1,4,0
C6H9N1,seen,16,9656,5794,1931,1931,0,5740,1915,1914,0,530,194,166,0
C6H9N1O1,test_ood,17,45000,0,0,0,45000,0,0,0,43575,0,0,0,4833
C6H9N1O2,test_ood,18,7640,0,0,0,7640,0,0,0,5679,0,0,0,878
C6H9N1O3,test_ood,19,849,0,0,0,849,0,0,0,265,0,0,0,92
C6H9N1O4,seen,20,795,477,159,159,0,313,99,91,0,61,26,15,0
C6H9N1O5,test_ood,21,645,0,0,0,645,0,0,0,635,0,0,0,23
C6H9N1O6,test_ood,22,1,0,0,0,1,0,0,0,0,0,0,0,0
C6H9N3,seen,18,7162,4297,1433,1432,0,3482,1158,1180,0,508,165,159,0
C6H9N3O1,test_ood,19,1503,0,0,0,1503,0,0,0,62,0,0,0,144
C6H9N3O2,test_ood,20,2112,0,0,0,2112,0,0,0,2082,0,0,0,205
C6H9N3O3,seen,21,1029,617,206,206,0,607,203,203,0,13,7,4,0
C6H9N3O4,seen,22,217,130,44,43,0,123,43,42,0,5,1,4,0
C6H9N5,test_ood,20,592,0,0,0,592,0,0,0,582,0,0,0,81
C6H9N5O1,seen,21,396,238,79,79,0,233,74,79,0,22,4,7,0
C6H9N5O2,seen,22,120,72,24,24,0,66,24,23,0,6,1,0,0
C6H9N5O3,seen,23,3,2,1,0,0,0,0,0,0,0,0,0,0
C6H9N7,seen,22,205,123,41,41,0,120,40,41,0,1,1,1,0
C6H9N7O1,seen,23,1,1,0,0,0,0,0,0,0,0,0,0,0
C6N2,seen,8,200,120,40,40,0,114,40,38,0,24,7,9,0
C6N4,seen,10,216,130,43,43,0,127,41,42,0,25,11,3,0
C7H10,test_ood,17,2835,0,0,0,2835,0,0,0,2804,0,0,0,296
C7H10N2,seen,19,6616,3970,1323,1323,0,3299,1084,1096,0,490,156,155,0
C7H10N2O1,test_ood,20,500,0,0,0,500,0,0,0,491,0,0,0,64
C7H10N2O2,test_ood,21,1915,0,0,0,1915,0,0,0,1894,0,0,0,84
C7H10N2O3,seen,22,1722,1033,345,344,0,923,308,307,0,56,18,17,0
C7H10N2O4,test_ood,23,122,0,0,0,122,0,0,0,114,0,0,0,5
C7H10N2O5,seen,24,1,1,0,0,0,0,0,0,0,0,0,0,0
C7H10N4,seen,21,777,466,156,155,0,372,123,126,0,28,9,10,0
C7H10N4O1,test_ood,22,1243,0,0,0,1243,0,0,0,1230,0,0,0,54
C7H10N4O2,test_ood,23,107,0,0,0,107,0,0,0,97,0,0,0,1
C7H10N4O3,test_ood,24,1,0,0,0,1,0,0,0,0,0,0,0,0
C7H10N6,seen,23,204,122,41,41,0,122,40,41,0,0,0,0,0
C7H10O1,test_ood,18,18165,0,0,0,18165,0,0,0,17654,0,0,0,2084
C7H10O2,test_ood,19,4949,0,0,0,4949,0,0,0,4075,0,0,0,616
C7H10O3,seen,20,108,65,22,21,0,63,20,21,0,8,0,1,0
C7H10O4,test_ood,21,288,0,0,0,288,0,0,0,285,0,0,0,13
C7H10O5,test_ood,22,295,0,0,0,295,0,0,0,290,0,0,0,29
C7H10O6,test_ood,23,1,0,0,0,1,0,0,0,0,0,0,0,0
C7H11N1,seen,19,21491,12895,4298,4298,0,12535,4182,4186,0,1372,453,433,0
C7H11N1O1,test_ood,20,10614,0,0,0,10614,0,0,0,9001,0,0,0,1262
C7H11N1O2,seen,21,1453,872,291,290,0,602,208,201,0,44,18,17,0
C7H11N1O3,seen,22,1683,1010,337,336,0,879,311,302,0,50,23,15,0
C7H11N1O4,test_ood,23,327,0,0,0,327,0,0,0,320,0,0,0,21
C7H11N1O5,test_ood,24,5,0,0,0,5,0,0,0,0,0,0,0,0
C7H11N3,seen,21,147,88,30,29,0,88,30,29,0,2,2,2,0
C7H11N3O1,test_ood,22,827,0,0,0,827,0,0,0,637,0,0,0,63
C7H11N3O2,test_ood,23,913,0,0,0,913,0,0,0,898,0,0,0,20
C7H11N3O3,seen,24,278,167,56,55,0,158,53,52,0,7,1,1,0
C7H11N3O4,test_ood,25,4,0,0,0,4,0,0,0,0,0,0,0,0
C7H11N5,test_ood,23,574,0,0,0,574,0,0,0,425,0,0,0,38
C7H11N5O1,test_ood,24,257,0,0,0,257,0,0,0,249,0,0,0,13
C7H11N5O2,seen,25,7,4,2,1,0,0,0,0,0,0,0,0,0
C7H11N5O3,seen,26,1,1,0,0,0,0,0,0,0,0,0,0,0
C7H11N7O1,test_ood,26,4,0,0,0,4,0,0,0,0,0,0,0,0
C7H12,seen,19,1655,993,331,331,0,986,329,330,0,107,30,37,0
C7H12N2,test_ood,21,10277,0,0,0,10277,0,0,0,8900,0,0,0,146
C7H12N2O1,seen,22,743,446,149,148,0,234,86,88,0,35,6,6,0
C7H12N2O2,seen,23,1371,823,274,274,0,715,240,240,0,11,9,5,0
C7H12N2O3,seen,24,1858,1115,372,371,0,984,322,326,0,44,14,18,0
C7H12N2O4,seen,25,5,3,1,1,0,0,0,0,0,0,0,0,0
C7H12N2O5,seen,26,2036,1222,407,407,0,1172,393,389,0,99,30,30,0
C7H12N2O6,test_ood,27,1155,0,0,0,1155,0,0,0,1115,0,0,0,49
C7H12N4,seen,23,547,328,110,109,0,327,108,108,0,13,5,1,0
C7H12N4O1,seen,24,982,589,197,196,0,412,137,139,0,22,16,9,0
C7H12N4O2,test_ood,25,499,0,0,0,499,0,0,0,485,0,0,0,31
C7H12N4O3,seen,26,2,1,1,0,0,0,0,0,0,0,0,0,0
C7H12N6,seen,25,137,82,28,27,0,79,28,27,0,3,2,4,0
C7H12N6O1,test_ood,26,5,0,0,0,5,0,0,0,0,0,0,0,0
C7H12N6O2,test_ood,27,3,0,0,0,3,0,0,0,0,0,0,0,0
C7H12O1,seen,20,5773,3464,1155,1154,0,3318,1116,1106,0,381,149,120,0
C7H12O2,test_ood,21,2102,0,0,0,2102,0,0,0,1705,0,0,0,54
C7H12O3,seen,22,220,132,44,44,0,127,44,44,0,7,2,3,0
C7H12O4,seen,23,308,185,62,61,0,73,32,21,0,26,2,12,0
C7H12O5,test_ood,24,152,0,0,0,152,0,0,0,149,0,0,0,9
C7H12O6,test_ood,25,349,0,0,0,349,0,0,0,335,0,0,0,21
C7H12O7,test_ood,26,1,0,0,0,1,0,0,0,0,0,0,0,0
C7H13N1,seen,21,8079,4847,1616,1616,0,4679,1546,1557,0,172,71,63,0
C7H13N1O1,test_ood,22,4052,0,0,0,4052,0,0,0,3532,0,0,0,84
C7H13N1O2,test_ood,23,709,0,0,0,709,0,0,0,558,0,0,0,35
C7H13N1O3,seen,24,1213,728,243,242,0,260,97,87,0,48,19,16,0
C7H13N1O4,test_ood,25,298,0,0,0,298,0,0,0,289,0,0,0,9
C7H13N1O5,test_ood,26,4,0,0,0,4,0,0,0,0,0,0,0,0
C7H13N3,seen,23,1399,839,280,280,0,819,273,274,0,49,21,21,0
C7H13N3O1,seen,24,451,271,90,90,0,183,53,69,0,14,4,2,0
C7H13N3O2,test_ood,25,867,0,0,0,867,0,0,0,857,0,0,0,10
C7H13N3O3,seen,26,147,88,30,29,0,83,27,28,0,2,0,1,0
C7H13N3O4,test_ood,27,1910,0,0,0,1910,0,0,0,1824,0,0,0,84
C7H13N3O5,test_ood,28,1139,0,0,0,1139,0,0,0,1098,0,0,0,48
C7H13N5,seen,25,256,154,51,51,0,154,51,51,0,1,0,0,0
C7H13N5O1,test_ood,26,223,0,0,0,223,0,0,0,217,0,0,0,12
C7H13N5O2,seen,27,1,1,0,0,0,0,0,0,0,0,0,0,0
C7H14,seen,21,25,15,5,5,0,14,5,5,0,0,0,0,0
C7H14N2,seen,23,4672,2803,935,934,0,2507,841,818,0,65,21,21,0
C7H14N2O1,seen,24,872,523,175,174,0,427,137,146,0,14,5,7,0
C7H14N2O2,seen,25,843,506,169,168,0,500,167,165,0,8,3,1,0
C7H14N2O3,seen,26,1946,1168,389,389,0,1134,380,377,0,42,11,13,0
C7H14N2O4,seen,27,1084,650,217,217,0,622,207,213,0,26,8,5,0
C7H14N2O5,test_ood,28,1164,0,0,0,1164,0,0,0,1124,0,0,0,56
C7H14N2O6,seen,29,2,1,1,0,0,0,0,0,0,0,0,0,0
C7H14N4,seen,25,404,242,81,81,0,237,78,81,0,10,4,4,0
C7H14N4O1,seen,26,830,498,166,166,0,497,165,164,0,15,4,4,0
C7H14N4O2,seen,27,4,2,1,1,0,0,0,0,0,0,0,0,0
C7H14N4O3,seen,28,4,2,1,1,0,0,0,0,0,0,0,0,0
C7H14N4O4,seen,29,2,1,1,0,0,0,0,0,0,0,0,0,0
C7H14N6O1,test_ood,28,2,0,0,0,2,0,0,0,0,0,0,0,0
C7H14N6O4,seen,31,1,1,0,0,0,0,0,0,0,0,0,0,0
C7H14O1,test_ood,22,935,0,0,0,935,0,0,0,902,0,0,0,42
C7H14O2,seen,23,354,212,71,71,0,63,16,15,0,17,4,4,0
C7H14O3,test_ood,24,175,0,0,0,175,0,0,0,175,0,0,0,1
C7H14O4,test_ood,25,886,0,0,0,886,0,0,0,860,0,0,0,49
C7H14O5,seen,26,485,291,97,97,0,287,96,97,0,5,1,2,0
C7H14O6,seen,27,108,65,22,21,0,62,22,19,0,2,1,0,0
C7H14O7,seen,28,2,1,1,0,0,0,0,0,0,0,0,0,0
C7H15N1,seen,23,640,384,128,128,0,361,119,124,0,20,6,8,0
C7H15N1O1,test_ood,24,551,0,0,0,551,0,0,0,319,0,0,0,30
C7H15N1O2,test_ood,25,58,0,0,0,58,0,0,0,58,0,0,0,0
C7H15N1O3,test_ood,26,716,0,0,0,716,0,0,0,703,0,0,0,13
C7H15N1O4,seen,27,1513,908,303,302,0,905,297,299,0,29,8,6,0
C7H15N1O5,seen,28,217,130,44,43,0,128,43,41,0,1,0,0,0
C7H15N3,seen,25,41,25,8,8,0,25,7,8,0,0,0,0,0
C7H15N3O1,test_ood,26,230,0,0,0,230,0,0,0,228,0,0,0,0
C7H15N3O2,test_ood,27,796,0,0,0,796,0,0,0,786,0,0,0,15
C7H15N3O3,seen,28,138,83,28,27,0,80,27,26,0,3,3,2,0
C7H15N3O4,seen,29,109,65,22,22,0,64,21,21,0,2,3,0,0
C7H15N3O5,seen,30,1,1,0,0,0,0,0,0,0,0,0,0,0
C7H15N5,seen,27,350,210,70,70,0,210,70,70,0,12,3,4,0
C7H15N5O1,seen,28,3,2,1,0,0,0,0,0,0,0,0,0,0
C7H15N5O2,test_ood,29,5,0,0,0,5,0,0,0,0,0,0,0,0
C7H15N5O3,seen,30,5,3,1,1,0,0,0,0,0,0,0,0,0
C7H15N7O1,test_ood,30,1,0,0,0,1,0,0,0,0,0,0,0,0
C7H16N2,test_ood,25,686,0,0,0,686,0,0,0,613,0,0,0,12
C7H16N2O1,seen,26,203,122,41,40,0,121,41,39,0,7,3,2,0
C7H16N2O2,seen,27,499,299,100,100,0,294,97,96,0,7,3,2,0
C7H16N2O3,seen,28,321,193,64,64,0,193,63,64,0,6,2,1,0
C7H16N2O4,seen,29,4,2,1,1,0,0,0,0,0,0,0,0,0
C7H16N2O5,test_ood,30,1,0,0,0,1,0,0,0,0,0,0,0,0
C7H16N2O7,test_ood,32,1,0,0,0,1,0,0,0,0,0,0,0,0
C7H16N4,seen,27,99,59,20,20,0,57,18,20,0,0,0,0,0
C7H16N4O1,seen,28,479,287,96,96,0,287,96,96,0,1,0,1,0
C7H16N4O2,seen,29,5,3,1,1,0,0,0,0,0,0,0,0,0
C7H16N6O2,test_ood,31,4,0,0,0,4,0,0,0,0,0,0,0,0
C7H16N6O3,seen,32,1,1,0,0,0,0,0,0,0,0,0,0,0
C7H16O1,seen,24,50,30,10,10,0,28,10,10,0,2,0,0,0
C7H16O2,seen,25,7,4,2,1,0,4,2,1,0,0,0,0,0
C7H16O3,seen,26,138,83,28,27,0,82,28,27,0,2,0,0,0
C7H16O4,seen,27,149,89,30,30,0,88,30,30,0,3,0,2,0
C7H16O5,test_ood,28,8,0,0,0,8,0,0,0,5,0,0,0,0
C7H16O6,seen,29,2,1,1,0,0,0,0,0,0,0,0,0,0
C7H17N1,seen,25,1,1,0,0,0,1,0,0,0,0,0,0,0
C7H17N1O1,seen,26,83,50,17,16,0,49,17,15,0,0,0,0,0
C7H17N1O2,seen,27,17,10,4,3,0,10,4,3,0,0,0,0,0
C7H17N1O3,test_ood,28,32,0,0,0,32,0,0,0,32,0,0,0,0
C7H17N1O4,seen,29,25,15,5,5,0,13,3,5,0,0,0,0,0
C7H17N1O5,seen,30,4,2,1,1,0,0,0,0,0,0,0,0,0
C7H17N1O6,test_ood,31,1,0,0,0,1,0,0,0,0,0,0,0,0
C7H17N3,seen,27,28,17,6,5,0,15,6,4,0,0,0,0,0
C7H17N3O1,seen,28,226,136,45,45,0,134,45,44,0,7,0,2,0
C7H17N3O2,seen,29,274,164,55,55,0,164,55,54,0,3,0,0,0
C7H17N3O4,seen,31,1,1,0,0,0,0,0,0,0,0,0,0,0
C7H17N5,test_ood,29,163,0,0,0,163,0,0,0,162,0,0,0,2
C7H17N5O2,seen,31,85,51,17,17,0,47,17,16,0,0,0,0,0
C7H17N7O3,test_ood,34,1,0,0,0,1,0,0,0,0,0,0,0,0
C7H18N2,seen,27,15,9,3,3,0,8,3,3,0,0,0,0,0
C7H18N2O1,seen,28,29,17,6,6,0,17,5,6,0,0,0,0,0
C7H18N2O2,seen,29,155,93,31,31,0,90,29,31,0,1,1,0,0
C7H18N2O3,test_ood,30,44,0,0,0,44,0,0,0,43,0,0,0,0
C7H18N2O4,seen,31,107,64,22,21,0,63,21,21,0,0,0,0,0
C7H18N4,seen,29,55,33,11,11,0,33,11,10,0,0,0,0,0
C7H18N4O1,seen,30,222,133,45,44,0,132,45,44,0,0,0,0,0
C7H18N4O2,test_ood,31,373,0,0,0,373,0,0,0,363,0,0,0,14
C7H18N4O3,seen,32,2,1,1,0,0,0,0,0,0,0,0,0,0
C7H18N6,test_ood,31,1,0,0,0,1,0,0,0,0,0,0,0,0
C7H18O2,seen,27,1,1,0,0,0,1,0,0,0,0,0,0,0
C7H19N1O2,test_ood,29,3,0,0,0,3,0,0,0,3,0,0,0,0
C7H19N1O3,seen,30,6,4,1,1,0,4,1,1,0,0,0,0,0
C7H19N1O4,seen,31,4,2,1,1,0,1,0,1,0,0,0,0,0
C7H19N3,seen,29,213,128,43,42,0,125,42,40,0,11,4,1,0
C7H19N3O1,seen,30,39,23,8,8,0,23,8,8,0,0,0,0,0
C7H19N3O2,seen,31,49,29,10,10,0,29,10,10,0,0,0,0,0
C7H19N3O3,seen,32,1,1,0,0,0,0,0,0,0,0,0,0,0
C7H19N5,seen,31,59,35,12,12,0,35,12,12,0,2,0,1,0
C7H19N5O2,seen,33,274,164,55,55,0,160,53,55,0,10,2,4,0
C7H19N5O3,seen,34,2,1,1,0,0,0,0,0,0,0,0,0,0
C7H1N1,seen,9,147,88,30,29,0,87,27,29,0,14,3,4,0
C7H1N3,test_ood,11,2,0,0,0,2,0,0,0,2,0,0,0,2
C7H20N2,test_ood,29,1,0,0,0,1,0,0,0,1,0,0,0,0
C7H20N2O1,test_ood,30,2,0,0,0,2,0,0,0,2,0,0,0,0
C7H20N2O2,seen,31,3,2,1,0,0,2,1,0,0,0,0,0,0
C7H20N2O3,seen,32,1,1,0,0,0,1,0,0,0,0,0,0,0
C7H20N4,seen,31,9,5,2,2,0,5,2,2,0,0,0,0,0
C7H20N4O1,test_ood,32,49,0,0,0,49,0,0,0,48,0,0,0,0
C7H20N6O3,seen,36,1,1,0,0,0,0,0,0,0,0,0,0,0
C7H21N3O1,seen,32,3,2,1,0,0,2,1,0,0,0,0,0,0
C7H21N3O2,seen,33,3,2,1,0,0,2,1,0,0,0,0,0,0
C7H21N5,test_ood,33,15,0,0,0,15,0,0,0,15,0,0,0,0
C7H21N5O2,test_ood,35,2,0,0,0,2,0,0,0,0,0,0,0,0
C7H22N4O1,test_ood,34,1,0,0,0,1,0,0,0,0,0,0,0,0
C7H22N6O2,test_ood,37,3,0,0,0,3,0,0,0,0,0,0,0,0
C7H2N2,seen,11,17,10,4,3,0,10,3,2,0,0,0,0,0
C7H2N2O2,seen,13,2,1,1,0,0,1,1,0,0,0,0,0,0
C7H2N2O3,seen,14,1,1,0,0,0,1,0,0,0,0,0,0,0
C7H2N4O1,test_ood,14,3,0,0,0,3,0,0,0,3,0,0,0,0
C7H2O1,seen,10,89,53,18,18,0,53,16,17,0,8,2,5,0
C7H3N1,test_ood,11,752,0,0,0,752,0,0,0,736,0,0,0,115
C7H3N1O1,seen,12,47,28,10,9,0,25,9,9,0,6,3,2,0
C7H3N1O2,seen,13,1,1,0,0,0,1,0,0,0,0,0,0,0
C7H3N1O3,seen,14,3,2,1,0,0,2,1,0,0,0,0,0,0
C7H3N1O4,seen,15,1,1,0,0,0,1,0,0,0,0,0,0,0
C7H3N3,test_ood,13,133,0,0,0,133,0,0,0,133,0,0,0,19
C7H3N3O1,seen,14,6,4,1,1,0,4,1,1,0,0,0,0,0
C7H3N3O2,test_ood,15,20,0,0,0,20,0,0,0,20,0,0,0,1
C7H3N5,test_ood,15,2,0,0,0,2,0,0,0,1,0,0,0,0
C7H4,seen,11,265,159,53,53,0,158,52,52,0,21,6,5,0
C7H4N2,seen,13,86,52,17,17,0,47,13,16,0,8,2,5,0
C7H4N2O1,seen,14,7,4,2,1,0,4,2,1,0,0,0,0,0
C7H4N2O2,seen,15,142,85,29,28,0,81,29,28,0,10,3,7,0
C7H4N2O3,test_ood,16,288,0,0,0,288,0,0,0,287,0,0,0,50
C7H4N4,test_ood,15,643,0,0,0,643,0,0,0,494,0,0,0,82
C7H4N4O1,seen,16,162,97,33,32,0,95,32,31,0,10,3,3,0
C7H4O1,seen,12,1316,790,263,263,0,779,257,261,0,75,24,32,0
C7H4O2,test_ood,13,125,0,0,0,125,0,0,0,111,0,0,0,21
C7H4O3,test_ood,14,2,0,0,0,2,0,0,0,2,0,0,0,0
C7H5N1,test_ood,13,1447,0,0,0,1447,0,0,0,1414,0,0,0,134
C7H5N1O1,seen,14,1327,796,266,265,0,720,247,248,0,88,29,27,0
C7H5N1O2,seen,15,392,235,79,78,0,231,79,78,0,25,5,7,0
C7H5N1O3,seen,16,704,422,141,141,0,311,103,102,0,56,23,14,0
C7H5N1O4,test_ood,17,974,0,0,0,974,0,0,0,681,0,0,0,128
C7H5N3,seen,15,3,2,1,0,0,2,1,0,0,0,0,0,0
C7H5N3O1,test_ood,16,154,0,0,0,154,0,0,0,151,0,0,0,22
C7H5N3O2,test_ood,17,1161,0,0,0,1161,0,0,0,1003,0,0,0,129
C7H5N5,test_ood,17,157,0,0,0,157,0,0,0,157,0,0,0,26
C7H6,test_ood,13,696,0,0,0,696,0,0,0,696,0,0,0,55
C7H6N2,test_ood,15,1103,0,0,0,1103,0,0,0,1004,0,0,0,138
C7H6N2O1,test_ood,16,593,0,0,0,593,0,0,0,586,0,0,0,90
C7H6N2O2,seen,17,1097,658,220,219,0,654,219,216,0,105,29,33,0
C7H6N2O3,seen,18,205,123,41,41,0,123,40,41,0,17,2,6,0
C7H6N4,seen,17,1321,793,264,264,0,702,237,225,0,106,31,34,0
C7H6N4O1,test_ood,18,711,0,0,0,711,0,0,0,707,0,0,0,84
C7H6N4O2,test_ood,19,483,0,0,0,483,0,0,0,330,0,0,0,69
C7H6N4O3,seen,20,3,2,1,0,0,0,0,0,0,0,0,0,0
C7H6N6,test_ood,19,1,0,0,0,1,0,0,0,0,0,0,0,0
C7H6O1,test_ood,14,5146,0,0,0,5146,0,0,0,5031,0,0,0,628
C7H6O2,test_ood,15,1554,0,0,0,1554,0,0,0,1153,0,0,0,177
C7H6O3,test_ood,16,1235,0,0,0,1235,0,0,0,1223,0,0,0,172
C7H6O4,test_ood,17,1844,0,0,0,1844,0,0,0,1535,0,0,0,222
C7H6O5,seen,18,2,1,1,0,0,1,1,0,0,0,0,0,0
C7H7N1,test_ood,15,5248,0,0,0,5248,0,0,0,5143,0,0,0,661
C7H7N1O1,seen,16,3762,2257,753,752,0,1183,410,415,0,208,61,83,0
C7H7N1O2,test_ood,17,1527,0,0,0,1527,0,0,0,463,0,0,0,172
C7H7N1O3,test_ood,18,4452,0,0,0,4452,0,0,0,3090,0,0,0,557
C7H7N1O4,seen,19,1709,1025,342,342,0,497,182,163,0,120,34,38,0
C7H7N1O5,seen,20,2,1,1,0,0,0,0,0,0,0,0,0,0
C7H7N3,seen,17,626,376,125,125,0,276,96,87,0,45,15,16,0
C7H7N3O1,test_ood,18,1695,0,0,0,1695,0,0,0,1665,0,0,0,196
C7H7N3O2,seen,19,1122,673,225,224,0,575,198,191,0,69,31,29,0
C7H7N3O3,seen,20,4,2,1,1,0,0,0,0,0,0,0,1,0
C7H7N3O4,seen,21,2,1,1,0,0,0,0,0,0,0,0,0,0
C7H7N5,seen,19,443,266,89,88,0,173,59,63,0,30,12,11,0
C7H7N5O1,seen,20,1,1,0,0,0,0,0,0,0,0,0,0,0
C7H7N7,seen,21,121,73,24,24,0,70,24,23,0,5,1,1,0
C7H8,test_ood,15,1968,0,0,0,1968,0,0,0,1950,0,0,0,165
C7H8N2,seen,17,2383,1430,477,476,0,1162,376,379,0,168,59,55,0
C7H8N2O1,seen,18,2862,1717,573,572,0,271,76,62,0,147,50,54,0
C7H8N2O2,test_ood,19,5098,0,0,0,5098,0,0,0,3834,0,0,0,557
C7H8N2O3,seen,20,1332,799,267,266,0,791,266,265,0,84,24,39,0
C7H8N2O4,seen,21,5,3,1,1,0,0,0,0,0,0,0,0,0
C7H8N4,seen,19,1738,1043,348,347,0,850,296,287,0,130,49,45,0
C7H8N4O1,seen,20,953,572,191,190,0,486,159,153,0,79,23,22,0
C7H8N4O2,seen,21,366,220,73,73,0,216,71,73,0,8,5,2,0
C7H8N4O3,seen,22,1,1,0,0,0,0,0,0,0,0,0,0,0
C7H8N4O4,seen,23,1,1,0,0,0,0,0,0,0,0,0,0,0
C7H8N6,test_ood,21,2,0,0,0,2,0,0,0,0,0,0,0,0
C7H8N6O2,seen,23,1,1,0,0,0,0,0,0,0,0,0,0,0
C7H8O1,test_ood,16,17017,0,0,0,17017,0,0,0,14660,0,0,0,1760
C7H8O2,test_ood,17,4455,0,0,0,4455,0,0,0,3518,0,0,0,567
C7H8O3,test_ood,18,385,0,0,0,385,0,0,0,369,0,0,0,57
C7H8O4,test_ood,19,2129,0,0,0,2129,0,0,0,1478,0,0,0,224
C7H8O5,seen,20,20,12,4,4,0,10,4,3,0,1,1,4,0
C7H8O6,test_ood,21,1,0,0,0,1,0,0,0,0,0,0,0,0
C7H9N1,test_ood,17,18484,0,0,0,18484,0,0,0,16204,0,0,0,2001
C7H9N1O1,seen,18,9382,5629,1877,1876,0,3699,1242,1205,0,606,222,187,0
C7H9N1O2,test_ood,19,1911,0,0,0,1911,0,0,0,1331,0,0,0,236
C7H9N1O3,test_ood,20,1035,0,0,0,1035,0,0,0,874,0,0,0,131
C7H9N1O4,seen,21,151,91,30,30,0,87,26,28,0,3,0,1,0
C7H9N1O5,test_ood,22,112,0,0,0,112,0,0,0,105,0,0,0,8
C7H9N3,seen,19,1387,832,278,277,0,369,130,117,0,103,35,37,0
C7H9N3O1,seen,20,735,441,147,147,0,342,118,115,0,55,23,18,0
C7H9N3O2,seen,21,1415,849,283,283,0,842,279,279,0,22,12,9,0
C7H9N3O3,seen,22,95,57,19,19,0,52,18,18,0,1,0,2,0
C7H9N3O4,test_ood,23,1,0,0,0,1,0,0,0,0,0,0,0,0
C7H9N5,seen,21,789,473,158,158,0,466,156,157,0,31,8,7,0
C7H9N5O1,test_ood,22,415,0,0,0,415,0,0,0,409,0,0,0,9
C7H9N5O2,seen,23,4,2,1,1,0,0,0,0,0,0,0,0,0
C7H9N5O3,test_ood,24,1,0,0,0,1,0,0,0,0,0,0,0,0
C7H9N7O1,seen,24,1,1,0,0,0,0,0,0,0,0,0,0,0
C8H10,seen,18,7544,4526,1509,1509,0,3577,1183,1177,0,492,166,162,0
C8H10N2,test_ood,20,477,0,0,0,477,0,0,0,477,0,0,0,56
C8H10N2O1,test_ood,21,1700,0,0,0,1700,0,0,0,1197,0,0,0,112
C8H10N2O2,seen,22,1840,1104,368,368,0,1079,357,361,0,48,12,25,0
C8H10N2O3,seen,23,238,143,48,47,0,141,44,46,0,2,1,2,0
C8H10N2O4,seen,24,6,4,1,1,0,0,0,0,0,0,0,0,0
C8H10N4,seen,22,1062,637,213,212,0,632,210,208,0,30,12,9,0
C8H10N4O1,test_ood,23,1297,0,0,0,1297,0,0,0,845,0,0,0,67
C8H10N4O2,seen,24,5,3,1,1,0,0,0,0,0,0,0,0,0
C8H10N4O3,seen,25,146,88,29,29,0,86,28,28,0,12,6,1,0
C8H10N6,seen,24,278,167,56,55,0,167,56,55,0,11,3,5,0
C8H10N6O1,test_ood,25,2,0,0,0,2,0,0,0,0,0,0,0,0
C8H10O1,test_ood,19,4533,0,0,0,4533,0,0,0,3225,0,0,0,531
C8H10O2,test_ood,20,1227,0,0,0,1227,0,0,0,1214,0,0,0,145
C8H10O3,seen,21,1487,892,298,297,0,885,294,289,0,24,7,12,0
C8H10O4,seen,22,147,88,30,29,0,84,30,27,0,1,3,0,0
C8H10O5,seen,23,3,2,1,0,0,0,0,0,0,0,0,0,0
C8H10O6,test_ood,24,1,0,0,0,1,0,0,0,0,0,0,0,0
C8H11N1,seen,20,5337,3202,1068,1067,0,2578,864,854,0,372,144,129,0
C8H11N1O1,test_ood,21,1036,0,0,0,1036,0,0,0,629,0,0,0,64
C8H11N1O2,seen,22,1477,886,296,295,0,870,294,290,0,22,10,10,0
C8H11N1O3,seen,23,1147,688,230,229,0,680,225,225,0,19,10,7,0
C8H11N1O4,seen,24,363,218,73,72,0,204,69,67,0,12,1,3,0
C8H11N1O5,seen,25,2,1,1,0,0,0,0,0,0,0,0,0,0
C8H11N3,test_ood,22,1158,0,0,0,1158,0,0,0,986,0,0,0,68
C8H11N3O1,test_ood,23,1087,0,0,0,1087,0,0,0,931,0,0,0,53
C8H11N3O2,seen,24,244,146,49,49,0,143,48,46,0,7,1,1,0
C8H11N3O3,test_ood,25,4,0,0,0,4,0,0,0,0,0,0,0,0
C8H11N5,seen,24,871,523,174,174,0,433,136,145,0,16,9,6,0
C8H11N5O1,seen,25,741,445,148,148,0,433,138,142,0,28,9,10,0
C8H11N5O2,seen,26,279,167,56,56,0,162,56,55,0,5,4,0,0
C8H11N7O1,test_ood,27,1,0,0,0,1,0,0,0,0,0,0,0,0
C8H12,seen,20,6094,3656,1219,1219,0,3527,1185,1179,0,369,127,105,0
C8H12N2,seen,22,1484,890,297,297,0,719,247,229,0,41,21,13,0
C8H12N2O1,test_ood,23,839,0,0,0,839,0,0,0,655,0,0,0,45
C8H12N2O2,seen,24,2998,1799,600,599,0,1412,456,467,0,92,21,32,0
C8H12N2O3,seen,25,350,210,70,70,0,206,66,63,0,7,0,0,0
C8H12N2O4,seen,26,7,4,2,1,0,0,0,0,0,0,0,0,0
C8H12N2O7,seen,29,556,334,111,111,0,326,107,103,0,40,12,15,0
C8H12N4,test_ood,24,889,0,0,0,889,0,0,0,597,0,0,0,51
C8H12N4O1,seen,25,1038,623,208,207,0,609,204,204,0,15,10,9,0
C8H12N4O2,test_ood,26,9,0,0,0,9,0,0,0,0,0,0,0,0
C8H12N4O3,seen,27,1066,640,213,213,0,615,208,203,0,19,9,9,0
C8H12N6,test_ood,26,3,0,0,0,3,0,0,0,0,0,0,0,0
C8H12N6O1,seen,27,129,77,26,26,0,76,25,26,0,4,1,3,0
C8H12N6O2,test_ood,28,1,0,0,0,1,0,0,0,0,0,0,0,0
C8H12N6O3,seen,29,1,1,0,0,0,0,0,0,0,0,0,0,0
C8H12O1,seen,21,4016,2410,803,803,0,2068,690,691,0,44,18,16,0
C8H12O2,seen,22,569,341,114,114,0,175,62,58,0,22,6,6,0
C8H12O3,test_ood,23,667,0,0,0,667,0,0,0,657,0,0,0,39
C8H12O4,seen,24,632,379,127,126,0,269,81,91,0,21,3,8,0
C8H13N1,seen,22,5850,3510,1170,1170,0,3021,1009,1026,0,48,23,24,0
C8H13N1O1,seen,23,497,298,100,99,0,39,9,17,0,31,13,13,0
C8H13N1O2,seen,24,869,521,174,174,0,325,117,98,0,28,7,15,0
C8H13N1O3,seen,25,746,448,149,149,0,443,147,145,0,18,4,9,0
C8H13N1O5,seen,27,1,1,0,0,0,0,0,0,0,0,0,0,0
C8H13N3,seen,24,528,317,106,105,0,113,45,39,0,29,8,10,0
C8H13N3O1,seen,25,1157,694,232,231,0,687,232,228,0,13,6,7,0
C8H13N3O2,test_ood,26,4,0,0,0,4,0,0,0,0,0,0,0,0
C8H13N3O3,test_ood,27,6,0,0,0,6,0,0,0,0,0,0,0,0
C8H13N3O6,seen,30,1129,677,226,226,0,658,214,217,0,27,7,6,0
C8H13N5,test_ood,26,533,0,0,0,533,0,0,0,517,0,0,0,28
C8H13N5O1,seen,27,449,269,90,90,0,261,88,85,0,18,2,7,0
C8H13N5O2,test_ood,28,3,0,0,0,3,0,0,0,0,0,0,0,0
C8H13N5O3,test_ood,29,1,0,0,0,1,0,0,0,0,0,0,0,0
C8H13N7,seen,28,1,1,0,0,0,0,0,0,0,0,0,0,0
C8H13N7O2,test_ood,30,1,0,0,0,1,0,0,0,0,0,0,0,0
C8H14,test_ood,22,1432,0,0,0,1432,0,0,0,1380,0,0,0,57
C8H14N2,seen,24,233,140,47,46,0,139,47,46,0,2,1,6,0
C8H14N2O1,test_ood,25,308,0,0,0,308,0,0,0,302,0,0,0,0
C8H14N2O2,test_ood,26,919,0,0,0,919,0,0,0,912,0,0,0,6
C8H14N2O3,test_ood,27,988,0,0,0,988,0,0,0,941,0,0,0,35
C8H14N2O4,test_ood,28,1137,0,0,0,1137,0,0,0,1092,0,0,0,43
C8H14N2O5,seen,29,1019,611,204,204,0,587,199,193,0,16,7,7,0
C8H14N2O6,seen,30,2020,1212,404,404,0,1166,392,381,0,69,25,20,0
C8H14N4,test_ood,26,720,0,0,0,720,0,0,0,715,0,0,0,34
C8H14N4O1,seen,27,316,190,63,63,0,185,63,62,0,2,1,2,0
C8H14N4O2,seen,28,141,85,28,28,0,79,27,26,0,4,0,0,0
C8H14N4O3,seen,29,2,1,1,0,0,0,0,0,0,0,0,0,0
C8H14N4O5,test_ood,31,573,0,0,0,573,0,0,0,553,0,0,0,46
C8H14N6,seen,28,1,1,0,0,0,0,0,0,0,0,0,0,0
C8H14N6O1,seen,29,3,2,1,0,0,0,0,0,0,0,0,0,0
C8H14N6O3,test_ood,31,1,0,0,0,1,0,0,0,0,0,0,0,0
C8H14O1,test_ood,23,1608,0,0,0,1608,0,0,0,1133,0,0,0,53
C8H14O2,seen,24,196,118,39,39,0,29,9,14,0,7,0,2,0
C8H14O3,seen,25,481,289,96,96,0,284,95,94,0,9,1,6,0
C8H14O4,seen,26,312,187,63,62,0,185,62,62,0,7,6,2,0
C8H14O5,seen,27,2,1,1,0,0,0,0,0,0,0,0,0,0
C8H15N1,test_ood,24,2131,0,0,0,2131,0,0,0,1861,0,0,0,29
C8H15N1O1,seen,25,542,325,109,108,0,321,107,105,0,7,5,3,0
C8H15N1O2,seen,26,396,238,79,79,0,233,78,78,0,4,3,1,0
C8H15N1O3,seen,27,949,569,190,190,0,560,190,187,0,13,4,2,0
C8H15N1O4,seen,28,246,148,49,49,0,142,46,49,0,9,6,6,0
C8H15N1O5,seen,29,1,1,0,0,0,0,0,0,0,0,0,0,0
C8H15N3,test_ood,26,374,0,0,0,374,0,0,0,370,0,0,0,11
C8H15N3O1,seen,27,840,504,168,168,0,500,168,168,0,6,0,1,0
C8H15N3O2,test_ood,28,104,0,0,0,104,0,0,0,101,0,0,0,3
C8H15N3O3,test_ood,29,3,0,0,0,3,0,0,0,0,0,0,0,0
C8H15N3O4,seen,30,1032,619,207,206,0,594,196,200,0,22,5,6,0
C8H15N3O5,seen,31,1855,1113,371,371,0,1068,352,355,0,39,11,16,0
C8H15N5,seen,28,289,173,58,58,0,170,58,57,0,6,2,2,0
C8H15N5O1,seen,29,1,1,0,0,0,0,0,0,0,0,0,0,0
C8H15N5O2,test_ood,30,3,0,0,0,3,0,0,0,0,0,0,0,0
C8H16,seen,24,471,283,94,94,0,279,93,90,0,14,4,5,0
C8H16N2,test_ood,26,992,0,0,0,992,0,0,0,962,0,0,0,35
C8H16N2O1,seen,27,892,535,179,178,0,519,174,176,0,29,9,7,0
C8H16N2O2,test_ood,28,768,0,0,0,768,0,0,0,764,0,0,0,17
C8H16N2O3,seen,29,2227,1336,446,445,0,1264,414,423,0,26,10,11,0
C8H16N2O4,test_ood,30,1255,0,0,0,1255,0,0,0,1208,0,0,0,68
C8H16N2O5,seen,31,510,306,102,102,0,293,96,100,0,27,6,7,0
C8H16N4,test_ood,28,427,0,0,0,427,0,0,0,425,0,0,0,16
C8H16N4O2,seen,30,6,4,1,1,0,0,0,0,0,0,0,0,0
C8H16N6,seen,30,2,1,1,0,0,0,0,0,0,0,0,0,0
C8H16N6O1,seen,31,1,1,0,0,0,0,0,0,0,0,0,0,0
C8H16N6O2,seen,32,1,1,0,0,0,0,0,0,0,0,0,0,0
C8H16O1,seen,25,106,64,21,21,0,58,17,17,0,2,0,0,0
C8H16O2,test_ood,26,239,0,0,0,239,0,0,0,234,0,0,0,12
C8H16O3,seen,27,232,139,47,46,0,139,46,46,0,7,1,2,0
C8H16O4,seen,28,288,173,58,57,0,169,57,57,0,11,2,6,0
C8H16O5,seen,29,117,70,24,23,0,68,23,22,0,0,0,0,0
C8H16O6,seen,30,1,1,0,0,0,0,0,0,0,0,0,0,0
C8H16O7,seen,31,1,1,0,0,0,0,0,0,0,0,0,0,0
C8H17N1,seen,26,191,115,38,38,0,99,33,34,0,1,0,0,0
C8H17N1O1,seen,27,385,231,77,77,0,226,77,76,0,11,4,1,0
C8H17N1O2,seen,28,124,74,25,25,0,73,25,23,0,0,0,0,0
C8H17N1O3,seen,29,577,346,116,115,0,342,114,114,0,8,3,1,0
C8H17N1O4,test_ood,30,209,0,0,0,209,0,0,0,209,0,0,0,5
C8H17N1O5,seen,31,125,75,25,25,0,75,25,25,0,2,2,1,0
C8H17N3,seen,28,495,297,99,99,0,291,93,97,0,13,4,6,0
C8H17N3O1,seen,29,651,391,130,130,0,385,129,128,0,4,1,1,0
C8H17N3O2,seen,30,116,70,23,23,0,68,23,23,0,2,2,1,0
C8H17N3O3,seen,31,791,475,158,158,0,451,149,150,0,8,1,3,0
C8H17N3O5,seen,33,1,1,0,0,0,0,0,0,0,0,0,0,0
C8H17N5,test_ood,30,1,0,0,0,1,0,0,0,0,0,0,0,0
C8H17N5O1,seen,31,4,2,1,1,0,0,0,0,0,0,0,0,0
C8H17N5O2,seen,32,2,1,1,0,0,0,0,0,0,0,0,0,0
C8H17N5O3,test_ood,33,1070,0,0,0,1070,0,0,0,1030,0,0,0,49
C8H17N7,test_ood,32,2,0,0,0,2,0,0,0,0,0,0,0,0
C8H18N2,test_ood,28,230,0,0,0,230,0,0,0,221,0,0,0,1
C8H18N2O1,test_ood,29,917,0,0,0,917,0,0,0,889,0,0,0,34
C8H18N2O2,test_ood,30,562,0,0,0,562,0,0,0,558,0,0,0,8
C8H18N2O3,seen,31,117,70,24,23,0,68,22,21,0,0,0,0,0
C8H18N2O4,test_ood,32,3,0,0,0,3,0,0,0,0,0,0,0,0
C8H18N2O5,seen,33,3,2,1,0,0,0,0,0,0,0,0,0,0
C8H18N2O6,seen,34,1,1,0,0,0,0,0,0,0,0,0,0,0
C8H18N4,test_ood,30,341,0,0,0,341,0,0,0,333,0,0,0,16
C8H18N4O1,seen,31,112,67,23,22,0,65,23,22,0,0,0,0,0
C8H18N4O2,seen,32,1,1,0,0,0,0,0,0,0,0,0,0,0
C8H18N4O3,seen,33,1,1,0,0,0,0,0,0,0,0,0,0,0
C8H18N6,seen,32,1,1,0,0,0,0,0,0,0,0,0,0,0
C8H18O1,seen,27,2,1,1,0,0,1,1,0,0,0,0,0,0
C8H18O2,seen,28,139,83,28,28,0,83,28,28,0,0,0,0,0
C8H18O3,seen,29,16,10,3,3,0,10,3,3,0,0,0,0,0
C8H18O4,seen,30,20,12,4,4,0,12,4,4,0,0,0,0,0
C8H19N1,seen,28,5,3,1,1,0,3,1,1,0,0,0,0,0
C8H19N1O1,test_ood,29,110,0,0,0,110,0,0,0,110,0,0,0,4
C8H19N1O2,test_ood,30,33,0,0,0,33,0,0,0,33,0,0,0,0
C8H19N1O3,seen,31,58,35,12,11,0,34,12,11,0,0,0,0,0
C8H19N1O5,test_ood,33,2,0,0,0,2,0,0,0,0,0,0,0,0
C8H19N3,seen,30,66,40,13,13,0,39,13,13,0,0,0,0,0
C8H19N3O1,seen,31,419,251,84,84,0,249,81,84,0,4,0,2,0
C8H19N3O2,seen,32,127,76,26,25,0,74,25,25,0,2,2,1,0
C8H19N3O3,seen,33,2,1,1,0,0,0,0,0,0,0,0,0,0
C8H19N3O4,seen,34,1,1,0,0,0,0,0,0,0,0,0,0,0
C8H19N3O5,test_ood,35,1,0,0,0,1,0,0,0,0,0,0,0,0
C8H19N5,seen,32,1,1,0,0,0,0,0,0,0,0,0,0,0
C8H19N5O2,test_ood,34,1,0,0,0,1,0,0,0,0,0,0,0,0
C8H1N3O1,seen,13,3,2,1,0,0,2,1,0,0,0,0,0,0
C8H2,seen,10,80,48,16,16,0,47,16,16,0,3,5,2,0
C8H20N2,test_ood,30,8,0,0,0,8,0,0,0,8,0,0,0,0
C8H20N2O1,seen,31,37,22,8,7,0,21,8,7,0,0,0,0,0
C8H20N2O2,seen,32,90,54,18,18,0,51,18,18,0,0,0,0,0
C8H20N2O3,test_ood,33,4,0,0,0,4,0,0,0,0,0,0,0,0
C8H20N2O4,seen,34,1,1,0,0,0,0,0,0,0,0,0,0,0
C8H20N2O5,test_ood,35,2,0,0,0,2,0,0,0,0,0,0,0,0
C8H20N4,test_ood,32,214,0,0,0,214,0,0,0,213,0,0,0,9
C8H20N4O1,test_ood,33,2,0,0,0,2,0,0,0,0,0,0,0,0
C8H20N4O2,test_ood,34,346,0,0,0,346,0,0,0,338,0,0,0,16
C8H20N4O3,seen,35,1,1,0,0,0,0,0,0,0,0,0,0,0
C8H20N6O1,seen,35,108,65,22,21,0,64,22,21,0,6,0,3,0
C8H20O2,seen,30,1,1,0,0,0,1,0,0,0,0,0,0,0
C8H20O3,seen,31,1,1,0,0,0,1,0,0,0,0,0,0,0
C8H20O4,seen,32,4,2,1,1,0,2,1,1,0,0,0,0,0
C8H21N1,test_ood,30,1,0,0,0,1,0,0,0,1,0,0,0,0
C8H21N1O1,test_ood,31,2,0,0,0,2,0,0,0,2,0,0,0,0
C8H21N1O2,test_ood,32,2,0,0,0,2,0,0,0,2,0,0,0,0
C8H21N1O3,seen,33,4,2,1,1,0,2,1,1,0,0,0,0,0
C8H21N3,seen,32,118,71,24,23,0,70,24,23,0,0,0,0,0
C8H21N3O1,seen,33,70,42,14,14,0,42,13,14,0,0,0,0,0
C8H21N3O3,seen,35,3,2,1,0,0,0,0,0,0,0,0,0,0
C8H21N5,test_ood,34,2,0,0,0,2,0,0,0,0,0,0,0,0
C8H21N5O2,seen,36,2,1,1,0,0,0,0,0,0,0,0,0,0
C8H22N2,seen,32,1,1,0,0,0,1,0,0,0,0,0,0,0
C8H22N2O1,test_ood,33,6,0,0,0,6,0,0,0,6,0,0,0,0
C8H22N2O2,seen,34,8,5,2,1,0,5,2,1,0,0,0,0,0
C8H22N4,seen,34,24,14,5,5,0,14,5,5,0,0,0,0,0
C8H22N4O3,seen,37,2,1,1,0,0,0,0,0,0,0,0,0,0
C8H22N6O2,seen,38,1,1,0,0,0,0,0,0,0,0,0,0,0
C8H22N6O3,test_ood,39,1,0,0,0,1,0,0,0,0,0,0,0,0
C8H23N3,seen,34,2,1,1,0,0,1,1,0,0,0,0,0,0
C8H23N3O1,seen,35,5,3,1,1,0,3,1,1,0,0,0,0,0
C8H23N5O2,seen,38,1,1,0,0,0,0,0,0,0,0,0,0,0
C8H24N4,seen,36,3,2,1,0,0,2,1,0,0,0,0,0,0
C8H24N4O1,seen,37,1,1,0,0,0,0,0,0,0,0,0,0,0
C8H2N2,test_ood,12,1,0,0,0,1,0,0,0,1,0,0,0,0
C8H2N2O2,test_ood,14,2,0,0,0,2,0,0,0,2,0,0,0,0
C8H2N4,seen,14,3,2,1,0,0,2,1,0,0,0,0,0,0
C8H3N1,seen,12,11,7,2,2,0,7,1,0,0,3,0,0,0
C8H3N1O1,seen,13,1,1,0,0,0,1,0,0,0,0,0,0,0
C8H3N1O2,seen,14,2,1,1,0,0,1,1,0,0,0,0,0,0
C8H3N1O3,test_ood,15,3,0,0,0,3,0,0,0,3,0,0,0,1
C8H3N3O1,test_ood,15,7,0,0,0,7,0,0,0,7,0,0,0,1
C8H4,test_ood,12,373,0,0,0,373,0,0,0,359,0,0,0,56
C8H4N2,seen,14,131,79,26,26,0,79,26,26,0,7,2,3,0
C8H4N2O1,seen,15,260,156,52,52,0,65,26,21,0,20,7,8,0
C8H4N2O2,seen,16,155,93,31,31,0,93,31,31,0,16,3,6,0
C8H4N4,seen,16,13,8,3,2,0,8,3,2,0,2,0,0,0
C8H4O1,seen,13,51,31,10,10,0,30,7,9,0,6,2,2,0
C8H4O2,test_ood,14,1,0,0,0,1,0,0,0,1,0,0,0,0
C8H4O3,test_ood,15,140,0,0,0,140,0,0,0,139,0,0,0,13
C8H4O4,seen,16,1,1,0,0,0,1,0,0,0,0,0,0,0
C8H5N1,seen,14,77,46,16,15,0,37,13,13,0,9,3,2,0
C8H5N1O1,seen,15,148,89,30,29,0,88,30,29,0,6,4,0,0
C8H5N1O2,test_ood,16,275,0,0,0,275,0,0,0,274,0,0,0,35
C8H5N1O3,seen,17,821,493,164,164,0,489,162,163,0,52,22,28,0
C8H5N3,seen,16,9,5,2,2,0,5,2,2,0,0,0,0,0
C8H5N3O1,seen,17,47,28,10,9,0,27,10,9,0,7,1,3,0
C8H5N3O3,seen,19,1,1,0,0,0,0,0,0,0,0,0,0,0
C8H6,seen,14,1364,818,273,273,0,801,269,271,0,111,47,27,0
C8H6N2,test_ood,16,786,0,0,0,786,0,0,0,785,0,0,0,87
C8H6N2O1,seen,17,3383,2030,677,676,0,728,235,244,0,189,50,54,0
C8H6N2O2,seen,18,1998,1199,400,399,0,1188,395,391,0,142,44,40,0
C8H6N4,test_ood,18,306,0,0,0,306,0,0,0,305,0,0,0,46
C8H6N4O1,seen,19,142,85,29,28,0,82,28,28,0,14,0,6,0
C8H6N4O2,seen,20,1,1,0,0,0,0,0,0,0,0,0,0,0
C8H6O1,seen,15,414,248,83,83,0,227,74,80,0,33,13,12,0
C8H6O2,test_ood,16,1836,0,0,0,1836,0,0,0,1252,0,0,0,188
C8H6O3,seen,17,1056,634,211,211,0,521,172,174,0,63,17,22,0
C8H6O4,seen,18,1108,665,222,221,0,500,149,166,0,79,23,25,0
C8H7N1,seen,16,505,303,101,101,0,262,95,90,0,39,14,13,0
C8H7N1O1,seen,17,61,37,12,12,0,36,12,12,0,4,2,2,0
C8H7N1O2,seen,18,2833,1700,567,566,0,1570,526,530,0,162,72,58,0
C8H7N1O3,test_ood,19,1342,0,0,0,1342,0,0,0,1330,0,0,0,143
C8H7N1O4,test_ood,20,531,0,0,0,531,0,0,0,343,0,0,0,68
C8H7N1O5,seen,21,1,1,0,0,0,0,0,0,0,0,0,0,0
C8H7N3,test_ood,18,3985,0,0,0,3985,0,0,0,1806,0,0,0,352
C8H7N3O1,seen,19,2285,1371,457,457,0,1165,388,378,0,187,55,60,0
C8H7N3O2,test_ood,20,131,0,0,0,131,0,0,0,131,0,0,0,14
C8H7N3O3,seen,21,2,1,1,0,0,0,0,0,0,0,0,0,0
C8H7N5,test_ood,20,274,0,0,0,274,0,0,0,274,0,0,0,31
C8H8,seen,16,4374,2624,875,875,0,2576,849,853,0,306,109,102,0
C8H8N2,seen,18,783,470,157,156,0,459,156,154,0,59,20,23,0
C8H8N2O1,seen,19,2003,1202,401,400,0,1115,368,358,0,143,41,41,0
C8H8N2O2,test_ood,20,1444,0,0,0,1444,0,0,0,1426,0,0,0,183
C8H8N2O3,seen,21,130,78,26,26,0,76,26,26,0,0,0,0,0
C8H8N2O4,test_ood,22,2,0,0,0,2,0,0,0,0,0,0,0,0
C8H8N4,test_ood,20,1647,0,0,0,1647,0,0,0,1374,0,0,0,175
C8H8N4O1,test_ood,21,378,0,0,0,378,0,0,0,373,0,0,0,11
C8H8N4O2,seen,22,1,1,0,0,0,0,0,0,0,0,0,0,0
C8H8N6,seen,22,144,86,29,29,0,0,0,0,0,6,6,4,0
C8H8N6O1,test_ood,23,1,0,0,0,1,0,0,0,0,0,0,0,0
C8H8O1,seen,17,1796,1078,359,359,0,939,313,314,0,133,36,47,0
C8H8O2,seen,18,866,520,173,173,0,59,24,20,0,49,15,13,0
C8H8O3,seen,19,4913,2948,983,982,0,2054,690,684,0,296,85,106,0
C8H8O4,seen,20,2649,1589,530,530,0,1432,473,460,0,164,58,74,0
C8H8O6,test_ood,22,2,0,0,0,2,0,0,0,0,0,0,0,0
C8H9N1,test_ood,18,1739,0,0,0,1739,0,0,0,1508,0,0,0,217
C8H9N1O1,test_ood,19,2937,0,0,0,2937,0,0,0,623,0,0,0,280
C8H9N1O2,seen,20,1753,1052,351,350,0,704,223,238,0,108,41,38,0
C8H9N1O3,test_ood,21,2284,0,0,0,2284,0,0,0,2266,0,0,0,49
C8H9N1O4,seen,22,127,76,26,25,0,70,26,23,0,0,1,1,0
C8H9N1O5,seen,23,1,1,0,0,0,0,0,0,0,0,0,0,0
C8H9N3,test_ood,20,1747,0,0,0,1747,0,0,0,1555,0,0,0,220
C8H9N3O1,test_ood,21,935,0,0,0,935,0,0,0,923,0,0,0,43
C8H9N3O2,test_ood,22,378,0,0,0,378,0,0,0,369,0,0,0,6
C8H9N3O3,seen,23,2,1,1,0,0,0,0,0,0,0,0,0,0
C8H9N3O4,test_ood,24,1,0,0,0,1,0,0,0,0,0,0,0,0
C8H9N5,seen,22,1121,673,224,224,0,583,187,193,0,25,12,12,0
C8H9N5O1,seen,23,1,1,0,0,0,0,0,0,0,0,0,0,0
C9H10,seen,19,1270,762,254,254,0,515,174,167,0,89,24,32,0
C9H10N2,seen,21,1401,841,280,280,0,740,233,233,0,12,4,8,0
C9H10N2O1,test_ood,22,2302,0,0,0,2302,0,0,0,1531,0,0,0,120
C9H10N2O2,test_ood,23,1227,0,0,0,1227,0,0,0,1211,0,0,0,24
C9H10N2O3,seen,24,340,204,68,68,0,202,68,63,0,8,2,3,0
C9H10N2O4,test_ood,25,4,0,0,0,4,0,0,0,0,0,0,0,0
C9H10N4,test_ood,23,1416,0,0,0,1416,0,0,0,1247,0,0,0,45
C9H10N4O1,seen,24,264,158,53,53,0,154,50,53,0,2,4,6,0
C9H10N4O2,seen,25,137,82,28,27,0,78,27,26,0,5,0,0,0
C9H10N4O3,seen,26,1,1,0,0,0,0,0,0,0,0,0,0,0
C9H10O1,test_ood,20,663,0,0,0,663,0,0,0,330,0,0,0,60
C9H10O2,seen,21,1571,943,314,314,0,572,196,192,0,46,21,17,0
C9H10O3,seen,22,2293,1376,459,458,0,1163,397,384,0,50,10,8,0
C9H10O4,seen,23,2265,1359,453,453,0,1299,432,433,0,51,10,9,0
C9H10O5,seen,24,2,1,1,0,0,0,0,0,0,0,0,0,0
C9H11N1,seen,21,664,398,133,133,0,393,131,132,0,28,4,9,0
C9H11N1O1,seen,22,2782,1669,557,556,0,618,207,202,0,101,34,35,0
C9H11N1O2,seen,23,4156,2494,831,831,0,2195,738,746,0,40,17,11,0
C9H11N1O3,seen,24,3120,1872,624,624,0,1765,581,585,0,26,11,5,0
C9H11N1O4,seen,25,5,3,1,1,0,0,0,0,0,0,0,0,0
C9H11N1O5,test_ood,26,2,0,0,0,2,0,0,0,0,0,0,0,0
C9H11N3,seen,23,2464,1478,493,493,0,1389,455,453,0,30,19,9,0
C9H11N3O1,seen,24,1281,769,256,256,0,653,214,211,0,31,10,10,0
C9H11N3O2,test_ood,25,131,0,0,0,131,0,0,0,128,0,0,0,6
C9H11N3O3,seen,26,2,1,1,0,0,0,0,0,0,0,0,0,0
C9H11N3O4,seen,27,1,1,0,0,0,0,0,0,0,0,0,0,0
C9H11N5,seen,25,401,241,80,80,0,239,80,77,0,5,0,3,0
C9H11N5O1,test_ood,26,5,0,0,0,5,0,0,0,0,0,0,0,0
C9H12,seen,21,2619,1571,524,524,0,1070,350,337,0,63,16,18,0
C9H12N2,test_ood,23,1363,0,0,0,1363,0,0,0,1177,0,0,0,44
C9H12N2O1,seen,24,2140,1284,428,428,0,892,310,309,0,53,20,19,0
C9H12N2O2,test_ood,25,1249,0,0,0,1249,0,0,0,1229,0,0,0,45
C9H12N2O3,test_ood,26,105,0,0,0,105,0,0,0,100,0,0,0,4
C9H12N2O4,seen,27,6,4,1,1,0,0,0,0,0,0,0,0,0
C9H12N4,test_ood,25,451,0,0,0,451,0,0,0,434,0,0,0,22
C9H12N4O1,seen,26,523,314,105,104,0,309,104,102,0,16,3,6,0
C9H12N4O2,seen,27,126,76,25,25,0,72,23,24,0,0,0,0,0
C9H12N4O4,test_ood,29,1,0,0,0,1,0,0,0,0,0,0,0,0
C9H12N6,test_ood,27,1,0,0,0,1,0,0,0,0,0,0,0,0
C9H12N6O1,test_ood,28,1,0,0,0,1,0,0,0,0,0,0,0,0
C9H12O1,test_ood,22,13,0,0,0,13,0,0,0,13,0,0,0,0
C9H12O2,test_ood,23,1654,0,0,0,1654,0,0,0,1302,0,0,0,58
C9H12O3,seen,24,891,535,178,178,0,527,174,177,0,8,3,4,0
C9H12O4,seen,25,406,244,81,81,0,238,80,78,0,8,4,2,0
C9H12O6,test_ood,27,2,0,0,0,2,0,0,0,0,0,0,0,0
C9H13N1,seen,23,205,123,41,41,0,11,5,9,0,13,3,1,0
C9H13N1O1,seen,24,954,572,191,191,0,208,86,77,0,44,11,16,0
C9H13N1O2,test_ood,25,1482,0,0,0,1482,0,0,0,1464,0,0,0,40
C9H13N1O3,seen,26,1147,688,230,229,0,678,226,224,0,29,8,5,0
C9H13N1O4,test_ood,27,8,0,0,0,8,0,0,0,0,0,0,0,0
C9H13N1O5,test_ood,28,2,0,0,0,2,0,0,0,0,0,0,0,0
C9H13N3,seen,25,992,595,199,198,0,586,199,198,0,20,2,7,0
C9H13N3O1,seen,26,1082,649,217,216,0,631,212,211,0,38,12,6,0
C9H13N3O2,test_ood,27,228,0,0,0,228,0,0,0,217,0,0,0,1
C9H13N3O3,seen,28,4,2,1,1,0,0,0,0,0,0,0,0,0
C9H13N5,seen,27,109,65,22,22,0,62,20,21,0,1,0,1,0
C9H13N5O1,seen,28,5,3,1,1,0,0,0,0,0,0,0,0,0
C9H14,test_ood,23,1592,0,0,0,1592,0,0,0,1380,0,0,0,22
C9H14N2,seen,25,461,277,92,92,0,269,88,91,0,9,2,1,0
C9H14N2O1,seen,26,1385,831,277,277,0,823,271,273,0,13,4,6,0
C9H14N2O2,seen,27,309,185,62,62,0,175,61,61,0,5,1,0,0
C9H14N2O3,seen,28,4,2,1,1,0,0,0,0,0,0,0,0,0
C9H14N2O4,seen,29,3,2,1,0,0,0,0,0,0,0,0,0,0
C9H14N2O5,seen,30,1113,668,223,222,0,644,217,212,0,10,4,3,0
C9H14N2O7,test_ood,32,1143,0,0,0,1143,0,0,0,1103,0,0,0,54
C9H14N4,test_ood,27,695,0,0,0,695,0,0,0,682,0,0,0,26
C9H14N4O1,seen,28,5,3,1,1,0,0,0,0,0,0,0,0,0
C9H14N4O2,test_ood,29,2,0,0,0,2,0,0,0,0,0,0,0,0
C9H14N4O3,seen,30,1073,644,215,214,0,621,208,203,0,21,6,5,0
C9H14N4O4,seen,31,1090,654,218,218,0,634,210,206,0,13,7,6,0
C9H14N6,test_ood,29,125,0,0,0,125,0,0,0,122,0,0,0,2
C9H14N6O1,test_ood,30,1,0,0,0,1,0,0,0,0,0,0,0,0
C9H14O1,seen,24,270,162,54,54,0,79,22,23,0,6,3,3,0
C9H14O2,seen,25,1010,606,202,202,0,596,198,200,0,17,3,3,0
C9H14O3,seen,26,898,539,180,179,0,535,179,177,0,28,5,6,0
C9H14O4,seen,27,2,1,1,0,0,0,0,0,0,0,0,0,0
C9H15N1,test_ood,25,421,0,0,0,421,0,0,0,411,0,0,0,24
C9H15N1O1,seen,26,706,424,141,141,0,416,137,137,0,21,11,9,0
C9H15N1O2,seen,27,1609,965,322,322,0,949,318,319,0,25,5,8,0
C9H15N1O3,seen,28,115,69,23,23,0,66,23,22,0,0,0,0,0
C9H15N1O4,test_ood,29,5,0,0,0,5,0,0,0,0,0,0,0,0
C9H15N1O5,seen,30,2,1,1,0,0,0,0,0,0,0,0,0,0
C9H15N3,seen,27,466,280,93,93,0,274,90,93,0,11,6,4,0
C9H15N3O1,seen,28,340,204,68,68,0,201,67,65,0,6,4,2,0
C9H15N3O2,seen,29,11,7,2,2,0,0,0,0,0,0,0,0,0
C9H15N3O3,test_ood,30,5,0,0,0,5,0,0,0,0,0,0,0,0
C9H15N3O4,seen,31,1014,608,203,203,0,584,196,194,0,0,0,0,0
C9H15N3O6,seen,33,2111,1267,422,422,0,1221,402,408,0,61,34,29,0
C9H15N5,seen,29,118,71,24,23,0,69,22,23,0,0,0,0,0
C9H15N5O1,test_ood,30,7,0,0,0,7,0,0,0,0,0,0,0,0
C9H15N5O2,test_ood,31,3,0,0,0,3,0,0,0,0,0,0,0,0
C9H16,seen,25,512,307,103,102,0,271,91,91,0,10,7,4,0
C9H16N2,seen,27,305,183,61,61,0,179,61,61,0,0,0,0,0
C9H16N2O1,seen,28,1067,640,214,213,0,635,213,211,0,18,6,6,0
C9H16N2O2,test_ood,29,5,0,0,0,5,0,0,0,0,0,0,0,0
C9H16N2O3,test_ood,30,4,0,0,0,4,0,0,0,0,0,0,0,0
C9H16N2O4,seen,31,1050,630,210,210,0,603,203,202,0,37,10,12,0
C9H16N2O5,test_ood,32,1044,0,0,0,1044,0,0,0,1004,0,0,0,64
C9H16N2O6,test_ood,33,1120,0,0,0,1120,0,0,0,1080,0,0,0,57
C9H16N4,seen,29,139,83,28,28,0,80,28,28,0,7,2,3,0
C9H16N4O1,test_ood,30,6,0,0,0,6,0,0,0,0,0,0,0,0
C9H16N4O2,seen,31,6,4,1,1,0,0,0,0,0,0,0,0,0
C9H16N4O3,seen,32,1,1,0,0,0,0,0,0,0,0,0,0,0
C9H16N4O5,seen,34,1092,655,219,218,0,631,210,211,0,26,16,16,0
C9H16N6,seen,31,2,1,1,0,0,0,0,0,0,0,0,0,0
C9H16N6O1,seen,32,1,1,0,0,0,0,0,0,0,0,0,0,0
C9H16O1,seen,26,13,8,3,2,0,8,3,2,0,0,0,0,0
C9H16O2,seen,27,109,65,22,22,0,65,22,22,0,1,0,0,0
C9H16O3,seen,28,398,239,80,79,0,235,77,76,0,11,5,4,0
C9H16O4,seen,29,1,1,0,0,0,0,0,0,0,0,0,0,0
C9H16O5,seen,30,1,1,0,0,0,0,0,0,0,0,0,0,0
C9H17N1,seen,27,16,10,3,3,0,9,3,3,0,0,0,0,0
C9H17N1O1,seen,28,493,296,99,98,0,293,98,95,0,2,1,0,0
C9H17N1O2,seen,29,886,532,177,177,0,530,177,177,0,9,1,4,0
C9H17N1O3,test_ood,30,144,0,0,0,144,0,0,0,138,0,0,0,4
C9H17N1O4,test_ood,31,2,0,0,0,2,0,0,0,0,0,0,0,0
C9H17N1O5,seen,32,1,1,0,0,0,0,0,0,0,0,0,0,0
C9H17N3,seen,29,402,241,81,80,0,241,80,80,0,8,3,3,0
C9H17N3O1,test_ood,30,124,0,0,0,124,0,0,0,123,0,0,0,0
C9H17N3O2,seen,31,3,2,1,0,0,0,0,0,0,0,0,0,0
C9H17N3O3,seen,32,4,2,1,1,0,0,0,0,0,0,0,0,0
C9H17N3O4,seen,33,1019,611,204,204,0,587,194,198,0,9,6,5,0
C9H17N3O5,seen,34,1090,654,218,218,0,628,212,210,0,38,9,16,0
C9H17N5O1,test_ood,32,116,0,0,0,116,0,0,0,112,0,0,0,0
C9H17N7O3,seen,36,1,1,0,0,0,0,0,0,0,0,0,0,0
C9H18,test_ood,27,30,0,0,0,30,0,0,0,24,0,0,0,3
C9H18N2,test_ood,29,260,0,0,0,260,0,0,0,254,0,0,0,15
C9H18N2O1,test_ood,30,918,0,0,0,918,0,0,0,912,0,0,0,18
C9H18N2O2,test_ood,31,115,0,0,0,115,0,0,0,112,0,0,0,2
C9H18N2O3,seen,32,1629,977,326,326,0,927,313,307,0,8,5,7,0
C9H18N2O4,test_ood,33,2450,0,0,0,2450,0,0,0,2326,0,0,0,63
C9H18N4O1,seen,32,2,1,1,0,0,0,0,0,0,0,0,0,0
C9H18O1,seen,28,130,78,26,26,0,76,26,25,0,0,0,0,0
C9H18O2,seen,29,51,31,10,10,0,31,10,10,0,1,0,0,0
C9H18O3,seen,30,235,141,47,47,0,141,47,46,0,7,3,4,0
C9H18O6,test_ood,33,2,0,0,0,2,0,0,0,0,0,0,0,0
C9H19N1,seen,29,18,11,4,3,0,11,4,3,0,0,0,0,0
C9H19N1O1,test_ood,30,348,0,0,0,348,0,0,0,345,0,0,0,7
C9H19N1O2,seen,31,504,302,101,101,0,298,99,100,0,14,6,1,0
C9H19N1O3,test_ood,32,448,0,0,0,448,0,0,0,446,0,0,0,8
C9H19N1O4,test_ood,33,1,0,0,0,1,0,0,0,0,0,0,0,0
C9H19N3,test_ood,31,241,0,0,0,241,0,0,0,241,0,0,0,4
C9H19N3O1,seen,32,86,52,17,17,0,51,17,16,0,0,0,0,0
C9H19N3O3,seen,34,851,511,170,170,0,487,162,161,0,7,3,5,0
C9H19N3O4,seen,35,946,568,189,189,0,543,180,183,0,12,7,10,0
C9H19N5O1,seen,34,1,1,0,0,0,0,0,0,0,0,0,0,0
C9H19N5O3,seen,36,1130,678,226,226,0,655,216,219,0,20,9,4,0
C9H19N5O4,seen,37,1003,602,201,200,0,578,192,193,0,20,8,7,0
C9H1N3,seen,13,1,1,0,0,0,1,0,0,0,0,0,0,0
C9H20N2,seen,31,45,27,9,9,0,27,6,9,0,0,0,0,0
C9H20N2O1,seen,32,457,274,92,91,0,273,91,91,0,4,4,1,0
C9H20N2O2,seen,33,4,2,1,1,0,0,0,0,0,0,0,0,0
C9H20N2O4,test_ood,35,2,0,0,0,2,0,0,0,0,0,0,0,0
C9H20N4,seen,33,151,91,30,30,0,89,29,30,0,2,1,2,0
C9H20O1,seen,30,2,1,1,0,0,1,1,0,0,0,0,0,0
C9H20O2,test_ood,31,14,0,0,0,14,0,0,0,14,0,0,0,0
C9H20O3,test_ood,32,183,0,0,0,183,0,0,0,181,0,0,0,5
C9H20O5,seen,34,121,73,24,24,0,71,23,24,0,4,0,2,0
C9H21N1,seen,31,5,3,1,1,0,3,1,1,0,0,0,0,0
C9H21N1O1,seen,32,33,20,7,6,0,20,7,6,0,0,0,0,0
C9H21N1O2,seen,33,300,180,60,60,0,178,60,58,0,1,1,2,0
C9H21N1O3,test_ood,34,1,0,0,0,1,0,0,0,0,0,0,0,0
C9H21N1O4,seen,35,154,92,31,31,0,88,31,30,0,3,0,0,0
C9H21N3,seen,33,432,259,87,86,0,253,85,86,0,10,5,5,0
C9H21N3O1,seen,34,180,108,36,36,0,108,36,36,0,4,1,1,0
C9H21N3O2,test_ood,35,3,0,0,0,3,0,0,0,0,0,0,0,0
C9H22N2,test_ood,33,15,0,0,0,15,0,0,0,14,0,0,0,0
C9H22N2O1,seen,34,85,51,17,17,0,50,17,17,0,0,0,0,0
C9H22N2O2,test_ood,35,1,0,0,0,1,0,0,0,0,0,0,0,0
C9H22N4,seen,35,83,50,17,16,0,48,17,15,0,0,0,1,0
C9H22O1,seen,32,1,1,0,0,0,1,0,0,0,0,0,0,0
C9H22O3,test_ood,34,2,0,0,0,2,0,0,0,2,0,0,0,0
C9H22O4,test_ood,35,1,0,0,0,1,0,0,0,0,0,0,0,0
C9H23N1O1,test_ood,34,3,0,0,0,3,0,0,0,3,0,0,0,0
C9H23N1O2,test_ood,35,11,0,0,0,11,0,0,0,11,0,0,0,0
C9H23N1O4,test_ood,37,1,0,0,0,1,0,0,0,0,0,0,0,0
C9H23N1O6,seen,39,1,1,0,0,0,0,0,0,0,0,0,0,0
C9H23N3,seen,35,25,15,5,5,0,15,5,5,0,1,1,0,0
C9H23N3O1,seen,36,1,1,0,0,0,0,0,0,0,0,0,0,0
C9H23N3O2,test_ood,37,3,0,0,0,3,0,0,0,0,0,0,0,0
C9H23N3O3,test_ood,38,1,0,0,0,1,0,0,0,0,0,0,0,0
C9H23N7,seen,39,119,71,24,24,0,70,23,24,0,2,1,0,0
C9H24N2O1,seen,36,8,5,2,1,0,5,2,1,0,0,0,0,0
C9H24N4,test_ood,37,1,0,0,0,1,0,0,0,0,0,0,0,0
C9H24N4O1,seen,38,2,1,1,0,0,0,0,0,0,0,0,0,0
C9H2N2O1,test_ood,14,1,0,0,0,1,0,0,0,1,0,0,0,1
C9H3N1O2,seen,15,1,1,0,0,0,1,0,0,0,1,0,0,0
C9H3N3,test_ood,15,2,0,0,0,2,0,0,0,2,0,0,0,0
C9H4,test_ood,13,51,0,0,0,51,0,0,0,44,0,0,0,6
C9H4N2,seen,15,1,1,0,0,0,1,0,0,0,0,0,0,0
C9H4N2O1,seen,16,13,8,3,2,0,8,3,2,0,1,0,0,0
C9H4N2O2,test_ood,17,145,0,0,0,145,0,0,0,141,0,0,0,8
C9H4O3,test_ood,16,1,0,0,0,1,0,0,0,1,0,0,0,1
C9H5N1,seen,15,2,1,1,0,0,1,1,0,0,0,0,0,0
C9H5N1O1,seen,16,284,170,57,57,0,170,57,57,0,29,6,10,0
C9H5N1O2,seen,17,319,191,64,64,0,188,64,63,0,26,14,11,0
C9H5N3,test_ood,17,126,0,0,0,126,0,0,0,121,0,0,0,15
C9H5N3O1,seen,18,138,83,28,27,0,82,28,25,0,11,2,4,0
C9H6,test_ood,15,92,0,0,0,92,0,0,0,80,0,0,0,14
C9H6N2,seen,17,263,158,53,52,0,153,52,51,0,23,2,6,0
C9H6N2O1,test_ood,18,498,0,0,0,498,0,0,0,485,0,0,0,63
C9H6N2O2,test_ood,19,275,0,0,0,275,0,0,0,273,0,0,0,22
C9H6N2O3,seen,20,1,1,0,0,0,0,0,0,0,0,0,0,0
C9H6N4,test_ood,19,627,0,0,0,627,0,0,0,328,0,0,0,66
C9H6N4O1,test_ood,20,146,0,0,0,146,0,0,0,145,0,0,0,11
C9H6O1,seen,16,288,173,58,57,0,85,22,37,0,14,5,5,0
C9H6O2,test_ood,17,1367,0,0,0,1367,0,0,0,1173,0,0,0,148
C9H6O3,test_ood,18,1470,0,0,0,1470,0,0,0,1170,0,0,0,155
C9H7N1,test_ood,17,21,0,0,0,21,0,0,0,21,0,0,0,2
C9H7N1O1,seen,18,4466,2680,893,893,0,957,300,314,0,192,57,59,0
C9H7N1O2,test_ood,19,3002,0,0,0,3002,0,0,0,2408,0,0,0,312
C9H7N1O3,test_ood,20,264,0,0,0,264,0,0,0,261,0,0,0,23
C9H7N1O4,test_ood,21,1,0,0,0,1,0,0,0,0,0,0,0,0
C9H7N3,seen,19,578,347,116,115,0,167,57,66,0,43,13,16,0
C9H7N3O1,seen,20,467,280,94,93,0,278,92,92,0,29,18,8,0
C9H7N5,seen,21,420,252,84,84,0,250,83,84,0,8,0,3,0
C9H8,seen,17,368,221,74,73,0,199,68,65,0,26,13,13,0
C9H8N2,seen,19,5981,3589,1196,1196,0,1615,550,547,0,300,95,116,0
C9H8N2O1,test_ood,20,4004,0,0,0,4004,0,0,0,3772,0,0,0,358
C9H8N2O2,test_ood,21,1626,0,0,0,1626,0,0,0,1286,0,0,0,99
C9H8N2O3,seen,22,1,1,0,0,0,0,0,0,0,0,0,0,0
C9H8N4,test_ood,21,1000,0,0,0,1000,0,0,0,989,0,0,0,43
C9H8N4O1,seen,22,127,76,26,25,0,75,25,25,0,0,0,0,0
C9H8N4O2,test_ood,23,2,0,0,0,2,0,0,0,0,0,0,0,0
C9H8O1,seen,18,212,127,43,42,0,37,16,12,0,15,5,4,0
C9H8O2,test_ood,19,790,0,0,0,790,0,0,0,782,0,0,0,70
C9H8O3,seen,20,844,506,169,169,0,403,132,138,0,56,20,22,0
C9H8O4,seen,21,589,353,118,118,0,349,116,116,0,4,3,3,0
C9H9N1,seen,19,446,268,89,89,0,74,26,21,0,32,6,9,0
C9H9N1O1,seen,20,1958,1175,392,391,0,1083,358,360,0,120,40,44,0
C9H9N1O2,seen,21,2175,1305,435,435,0,1297,431,433,0,32,6,17,0
C9H9N1O3,seen,22,873,524,175,174,0,426,146,141,0,22,11,7,0
C9H9N1O4,seen,23,111,67,22,22,0,64,22,21,0,10,5,3,0
C9H9N3,test_ood,21,2835,0,0,0,2835,0,0,0,2806,0,0,0,28
C9H9N3O1,seen,22,879,527,176,176,0,521,176,174,0,13,3,4,0
C9H9N3O2,test_ood,23,240,0,0,0,240,0,0,0,233,0,0,0,9
C9H9N5,test_ood,23,119,0,0,0,119,0,0,0,112,0,0,0,7
C9H9N5O1,seen,24,2,1,1,0,0,0,0,0,0,0,0,0,0
C9H9N5O2,seen,25,1,1,0,0,0,0,0,0,0,0,0,0,0
H10O5,seen,15,6276,3766,1255,1255,0,3752,1247,1250,0,406,140,138,0
H12O6,seen,18,7142,4285,1429,1428,0,4266,1423,1422,0,490,153,157,0
H14O7,test_ood,21,9799,0,0,0,9799,0,0,0,9753,0,0,0,611
H16O8,test_ood,24,1767,0,0,0,1767,0,0,0,1759,0,0,0,106
H18O9,seen,27,1738,1043,348,347,0,1038,346,346,0,23,9,7,0
H1N1O1,seen,3,682,409,137,136,0,408,137,135,0,115,33,40,0
H1N1O2,test_ood,4,2079,0,0,0,2079,0,0,0,2073,0,0,0,395
H1N1O3,seen,5,161,97,32,32,0,97,32,32,0,10,3,4,0
H1N1O4,test_ood,6,60,0,0,0,60,0,0,0,60,0,0,0,3
H1N3,seen,4,241,145,48,48,0,141,48,44,0,32,10,9,0
H1N3O1,seen,5,217,130,44,43,0,84,27,30,0,22,7,9,0
H1N3O2,test_ood,6,67,0,0,0,67,0,0,0,67,0,0,0,9
H20O10,test_ood,30,1782,0,0,0,1782,0,0,0,1774,0,0,0,35
H2N2,seen,4,1578,947,316,315,0,945,315,315,0,275,89,90,0
H2N2O1,seen,5,372,223,75,74,0,81,25,27,0,20,12,16,0
H2N2O2,test_ood,6,478,0,0,0,478,0,0,0,340,0,0,0,57
H2N2O3,test_ood,7,806,0,0,0,806,0,0,0,783,0,0,0,180
H2N2O4,seen,8,45,27,9,9,0,27,9,9,0,7,2,3,0
H2N4,test_ood,6,293,0,0,0,293,0,0,0,218,0,0,0,42
H2O1,seen,3,675,405,135,135,0,405,135,135,0,79,22,19,0
H2O2,seen,4,1436,862,287,287,0,861,287,285,0,173,68,62,0
H2O3,seen,5,1752,1051,351,350,0,1050,350,349,0,370,109,106,0
H2O4,seen,6,165,99,33,33,0,99,33,33,0,9,8,4,0
H2O5,seen,7,59,35,12,12,0,35,12,12,0,3,0,0,0
H3N1,test_ood,4,1104,0,0,0,1104,0,0,0,1101,0,0,0,217
H3N1O1,seen,5,1861,1117,372,372,0,1116,371,371,0,229,70,73,0
H3N1O2,test_ood,6,975,0,0,0,975,0,0,0,275,0,0,0,107
H3N1O3,seen,7,532,319,107,106,0,209,67,67,0,44,12,23,0
H3N1O4,seen,8,83,50,17,16,0,50,17,16,0,11,4,2,0
H3N1O5,seen,9,71,43,14,14,0,43,14,14,0,9,1,0,0
H3N3,test_ood,6,348,0,0,0,348,0,0,0,145,0,0,0,52
H3N3O1,test_ood,7,518,0,0,0,518,0,0,0,261,0,0,0,90
H3N3O2,seen,8,52,31,11,10,0,31,11,10,0,11,2,2,0
H4N2,seen,6,2594,1556,519,519,0,1553,518,519,0,333,111,106,0
H4N2O1,seen,7,1329,797,266,266,0,146,49,46,0,98,29,35,0
H4N2O2,test_ood,8,832,0,0,0,832,0,0,0,455,0,0,0,109
H4N2O3,test_ood,9,56,0,0,0,56,0,0,0,56,0,0,0,11
H4N2O4,test_ood,10,4,0,0,0,4,0,0,0,0,0,0,0,0
H4N4,test_ood,8,350,0,0,0,350,0,0,0,189,0,0,0,48
H4N4O1,seen,9,1,1,0,0,0,0,0,0,0,1,0,0,0
H4O2,seen,6,58262,34957,11653,11652,0,34947,11648,11646,0,3458,1184,1171,0
H4O3,test_ood,7,936,0,0,0,936,0,0,0,91,0,0,0,83
H4O4,seen,8,160,96,32,32,0,47,9,13,0,11,5,7,0
H4O5,seen,9,29,17,6,6,0,17,6,6,0,2,2,0,0
H4O6,seen,10,30,18,6,6,0,18,6,6,0,5,1,1,0
H5N1O1,seen,7,1608,965,322,321,0,31,10,13,0,100,20,31,0
H5N1O2,test_ood,8,1636,0,0,0,1636,0,0,0,116,0,0,0,169
H5N1O3,seen,9,354,212,71,71,0,57,20,22,0,27,12,8,0
H5N1O4,seen,10,27,16,6,5,0,16,6,5,0,6,2,1,0
H5N3,test_ood,8,551,0,0,0,551,0,0,0,102,0,0,0,60
H5N3O1,test_ood,9,664,0,0,0,664,0,0,0,283,0,0,0,91
H5N3O2,test_ood,10,37,0,0,0,37,0,0,0,37,0,0,0,6
H5N3O3,seen,11,3,2,1,0,0,0,0,0,0,1,0,0,0
H6N2,seen,8,847,508,170,169,0,17,1,8,0,46,19,8,0
H6N2O1,seen,9,1261,757,252,252,0,78,27,22,0,86,19,24,0
H6N2O2,test_ood,10,515,0,0,0,515,0,0,0,148,0,0,0,68
H6N2O3,seen,11,31,19,6,6,0,19,6,6,0,3,1,2,0
H6N4,test_ood,10,318,0,0,0,318,0,0,0,174,0,0,0,43
H6O3,test_ood,9,1755,0,0,0,1755,0,0,0,1748,0,0,0,186
H7N3,seen,10,630,378,126,126,0,55,25,13,0,33,17,16,0
H7N3O1,seen,11,306,184,61,61,0,48,18,19,0,16,6,10,0
H8N4,test_ood,12,104,0,0,0,104,0,0,0,43,0,0,0,15
H8O4,test_ood,12,2632,0,0,0,2632,0,0,0,2620,0,0,0,260
N2,test_ood,2,511,0,0,0,511,0,0,0,510,0,0,0,187
N2O1,seen,3,200,120,40,40,0,120,40,40,0,32,7,12,0
N2O2,seen,4,142,85,29,28,0,85,29,28,0,15,8,5,0
N2O3,seen,5,1,1,0,0,0,0,0,0,0,0,0,0,0
N4,test_ood,4,138,0,0,0,138,0,0,0,103,0,0,0,26
O2,seen,2,360,216,72,72,0,216,72,72,0,60,16,20,0
O3,seen,3,552,331,111,110,0,326,110,108,0,56,19,14,0
O4,seen,4,83,50,17,16,0,50,17,16,0,0,0,0,0
